id,target
row_007104,0.139767998113172
row_006043,0.00921256380642994
row_007861,0.013441209951257405
row_047137,0.012665900384271801
row_010138,0.030151248848437468
row_023073,0.012036625771931243
row_035683,0.5394042467382986
row_022781,0.08994985589677099
row_009191,0.006837997894510065
row_032489,0.16516143540240044
row_015546,0.030799615484578886
row_004831,0.002959189171181859
row_049662,0.17199353533004685
row_002801,0.006173175985843304
row_018161,0.1656338677467229
row_027564,0.06952155535548167
row_022650,0.9932330090394291
row_022115,0.09786200748215174
row_045437,0.030291686537919933
row_022832,0.005458529918878357
row_048862,0.009031190253801958
row_014485,0.002273537070055275
row_036301,0.005769848594890538
row_043639,0.03257845378246707
row_010817,0.15338966834387463
row_022126,0.05066893654797657
row_010880,0.043292779949153364
row_012312,0.8986080247946312
row_005242,0.8294071772728093
row_027006,0.010065159327768311
row_045606,0.16971014135443627
row_008741,0.2762746731057816
row_020854,0.1289582781889169
row_030178,0.0031593612086431946
row_046981,0.01918921060284486
row_025209,0.4345086011892743
row_024462,0.8933867572990843
row_017511,0.01119685459695023
row_041636,0.003978545514593991
row_013812,0.7627069301066087
row_005663,0.13353937003338445
row_005356,0.007682513777115834
row_029800,0.007934992331734184
row_049910,0.007565253736035624
row_018548,0.003705914885484667
row_000642,0.7956580706604697
row_030807,0.00714905024810975
row_024854,0.4566234200079284
row_002522,0.00676388746344846
row_002142,0.04839828431104167
row_012057,0.23108879612681058
row_040457,0.02993253594856035
row_049293,0.7854084320282867
row_023111,0.9978053408681663
row_005843,0.025977906886123767
row_049938,0.2653407384017147
row_014835,0.41314799038066563
row_016185,0.03314925705860233
row_007562,0.6769669867445558
row_036421,0.008449739338822624
row_026147,0.015130686777255702
row_045442,0.05337405384922311
row_004975,0.012501830965381405
row_029879,0.05555425819605492
row_006837,0.00445150335541573
row_000327,0.0018550250943478678
row_016161,0.00295533973708943
row_013068,0.071573141039749
row_044235,0.009138878777995803
row_044023,0.0024255826404065055
row_044257,0.7086391015882224
row_042302,0.36081085422584935
row_008684,0.02481595374004298
row_030783,0.060257794315765195
row_009255,0.003377445577371736
row_044451,0.021023619019695985
row_039440,0.019873466395217934
row_024100,0.045725108811260344
row_033299,0.0667231840150212
row_038958,0.0241061366007568
row_029612,0.17328889088009522
row_045755,0.5535847521727965
row_010657,0.0521822171457704
row_003539,0.6572956085592297
row_009953,0.43654394122450596
row_000094,0.010060421196987294
row_000672,0.6597955534798751
row_048074,0.9391489040143143
row_006680,0.9740077143405135
row_024446,0.043376576424400425
row_031985,0.010139361685336492
row_012887,0.005961457967654812
row_012454,0.004855227599792407
row_021921,0.03928193965287409
row_009619,0.0855892287218063
row_023309,0.008484808111661569
row_031495,0.007850107440227329
row_003688,0.7906981402354981
row_009085,0.01580394183247931
row_020302,0.01968058886900134
row_000946,0.27506499108930266
row_045447,0.2693404268161843
row_038036,0.2618485414876576
row_014204,0.9976892638725254
row_049040,0.011071856827816497
row_019373,0.008483128642613913
row_018205,0.051587589765008504
row_003364,0.05037288192949545
row_037797,0.03389973172071362
row_037037,0.9674868718260403
row_027438,0.023733144416907073
row_031650,0.9979169981660825
row_028962,0.0008746229256612277
row_035130,0.02531540761252736
row_007831,0.07102399656466751
row_027355,0.6352434139627098
row_022063,0.2869860460584354
row_031708,0.24805621620268994
row_042602,0.30129660318123164
row_038963,0.36151294561158615
row_021513,0.009243602913641877
row_002471,0.7437659647943532
row_025835,0.017360269231113126
row_031662,0.007924860195100292
row_048592,0.04181128908191878
row_013935,0.048640704107422106
row_002281,0.09873019492982447
row_000862,0.009422276401070111
row_033695,0.005060256153885397
row_030694,0.0629867660016597
row_010034,0.033491674878877734
row_002009,0.019199086312329118
row_004645,0.07002989291862015
row_034313,0.5773063408130799
row_017791,0.004565595083730736
row_040624,0.6972675464590192
row_013860,0.01679515984160088
row_036127,0.008160702744353139
row_038664,0.14256181466373835
row_018594,0.010768008143125255
row_008921,0.0052812976684087085
row_015833,0.24377412057642397
row_020932,0.14818868695651832
row_034995,0.022529834349752975
row_005860,0.5809620029440296
row_010064,0.23768419511227845
row_046230,0.08170531598449354
row_021398,0.006019209869634425
row_028710,0.11859572520942176
row_011454,0.004383155238885262
row_036435,0.054589961100138536
row_028518,0.003131227471060251
row_030796,0.001868134103126335
row_032541,0.12654982984526558
row_039766,0.1642055649974057
row_020421,0.018824581922917062
row_039862,0.9157374756566872
row_035359,0.002278582192256901
row_007202,0.04236994045363805
row_034121,0.005319107952792259
row_002483,0.010977975501585108
row_031221,0.06479879704134123
row_023730,0.005766930611646765
row_018283,0.004079921422555232
row_047132,0.1253893235634915
row_021594,0.16890550230743576
row_018809,0.23228030368095157
row_026910,0.00635156098929879
row_026041,0.3004763705852801
row_032340,0.025772763704102544
row_020980,0.07214419866919358
row_048279,0.7693199884645449
row_002913,0.013834722066537939
row_025818,0.8558793290818298
row_000333,0.017971477941394844
row_042882,0.3330600861005281
row_007509,0.13150413999925611
row_019691,0.23032023564527698
row_043901,0.02663097345715048
row_033900,0.1313411062755068
row_026186,0.007884259560701186
row_014454,0.0032654951321615124
row_036765,0.03879602806371371
row_005322,0.024795808566393133
row_034332,0.963674381180757
row_013289,0.015189078072051583
row_011493,0.00483375314976008
row_036925,0.0022045264430215986
row_022186,0.01186899943467856
row_022961,0.6614224085403474
row_030951,0.025840588115323124
row_029339,0.03568986079571382
row_027191,0.7046201906131387
row_006484,0.9566440072813731
row_039211,0.00828802301281205
row_040580,0.011009854174599704
row_038856,0.08003258730500706
row_015352,0.007092083837618406
row_008338,0.1467324337736627
row_005673,0.050547427813690766
row_022474,0.017889841914394675
row_032677,0.3605948687379928
row_037470,0.0057064785899628295
row_018228,0.019463178595999456
row_017346,0.05193750727429194
row_014844,0.014898653313012381
row_047809,0.002902124324702063
row_006851,0.9476264569312302
row_034791,0.04076083888610953
row_047794,0.06823608809356128
row_001489,0.29038105621397375
row_022739,0.02254453250967796
row_016475,0.022737196896917465
row_002137,0.012175552519111659
row_035031,0.015336463425961254
row_042932,0.002552012636267437
row_033060,0.018253436941078068
row_041599,0.9090972402944405
row_000077,0.0339473328315854
row_048042,0.023065287486974298
row_005393,0.053024557489750504
row_007965,0.032353550899017695
row_009803,0.005199669693974631
row_045740,0.019848660618537715
row_037117,0.07332871583456993
row_019829,0.28322177441129476
row_045303,0.07220778941578937
row_023525,0.32368306771719146
row_041621,0.004335906516515636
row_011494,0.0231292048646767
row_000858,0.7341565562745928
row_025819,0.0295011063893775
row_034889,0.056194146994805245
row_005263,0.0060548784744612755
row_009489,0.020498370329682665
row_013714,0.04532943901460952
row_001709,0.17537509546929067
row_009382,0.0016388302317759452
row_037165,0.2449375816306536
row_021184,0.5368788526495075
row_036560,0.026861547869662883
row_034905,0.056265939126064854
row_030859,0.04577394653745577
row_041797,0.0032485005216460403
row_021506,0.48820946222064293
row_008113,0.022227538510411333
row_028511,0.1656677661733651
row_020515,0.037592260691232365
row_038246,0.03284455993721241
row_005027,0.004247694685126724
row_034760,0.020117321847801524
row_029069,0.006606469371049901
row_001910,0.14234858843826725
row_026625,0.002708728888621113
row_036095,0.0018683404853357308
row_021845,0.04969073502112393
row_046668,0.010921683079989628
row_029761,0.0065862811008358365
row_038584,0.07333265087613122
row_006579,0.3218505824902303
row_031629,0.3116715738208336
row_046809,0.048640617020813445
row_027851,0.005870660349439969
row_027069,0.14706731504768147
row_014929,0.024200969114210397
row_002531,0.01300253089768484
row_037886,0.218618667778756
row_006061,0.8294874066173019
row_023649,0.024370478835704708
row_006760,0.5304088844068406
row_025931,0.02271646559187969
row_047446,0.03489875098083727
row_028176,0.007092491139268944
row_010155,0.0951191741474948
row_048699,0.07897872901965375
row_019808,0.9982232502253934
row_035427,0.05649676478468629
row_042393,0.10158242323228418
row_042780,0.9835494414305238
row_012204,0.5874907824507272
row_000988,0.0002000545480185523
row_014632,0.0528216864171045
row_031595,0.353517047075321
row_047286,0.058855604272372714
row_010945,0.0030550751017731723
row_043547,0.5584788481461365
row_025575,0.01118091130526329
row_037025,0.8482549861344066
row_040523,0.008159775752321144
row_005466,0.014011107818134359
row_041746,0.004960075073045439
row_007675,0.060340200115918695
row_037622,0.006359530398693365
row_015117,0.4493544523233312
row_017507,0.0010255982305933716
row_033412,0.010514289712010004
row_033997,0.03999583816800077
row_048144,0.0021305130951038195
row_007359,0.0047548719885322326
row_013232,0.10964024621692964
row_004587,0.02844186877847348
row_032920,0.21727169734483798
row_015444,0.619064941848348
row_013624,0.0028151363764873085
row_016353,0.00399931390309262
row_013627,0.03141798421951339
row_024071,0.011917004446287901
row_025959,0.0355831865553657
row_003423,0.19333201503769165
row_016473,0.7004927993642706
row_046377,0.1298108592097572
row_037692,0.03838474196142813
row_035108,0.020329456004853412
row_010998,0.7753385993587306
row_008695,0.6586569330457039
row_009473,0.06657062243502691
row_021650,0.06521638929149526
row_032908,0.15264054124361906
row_025402,0.8665283376564686
row_031534,0.15220278195777165
row_002781,0.029481988036338704
row_035233,0.019564971256332886
row_038710,0.022573340819596853
row_002313,0.013960840674097828
row_013960,0.6785929501196367
row_043341,0.29021927979213497
row_012280,0.002572828423075108
row_037592,0.019455566644173902
row_002534,0.003066077950635709
row_049860,0.03548882527694759
row_013037,0.23062453511119055
row_034537,0.004424233988699288
row_027665,0.010521735884694891
row_040718,0.002247273436199911
row_024664,0.012038621285260155
row_010574,0.05844867003678726
row_023215,0.017201099018085662
row_047807,0.009504720986637375
row_003716,0.001426902951042171
row_000474,0.01594664133988452
row_032960,0.018933546200460977
row_037746,0.022314706763821787
row_000669,0.06853537814878682
row_039326,0.9866961518443147
row_047452,0.007940470290015031
row_007187,0.9425412196648731
row_007612,0.023802423120113173
row_044616,0.5177668489868672
row_009701,0.08094309939476677
row_014987,0.28419583374963564
row_022038,0.008103261655568747
row_037908,0.13851375510370667
row_020556,0.1052021491632904
row_028480,0.0017250654025613623
row_042641,0.05753595933038809
row_043627,0.055565542292357814
row_016110,0.022890231668209235
row_027856,0.012490781028674437
row_028129,0.009298423569808603
row_031665,0.12503247020092456
row_013275,0.02396169463425652
row_015588,0.17495188012427376
row_046675,0.09460730997309857
row_027967,0.6991380380282762
row_032566,0.043069557484875516
row_015436,0.07900637267808071
row_017852,0.575187061424045
row_022039,0.8150495668683023
row_035800,0.04275526632438682
row_005492,0.18036458884147127
row_048068,0.9198730869651395
row_008984,0.1290502782580162
row_032357,0.2645622961227498
row_043984,0.005703321525213651
row_042859,0.13374613750707973
row_017821,0.15050961018199072
row_005020,0.013786326955596916
row_016139,0.17053044772758885
row_031095,0.07041560321982218
row_043822,0.35696225206405
row_010863,0.01951056000042472
row_048551,0.0053216485841981066
row_041957,0.44838296255766735
row_044517,0.026424217345894008
row_031172,0.014554810829577141
row_048947,0.49320321635717024
row_044487,0.012094760743212793
row_001153,0.003063831830934009
row_024832,0.3146673713410311
row_013249,0.09232277159941615
row_002799,0.3248520862043384
row_049522,0.32518245718067035
row_037750,0.24832057401312452
row_010778,0.2883321901573059
row_004000,0.010042013139417192
row_024026,0.04030032569100206
row_003469,0.6415600244792709
row_035930,0.2706954248684663
row_048079,0.002057525604043235
row_015535,0.0252810660663039
row_000295,0.040638789793348735
row_001257,0.009705632087510276
row_022893,0.8743238512094201
row_015771,0.019411180755581972
row_017583,0.007419278950643677
row_019471,0.5292465389560574
row_018249,0.3182970191573608
row_019836,0.014715984706290607
row_027671,0.06381664049288718
row_000475,0.008385211524541043
row_033135,0.08207649196700577
row_003580,0.14963650951808133
row_032567,0.016498111355477477
row_029939,0.012831812008916227
row_020811,0.1054574744938411
row_035494,0.011871728600749257
row_015568,0.8462276847296857
row_033898,0.8757943422306085
row_017395,0.012397205429831956
row_016215,0.12408284018799282
row_048969,0.021542680076542267
row_011892,0.5609856924860132
row_048036,0.08148656919503552
row_017525,0.057659303197649434
row_021798,0.007015841213813866
row_002944,0.009944736068962658
row_015651,0.22043419179759027
row_013395,0.3269973994566665
row_017697,0.12434216362277953
row_029186,0.015098019711733617
row_018595,0.9975559439350774
row_026902,0.037236838020451135
row_004838,0.44312188560213184
row_003543,0.01171828189104434
row_045477,0.0178116447160679
row_021725,0.003355284104671715
row_048133,0.7636892832104977
row_005101,0.11471597287997332
row_009584,0.01584315789097879
row_019063,0.0216821919263174
row_022488,0.0044237190933942355
row_038295,0.006110430364995474
row_024545,0.06283374427651855
row_027753,0.008999667066868113
row_001887,0.013691230058554077
row_008651,0.014609774341709129
row_045111,0.07892866157840553
row_046879,0.30002882648339724
row_033225,0.006884229815083281
row_045911,0.004372790192630632
row_013789,0.04432713811237968
row_010220,0.03615560257814369
row_025845,0.5196270606835969
row_030509,0.3960721864573554
row_020941,0.006589842373562415
row_049328,0.05695026274199176
row_034984,0.46302397637780013
row_029867,0.9049154157320457
row_016846,0.04935779650370376
row_005649,0.16610987384594553
row_000721,0.048517962184379836
row_021562,0.06241144626543026
row_044212,0.07420730198287022
row_026953,0.028843922797828377
row_043284,0.008630879376098816
row_043697,0.4010467935983072
row_046797,0.012587952359935341
row_032413,0.005821462530239806
row_047848,0.09664683232463679
row_011079,0.029937711734928336
row_028663,0.08971592764346409
row_047053,0.016214210139616374
row_020582,0.03827962110863889
row_029342,0.0591020834826022
row_049048,0.5379471494392164
row_022957,0.05881504576764995
row_008070,0.4497456596666062
row_001127,0.015886427989066185
row_005135,0.29446363994279
row_001841,0.5183016444858659
row_011515,0.02078189256376829
row_004327,0.007201159542094184
row_031316,0.06827378043491275
row_005129,0.2512218025481169
row_031721,0.005626378713210091
row_022143,0.07389665817595559
row_007333,0.9898672963274268
row_032291,0.11810304826602817
row_019687,0.01876031500179156
row_038551,0.0016623762217030655
row_015438,0.017243693181663314
row_009783,0.007552149527188643
row_031822,0.06420915414176045
row_006423,0.004171676504418979
row_009524,0.04304378525244569
row_038773,0.008652722009878676
row_019549,0.0007983365194112448
row_044333,0.019633730101646804
row_034859,0.0027182901717232623
row_035763,0.03093698935164691
row_029814,0.02063506632935818
row_037505,0.0005875571723439212
row_049207,0.02515566392110745
row_002553,0.02415018288480064
row_034410,0.0037112643530121748
row_016684,0.05208968945827639
row_029544,0.16322983707228242
row_033291,0.08204324727950307
row_015040,0.014948716570431515
row_012111,0.9275591548940402
row_017268,0.005018760268773973
row_021987,0.039970198836961325
row_014563,0.02133127327326409
row_029286,0.2676299251283601
row_012944,0.08752633073108665
row_046907,0.9100042303842044
row_000269,0.03412306483598886
row_018685,0.018313546037814765
row_021735,0.18969409089258799
row_015054,0.04092656068795228
row_024323,0.08104057133225841
row_017465,0.8201855205038349
row_014900,0.003141476164463547
row_032068,0.004025611273819599
row_021234,0.29813929768483766
row_004732,0.9775453422222483
row_006547,0.04508284743638903
row_027257,0.007882964091080392
row_046836,0.06821649653514567
row_027944,0.13870818556832806
row_048711,0.045650265625355006
row_034283,0.05250337981654336
row_030899,0.11533039910986119
row_009675,0.01736850985986294
row_034924,0.5715792818440162
row_009369,0.004239768118800273
row_041126,0.9717124545920623
row_006028,0.08384380873224818
row_016317,0.06133979927992983
row_044944,0.003256111742146994
row_028148,0.03910103183339119
row_007860,0.010401466301346527
row_001863,0.05453195476239661
row_025123,0.7864560036406685
row_023242,0.11027913932192035
row_018305,0.7382266090090195
row_024609,0.6477912981601922
row_048543,0.0042477662963361735
row_007182,0.05113259815410296
row_004550,0.03532043087758892
row_035782,0.0971179348459005
row_041396,0.036335417642084575
row_015705,0.3731032993021208
row_001604,0.053874252805674906
row_037520,0.004158280016204354
row_025276,0.018054161679596985
row_040697,0.004123570263681808
row_048035,0.2594109573277155
row_026574,0.04455041666521049
row_016822,0.5550676880864908
row_013454,0.06937603806865918
row_018768,0.02028946370399942
row_049215,0.024157804994400917
row_038124,0.02615008269102605
row_021044,0.0013383002343251669
row_001378,0.15707265787820435
row_010016,0.0006556940548487847
row_019101,0.7014194012963499
row_047253,0.0045309983485888015
row_029463,0.10415544372400642
row_035521,0.13116652617943217
row_042078,0.012549943324590047
row_011400,0.23639972543739393
row_004262,0.002027328478083585
row_030971,0.594444681858673
row_001633,0.018391339968552738
row_030758,0.007937279904426945
row_045233,0.0036991597987869984
row_040313,0.08904878797844433
row_007463,0.0028410280952842902
row_043056,0.48275057049838876
row_035259,0.1386162148689509
row_026591,0.31297861213514705
row_034382,0.01956915987231706
row_044928,0.47917811976638475
row_007795,0.11489915678957568
row_026526,0.0822292944564759
row_037842,0.004254323090832931
row_023839,0.020465318326110617
row_007588,0.0031885465428131057
row_003613,0.005053420685552352
row_032694,0.0013589678581794448
row_024397,0.05406806945972246
row_021606,0.10311512735428688
row_019234,0.07495877502645379
row_035868,0.018097568748523758
row_005640,0.5916076723657887
row_035016,0.053230990333320245
row_024378,0.007366164636494367
row_027817,0.007752688118655844
row_022385,0.017876872667910455
row_038494,0.08845234972107256
row_020733,0.06653623497096953
row_015114,0.02152619807951374
row_036459,0.014040482592667377
row_001344,0.021015926699879745
row_009994,0.0602913802065125
row_023150,0.01939243921637014
row_026597,0.5759165796438424
row_011071,0.009004013005614478
row_019411,0.010519374794609267
row_033463,0.00535268398061265
row_015600,0.003689508595920205
row_035343,0.004446195604993432
row_023522,0.021967624104389454
row_004051,0.30920636534580387
row_012590,0.0024237805681559354
row_025161,0.2592641961811208
row_010360,0.4093526356417898
row_048046,0.04677710430856536
row_012459,0.04752910268119973
row_018543,0.1704013446318272
row_030068,0.00897617808719053
row_027171,0.010154506922742897
row_028054,0.005597683104145632
row_036177,0.0029278682464980586
row_047176,0.2974043017130046
row_042875,0.043822795927072694
row_027084,0.30497689378112214
row_029472,0.6155239972597382
row_007748,0.049889874348460955
row_041626,0.11260213455585807
row_016980,0.7766583717390503
row_021636,0.0037967215981022377
row_040529,0.47752803608695343
row_020528,0.9601029638087053
row_023122,0.02213649846259661
row_014543,0.9896790108878839
row_032658,0.19488899864309148
row_032100,0.09158084452981309
row_026265,0.17563608936256003
row_008797,0.16316472896313722
row_016972,0.0016561405296333799
row_017364,0.3275695134375419
row_043535,0.011034203349926826
row_022806,0.379480852107269
row_019674,0.46882452140698616
row_019269,0.08722873147015042
row_047639,0.8455922022994787
row_009407,0.05685104475655779
row_030257,0.09867270839391563
row_028408,0.002430533024869092
row_031160,0.3239306553482397
row_003607,0.01290986772946211
row_017977,0.0014712788439831472
row_004534,0.006790424461109323
row_023444,0.010688059992485444
row_012778,0.0009219423479980454
row_048446,0.3490536009439974
row_032700,0.006891371052470056
row_014176,0.2726857644303369
row_031753,0.06440892497418423
row_026692,0.17456554576123
row_045750,0.15416244718469388
row_016075,0.25885459754251294
row_045155,0.20383658545219324
row_016572,0.1465194050884929
row_029736,0.05689523555034368
row_000137,0.01184737823769215
row_018532,0.0031072402741908036
row_000956,0.60923058092954
row_004874,0.01624009971057191
row_018059,0.03649413301352596
row_012440,0.9596667516320917
row_028826,0.004743859753890722
row_037488,0.02918330257691851
row_035423,0.15491572314434657
row_013291,0.008215028361559256
row_037801,0.001545722316963873
row_046853,0.016058449525368362
row_032201,0.002300694360821063
row_043734,0.003061259701427448
row_030070,0.30202073210732183
row_014953,0.24211449975458862
row_006520,0.549153618774125
row_021894,0.039018243998134104
row_004720,0.00954361591525726
row_022465,0.014804129112684939
row_018209,0.8237931071491748
row_017183,0.04815656026820573
row_027988,0.8265347500786245
row_022295,0.005785199261150937
row_037925,0.15119936940415418
row_010227,0.4175029685528739
row_048641,0.0055873776443729735
row_042554,0.03748375933823959
row_025349,0.5823227451041418
row_046768,0.0807375345560635
row_039670,0.0014831874914265446
row_007384,0.006102179154781128
row_007424,0.01958853534641993
row_021717,0.005268283744826494
row_047331,0.0023911001595971013
row_032212,0.5274265783083814
row_036456,0.02479139634042051
row_011845,0.20112425351544436
row_027192,0.11412020728678014
row_046993,0.006396779242963859
row_042829,0.03039722322366286
row_025204,0.05343652965661357
row_047985,0.0017663548303835015
row_026206,0.011709883742866129
row_033218,0.011860198259796874
row_002942,0.020471841926281154
row_033622,0.66372386921724
row_020662,0.05441328115793217
row_014786,0.18799945058684858
row_016133,0.15259620203073265
row_005369,0.8758892418184772
row_003980,0.20396905154896908
row_037766,0.20374262522656306
row_024124,0.02825151846524582
row_042102,0.02969425454299502
row_029016,0.0170874429766738
row_013410,0.017864809843835955
row_008936,0.36896856701523284
row_016649,0.004474532595502401
row_012478,0.2065245763786038
row_013189,0.006577752288634164
row_036661,0.0006192222748505999
row_015129,0.024952635444920383
row_010082,0.06048043167809915
row_047041,0.07284749440419129
row_001248,0.00275963805779533
row_049173,0.2569776950607537
row_036810,0.8695301165785717
row_036920,0.06728417560568167
row_017902,0.006929696712346556
row_014511,0.037832505460714615
row_038631,0.04901970886756113
row_045107,0.012676437155881556
row_003566,0.8664600509638044
row_013314,0.1747152276063806
row_018355,0.32745664768786215
row_010426,0.8044118334922462
row_011738,0.00924577034188766
row_013268,0.03639788586786098
row_004694,0.3002224834184261
row_041278,0.017916127458681992
row_037731,0.04194397117105337
row_030362,0.28008439371294536
row_040426,0.11035254148972087
row_048034,0.02131945089618119
row_032376,0.0026018372721425885
row_021042,0.008984292299681307
row_002445,0.25392541907327515
row_009370,0.05142943853048685
row_046314,0.01472578645861926
row_049133,0.5558604577014575
row_038152,0.15648983596477908
row_025593,0.983154823738286
row_046409,0.01608060044210561
row_039466,0.46609560414712
row_037679,0.0026402203654414674
row_032706,0.0039465436967529065
row_049428,0.016305848963856978
row_028859,0.6516457712719118
row_000579,0.025487601677383398
row_030402,0.0009000475999833899
row_012802,0.11069595254600662
row_009201,0.013308499157042065
row_037773,0.015295986789619324
row_005015,0.27438039906781486
row_016074,0.4182927665243423
row_011807,0.19886947991139278
row_035425,0.48517635320588126
row_016328,0.017325110992050984
row_039215,0.41270575697427775
row_004710,0.9283253110222721
row_033386,0.0872535305683599
row_012306,0.027916895901056657
row_016255,0.004326733173515719
row_007650,0.026659367752689574
row_015313,0.0009970443693054106
row_021473,0.5701039940884849
row_018680,0.6782388239923665
row_028533,0.8767463039472227
row_019961,0.13245007936958134
row_029868,0.012793855841707951
row_046089,0.08809928455994001
row_013248,0.007784571869426819
row_023001,0.034601014280176354
row_004495,0.027879110558350607
row_024623,0.059833080412169504
row_001515,0.052997776603665794
row_043129,0.031463526675579806
row_024414,0.03922259397062359
row_038522,0.04824475618026128
row_010620,0.18402461481945898
row_000890,0.009957319596851581
row_029263,0.4279705101226605
row_046635,0.015535241394745235
row_034581,0.05793197099101357
row_021901,0.141735224224064
row_016595,0.3416108843385088
row_012553,0.017045471467794712
row_009729,0.05219928286048863
row_006118,0.29713501523419433
row_028316,0.041054200850116136
row_003303,0.04522422188408814
row_039152,0.2827493023937839
row_030021,0.0023056094572025307
row_049130,0.014105054170437163
row_001373,0.619665922588844
row_019268,0.8167923988033671
row_025639,0.015841526024415235
row_002234,0.5278247875661428
row_022868,0.08443969438381815
row_048684,0.01321600436270922
row_005004,0.026206617388294898
row_046440,0.21777512232464902
row_033843,0.043279481416921305
row_029149,0.9954169565826966
row_006544,0.015361325627725624
row_010704,0.005866620713047632
row_046410,0.005890483088006448
row_025837,0.09034932346199812
row_029027,0.5589823835771811
row_029664,0.6248185586938148
row_027262,0.520255883345959
row_008768,0.9625451055011196
row_032372,0.12348366665887664
row_017990,0.9922634447316764
row_010234,0.1997829063968669
row_026830,0.9899936372365076
row_046512,0.028693160197475028
row_049143,0.9621433098387171
row_023153,0.03858513855945983
row_029262,0.3807695331844102
row_037189,0.6326759947956038
row_042966,0.003741661874872908
row_046453,0.29035178601526324
row_006397,0.0026236166216020876
row_021103,0.2944459305709635
row_023784,0.06383422823428463
row_015251,0.003270549232101176
row_027188,0.006227505056700131
row_032657,0.004345553941302171
row_036639,0.5083727555862987
row_007093,0.8475831882858681
row_013620,0.009574023074860279
row_040234,0.08606075469306233
row_040292,0.0038795885882678058
row_016476,0.08245142581766657
row_009744,0.7250851927795938
row_042286,0.028015661472602822
row_025995,0.28632621242508244
row_038220,0.2317975297244296
row_019860,0.4279706250654169
row_044295,0.0964663497149473
row_046024,0.15802881242159642
row_048344,0.43545499935679777
row_022697,0.3050509899894322
row_036520,0.09512891610675084
row_047914,0.006182894598846307
row_043148,0.010970342549099779
row_016124,0.004864835683657083
row_039699,0.027809802369942453
row_025210,0.00378468604584394
row_004373,0.053167743951838126
row_008030,0.0021622161980004357
row_026307,0.02901694126751389
row_021733,0.0238417710459384
row_040172,0.1222285576864647
row_008778,0.9683838192533346
row_002806,0.0187671300773089
row_049764,0.04144214310995109
row_031396,0.01513575043936892
row_017849,0.12608868146523808
row_007163,0.0006657026767797392
row_031782,0.21871227829874512
row_039471,0.011455856797596978
row_026766,0.09938269926279157
row_014133,0.0073121975073956545
row_000654,0.6916517343335943
row_037718,0.3414752610072345
row_011598,0.0073334354456806175
row_031444,0.07337244455527617
row_015142,0.011747319605637668
row_022930,0.21716544308691732
row_009387,0.058455732079249895
row_039745,0.0036043389759285996
row_017495,0.46858200146501594
row_036298,0.01591469665856661
row_035777,0.003402789165065544
row_042344,0.8896221834752503
row_029390,0.07453624009237358
row_034554,0.2495324381436725
row_031996,0.8024320214151734
row_016457,0.00866142612559228
row_003215,0.19766141827423467
row_014971,0.02829919012813309
row_021242,0.7566943504809269
row_004286,0.03850761420406179
row_044971,0.04981836294520165
row_043892,0.004621623765333804
row_027028,0.060270695713612835
row_038389,0.008651650112685727
row_000690,0.06782856721929456
row_027981,0.9643531023879975
row_013507,0.10924645879318143
row_033377,0.007836840707411315
row_029978,0.0008231358803003729
row_000013,0.010289680104802697
row_032515,0.013569510434356074
row_026870,0.02755131321637403
row_027828,0.019001972190920452
row_046625,0.2716171233228267
row_016245,0.9733485374745076
row_020676,0.01289981049752981
row_020105,0.008709725844734685
row_006992,0.9188366799256638
row_010383,0.03981388522224322
row_038731,0.035655990768191294
row_013628,0.011223652841677995
row_021100,0.012717521931106776
row_042487,0.6031254629955242
row_041700,0.0303980220963877
row_013965,0.009798235520017053
row_045519,0.16345395533722168
row_035502,0.14992597860775997
row_048770,0.06396704052926387
row_013486,0.18593754172691682
row_042404,0.011140405238460186
row_015498,0.8922297685607057
row_018628,0.008713205879992327
row_017359,0.0833532187373151
row_011202,0.3444245014041621
row_019480,0.9925793271077654
row_048101,0.0008896894934037844
row_027533,0.06499013667902227
row_045427,0.4149629019088132
row_023311,0.05641808331643562
row_031374,0.004810222110305962
row_010259,0.3452983646871015
row_024465,0.003688682449396465
row_001325,0.0047637885403640145
row_008004,0.02024731367069602
row_025564,0.631335924382666
row_044035,0.06975526347110056
row_044482,0.046648300673227755
row_010961,0.2811395085453513
row_005151,0.03559960385793617
row_002572,0.0015868787437611988
row_010453,0.07402587457631116
row_015042,0.13669211599010767
row_021140,0.012482465292395852
row_017696,0.9715401626490715
row_024922,0.7041079143189735
row_034133,0.1561287888813972
row_042946,0.024989259189166536
row_017930,0.13514233995802757
row_008745,0.9924791019712059
row_030832,0.1020474162662988
row_025318,0.023321241620830532
row_001613,0.03008738329768565
row_041771,0.0333009314457117
row_037748,0.00562023220028786
row_025477,0.004611741643519232
row_029496,0.013445887534780725
row_010743,0.0048710148056561485
row_005421,0.04981319918715011
row_018846,0.02791053115044181
row_030206,0.24418116592631783
row_036178,0.01580896440776686
row_043462,0.0032531197912874523
row_025618,0.014041124765015997
row_023313,0.45929584148372693
row_018584,0.015678597402376572
row_032077,0.00959087752580675
row_012407,0.32819550153169474
row_038593,0.09970858434156353
row_046554,0.028226425133254476
row_010686,0.015098195370521426
row_037057,0.05439114992604808
row_033642,0.08303094100306038
row_046109,0.06591163257876968
row_022413,0.01795693947501595
row_048726,0.011568204331630612
row_044968,0.9411928210546804
row_033637,0.6487002066048195
row_045940,0.017124236601586844
row_035940,0.04609096831785289
row_033101,0.0069103978129607824
row_026083,0.14491335363369895
row_019080,0.13880914762226074
row_018819,0.007543495117725314
row_036615,0.05593118709478009
row_007208,0.3736742837362184
row_048855,0.5351129821463319
row_029678,0.00569914242178436
row_048492,0.4886620947820429
row_019700,0.13820017418319885
row_000503,0.014447643940947972
row_042925,0.0721793676589643
row_047815,0.06393779062091466
row_035803,0.25500357936119256
row_047744,0.03439605522782246
row_045844,0.016461631618983313
row_005091,0.4119431925856639
row_037604,0.21875222561676197
row_049450,0.8836063449821149
row_045531,0.7559866460981078
row_048680,0.013211070730453581
row_014965,0.5654259831319113
row_035986,0.057644487169321766
row_020525,0.0039366981517244696
row_027079,0.5172113952091093
row_037178,0.4985710629802149
row_005937,0.20915414464418164
row_036266,0.009975904987105119
row_012076,0.005131965620522807
row_035597,0.005087452435179747
row_008305,0.0009995565293953756
row_018082,0.006150591618960057
row_006523,0.0025322189761733892
row_030095,0.390761182888477
row_019564,0.12558510456591787
row_037480,0.9131892648786183
row_027826,0.044416542548265533
row_041465,0.19470215840438024
row_038017,0.4599693879551955
row_016785,0.007900982351400765
row_035892,0.07760121040460016
row_030970,0.0713423977195349
row_018423,0.08933322235537133
row_046658,0.32946003496965154
row_033564,0.98878560745293
row_045088,0.8642193125686884
row_001112,0.1524152861843119
row_033899,0.008912425535914429
row_014854,0.031498142499681685
row_033089,0.01533739801796044
row_026502,0.42287342952197743
row_045612,0.13653326712916497
row_010400,0.035831219132687796
row_030871,0.2770666456764611
row_025206,0.07152932312944697
row_020678,0.021326661764508467
row_025471,0.02276984730697867
row_037059,0.020310472509924845
row_002200,0.08914098616074678
row_019505,0.017231248229629147
row_013616,0.032629771384621614
row_000371,0.20634079793738394
row_046220,0.026264768987737403
row_015293,0.013886917612447758
row_028473,0.09703791809702124
row_023653,0.007617939077374493
row_024010,0.006673730398588586
row_020788,0.019867405930648577
row_014780,0.035455849038577666
row_031027,0.20648511096999142
row_032949,0.5347215400608424
row_038804,0.015736363465952398
row_002744,0.011413357291684974
row_000388,0.8994425156242651
row_036154,0.93688745735908
row_012455,0.0035295120881979965
row_003459,0.1415996520067097
row_035207,0.0027265838139529904
row_019088,0.5281578707981552
row_001888,0.5164192765624721
row_025342,0.005421778346850221
row_006237,0.0007681959689539233
row_005081,0.670761301696876
row_027874,0.017989016016038906
row_040096,0.0023288124717051975
row_039897,0.015281667634873158
row_039015,0.8886612308817109
row_014197,0.06932043676119283
row_030002,0.04557489969182123
row_027886,0.014818923669181479
row_035276,0.5525135782720209
row_016019,0.047071480009450946
row_011563,0.0017670219790196502
row_021006,0.2723860798632587
row_026001,0.00936193339926518
row_024400,0.039765900137349694
row_008758,0.015748892147361547
row_020974,0.0004778352320603646
row_009048,0.005387188665225841
row_025891,0.13798249698395754
row_045589,0.03483463307026276
row_012480,0.007071875560821459
row_035843,0.021036750354768045
row_015937,0.0038447671702980923
row_026308,0.010664489000314008
row_043110,0.015203048010169171
row_048786,0.016458439105111633
row_009649,0.01668391228645986
row_027497,0.0053926725186035146
row_009777,0.01375919678029175
row_000193,0.010344691708076196
row_041648,0.5926309273399669
row_027818,0.023408631610870798
row_007573,0.002568590961977965
row_025783,0.2986377204964622
row_009912,0.012018721641360646
row_040921,0.01831787361765986
row_018151,0.15222213899131978
row_040090,0.027575382800983348
row_024995,0.16025408676870495
row_000822,0.07835644556094237
row_001388,0.0028055189654181403
row_023180,0.026643196399085373
row_003243,0.6694891935279803
row_031226,0.013600873641705032
row_047418,0.04274297547966856
row_016909,0.0023364254181502844
row_049350,0.08424983096759
row_030912,0.08534474299070371
row_001858,0.1468808522487947
row_031975,0.00699067474271182
row_025261,0.0023802327990837626
row_008029,0.012446805759862524
row_017989,0.009879139731666795
row_026578,0.026649480094608276
row_014044,0.009184420250825331
row_028608,0.01545608187241313
row_035660,0.1400302615625264
row_033406,0.00696319005091341
row_044909,0.008901780857052866
row_043061,0.5728937021275132
row_015052,0.018411358930506293
row_035690,0.0036912271360826365
row_011381,0.06866218024502573
row_011971,0.06644640419341954
row_004078,0.04542037144624298
row_042045,0.002878098405688953
row_021978,0.02580292771227845
row_039612,0.7724052212966322
row_015123,0.0019116869549090922
row_039260,0.008125705461449043
row_007313,0.003334805209475657
row_033153,0.4183526022085081
row_027875,0.10385313318062253
row_030522,0.011953338949231548
row_028767,0.004888941478435877
row_014561,0.00981009009896451
row_044480,0.2233696922538475
row_040848,0.17989684687157909
row_013040,0.6131891774401581
row_001044,0.9655395094593842
row_003018,0.08536287075568255
row_000201,0.06966329829349192
row_026010,0.009505252417245695
row_015564,0.0026424590749577048
row_014935,0.0036520179271282652
row_042237,0.0062269299721779345
row_014816,0.13507262765205044
row_034457,0.005067207302766312
row_008511,0.0019453242308001388
row_006928,0.04144466369300799
row_011110,0.028582752164235507
row_037853,0.0668696722497834
row_013559,0.449355264631981
row_027333,0.004903501895903342
row_011123,0.09288117878323889
row_040979,0.7295507980741774
row_039373,0.005215990977808034
row_049680,0.12674065778551707
row_046059,0.08024694930670404
row_006607,0.02511247980181886
row_012112,0.023127831394010215
row_008488,0.2251790590272603
row_032134,0.07870702007245113
row_017787,0.2738179999424108
row_041156,0.512475782535633
row_023674,0.05057224947585039
row_033008,0.01056919723039049
row_032573,0.9658242121428494
row_029291,0.5121467867396139
row_043367,0.014885584146056317
row_037196,0.041901763990388946
row_009020,0.01347730623963784
row_010351,0.139173528010166
row_005078,0.0069081690445730185
row_008562,0.45828499724200594
row_040353,0.025356897679499293
row_045164,0.03499892824875055
row_015053,0.00895736293008698
row_000733,0.7061935846027596
row_013943,0.027389879016302226
row_009240,0.05123493308775047
row_020767,0.44876338361774504
row_037896,0.010524910643550796
row_018671,0.011886834257977374
row_021461,0.0010236049673697824
row_048270,0.26794075002084095
row_022742,0.020292342177742596
row_028359,0.9527018483251188
row_049110,0.007042535660606532
row_046831,0.007415536714733697
row_010904,0.004548668449461871
row_030157,0.6983429191250887
row_001676,0.050871580116406245
row_049986,0.035010394543407375
row_026180,0.0834533623928253
row_016796,0.23613226339355667
row_006249,0.014531937371314694
row_030436,0.18206641552150424
row_013259,0.0339718773117501
row_047770,0.007019041162732657
row_031846,0.026495602356396107
row_045195,0.27151737925411
row_030164,0.007364511205831684
row_023968,0.012508440689270426
row_035231,0.027271690800060172
row_019064,0.23143772291618192
row_017770,0.6352366168364519
row_024330,0.14323828541616426
row_039608,0.015323550703051856
row_017610,0.7219972706945175
row_048128,0.09542483041265169
row_016456,0.004904278451511377
row_049456,0.6747208418985223
row_017669,0.0631794197857171
row_040301,0.031315594690339316
row_043487,0.006784581990160535
row_009928,0.005799344921567488
row_015007,0.2773541711917404
row_042040,0.012370008082023848
row_018534,0.08560568226977422
row_049971,0.45616906692450476
row_028124,0.5501574157368907
row_018206,0.0019369343859141595
row_015113,0.02275724023974298
row_001899,0.6694064251548784
row_047434,0.3295248205992208
row_018538,0.02288417833653679
row_043851,0.03667066123446872
row_045724,0.11060218474908695
row_019601,0.7638598448038976
row_039173,0.8817318111885643
row_037951,0.8310508223581116
row_040636,0.12122477249445565
row_001673,0.006828410946001883
row_004869,0.004140519113024404
row_045850,0.4295709820583445
row_021810,0.11488617331105574
row_042709,0.7135649927614552
row_001545,0.05007001707247372
row_048562,0.026877221755092474
row_013680,0.33586276799548287
row_048585,0.04247346601219744
row_002477,0.027506733089096465
row_024513,0.06051529873019072
row_026542,0.47071685954563924
row_023703,0.1243342149322216
row_009241,0.026144073797706068
row_019416,0.2096278526657343
row_034371,0.023082667312486045
row_029210,0.07442820799274237
row_014345,0.5976874570009407
row_020926,0.0223625966062019
row_007957,0.0014572912221699032
row_012327,0.5165078463138864
row_002276,0.014957871301594879
row_014314,0.2809299439191914
row_018442,0.0037705917230021497
row_041539,0.19134784106114253
row_020856,0.04249133366171424
row_048360,0.004916511824205144
row_025768,0.03869030330772904
row_027632,0.05801330102456894
row_028648,0.004726159107100598
row_010279,0.01839069352799766
row_048269,0.9107058089018569
row_016900,0.011682363030055591
row_017306,0.16960194992401809
row_027655,0.5290996259570258
row_005944,0.023661483392372465
row_003797,0.12099847662176547
row_043633,0.119085281896827
row_038481,0.3730890946899278
row_047127,0.032784016784678474
row_036697,0.17605546168174083
row_011965,0.1526688725605039
row_034216,0.010029725761225988
row_049895,0.05911390763458073
row_028635,0.06408932072777422
row_048918,0.6383770442947307
row_022827,0.9710162820296896
row_048658,0.09248754891237729
row_004214,0.8735815567218634
row_039288,0.08330160475672675
row_039621,0.10755902509942133
row_011709,0.004071689870874064
row_022080,0.002472056476880171
row_047604,0.30170167766844774
row_009189,0.19732829985835115
row_022672,0.030740295665599347
row_025787,0.02780475306410833
row_023095,0.2628540738833429
row_019060,0.019617023648641548
row_043360,0.848721349185391
row_043907,0.004875743236597104
row_029392,0.15395194263961431
row_018785,0.0022785241141904814
row_022263,0.7881750353237065
row_013171,0.10436410607044284
row_025148,0.011028535846215565
row_048263,0.28386354528762786
row_004899,0.9363890843250676
row_045165,0.008477927590692757
row_032259,0.025396487591434768
row_025346,0.10487703100917932
row_035292,0.027940114449342097
row_022625,0.0053007207366019705
row_005067,0.04594959696310912
row_034728,0.0158809176266394
row_035781,0.031136672001917925
row_021164,0.0940236411402819
row_042738,0.020686385103721103
row_004388,0.3668106717329237
row_049922,0.3625661952157379
row_032306,0.011986128951218356
row_035977,0.007843901370300293
row_015688,0.015090547920109061
row_038097,0.08306761826658518
row_041711,0.9857072049128306
row_043366,0.03386049927871888
row_034561,0.836087327510941
row_003589,0.06396038541369972
row_027446,0.7439707346792901
row_007723,0.0063583023567947835
row_042092,0.13922305365129573
row_009270,0.024681280238115152
row_034774,0.05803243241324807
row_034018,0.013837539833965897
row_022467,0.1924394644839941
row_019654,0.11797385090266406
row_048798,0.022487993337654166
row_036768,0.08430347451736647
row_018633,0.03645918085393935
row_012771,0.6837028948317692
row_024245,0.692796359037008
row_005656,0.11327666309158617
row_008847,0.012484069193323757
row_026396,0.3727415048410781
row_035753,0.09644500918164975
row_004200,0.07664273542420441
row_034577,0.07904586758317714
row_024642,0.05835026217292979
row_039293,0.1916129197994968
row_035020,0.034531157586932336
row_021896,0.015499123547266251
row_036194,0.026814116269450454
row_014210,0.018885486094167618
row_019623,0.6612828857247127
row_042715,0.05560517058527022
row_012081,0.002688525253179282
row_017096,0.019003952202614152
row_048408,0.8945364327094284
row_025315,0.0051204462851053845
row_002499,0.03399827786542156
row_025567,0.7865472260619149
row_043313,0.1197354783721227
row_009765,0.21907127741553145
row_010232,0.02038170248730406
row_027793,0.05237803209230909
row_025096,0.004113226627701061
row_042614,0.552712822812433
row_042569,0.06919214513389085
row_029993,0.009593539990826176
row_002643,0.08329410481080243
row_003438,0.9140531711157437
row_006025,0.010253447918043977
row_016550,0.016739638542343695
row_007167,0.05718470211160978
row_009721,0.04048825140518103
row_024021,0.02609958594518451
row_043599,0.2519511330083199
row_034587,0.7722979626752228
row_014899,0.1048526416129083
row_042322,0.22474387924627892
row_045454,0.06559792315142367
row_013006,0.6064652479548693
row_048176,0.011703397239958635
row_000467,0.002375327582525682
row_004342,0.07899707678559065
row_048700,0.11809560637480537
row_048628,0.9835020507784794
row_013048,0.10066569670153996
row_018388,0.01755255638473236
row_038536,0.34442414177516134
row_024816,0.004020236868635859
row_023030,0.3638070789692075
row_043425,0.3967713607171174
row_024723,0.004024174029262643
row_015739,0.06818814396559612
row_028740,0.015138799520003993
row_019660,0.20376237348386553
row_029231,0.04646673788081486
row_047966,0.09792545173723607
row_047312,0.02154493081480747
row_036300,0.033327748462641776
row_002710,0.009314596245869059
row_012243,0.003763707926477162
row_023962,0.04730167720354299
row_008753,0.12900419766163634
row_036234,0.4381523511113462
row_046826,0.22252790609297363
row_031489,0.06553272247870259
row_035925,0.05068929189408848
row_027458,0.07027512147375219
row_015343,0.02328970153180428
row_003586,0.4189359780507432
row_022173,0.002417842797267006
row_019371,0.024033294102859502
row_002186,0.2182843748707485
row_020931,0.5227899999105458
row_033870,0.10237168545444397
row_014674,0.41245613065089065
row_030019,0.7960484856413181
row_020359,0.9080214512126472
row_046147,0.13366123027579888
row_036284,0.006463686450006827
row_038313,0.8374500537164873
row_010370,0.0029286252669503284
row_005941,0.11283681239631149
row_001762,0.9794300288557067
row_009298,0.09210975457410146
row_039249,0.02564624214736389
row_003298,0.002860997646551582
row_044153,0.02043246944394886
row_037336,0.3679901122680884
row_031882,0.9244123711180241
row_004222,0.16520875756227915
row_015203,0.906976942174053
row_004229,0.0036444766784467053
row_031518,0.10102150107730251
row_016701,0.12810194669259262
row_036469,0.07861504426833518
row_023805,0.0008352633816858149
row_041940,0.06067382534411585
row_045627,0.11055474054259627
row_027702,0.013651325274751908
row_031340,0.19537105033040894
row_031828,0.031214590281902224
row_044466,0.0016612158807437494
row_044905,0.014811564361900063
row_028382,0.010703277292303177
row_030623,0.039271547378684574
row_021190,0.010366826684090873
row_007053,0.035616699690696925
row_017574,0.988935227628843
row_013425,0.0777463051279087
row_007459,0.049926163627800335
row_047756,0.054157940066055135
row_031257,0.014072814223683873
row_008358,0.24308474140703698
row_025300,0.033234416135956305
row_013582,0.043861269077915155
row_047146,0.010045612668051124
row_039223,0.08798132613990972
row_013339,0.8066673623562092
row_034269,0.024461922484725118
row_022490,0.0005670683589511077
row_025387,0.17132811236473072
row_034259,0.5809173338736584
row_025163,0.01118815369830242
row_016592,0.005578387475262731
row_013471,0.03424139514966271
row_024687,0.023389906037312072
row_014938,0.3444277702109801
row_042461,0.039907560205985806
row_047958,0.02840493654438912
row_006852,0.5957499443869392
row_031417,0.6743780871326175
row_018711,0.989772222622633
row_029714,0.5479434700795829
row_048063,0.9759140814801432
row_044384,0.03912881521304086
row_004564,0.0009005257761501795
row_011003,0.0020938990049548106
row_006276,0.033149613103528236
row_014350,0.003995176994460375
row_018914,0.004114400496452055
row_008715,0.06037674954700534
row_034557,0.005418705419214267
row_011790,0.01385588053828262
row_026896,0.0127161583721123
row_046267,0.012465129947575457
row_030537,0.3937876428088302
row_013795,0.012499997973894839
row_008942,0.009322351229198767
row_044587,0.01951090122768047
row_036935,0.0040517121918871276
row_029416,0.30982734973853476
row_002218,0.951251451932601
row_005714,0.07791822972022969
row_038508,0.01827483871964722
row_048536,0.0025573005832527475
row_038976,0.018828230568256436
row_007879,0.619725627643331
row_029765,0.8995063472610996
row_028271,0.08478119711218002
row_000992,0.20258265924564547
row_020027,0.24406263502906528
row_014601,0.01664203498429198
row_036890,0.08013291381787664
row_006995,0.6174268741570841
row_022462,0.011629661112274989
row_015191,0.9851204382847162
row_043725,0.025266525620665923
row_047825,0.2985802184191489
row_009320,0.008038369427419551
row_030585,0.00725824243333087
row_031872,0.010111798151250325
row_044501,0.041950058208984106
row_031540,0.019822980872547587
row_031878,0.05662053960394512
row_038659,0.016283883459588172
row_017097,0.0072268458945324646
row_044009,0.15806524502559122
row_006325,0.007889953746119395
row_011890,0.8595370905882977
row_006284,0.021120407981797585
row_007911,0.5652788234902179
row_035779,0.469481255153628
row_001726,0.021987886216563807
row_044819,0.3206393818798163
row_047738,0.014254400930885477
row_024765,0.17488049323424196
row_036493,0.2977673655294258
row_038569,0.06146924572752483
row_036499,0.9315911279953064
row_016755,0.003672714122295604
row_015365,0.4509459549476853
row_018083,0.12667531229185167
row_004591,0.004907248966003958
row_009961,0.46699815659337446
row_032408,0.9994176700097359
row_014628,0.15833379574784529
row_012755,0.010698333299228889
row_012983,0.0023022759880574266
row_008359,0.0111095465911627
row_000714,0.03432375560774558
row_031365,0.371673294795307
row_038171,0.003682754693049182
row_046330,0.26150751802099126
row_012842,0.09958376704839658
row_007348,0.46694993781816735
row_036984,0.0059987296465669575
row_044365,0.18101667246734093
row_006029,0.01799584080145081
row_037852,0.03620930567708926
row_013328,0.7731371154771731
row_045172,0.010550056400780692
row_000443,0.7164649413715836
row_047456,0.02170596840641281
row_032530,0.01792854360380742
row_032225,0.02065643368148959
row_006936,0.03821758171925392
row_007135,0.0027824378631797152
row_007914,0.03391737235273844
row_020936,0.72866791244818
row_049863,0.0040801751626684275
row_048922,0.9157346589846587
row_045022,0.13363963049559432
row_001021,0.0040264409319972555
row_006027,0.2076833150958514
row_024511,0.010587481463750336
row_016386,0.016626062377747775
row_004614,0.04591120238656971
row_044695,0.05488475272775929
row_007572,0.09179226944876058
row_003707,0.023312511584991674
row_004642,0.2069159391260748
row_048840,0.8161924557308278
row_010126,0.012436719873900617
row_040174,0.19533638373836246
row_030735,0.7208629916653764
row_029237,0.012155709926937507
row_029806,0.01799161935453431
row_027537,0.0038371881591259776
row_043595,0.11198299181347189
row_038454,0.016631904783281116
row_003362,0.012848177515638933
row_047471,0.29598012744445534
row_038300,0.015351924568824737
row_016031,0.022009452554126376
row_017838,0.08692776339936512
row_018748,0.0632350257929025
row_007070,0.15085529974570222
row_007775,0.0036135935846049547
row_045819,0.006818841350174826
row_030956,0.9950821085590478
row_002453,0.7001081095831784
row_016101,0.002683689180985674
row_003234,0.008110254745845051
row_023004,0.7594942970560381
row_006487,0.01728826325818203
row_039206,0.06960638525045106
row_047774,0.8720237599052674
row_049925,0.22195882650194848
row_015703,0.015152027123622347
row_014843,0.042542344463925096
row_010890,0.003639062200025408
row_024717,0.2851881206362415
row_002725,0.08101444384638859
row_003475,0.18571234346083174
row_010380,0.017311574514130415
row_045439,0.027620337385978987
row_011497,0.06809703612690521
row_004523,0.22090557003579486
row_014406,0.8745996270186749
row_019200,0.1301211858695185
row_044052,0.08726932018328407
row_042289,0.2532771043768809
row_003409,0.9660183887227307
row_015130,0.08178255727666675
row_030999,0.15465467323741608
row_009947,0.008341916714248814
row_028893,0.9821021010780362
row_037987,0.04569270651999616
row_048115,0.007568591529236706
row_008981,0.012897176846555884
row_017463,0.2481683768242967
row_049448,0.08533505513052805
row_002651,0.008951919162933291
row_043999,0.006393415438587832
row_042081,0.016343230584277318
row_021163,0.31294216187887763
row_031111,0.022140122182168646
row_015247,0.12858551442916544
row_048622,0.2646400230831167
row_018921,0.021169429264080202
row_039377,0.4318836030412036
row_041263,0.010839231819440756
row_018694,0.206398668875271
row_008384,0.03154932475074692
row_015188,0.01635762323097375
row_006369,0.036796592379046394
row_045079,0.03387821267119927
row_013184,0.512488210715491
row_020551,0.02949685160112875
row_015050,0.11704348189047342
row_048153,0.9797421346416377
row_047587,0.051131387094947474
row_015039,0.9947929595667964
row_037194,0.005480479569354477
row_038767,0.010486639240879399
row_034202,0.061862564090932035
row_046737,0.8940850733768129
row_011124,0.338351288220597
row_041708,0.18222857438384127
row_040350,0.05971823852087576
row_004896,0.7504805105034325
row_021721,0.09557985979689222
row_016129,0.13330788573545396
row_028194,0.036544224099749535
row_025073,0.010802431519008896
row_009846,0.007361475563643928
row_025104,0.0066594522571593665
row_049677,0.840448752076273
row_034601,0.013182906428494241
row_045274,0.06903188406875924
row_005022,0.2253655116635303
row_047511,0.025284058438263663
row_007413,0.2348354411019024
row_042093,0.0032819353662328203
row_014459,0.004544892413008005
row_030188,0.017926124886401742
row_015167,0.13157004609418738
row_018959,0.011513414789202946
row_042893,0.008204373945074322
row_041412,0.016963067098431737
row_041175,0.010246943577737389
row_042708,0.0041173604994852175
row_006168,0.2237007333163274
row_018831,0.04185672839356525
row_008194,0.0007947662723476844
row_003730,0.5504850741481008
row_003861,0.013598592889371852
row_038805,0.7960770001755878
row_019323,0.015528135529182523
row_037657,0.014363323312359044
row_036910,0.011160348109943333
row_028790,0.8586571410584068
row_019319,0.008325590005885617
row_044994,0.0022038740309683245
row_041592,0.9520580284703997
row_047551,0.04795775186685844
row_031241,0.001591559554692361
row_001499,0.005168496591390456
row_047928,0.017174642247438303
row_010088,0.7693411518986565
row_045501,0.03904905291563412
row_035042,0.3118311464410556
row_038741,0.9594924177616726
row_022646,0.021587831241440703
row_026851,0.016583446374955624
row_030697,0.02547315658799797
row_007780,0.9184785965450541
row_003146,0.9551748698524236
row_023753,0.18796532262455362
row_028536,0.6651261747358762
row_042480,0.020216140246240976
row_039692,0.44644071723078893
row_018687,0.009235373371076602
row_031055,0.25411116937278094
row_031012,0.043641645152588435
row_042342,0.12026771915431282
row_021181,0.01611633536678471
row_048243,0.03692424863704172
row_027110,0.02238483355006536
row_017145,0.007593317687786538
row_013136,0.020984780505849114
row_044147,0.7543038037334145
row_000633,0.04841859579632808
row_017188,0.018736418088158083
row_028819,0.012833252996693386
row_023247,0.20466663791661618
row_047123,0.005130345289510922
row_038901,0.08913593403140363
row_007766,0.007892765714878933
row_014607,0.0354152959895534
row_006510,0.8963541369128607
row_021020,0.04650450389524508
row_018899,0.018158631034421044
row_003437,0.011264525148197403
row_020855,0.016457395599453792
row_007696,0.026455062061201875
row_020561,0.03485097929596052
row_042655,0.24410222005706084
row_036939,0.015066247858759185
row_002322,0.9135795057683727
row_048851,0.9785802241014044
row_034891,0.026011602098932697
row_025972,0.15382207454697816
row_038865,0.026223808807219716
row_005609,0.022386421297191924
row_029432,0.011626698229913399
row_019500,0.03827514707711759
row_034747,0.8732142279401387
row_043770,0.031236910086862746
row_018260,0.22708409557322212
row_045099,0.02750954148142349
row_045974,0.031453628827474274
row_045835,0.034913302849699734
row_021413,0.30241586050712593
row_049701,0.007155644888788689
row_024469,0.0842754471927761
row_017549,0.6513008322622151
row_029323,0.057616956314087045
row_034815,0.2346129588986037
row_004396,0.9310417044985908
row_008848,0.12838689462789254
row_033604,0.030301718309807532
row_042003,0.008768666989959532
row_049008,0.008989906569343977
row_038406,0.719770022273318
row_036225,0.0005219909860072824
row_008191,0.9581559515842124
row_006726,0.28897049361830135
row_005308,0.00538224412075556
row_000821,0.036702789471444286
row_011366,0.056378825971881104
row_016052,0.11685330409418282
row_024695,0.010703935652959313
row_035972,0.2552752708156075
row_024492,0.02721895707169634
row_002961,0.05268359316170417
row_033032,0.0020816985328794262
row_044456,0.03465737754284283
row_003170,0.041259548079806516
row_006089,0.0186842856631728
row_017728,0.023867033777419874
row_039221,0.08686718078463207
row_034314,0.10995197794919034
row_005750,0.4359777833136575
row_002628,0.13073935854621893
row_039464,0.19300648391775777
row_025005,0.09801174145143571
row_023611,0.053865061964427335
row_047690,0.09044250261799089
row_026393,0.7592512526091771
row_025584,0.12894456675520372
row_034540,0.019591438276314634
row_001730,0.09003245732082588
row_011129,0.0440616804832644
row_009853,0.004161652555391691
row_015303,0.03864366507995487
row_032318,0.4434712277062646
row_003753,0.3141063228623027
row_021359,0.0019972315929077467
row_012497,0.017328864157850767
row_013096,0.025048027743587345
row_025308,0.03416235400094091
row_021930,0.03571059399354678
row_021815,0.7474889174247101
row_010692,0.1647359952134611
row_021937,0.9952858183461323
row_019150,0.2701817400687357
row_030005,0.008203588869153185
row_015559,0.48610642353327743
row_048254,0.0009017764904281686
row_001249,0.022448676096749203
row_031864,0.0023410198181572197
row_010645,0.0031610086181022927
row_016809,0.005568785385777642
row_030536,0.006369904487501568
row_035534,0.016142618512870816
row_015086,0.010183397647998593
row_010435,0.03529505920969045
row_024560,0.20252295085563718
row_011364,0.012791085986289585
row_026043,0.011213630894938445
row_044427,0.011967883375114148
row_038988,0.5551660681979115
row_000248,0.9691509043964893
row_023632,0.011384926374694605
row_037760,0.07526637049299843
row_048557,0.03116485190313053
row_024732,0.008529329071619492
row_035435,0.02731367720210909
row_038955,0.13424535051337855
row_043716,0.04096621149301332
row_002544,0.1857285086172925
row_002086,0.012502602304996576
row_041155,0.05703049646795032
row_024294,0.07488537659214914
row_020038,0.012543022306541002
row_042969,0.5736920908397405
row_010664,0.5453054577097846
row_008739,0.1772285955177902
row_013482,0.04054773413207223
row_026440,0.6144453943741217
row_013445,0.02426584217365872
row_022484,0.01025655812209822
row_019185,0.0161306884565793
row_013554,0.10011326814612609
row_024843,0.7308983595668613
row_023436,0.018451028437833167
row_013194,0.018191394314346732
row_045089,0.024735461442542732
row_024595,0.23382054496421434
row_048411,0.1273652461878175
row_003036,0.007957957186554917
row_047530,0.02767764314407067
row_032435,0.004294050368489647
row_016919,0.06411814572471773
row_041154,0.10414986081370756
row_000762,0.004162423149008396
row_021327,0.023901276282219164
row_047367,0.009004215300627843
row_037968,0.006066944287238252
row_013450,0.9971074685006522
row_022433,0.009325228010618553
row_012830,0.2913589957820609
row_011967,0.054570525828898056
row_001596,0.9956256658958506
row_019113,0.19587435879535142
row_003782,0.028644857703550696
row_015335,0.008452942599167625
row_035382,0.004763926416503739
row_033133,0.00678677486768799
row_013678,0.02051128094320354
row_043850,0.6466771409351194
row_034818,0.7594509404919291
row_007422,0.0071101997042282115
row_046058,0.06656754441297988
row_008922,0.013266920472696179
row_017152,0.13675897661957048
row_005541,0.09319998428481234
row_029204,0.04092707136687755
row_036957,0.3279379726657343
row_002385,0.011351235283539724
row_028270,0.02152137654024857
row_014580,0.7491974458027113
row_015028,0.027580074468054293
row_044476,0.04490398291158789
row_036261,0.026918869680574074
row_012403,0.8234753448466713
row_031336,0.01701375613805919
row_011604,0.01789936239099568
row_049319,0.1251286856625268
row_039720,0.02448617501990862
row_006508,0.0105755036554433
row_006298,0.4791138944395348
row_026468,0.781121169818493
row_026573,0.008387283788579145
row_039696,0.18077189256561985
row_048997,0.0027946586701485523
row_041879,0.8046222196428663
row_042892,0.7842674710817514
row_007894,0.07069239708849263
row_021627,0.02054997764197676
row_013574,0.0033999359972762644
row_039876,0.007268982719527221
row_029314,0.004664569535279655
row_005812,0.09064265774473687
row_016192,0.28355526890118804
row_043438,0.017813045290793944
row_038697,0.027045805935519827
row_029770,0.30799645490559524
row_003988,0.011243156411161423
row_025117,0.002101742073652186
row_015931,0.018683145368726964
row_004144,0.012127501852155113
row_004095,0.0007390841400003005
row_048471,0.0006728430066200987
row_046219,0.02356570194701754
row_041478,0.05144894101762833
row_020092,0.005698474296351166
row_018972,0.036323152898447605
row_007410,0.004521496904904528
row_038049,0.23897878022490265
row_046321,0.16717489072870745
row_027207,0.027006965752169522
row_016569,0.022168164349086507
row_000867,0.5726560867606549
row_038499,0.0028126404149240616
row_034120,0.0030269352428546462
row_041515,0.007507704280963467
row_035035,0.013898325356375512
row_010207,0.022460173282208076
row_004227,0.013248113327805903
row_018792,0.5895554002215174
row_045774,0.1471323716602783
row_036511,0.07050831286320376
row_037550,0.045584664971877346
row_042713,0.3485841487379965
row_022325,0.029678046911908666
row_002682,0.014579723335452653
row_026461,0.017909322083677574
row_017445,0.005264902939849638
row_036026,0.021797757048853544
row_043601,0.004498906279063156
row_041085,0.2581241708161186
row_008949,0.005642485795026991
row_041839,0.06281236377835973
row_014807,0.7910496501201373
row_000827,0.005023773240678578
row_028634,0.010644393678512765
row_025983,0.007511015155954973
row_001306,0.08619886914237479
row_002465,0.051574901820792475
row_003599,0.00642492745703059
row_028779,0.12751693959082025
row_026185,0.013853236569975204
row_047370,0.025885341647255124
row_012603,0.02358968555133926
row_004502,0.2947822131106747
row_033914,0.05215212272636791
row_036977,0.9806168997235273
row_008376,0.04002631451572719
row_043238,0.07857434681699764
row_043187,0.9546692579217047
row_033106,0.020652938532891664
row_027286,0.020790620751708698
row_034070,0.12004211571401256
row_024926,0.8376448030804087
row_048571,0.04506017262971923
row_015336,0.004947501625741698
row_016324,0.09121590364481544
row_002207,0.01769722382874954
row_026255,0.005679026825229605
row_032830,0.3615101305121378
row_034060,0.04838031009787897
row_000526,0.6317253480831284
row_019816,0.03609606453479511
row_048188,0.029499367470112003
row_022169,0.05967391888979061
row_001961,0.031155576382793263
row_020320,0.19975783818110282
row_007296,0.062380389754970095
row_036727,0.6782045880645473
row_021120,0.014495205082924286
row_019761,0.0071298801202062554
row_021091,0.2528438497081477
row_042509,0.005343955547964034
row_006516,0.028353787299482187
row_015322,0.0045293413266271265
row_011378,0.07825794076170765
row_000583,0.002055835187986938
row_043259,0.013844954521208161
row_040710,0.0021903080319350013
row_002197,0.0016851425367367797
row_026125,0.19572232863382388
row_012686,0.05441824211467791
row_000175,0.023107560680308004
row_027876,0.004372820094878861
row_016357,0.005544440919581726
row_045488,0.013484410038142373
row_042939,0.04018874640087209
row_025363,0.012782598875482457
row_045899,0.0250790434639866
row_037105,0.009140921178781966
row_031270,0.23459332833999946
row_014328,0.028618718985864947
row_030626,0.1399637797876933
row_031999,0.13486313252341364
row_034865,0.022179053058361035
row_035823,0.1827257914262572
row_035168,0.6542411976683807
row_024363,0.056365754560472874
row_008558,0.5909605479692902
row_046252,0.05734118995184404
row_015455,0.20977374579331837
row_013585,0.05542791258865173
row_041333,0.01374342353831939
row_048630,0.0018395332139342598
row_045651,0.004475857798263124
row_027905,0.01339716292333637
row_002530,0.9473298720519747
row_021968,0.969955001440501
row_040412,0.08796872075124443
row_001379,0.03482310817907082
row_016915,0.8706937494087579
row_020934,0.01427854648209103
row_043622,0.0024700145626459272
row_040856,0.0013120301819147667
row_007522,0.011390404236353041
row_018208,0.10700632994220155
row_037721,0.02184945063896809
row_035861,0.7159102901000434
row_016455,0.006342447129714079
row_038279,0.71458228744386
row_011794,0.8792788865228423
row_011453,0.7470797500517454
row_047315,0.012862028007878336
row_000234,0.053859026655324896
row_023617,0.0014519625384042383
row_044149,0.9739585354239957
row_015125,0.023648189326396552
row_032233,0.005013011113974522
row_046272,0.022628981683222908
row_014381,0.11265890678452739
row_024271,0.013013015074431077
row_030930,0.13092345625589513
row_011195,0.021609381615071047
row_039765,0.02912982140332372
row_009475,0.4002609751951909
row_014945,0.004905089490251675
row_002163,0.002439546313493543
row_006636,0.00867340209989558
row_005667,0.0030542232652096325
row_016488,0.9948407983115087
row_041662,0.010148996215595157
row_041549,0.009426211916689005
row_034934,0.039824074537309406
row_017853,0.012901107344326364
row_002723,0.0730759769608196
row_033708,0.0029820672615271182
row_012036,0.015471323225327335
row_031868,0.8094213466963115
row_032033,0.6808424313533059
row_006087,0.009203196220488576
row_018241,0.011147760592965518
row_036414,0.00640455607782712
row_028878,0.03419809269208301
row_034322,0.005590137121543855
row_029046,0.5313673355149232
row_022980,0.7942553479629582
row_025495,0.0478784321534447
row_031510,0.02300345251715155
row_001712,0.005422016972172029
row_038676,0.696697678883304
row_015242,0.8355761333028094
row_039241,0.00847133952650481
row_016716,0.97707120250949
row_034311,0.03806159045925461
row_034281,0.04782583969106935
row_009268,0.04917293702940424
row_024336,0.12615268308031508
row_034663,0.7160447755955117
row_001537,0.005210256747246435
row_029111,0.0070089047411061155
row_019364,0.2009386294107323
row_045132,0.47009850984770873
row_003863,0.014803036664659215
row_026981,0.7995275136845309
row_028897,0.028433504840200553
row_001995,0.018477144403826112
row_026248,0.27119139041844775
row_037606,0.19742304397546065
row_043322,0.019339384570864107
row_007069,0.5622445180842122
row_039812,0.2498427554078258
row_001775,0.04330486761522901
row_012351,0.03384216721927968
row_004235,0.016967779463023854
row_019690,0.2018534390723457
row_000661,0.008370553077205418
row_049912,0.00841866796016157
row_003271,0.07263157992731913
row_047487,0.04289379575243003
row_040552,0.1644617805379174
row_028659,0.26874810310787384
row_017202,0.5010649231033115
row_039873,0.00832877298711401
row_014007,0.13767243688947298
row_034431,0.01895973137851819
row_017184,0.02245419028792965
row_018911,0.3198513470742881
row_026957,0.3586594193223996
row_005328,0.20735919451922372
row_034350,0.006176813002921849
row_015469,0.007686257270242247
row_037131,0.3751855232614943
row_038827,0.005077674657840916
row_030152,0.018072530224603603
row_031458,0.005529712059792735
row_010470,0.9342989009752348
row_019940,0.8387846174208217
row_009193,0.01742927552952906
row_032794,0.1118319940047599
row_028142,0.03892541491828474
row_009847,0.34973065820429716
row_024704,0.02977975979770909
row_014872,0.008600957444025559
row_014972,0.031521219711924675
row_001651,0.0012739809716494606
row_018721,0.010125714231569624
row_043510,0.012883414282467278
row_033767,0.014148285272153008
row_045905,0.014446583755926936
row_034153,0.9919412938859983
row_033156,0.08554050194988494
row_016651,0.3020740601638386
row_028224,0.5710303385926886
row_000413,0.7775851591968279
row_000591,0.002874736253530177
row_046828,0.0075561788110105246
row_011050,0.047179917677104194
row_044103,0.006464108986975943
row_015732,0.021212620704349948
row_039426,0.17612211741189732
row_016614,0.0063270915302132205
row_043351,0.014888142425362735
row_003489,0.018511505319936672
row_022946,0.008790157417961884
row_022988,0.02250933652257963
row_023198,0.0010399073498432094
row_003004,0.37697791585824436
row_047562,0.15177022056067213
row_006624,0.009592975327346601
row_015064,0.007691675551586723
row_002412,0.027741127698491318
row_025679,0.023461803475021296
row_026372,0.8286394664380986
row_037395,0.027241280845287725
row_002848,0.026469075583820778
row_016047,0.09458427270690825
row_006657,0.02360441399920282
row_036267,0.1616806365333553
row_025370,0.014897363054199607
row_014770,0.024648689223977945
row_007574,0.19807553439985454
row_038235,0.3522496382044969
row_025124,0.31037090154573205
row_034114,0.1255079350699656
row_036651,0.03341591049523022
row_012675,0.004415567726310266
row_038800,0.04596902682653359
row_003561,0.20300305018550607
row_044890,0.03357179408116037
row_041703,0.015399125588433208
row_014640,0.32811551598064603
row_013284,0.00795857492711945
row_000704,0.015473467346071959
row_010350,0.10341322819541202
row_034055,0.9330202816758454
row_021418,0.20028319403491063
row_008491,0.00375284518410708
row_042610,0.8429624869368817
row_029451,0.05013064908851346
row_028702,0.7008932800603227
row_028514,0.014734182464624997
row_031452,0.799677799287999
row_007983,0.09838594749965951
row_019593,0.003421409947259981
row_021056,0.03631669772387271
row_032205,0.14406619618272148
row_010050,0.32917456365413195
row_048327,0.017247813431593866
row_025614,0.020624428663922584
row_033413,0.882253508283161
row_008054,0.005003898529160035
row_007123,0.01975474429367524
row_043938,0.0068670068078340255
row_029289,0.030049932593299997
row_035131,0.03946389938876356
row_039182,0.4920933099233402
row_004535,0.011225542205338626
row_021514,0.00884219196566146
row_014316,0.24364837191549157
row_039321,0.19740767568579676
row_047467,0.23101516943885053
row_035623,0.8114364873683804
row_024123,0.030123457735912858
row_026973,0.01843362420511111
row_026847,0.2435006862858551
row_011426,0.1919539063055496
row_000419,0.5976438314700597
row_012757,0.1936127252668764
row_001728,0.011863056917521497
row_017529,0.17655779452310844
row_013853,0.017102861538797164
row_043212,0.024312923507271697
row_014205,0.01827911189738218
row_002021,0.040298739227109956
row_040834,0.007651851931887355
row_007224,0.013003089756520314
row_039242,0.012712001034984514
row_048666,0.8241026548178806
row_019655,0.019284157714113445
row_007249,0.01466634799118013
row_042138,0.004761335860611311
row_033420,0.03804370686542188
row_012839,0.8779533966147716
row_046868,0.040498733262049745
row_015640,0.6281909823854149
row_030744,0.005740384775123886
row_039179,0.010322665399517917
row_022555,0.019590886348833186
row_031163,0.0025506782582027133
row_020428,0.020621821721856202
row_008594,0.059924487160317876
row_003553,0.013684917351460622
row_042995,0.0344427018911747
row_035529,0.14137317773974833
row_005810,0.7066746738013174
row_022719,0.317073509925302
row_021761,0.04612649571511104
row_004412,0.2757905529061423
row_017985,0.1420850601380204
row_030602,0.014747288784759543
row_010181,0.08143930907073457
row_013101,0.03238279715044258
row_048816,0.7936472667449893
row_048566,0.06552657842704102
row_028628,0.9543864177628435
row_041684,0.0018149116844085413
row_012504,0.01781609957974913
row_044829,0.029487977492303148
row_038196,0.10344598148476586
row_041091,0.2329288471065861
row_010999,0.011962000327024401
row_043169,0.005336856641507065
row_031152,0.0010789922024056835
row_026446,0.006583410652902976
row_009896,0.011182717593965455
row_008973,0.020010364693054773
row_000771,0.05256971900217024
row_045675,0.18623943587626268
row_026647,0.1858667728715924
row_024784,0.010767509646785842
row_013813,0.03883803535317544
row_007884,0.011215158806969569
row_009621,0.3824621483682212
row_016487,0.01019307723539331
row_045272,0.016262945720949017
row_029388,0.0459690050547262
row_001870,0.20317988514307048
row_022731,0.37331704363875723
row_032614,0.9862464020663698
row_035367,0.03999993935727554
row_027613,0.00702144306143361
row_039868,0.022334868352643034
row_005117,0.02727393966233391
row_001780,0.0027083114798000982
row_010546,0.011857827044365572
row_046852,0.004593413036641981
row_040364,0.06973022554237224
row_043270,0.014671092073719392
row_036982,0.004852647155877088
row_020771,0.0036685476022598786
row_036383,0.045403861832733844
row_011150,0.002353782971826289
row_010094,0.020154765381678902
row_001626,0.1648817173435259
row_040790,0.06539848191359672
row_020740,0.015727318472311298
row_009681,0.016624314990622467
row_009024,0.016099200893642057
row_010987,0.04133934859014642
row_038357,0.029051116903573163
row_043723,0.0018559556767303773
row_030788,0.0225318312905463
row_049172,0.131975707334461
row_028961,0.0030275688904278977
row_031612,0.06123644519716108
row_027250,0.007295451182854506
row_009108,0.019651844329518366
row_028040,0.01792972819392306
row_010238,0.03481315900461292
row_046080,0.006600138263749738
row_049224,0.05562069759342053
row_020833,0.013795783633243654
row_040510,0.01773382449103312
row_024847,0.9026586620989705
row_000015,0.015458057246810205
row_033850,0.46958058370382144
row_001258,0.4297317391702509
row_024643,0.05107017327776739
row_044084,0.05912950136111685
row_026718,0.03923679130473999
row_005864,0.8112424496990203
row_026048,0.00660609952991963
row_004524,0.0010282232117612739
row_011001,0.17762892791663243
row_042903,0.001258158949873627
row_007396,0.01804200249314431
row_046498,0.013192313376297471
row_018849,0.34873502016778235
row_037637,0.008531694069978089
row_007371,0.029781117248998505
row_047761,0.017192288150846568
row_043564,0.06657551198680338
row_002107,0.0029029058351483705
row_048521,0.03670794609396856
row_038302,0.8434023471139309
row_039604,0.008518788821746783
row_025574,0.7905661792702127
row_037463,0.006950228806014848
row_033069,0.001736703437378679
row_019908,0.0029207681074426904
row_007658,0.012164180599952593
row_007456,0.0073561151199336115
row_022106,0.014938814546632727
row_015633,0.0024630950522499637
row_003615,0.024897405150212014
row_040833,0.006746074605346427
row_048602,0.09553131582994503
row_040680,0.26122356781208883
row_003057,0.010453558327012379
row_028244,0.07965010958014626
row_048527,0.03990375608758729
row_017986,0.0854360226566345
row_002857,0.025844470671698518
row_020145,0.058386496135808895
row_046197,0.29532825530274887
row_032598,0.9452720456834437
row_010049,0.6985936728859121
row_023327,0.014656587293573067
row_014801,0.21978305121751238
row_046077,0.018263161522746707
row_005316,0.024324146235612548
row_000260,0.00719334151658807
row_026159,0.04357954596740888
row_009003,0.12115436945402684
row_018144,0.12101933461130326
row_043976,0.9744459106746367
row_027977,0.00435042029055133
row_026946,0.027381016538544748
row_042852,0.02691073873858784
row_009653,0.022697342517538598
row_032586,0.1497741088214505
row_000280,0.0039088574526172535
row_020859,0.9176270919667218
row_043142,0.011452066339760172
row_018113,0.003947447445341848
row_028068,0.01128098515268371
row_021497,0.002849438162019621
row_010770,0.11839371798569961
row_021463,0.07306789773318986
row_024445,0.7726017793469161
row_037439,0.03541107979626438
row_049065,0.012976278702881573
row_040181,0.02489914010792619
row_018682,0.0645394577560009
row_029727,0.10056071867793745
row_039598,0.9953072739872046
row_035893,0.9652880690551282
row_013727,0.03158588586261789
row_014285,0.013723674869501719
row_005910,0.012968768995500028
row_025789,0.9715984952914946
row_021785,0.07717693668704984
row_044245,0.03413369834254794
row_035949,0.200932636412792
row_039166,0.005248249978229374
row_011897,0.18973122163294928
row_012833,0.08613006476834947
row_009785,0.024466988861887022
row_019966,0.058283469640553455
row_010462,0.033799620023814925
row_038645,0.03613099937440408
row_002054,0.011720813930686056
row_026362,0.007043831924010292
row_032845,0.04139522092215074
row_019769,0.574244518795691
row_009893,0.00954437800758684
row_029209,0.007882606317429324
row_006261,0.03520500909660998
row_005046,0.47472112600181926
row_021931,0.006080494330200688
row_019953,0.24835986540705493
row_023855,0.08469671973330727
row_026132,0.01014733151713118
row_014171,0.08374411584978625
row_010078,0.07723048183996015
row_029189,0.24869776768884677
row_005198,0.02844735301047885
row_034904,0.0007718540439067122
row_036704,0.056287771067724625
row_014135,0.01866256249425389
row_017345,0.051102110085843186
row_010031,0.0068453247778852925
row_041491,0.5121691023463115
row_005929,0.00972036732566843
row_042176,0.04575842447389536
row_004942,0.03146432451158793
row_001867,0.023099945460136502
row_045809,0.005675471121033825
row_036711,0.007645338577292922
row_000559,0.005681762203097986
row_033025,0.006632186086831657
row_017502,0.13600447659803425
row_005873,0.03264405302010398
row_013996,0.03566858133004336
row_043930,0.9596110042631444
row_011827,0.08184120693518458
row_015590,0.7487975794914709
row_038734,0.16784371883925636
row_024362,0.9695473934420117
row_043544,0.54197181221437
row_012854,0.01267617839586833
row_010716,0.09263166537540402
row_020660,0.002143841862656126
row_027282,0.016669136024951944
row_024392,0.03368744134662676
row_024771,0.011134462693941355
row_038852,0.025681731153310836
row_045961,0.002117043589254012
row_016816,0.00416088117774141
row_004453,0.05986808725917375
row_014318,0.02333540803204126
row_039028,0.04280662562645447
row_010293,0.019120311816297003
row_045872,0.9743116028750268
row_028943,0.016101517159662765
row_030500,0.41097528428285596
row_000513,0.19894409809820546
row_017012,0.23369772016294638
row_042407,0.464004377862552
row_030802,0.09072257732077098
row_041837,0.028344201427285026
row_038228,0.2300582083466574
row_040266,0.012879919130780609
row_035243,0.004087244395511948
row_040414,0.060263028598529375
row_047267,0.6221747940731097
row_048099,0.012515679585916668
row_033231,0.01598436951607898
row_013971,0.0070282832431661155
row_015414,0.15662517435882195
row_020558,0.05070487676525833
row_021880,0.033747844755809
row_020412,0.0825591821310532
row_022589,0.0007553410132031082
row_003531,0.022995351128269993
row_002140,0.02519780377527893
row_046295,0.05804970253672115
row_023524,0.05699942694241615
row_011448,0.06311623879800599
row_030853,0.06792617808583794
row_032852,0.03704655583249796
row_031494,0.002706638928873862
row_006242,0.24615479213502287
row_030366,0.057867903216092156
row_023413,0.008607013554409536
row_048436,0.25350643617409513
row_000572,0.0036261560373267877
row_038184,0.011038372442066648
row_001695,0.007994442411542116
row_048180,0.16100016411560217
row_000886,0.7641781712743243
row_035510,0.0042793070687579746
row_031968,0.06454128846495714
row_019158,0.006709607387533328
row_011226,0.030289426355135634
row_024207,0.01246788552205887
row_010913,0.015129273965551374
row_007720,0.13746195817301324
row_029173,0.061538049470809736
row_036204,0.49380033231123377
row_024394,0.08721489249144523
row_040818,0.10375387812097561
row_007949,0.01645488017424543
row_005892,0.003168029894194306
row_048573,0.01959605327838593
row_000879,0.3853986545926716
row_029260,0.1098269291814158
row_032656,0.008555625035148907
row_038820,0.8620296684164303
row_016565,0.023533631380104295
row_034802,0.17565787875101696
row_019835,0.45700628070656946
row_042343,0.02120823481077186
row_027979,0.09759662596322835
row_014163,0.007417193411902641
row_006005,0.008202950859970354
row_041606,0.5104305832905397
row_028729,0.5038240586356694
row_047108,0.004897593668772436
row_043445,0.0551338046885793
row_004303,0.3465999919490067
row_017155,0.0005907062869860425
row_027914,0.1803106400368768
row_035312,0.0006079234513838834
row_049772,0.005925761122726931
row_048952,0.7708664721651987
row_044221,0.23213621109342195
row_049570,0.10944257715053929
row_019054,0.089516307186356
row_034109,0.0726670389756925
row_016633,0.0057482507428566285
row_006156,0.01841595026176571
row_025102,0.15695463130781756
row_010909,0.048662789416134555
row_014492,0.18099840081181967
row_011058,0.047561631659072165
row_001916,0.0037735027127662945
row_030053,0.19431111111965957
row_029180,0.004904411113258759
row_044596,0.12137455821279824
row_000875,0.13859235060992642
row_049323,0.43029825963440815
row_028350,0.004641092917116608
row_013316,0.03597028520411541
row_030417,0.3674414893658081
row_016566,0.9377144733418357
row_021057,0.2505287572306595
row_049943,0.16295841648984663
row_043140,0.02520195237040945
row_025286,0.22283666947636765
row_037941,0.1286166750819971
row_034029,0.04114149556042766
row_023996,0.005384257885199547
row_027094,0.5717026218174077
row_020074,0.04591616187290304
row_033904,0.014552749038922086
row_011758,0.030956725023780392
row_007376,0.0024242273089998554
row_005315,0.004332826469339076
row_027505,0.03308285996530553
row_036478,0.08567316760865153
row_026453,0.012305017803814685
row_011234,0.0019115614774323324
row_006183,0.01700133953268654
row_044589,0.019426516877381117
row_026328,0.004806305904261043
row_036996,0.43021039008914674
row_016001,0.014322551790522924
row_011851,0.027089563481720758
row_001133,0.05774466273623747
row_046301,0.00347900378898851
row_039362,0.006016138554912847
row_020554,0.009106032834083167
row_010366,0.11013762036854133
row_013315,0.02342744969627136
row_013933,0.0182471735555826
row_029742,0.3196463803816863
row_011839,0.007557629696466744
row_008894,0.982238408293883
row_006091,0.7821667924815104
row_031519,0.05686929625457589
row_042430,0.771192143052404
row_009134,0.027735588824364533
row_033479,0.030908506894971682
row_006615,0.46972857886321345
row_042290,0.018735132696961483
row_021397,0.0874167277067148
row_043475,0.007408758239428149
row_027897,0.017161311106033448
row_024791,0.004873519522312304
row_042151,0.4533022001056314
row_001063,0.008291290908041185
row_041679,0.7824811060823114
row_013353,0.14725403990710476
row_006266,0.01812882040219062
row_005038,0.6520473791699224
row_041748,0.6226796290207727
row_031151,0.07301092693050466
row_043513,0.0282015513427914
row_032797,0.014295715489295466
row_017453,0.42325680156348083
row_009561,0.06106464416645159
row_033445,0.009156238599521657
row_034622,0.006878066816784564
row_013367,0.1423930130527122
row_017237,0.001060947830087607
row_016940,0.929918938286986
row_005042,0.18159193977963278
row_042401,0.00756860582819342
row_047747,0.042163976699507666
row_032344,0.009622987704938548
row_045575,0.006687311464911254
row_033132,0.11856159792304252
row_015655,0.06819514402172801
row_029628,0.03292587614548499
row_019689,0.023376125180438558
row_024144,0.15403709671030869
row_002603,0.006006833905123948
row_042211,0.05374644586146636
row_017540,0.0728495062566496
row_032790,0.09116335470055806
row_028200,0.04162047005911458
row_030969,0.05947109640779431
row_039533,0.07003302906137451
row_038314,0.003581719483698137
row_012809,0.8809960079434077
row_019305,0.007527524286813183
row_006022,0.018796547093727835
row_007754,0.07967457347679663
row_021367,0.12880218185817277
row_018308,0.005846507987869959
row_041408,0.009367748242287671
row_028453,0.00483665484353445
row_046261,0.06022516553579371
row_037304,0.011078502817252183
row_003816,0.16000315283482486
row_034400,0.9374137707177587
row_016346,0.6903537500389931
row_013038,0.06358517820551451
row_026481,0.008814727007282896
row_023237,0.020326959258896455
row_048740,0.0579392818962989
row_023210,0.9929341790725669
row_012599,0.4188962972033305
row_035621,0.01525052013786773
row_042950,0.010129791552487855
row_030014,0.07103529155104746
row_044348,0.01116290803973485
row_042657,0.06089028727177051
row_037399,0.00680897708921122
row_027955,0.583616001974295
row_011682,0.6382297642317223
row_023895,0.02692803589622384
row_041654,0.9804575731836864
row_029849,0.02857918979440248
row_027090,0.020657000133340084
row_005260,0.1413192297877378
row_005066,0.0321779458021714
row_025165,0.5076685673085104
row_038782,0.02122351492025232
row_006279,0.007129073227687015
row_005759,0.016331145260916058
row_013702,0.9427357376994105
row_028425,0.010860456521276898
row_045882,0.019722103227815615
row_018047,0.001958453635497075
row_019144,0.004072337184207051
row_018180,0.014525937337027953
row_029326,0.060003893449042264
row_016832,0.025633730573701025
row_017388,0.18937928514345012
row_047696,0.3225762506556481
row_005157,0.009274053005483687
row_045416,0.023936826201701778
row_037242,0.9134301389721792
row_021909,0.1383898478364781
row_010469,0.01611748522184599
row_013437,0.09195023558762323
row_009663,0.17360282784128672
row_030634,0.9787562486135564
row_022018,0.029301997001877595
row_037107,0.015358546988537732
row_042958,0.8660017383801504
row_047695,0.023853773407534466
row_021827,0.012104350163655575
row_049981,0.01077328538248212
row_018469,0.06285964828128343
row_035633,0.8689348304087953
row_031740,0.23972319807173081
row_032821,0.020934657057309625
row_015479,0.621215051265458
row_016247,0.009539305088363164
row_010152,0.25988009669988377
row_042632,0.015030618819736968
row_013134,0.01622184271512349
row_002251,0.5489246768166324
row_011930,0.3389840011518871
row_006499,0.003688350579489399
row_040792,0.03620029122157363
row_032075,0.05373954608335543
row_001347,0.47920435675321943
row_001735,0.01943779692780085
row_008085,0.9563990429042397
row_048863,0.0014848231396026033
row_041731,0.0862462679070965
row_007955,0.27992034212674
row_021924,0.01884499282693762
row_021071,0.1698787033683225
row_024600,0.0036009324460433926
row_041118,0.11742288017760001
row_034719,0.05142724643314773
row_032333,0.008178963895376446
row_027846,0.034280162689389215
row_025666,0.005108159397398344
row_046643,0.05639824877017467
row_038366,0.017045192478254336
row_043762,0.043166105580116756
row_046667,0.032504835174023416
row_011407,0.06716849902092177
row_015318,0.1937758475331057
row_033867,0.008218849212333495
row_033456,0.041673521900827945
row_030107,0.008441726550014555
row_023295,0.0033907334407816026
row_000726,0.06120380644088408
row_030306,0.16154459481868458
row_010841,0.005331203244338926
row_024217,0.5412980333389396
row_010964,0.00735076472964473
row_001745,0.07341942986832475
row_045070,0.02204920218479338
row_020511,0.9942299587972454
row_000199,0.17763171646482348
row_036692,0.010245711831111382
row_044156,0.5986105705141185
row_031429,0.007697088069301765
row_005778,0.2559120509351006
row_032707,0.010157136172119864
row_023085,0.3593200605651506
row_028727,0.3139975973285302
row_044965,0.4290301987140596
row_021043,0.009499940886397464
row_001679,0.0819491313867641
row_045453,0.0737885364864304
row_006293,0.011943540202226613
row_046837,0.014590365378015826
row_017334,0.0070980676337056535
row_013720,0.024539309921128353
row_022250,0.4638340974967983
row_008927,0.8851402496326942
row_009869,0.005259689302993045
row_034658,0.02391431250041221
row_041069,0.03161197516636861
row_041084,0.011254310794896777
row_047387,0.09989492983315001
row_014077,0.011541986387356904
row_006081,0.005443050949959862
row_040196,0.009887129241382159
row_005603,0.062312779129911997
row_047433,0.7202259023673396
row_039735,0.5419959323228777
row_036231,0.016564112716959345
row_007260,0.26380452523658193
row_015447,0.44414544018099616
row_006960,0.002511423880058636
row_039803,0.10523727650879186
row_048483,0.010166752671427625
row_045733,0.008411258518854152
row_045530,0.01290933293999286
row_023144,0.04616776419324216
row_011597,0.021247507139996652
row_015503,0.04044572892182058
row_020004,0.3772653635294609
row_042036,0.020329647625218383
row_008851,0.014134646095546974
row_041137,0.07669824340863884
row_009942,0.003880409771413287
row_038730,0.006681861929651668
row_036652,0.20227336759104605
row_019250,0.0138081109177378
row_028870,0.00045974773252962115
row_009360,0.029688538420830857
row_037872,0.0018651429785728568
row_000878,0.5049963623747198
row_023379,0.5460825882683261
row_033909,0.5272364848670026
row_034616,0.01552092214719998
row_025417,0.006450211332593697
row_041418,0.0033341388104603763
row_023945,0.08821982294231241
row_000375,0.74456872434891
row_011893,0.00496404962221169
row_033026,0.0654115760021813
row_039762,0.0020320750034085937
row_005007,0.14680615195972513
row_024464,0.02369036221587447
row_012950,0.022257365253196982
row_030631,0.06296896452876136
row_037378,0.6415574018021066
row_011590,0.012328865717878067
row_047659,0.3704270540169569
row_032400,0.30845701295370287
row_020814,0.06481742094055047
row_001527,0.11219984296389801
row_012331,0.011261857009273676
row_040294,0.01695191314182704
row_009263,0.008497620285510973
row_035033,0.012185941422447447
row_046941,0.09950302029363037
row_015744,0.10101497182779758
row_047489,0.1480310407304185
row_042470,0.03511509627579808
row_032024,0.07512767398935474
row_012773,0.010859460117867347
row_002520,0.9418901005015484
row_007378,0.011222376488551563
row_029821,0.06848786473087373
row_028406,0.0018765945193276747
row_017626,0.565761292361418
row_000525,0.010450096468611805
row_020051,0.20010255795855938
row_005574,0.6728314288890601
row_040265,0.5263566476652015
row_015461,0.02015074867552354
row_028078,0.23213555978115813
row_008912,0.02791186020737258
row_040640,0.008351066483298631
row_029145,0.0316134928611738
row_000056,0.02599819353559637
row_030009,0.9522304628051015
row_009084,0.0049705498540968205
row_004532,0.007336496031544126
row_032480,0.01362764627356505
row_019638,0.0008849102103137561
row_027717,0.02631536001400365
row_031096,0.0059180110395738745
row_036991,0.046442189561656376
row_009195,0.012395955927014512
row_007394,0.9002994405917134
row_041486,0.06875958132498486
row_017955,0.016386047313460824
row_008015,0.22457576377657612
row_022991,0.8128079118587132
row_037073,0.08026060074643857
row_014304,0.005227056354645987
row_026990,0.032648235968491486
row_032816,0.05389021836176335
row_037646,0.4373776045533268
row_027938,0.01808476120958582
row_036667,0.014406780683752327
row_038272,0.2281014599900025
row_010654,0.087834801072846
row_032991,0.011930070792771487
row_007699,0.004783449706170516
row_049897,0.2203605797247209
row_013773,0.0013366268596650402
row_043332,0.11348424355891525
row_014748,0.010680204584239643
row_029925,0.01713140306475313
row_000428,0.04306514035727905
row_049171,0.015089748265318274
row_045186,0.017190804343204857
row_010286,0.008750667742200003
row_034643,0.005463725088025881
row_028349,0.024934997008013125
row_014146,0.6910085984888222
row_017447,0.008335488333203946
row_049919,0.5038680583806306
row_046248,0.04787112075375624
row_037659,0.07843977245675685
row_029649,0.019704190260589022
row_000849,0.6007689642260333
row_018039,0.0731710137397531
row_017969,0.08363388453460174
row_003513,0.005222571605481292
row_009415,0.09955450437387682
row_048582,0.05562713634918632
row_029995,0.3137374117203622
row_023182,0.04855100744211082
row_020017,0.011291053283991569
row_009125,0.10932437809974699
row_013924,0.5325104782522083
row_040284,0.013003691774457392
row_040672,0.018829791491582204
row_048779,0.05189754915132272
row_000535,0.10340537926206124
row_014128,0.08695942392077838
row_028442,0.021250563096093616
row_014859,0.03208002387913497
row_007307,0.012808869927614607
row_035926,0.8808038704590446
row_037056,0.3661823038235444
row_010786,0.9109242399540597
row_041682,0.007023443962932236
row_025406,0.005599078503751891
row_017812,0.12203897516940257
row_024726,0.07976342741647705
row_042326,0.006010046920050045
row_025953,0.043649261776212624
row_029904,0.035564426547556566
row_020445,0.05095490242283115
row_016719,0.09738350133540881
row_033078,0.017472213354646923
row_040638,0.07039124848580701
row_004976,0.09921172925656506
row_038342,0.796946510371024
row_035388,0.11952908384196413
row_034460,0.28909033810999746
row_009852,0.019167241011229377
row_046062,0.10055145538044491
row_044788,0.3659680398035824
row_014704,0.015632664557575452
row_018597,0.03897034358294975
row_040671,0.007108077678530859
row_048624,0.22370485165517368
row_034700,0.007711992602982491
row_025444,0.11861480022347198
row_046488,0.017749181445142367
row_000785,0.007637076626147499
row_004268,0.41380938991173843
row_013018,0.007903375511206543
row_012298,0.12014521071717402
row_033532,0.05916731442452991
row_002171,0.05902952749342455
row_042981,0.0019506669431403115
row_000446,0.10944994863280952
row_015492,0.04171009258446091
row_046628,0.018670141007896435
row_007433,0.03225368938378237
row_038821,0.05777778356056969
row_017884,0.06582897556912522
row_014949,0.06763672664828
row_016211,0.7946866226439077
row_042897,0.07502134996615988
row_021850,0.00727927507874571
row_007767,0.4031462655964346
row_022217,0.08708344743385041
row_022438,0.23979896666579664
row_019072,0.6247823052809178
row_047213,0.015337835087610417
row_006478,0.020329409381373613
row_042269,0.029010732352562806
row_008569,0.04261821941110609
row_042297,0.044047239876689286
row_025722,0.9469001740885574
row_047116,0.023070782430322886
row_034193,0.003060527924287777
row_032670,0.0032412679467649645
row_010316,0.03184628482656553
row_041025,0.0241587305626432
row_012086,0.0017955666176825787
row_022070,0.23270265523631933
row_027676,0.016766420347197497
row_020755,0.02373029749369944
row_014119,0.017981723345530786
row_015695,0.026986279536609144
row_039144,0.33277488792110566
row_031910,0.13039893447627013
row_011975,0.021108486784968693
row_038966,0.07414449258752039
row_002113,0.011773779279922313
row_037442,0.20802279648588226
row_038787,0.22815351809417142
row_033786,0.12623081981658107
row_023571,0.7286345344514582
row_027993,0.0015329297789916732
row_041289,0.08542618406825195
row_003140,0.012556933561969411
row_003930,0.006237582901395244
row_047920,0.0064331593706580675
row_001382,0.011322803348960648
row_027822,0.01198042124705112
row_049524,0.07731210889966936
row_045326,0.06151839724545972
row_000102,0.3555745968311121
row_008760,0.027615776321456887
row_040022,0.08441352872398467
row_013911,0.02009603428124547
row_030577,0.47629170915112423
row_004776,0.2791207761447495
row_022420,0.011873244113482524
row_031958,0.08009173375794315
row_000860,0.005724605546326851
row_040187,0.01093640962914181
row_036163,0.6372692776636313
row_011985,0.01064845892185373
row_033139,0.08367426115155084
row_045895,0.009495934456112777
row_014824,0.0575938899656331
row_000629,0.1407297254051032
row_021388,0.22276444206679558
row_006285,0.05201696720877791
row_048452,0.12320238505707369
row_032998,0.004230579555373227
row_039906,0.0480931010322549
row_041928,0.005512882927877035
row_044769,0.006331632056351112
row_019336,0.008648011906428315
row_012293,0.004108473226662468
row_023888,0.09089200741774475
row_005897,0.0909244414036684
row_032466,0.042834524970681305
row_039383,0.03805976782264381
row_049823,0.009616945570172439
row_043980,0.7104600729379149
row_037187,0.04957761772724431
row_003520,0.008868052312355677
row_009973,0.056048411936183845
row_021781,0.9951787138306041
row_044656,0.08566857499723844
row_021622,0.04738599473035196
row_018153,0.11391972337444817
row_006634,0.012652230789407574
row_039200,0.007848701171578447
row_048673,0.533920976317668
row_034169,0.04650033172420741
row_014893,0.027869715578976474
row_035706,0.005140081154801216
row_028230,0.9799775677836196
row_035503,0.0067356901402446274
row_016582,0.2321235087057055
row_010421,0.020625475952198977
row_048496,0.7016023313898243
row_026056,0.0064112976028972675
row_005233,0.002914613731011209
row_003407,0.007949742411612785
row_005787,0.7270504040676664
row_010992,0.016497739407488773
row_047172,0.6102999172596384
row_009583,0.9752283509430023
row_035703,0.73211523608994
row_020909,0.002827255188539136
row_012088,0.39975067869715286
row_004009,0.01626825275501158
row_040555,0.6520113311659135
row_034647,0.05017054318075946
row_027123,0.01948692100868847
row_028297,0.1967871791589107
row_021846,0.004733786697674246
row_033992,0.8269754871359074
row_013741,0.013122733832482261
row_030986,0.03249841007400418
row_006824,0.01892484252780724
row_000681,0.028151322549671
row_003118,0.21663709751003643
row_016960,0.02351409721085999
row_009122,0.04636125932427201
row_016398,0.015608200958765113
row_005705,0.7438599745107756
row_007893,0.07002651443547056
row_008812,0.08394836554286075
row_023842,0.017542468114238315
row_000894,0.004318453397612113
row_040926,0.7352060798471663
row_016083,0.0005164326304401059
row_005938,0.005146351442646268
row_034480,0.46264480272293756
row_033713,0.9058850184936185
row_026448,0.09493858292613874
row_039540,0.017441199284661986
row_048872,0.589132841134301
row_013569,0.5420008797048677
row_021819,0.27637299513416014
row_010023,0.024412832921143504
row_018826,0.05539357167115913
row_024015,0.37182486342721016
row_018335,0.01904352876181816
row_013240,0.003294954258729448
row_000153,0.012529786608598516
row_006110,0.003086719242712324
row_004920,0.006428967549283836
row_023168,0.09361133242303905
row_037012,0.2752404445497851
row_031903,0.004493935723542737
row_017496,0.04384899189966334
row_026478,0.0174246407237916
row_049543,0.011585332528794439
row_026252,0.029888333017531417
row_016689,0.0035484427801938273
row_047056,0.4997220096548598
row_004506,0.02040578413647824
row_005340,0.383728257056997
row_029395,0.002392513260179953
row_028392,0.8661087123016222
row_028833,0.005065905535468016
row_024690,0.1623556024017569
row_017590,0.12231876362428126
row_009446,0.007736054731231734
row_011639,0.010941222374911014
row_013779,0.014286921156371452
row_025199,0.052230781256663986
row_014813,0.36366547715067526
row_047934,0.0026290997890678503
row_006297,0.039312284769039085
row_021053,0.004994842835120689
row_016753,0.0017416368908501302
row_018152,0.5479888310522752
row_014472,0.015814675928123044
row_025566,0.8428247091812802
row_023627,0.4392891396581205
row_036160,0.0018998664661351184
row_018230,0.04712250021880815
row_034358,0.0025239354535695796
row_036700,0.04690147824748939
row_006174,0.027207570580469756
row_049667,0.01586419778568509
row_010724,0.010018749586903025
row_001860,0.09581913502513603
row_039998,0.12359433733499536
row_046283,0.0036110597523588074
row_017104,0.09203147909719336
row_044931,0.11251886372614478
row_048768,0.005903642833429457
row_019138,0.7406487233855847
row_028273,0.009723143766082036
row_027941,0.08398980729420161
row_027607,0.0029679491135566585
row_010883,0.011434200396554576
row_039472,0.7693262138217329
row_025908,0.01332257256390263
row_006331,0.3458612651377643
row_024122,0.7197787105574923
row_006391,0.016541071659845925
row_033727,0.020432141567104652
row_031330,0.06851843934100398
row_044634,0.07016971817635316
row_015175,0.0018099936009927573
row_039796,0.01270923539901278
row_027577,0.003041112562649248
row_045695,0.8924530492257172
row_029135,0.07234259977536212
row_002685,0.10578973310653346
row_046371,0.028402862060545084
row_040942,0.0041157397684113695
row_045110,0.00481549335938114
row_029578,0.06634653320394793
row_020654,0.09421816997220284
row_043748,0.012575362636953982
row_016674,0.2106743121159882
row_043694,0.18163390138135624
row_000081,0.7091640512514236
row_019727,0.0036480025290057507
row_033363,0.017207122663656326
row_022007,0.028141645881693052
row_041637,0.03912317548436274
row_021667,0.009408855182839852
row_038403,0.7008998144828361
row_014150,0.9735187806940685
row_046268,0.11797363952073776
row_013733,0.009225543696670247
row_045313,0.010562957515051048
row_038106,0.11048726707343696
row_025250,0.07788653277841501
row_043237,0.353556224909388
row_046319,0.04226231008410175
row_014797,0.8596192290161543
row_038141,0.019765019583628314
row_010581,0.026106161658487267
row_007826,0.03897697798969272
row_012775,0.02037166438449732
row_021916,0.0667030233215161
row_045715,0.006079855771864063
row_048923,0.0961879579478103
row_015090,0.012468263114088215
row_038281,0.43551465238447135
row_022767,0.005804317311976981
row_004482,0.09259956656796972
row_036221,0.10261349770502122
row_006857,0.027994027397975206
row_011858,0.0199382724746594
row_031040,0.05151323025222379
row_048825,0.005586315729228314
row_037118,0.7745782705544256
row_023151,0.03917051510789943
row_001046,0.005558049870237557
row_003327,0.003773407715016943
row_004119,0.009785094711786695
row_028363,0.023479012439585428
row_022440,0.00874380909338896
row_002872,0.7728038020111576
row_015724,0.00544487760429815
row_015545,0.4374778875925156
row_001150,0.02795092466644931
row_012250,0.011977811004675425
row_027158,0.4138335852494771
row_005474,0.013656339859092776
row_012694,0.034745123626347525
row_010781,0.006182962296860342
row_027969,0.018337394008667393
row_035160,0.12476663412624203
row_032947,0.056198776257032255
row_040711,0.06950151778351421
row_021227,0.0022122702944472987
row_041087,0.655009485200495
row_047652,0.1568798848561382
row_019639,0.006910535050865546
row_047102,0.002429331021970513
row_023640,0.05102003715513795
row_026014,0.038869053285125126
row_045311,0.020562749775670353
row_042087,0.051445612420389863
row_019326,0.11624259729869206
row_025581,0.025422454946462697
row_046723,0.03006616405981502
row_007528,0.01551908494570027
row_038074,0.010515342691813916
row_043404,0.799079225964923
row_011556,0.09225168763936528
row_027378,0.0012043976754824736
row_001014,0.6686407208039465
row_024195,0.5328201022220403
row_033194,0.13715679676794768
row_024621,0.007752466101804356
row_027673,0.17787244434373434
row_028912,0.786065377090593
row_044564,0.29631992498871046
row_049939,0.7046055736341852
row_030426,0.06390855817502936
row_006008,0.03909529579804129
row_036423,0.007554159198160964
row_013211,0.10948058233578586
row_019466,0.9081559100369507
row_009515,0.010895354572166279
row_019346,0.020652698949673337
row_045254,0.0060748553788642756
row_003008,0.6280017749392236
row_020809,0.27904542669436366
row_002344,0.06907548091069089
row_035268,0.44972218292229205
row_049199,0.886176784170106
row_044449,0.07532556041597854
row_018175,0.06500974571111365
row_024680,0.023388575873831446
row_001783,0.638007085412526
row_000457,0.0047025186968229285
row_027388,0.005899249993754669
row_049250,0.4972137695228506
row_032767,0.009333307576080942
row_049390,0.020049367521656886
row_022294,0.005203924646993299
row_047219,0.10188971630920618
row_020670,0.005164623168393132
row_046390,0.040988283215126355
row_018949,0.08716506676569181
row_028703,0.3391609260315119
row_032948,0.0183515143768157
row_004450,0.08517768368200054
row_034868,0.04462799901705505
row_045970,0.08092396118559546
row_010874,0.026035772648318797
row_031705,0.5089940785953445
row_008287,0.003953576316407997
row_008782,0.017298639421351004
row_013966,0.16331201459254277
row_002309,0.03879540962026312
row_007768,0.2540352344375684
row_034793,0.017645176457525627
row_049845,0.022260325294347853
row_048366,0.027800066359164315
row_030003,0.010783232299266927
row_021508,0.019605110240597856
row_008428,0.05800884989116298
row_004617,0.007736406244130316
row_014031,0.94636999570675
row_025734,0.0027697740343390143
row_005590,0.041369181214249325
row_019945,0.005834224379756656
row_010777,0.012987837760885381
row_003127,0.9254519081999518
row_000815,0.27005372139588213
row_028275,0.6945554577489809
row_049649,0.07040290422294021
row_037068,0.013283158383909161
row_025394,0.07411284709733192
row_022611,0.024038684198624184
row_017910,0.19141517559776466
row_027220,0.9047555273307497
row_022949,0.145651276857657
row_033082,0.11633738192493656
row_044088,0.08833078824437343
row_049027,0.07044148214629917
row_045915,0.09324721564473239
row_031002,0.05145468053232237
row_032037,0.05541405883840542
row_033331,0.011028702989025696
row_036046,0.04974166968940062
row_049054,0.35250568026436857
row_015302,0.05562085763651462
row_022291,0.1672999930407528
row_032565,0.15458959864536367
row_033658,0.14772053735528218
row_004624,0.03728545499994025
row_014259,0.026714855685686566
row_035006,0.0009937928598847995
row_024458,0.22266547207696427
row_021903,0.028311829769255812
row_018630,0.012919395935470045
row_021600,0.08016768082361914
row_016709,0.07996351142416902
row_022040,0.015948612164552685
row_038249,0.0354914668173308
row_033865,0.10080831419000842
row_047813,0.09210112814653439
row_015224,0.026848370735171025
row_004994,0.17460418608779615
row_006135,0.03678865980006817
row_020142,0.33049499596245124
row_035963,0.021632171989721984
row_019736,0.0554907893410069
row_036625,0.00334158844393532
row_025743,0.9940147670641327
row_036858,0.1312894450742919
row_025622,0.009924503777730874
row_003768,0.01257051578918798
row_001022,0.7531689461202139
row_005061,0.3899159691715264
row_043485,0.006478326133861222
row_037905,0.03682998949907967
row_022071,0.5677944162921721
row_036514,0.10767434018435826
row_034639,0.004590089988078062
row_047964,0.01092259645823204
row_003442,0.937561851153738
row_013343,0.5066840868982109
row_009361,0.0011351992962459934
row_014383,0.03444534596211097
row_027925,0.004681903544898726
row_028670,0.6967687687738187
row_037264,0.0023575017596973195
row_012559,0.13872949542972737
row_011998,0.24384219371478075
row_007064,0.0014668594870118838
row_022746,0.2916014990667014
row_043495,0.03223324824732775
row_039872,0.002344728240656708
row_024344,0.2763380848683825
row_009175,0.04965615466428351
row_023857,0.12966352159061972
row_039203,0.8801054719240449
row_042869,0.001855459659864156
row_010473,0.021906183769588458
row_027456,0.010230688262574264
row_039694,0.005975522538121025
row_006705,0.0016467291968386795
row_036587,0.012117147328489621
row_046207,0.0772321715317704
row_018847,0.11417068255221312
row_028883,0.07369520473607757
row_036392,0.07460934953217217
row_039643,0.02202945593764105
row_049991,0.008207332834969409
row_016840,0.11154983656713359
row_027644,0.9939223527309008
row_012347,0.20604817543363022
row_013463,0.6079010570615792
row_026449,0.4120085849682679
row_012695,0.2967550519436981
row_031666,0.06593943162261633
row_038156,0.006377268924205661
row_014539,0.012079729596874204
row_043501,0.06109983042493264
row_039534,0.7933399270366679
row_032659,0.1120759847583737
row_021228,0.003407452833738395
row_001146,0.0035896033550951133
row_030284,0.1843810753336814
row_037301,0.009800529975670127
row_033490,0.08747081399619347
row_020299,0.5324485169797556
row_009082,0.15964680661740466
row_030043,0.03030492269318745
row_022857,0.3013786379085193
row_003026,0.007475288291017502
row_004479,0.001529811260377871
row_036512,0.007977705457494304
row_039135,0.7151730846255174
row_034360,0.4719785970346179
row_044238,0.5039358608006497
row_024957,0.006700830665777447
row_028487,0.008355346429723775
row_033813,0.5369261861012521
row_039866,0.003987107552723194
row_032308,0.02359800621125397
row_030080,0.13699648949234977
row_032292,0.01327980115477503
row_009448,0.009266365870203309
row_014851,0.13191979618466235
row_018440,0.008023484104176776
row_029200,0.004624487327377572
row_013246,0.006509645844217612
row_040771,0.01829797663552745
row_041104,0.014689555136942811
row_024564,0.4778162476855533
row_034341,0.12558849279725326
row_000982,0.00223724305790611
row_017299,0.07523224167875225
row_038207,0.8163000843411286
row_010089,0.037204537047923106
row_035794,0.3451400276475053
row_033316,0.03282322213752359
row_016126,0.026448490007617342
row_020157,0.0074760957565317195
row_007316,0.028382328631582198
row_026833,0.7581680555219154
row_002564,0.0030488720772845306
row_038978,0.01748452916549278
row_015211,0.014686997154483857
row_034804,0.011466583051971818
row_015296,0.005313393751736586
row_001292,0.9481934932378713
row_015397,0.0027009021696360377
row_048283,0.028742484531101488
row_040038,0.014874594461844644
row_047791,0.02917369259683996
row_045369,0.047023030048952655
row_037796,0.011700725825467153
row_039815,0.006780400977789751
row_031142,0.9960527016713209
row_036380,0.007826617543486947
row_004226,0.02577811284774421
row_023887,0.2068106818448974
row_023872,0.020334018529529988
row_018558,0.01609673124406775
row_005802,0.25209750940355646
row_045400,0.08464309889614009
row_041680,0.12585752786341656
row_045214,0.05719948621820345
row_038012,0.001754288282188594
row_009931,0.012671684342165366
row_042510,0.03565583050791233
row_043909,0.9976060982420402
row_004138,0.8924959530543197
row_010862,0.12476453553136882
row_036956,0.006237814520875751
row_035709,0.03548055454614371
row_000307,0.9383467581824109
row_019428,0.0035903531670422894
row_022408,0.004616686182023754
row_006568,0.017208798201006167
row_014553,0.008129305708065651
row_024074,0.0661293276812779
row_021715,0.014744464567254296
row_017482,0.00947138896904625
row_015943,0.6249154462584596
row_005397,0.2011244093649093
row_045452,0.04442317693116249
row_020039,0.01081657277613698
row_006066,0.7782268194964893
row_006813,0.09645804777116752
row_012167,0.009776713853111314
row_045771,0.0063784620523410045
row_032443,0.15783480404814643
row_027526,0.22519924547314277
row_038705,0.03349749922094996
row_011100,0.018276628163270386
row_005781,0.011611542754830636
row_024311,0.12961758166147147
row_008565,0.6114739160140529
row_024427,0.6377796969084893
row_008617,0.0031763939137466773
row_049026,0.03312193761394974
row_027698,0.02486639022828522
row_029878,0.0038723697087914063
row_021072,0.7710721553376503
row_028799,0.002882452215880767
row_020056,0.005160335866427368
row_048912,0.002392410011633264
row_043947,0.07832535666141686
row_001454,0.01494757254328809
row_017659,0.3429048134535837
row_000961,0.7348761165167792
row_009311,0.5436508924177899
row_046166,0.017755727161598206
row_048410,0.0921042469232234
row_009636,0.07459103347272505
row_041983,0.5400183884342284
row_001812,0.0044734565009052745
row_002811,0.007208801455516085
row_006493,0.018747700650066063
row_025109,0.010705561007952964
row_010411,0.665975187101355
row_040001,0.019716693793858417
row_017665,0.041559788554257446
row_005310,0.028091106339248346
row_007988,0.011790052544543524
row_047708,0.5983062886639352
row_016661,0.05090760953655511
row_047228,0.016731571622491486
row_033297,0.8669689840373251
row_001711,0.01734851173684121
row_046322,0.021992684670823187
row_032385,0.16288900356565214
row_024022,0.03283658741205413
row_003003,0.12362612203286613
row_045133,0.003634209180339182
row_041909,0.9311092187213774
row_013615,0.0033054750699171203
row_014791,0.005571794715479828
row_042231,0.09785053290749773
row_045902,0.02226556881483374
row_023426,0.1883912735772578
row_045086,0.06719069002105169
row_048207,0.0901404274226757
row_020447,0.09671092935630378
row_001047,0.03306040107180319
row_040203,0.05428352418744659
row_003775,0.2716464659882887
row_039039,0.04114866004232346
row_012817,0.008114616228032459
row_006754,0.06919193471200398
row_008026,0.0032030401148747936
row_005558,0.02797219483822353
row_006785,0.034444151828005955
row_024466,0.009725591534265212
row_013125,0.007465622619962927
row_031794,0.04767361854146386
row_008356,0.14347669835003213
row_026533,0.18786063357604726
row_027703,0.0012373852244291974
row_011927,0.12940980397826135
row_008529,0.0017326505870989034
row_023305,0.03528058630094226
row_000266,0.05548232679148692
row_043188,0.009746455892345365
row_020861,0.02032623297957623
row_024506,0.5574574074495313
row_019447,0.06253746116446754
row_025227,0.14406309602320616
row_038136,0.057667366371551065
row_025705,0.31065393187603735
row_031213,0.9911521552462981
row_001354,0.9427592480715452
row_041989,0.7553598090171496
row_015280,0.5146689751214468
row_003045,0.10024793435000945
row_008280,0.00925553558195348
row_036391,0.009094012181943244
row_009700,0.003218824523793082
row_031739,0.5485859929687577
row_029137,0.06801910823699361
row_044474,0.01418164934625083
row_003943,0.00799552294413188
row_040328,0.03204814340180061
row_046889,0.5852856443095538
row_049020,0.0022696735062649473
row_031756,0.4877727289935906
row_032471,0.012525503656298561
row_030964,0.9286408495121155
row_012038,0.13618009036897938
row_014022,0.1383865737103812
row_035990,0.012206650078592073
row_028056,0.04868868098424804
row_029797,0.07331158473009172
row_017193,0.005224458785714495
row_032553,0.07699062237776128
row_026714,0.02479181029924889
row_019584,0.019678316361338648
row_026420,0.011044695426038718
row_040590,0.017835560095903535
row_016014,0.010028182586875514
row_019448,0.07621588628409728
row_020879,0.0029818498720820693
row_013922,0.010649847918936247
row_048520,0.11974980121109136
row_013046,0.006803203182008635
row_035647,0.03903774899727476
row_035241,0.2630438831769436
row_044130,0.08357098097412781
row_035838,0.009445075003500048
row_009823,0.14853752078992902
row_036485,0.059652996518318
row_039819,0.011705910969927867
row_027756,0.02442574014851562
row_028247,0.4743104215565791
row_005297,0.1484822752906091
row_008556,0.02064981466189237
row_045988,0.20549758772763915
row_031220,0.08653593185864702
row_044196,0.030767138069771854
row_019990,0.44462195624994477
row_017684,0.16880711375841084
row_039065,0.18386036073286086
row_017177,0.006442875602995359
row_029194,0.17256897573247593
row_020496,0.894281541982875
row_010600,0.3946987574543454
row_030347,0.013444235491376254
row_035775,0.07954025028981795
row_049833,0.007600336514895879
row_041905,0.03667598852213835
row_044185,0.39849094469131197
row_000998,0.029442213635324618
row_007797,0.01779847494320448
row_002160,0.02085536534265662
row_040171,0.19836343858377065
row_029781,0.005419178011825028
row_035499,0.6140053899170285
row_045192,0.03008720447684826
row_028060,0.06696590878860173
row_030354,0.000375384737330097
row_047686,0.03422662141088885
row_010530,0.2256281774830648
row_020711,0.07236501237421766
row_039679,0.10345358546962982
row_002668,0.004886860790616378
row_047601,0.006614936132354228
row_008566,0.0028009008021412964
row_036775,0.04481278879480472
row_036254,0.041226047777877195
row_039190,0.02980406395568495
row_039270,0.6052727232531141
row_006528,0.01818026097015414
row_049546,0.04486706306744719
row_035881,0.04883748359499793
row_045280,0.004118522067581681
row_026045,0.013656744014945132
row_010741,0.15712559305036217
row_002764,0.20572825318791899
row_048959,0.010611029732638017
row_016277,0.05734414664963002
row_046605,0.0029422308234199578
row_023693,0.06509128534612925
row_034572,0.2910497291543091
row_038511,0.9690760516024622
row_035450,0.0026224343978237677
row_024688,0.02507230083663104
row_032764,0.024168960087286306
row_039072,0.015775422333893525
row_013262,0.07953274821968584
row_043203,0.0035188520227959126
row_020117,0.013869342042299261
row_031613,0.010217045818811029
row_045000,0.03796207489602378
row_031788,0.005227658104247861
row_030309,0.01218785248905968
row_026212,0.30853114741750176
row_040762,0.7136103221507701
row_045851,0.010737228464956533
row_029461,0.006221625229746714
row_019589,0.016303896937546147
row_000751,0.8841571637424029
row_025979,0.7009286897619043
row_000799,0.01430895769988181
row_024938,0.005652613928661651
row_029651,0.9911904818755342
row_044263,0.017272291366005534
row_001461,0.0555571587949269
row_029525,0.023830640867775817
row_006567,0.004811388389880181
row_005573,0.0030262984515339597
row_044694,0.0481228656426648
row_002437,0.20192257497870586
row_009064,0.014058537538128177
row_031876,0.010670688801443135
row_008802,0.024433858411441484
row_037433,0.9304090228005686
row_013730,0.008604370427373588
row_043463,0.016634328927714322
row_005093,0.010604543512654373
row_035983,0.012469171012350197
row_034759,0.0055790535609593584
row_040847,0.12600053364884442
row_003030,0.0339895517033829
row_029346,0.0035793707021886563
row_039693,0.042427623281244206
row_047706,0.08297394974897337
row_006920,0.004193077545307102
row_005213,0.24359507804832722
row_029709,0.09000815218292628
row_001211,0.008958193152032279
row_015202,0.0701885596216342
row_010756,0.026998836537110278
row_048354,0.651388882204235
row_045246,0.7257790267332035
row_029359,0.8076564511338807
row_044562,0.9857299113727114
row_011855,0.006627458436321463
row_030916,0.040328998395679626
row_011701,0.012246606958772242
row_024250,0.023955639401074688
row_032894,0.009736828520006654
row_043033,0.04197670821575609
row_046954,0.004172099896163441
row_016811,0.055782461947564366
row_018738,0.2530463916291323
row_019636,0.13742460989350258
row_023081,0.1040216756353306
row_038044,0.012875198218071475
row_027160,0.040551363808732574
row_039527,0.2549246680991174
row_025369,0.003129058260382351
row_023286,0.055913376527349484
row_017687,0.1831659181236402
row_008219,0.021428376565235142
row_008821,0.006313735640724036
row_019824,0.050012327632742576
row_036022,0.031162437189977146
row_010877,0.013220815995329708
row_040534,0.014046335192205273
row_027653,0.022009710848902346
row_011873,0.008643623778522257
row_048847,0.004136814274330364
row_042922,0.03376171042774816
row_001450,0.027825932217687546
row_039996,0.021483837365413636
row_044201,0.004849537942574347
row_000991,0.026236489175072243
row_040105,0.061948584781753135
row_045764,0.926593023715025
row_037658,0.05332948112088344
row_024945,0.09367646989479525
row_011322,0.016423412322370243
row_038386,0.06893564861518187
row_004542,0.06491293670195135
row_027204,0.010434570163592952
row_042817,0.3805542206443801
row_037045,0.03610567507478993
row_038952,0.00234923799566912
row_033332,0.062120151677890895
row_019610,0.2970645512778807
row_037469,0.07821551664315161
row_005436,0.006448089985491869
row_018810,0.35406731490800386
row_007353,0.004644359525279938
row_015995,0.5156216904839139
row_049032,0.013708663684648667
row_004208,0.008549096632361043
row_014504,0.05196956671802602
row_020583,0.006551552839190757
row_028959,0.9914372477231217
row_023384,0.13126421125876445
row_011087,0.02044885843215679
row_016029,0.18439499427089676
row_010179,0.42025644367567083
row_011708,0.003664491157171672
row_027478,0.013222716839352338
row_043577,0.01728413700142919
row_013967,0.021805828682957197
row_049124,0.004915140304753728
row_023104,0.015037157012842677
row_032650,0.009706830578700896
row_006009,0.61087072241797
row_006410,0.27009205039451695
row_032975,0.023516723298161457
row_018954,0.10792401633167258
row_029866,0.09130303165241214
row_049364,0.009354010411887794
row_002285,0.012236158036423549
row_021522,0.9733852900575493
row_029492,0.19226818686720876
row_001395,0.04404381284942613
row_049085,0.012607888993522496
row_042935,0.338315932056252
row_004175,0.029361937381344308
row_017114,0.8116065476159611
row_018925,0.02611441341170183
row_038433,0.31901395853288544
row_012431,0.04768505070046056
row_030662,0.03694533771738473
row_018337,0.03566282677960615
row_014271,0.01253710311186243
row_002521,0.003361060233400343
row_014037,0.15364342153601376
row_010431,0.0380373452663284
row_034025,0.010978098422789812
row_027098,0.018301554127413237
row_025670,0.09539728317636913
row_039395,0.612683940354954
row_025610,0.11724939216008702
row_037221,0.010825225729452305
row_032253,0.11582820727514048
row_025293,0.004913062481833983
row_048007,0.09555140656011543
row_023440,0.20160956275852587
row_046481,0.09567086132337493
row_014086,0.05551072514610496
row_012664,0.017207411153166083
row_046996,0.019149956174211908
row_038122,0.3144146076305683
row_012039,0.4013895292634811
row_040185,0.2237977789070311
row_014876,0.009255996878860594
row_032099,0.0024109288017983023
row_028863,0.041235430326771454
row_005605,0.004656200019515248
row_033964,0.013970770038242004
row_007513,0.0026762903112990087
row_029802,0.0809631447258571
row_017449,0.001843278845566887
row_006376,0.006806980602901909
row_033307,0.0034421411760348223
row_029640,0.018609802088544722
row_025472,0.18424784158514845
row_008857,0.02238880959072273
row_003710,0.21789631814535546
row_014130,0.032707474461018224
row_029163,0.03158839319871665
row_018743,0.2539046563668267
row_000676,0.36865001887448723
row_025410,0.0012926214321000128
row_000222,0.9623739303799087
row_024027,0.033291801060107436
row_043343,0.9620573559674663
row_007701,0.3705577030608968
row_025122,0.05614651904477804
row_014700,0.003395086501629275
row_042967,0.022213670617158697
row_000463,0.0530053391979627
row_030756,0.042165559465478494
row_027663,0.036247324086617044
row_016282,0.01055903859612436
row_025865,0.005805664003600267
row_019694,0.005175357362472145
row_008779,0.037960000550633664
row_018990,0.06379764667757981
row_044718,0.007697694413670408
row_049376,0.1315362517626573
row_003336,0.047331471908000064
row_004433,0.009220293208144274
row_029357,0.4793825652568527
row_003111,0.0027811501561415875
row_041584,0.010516262644920898
row_044092,0.1488966698507063
row_039879,0.023232555308636414
row_021185,0.43426176889287504
row_030491,0.01978418354180811
row_031777,0.00579113075561892
row_048938,0.23148508231016915
row_048489,0.018518028199367757
row_041076,0.8002076639632678
row_008067,0.024891064180861136
row_043959,0.013703992475112918
row_017965,0.05363895473084345
row_030132,0.13346490154781648
row_021542,0.0011718422649932125
row_025403,0.0030566436098395434
row_012978,0.007937931886511143
row_038101,0.005945261053586301
row_034318,0.006648723760818028
row_013132,0.2571180536827446
row_046529,0.6629826967848576
row_004065,0.04761801094266758
row_036733,0.0653838105012864
row_017274,0.575837993474202
row_043198,0.07493235976222651
row_004233,0.6901124392821887
row_046480,0.1412592167259421
row_003504,0.05223375247662627
row_032453,0.04965153629617819
row_048321,0.01812052066419101
row_047122,0.04388762801203534
row_017725,0.03211786391463654
row_043350,0.009759602609382417
row_034223,0.10545771262425893
row_004192,0.02143109278695702
row_009562,0.11939725817157301
row_004475,0.9757645733132212
row_031899,0.9508798599726446
row_038399,0.034112877218563334
row_030336,0.007479335865653129
row_010535,0.0262286861809126
row_041765,0.024252552062453622
row_003117,0.06443055109067786
row_021331,0.05283694624267559
row_014229,0.036166720309787376
row_022797,0.3475934425539476
row_026375,0.050203467075403414
row_035586,0.2716428949307304
row_017522,0.22006355283019166
row_049160,0.020161041096870717
row_049480,0.2550366129790223
row_007892,0.028372905239845758
row_002925,0.1131395437439838
row_014101,0.004601622749520733
row_003233,0.006873088081827752
row_038370,0.007898884722878021
row_006039,0.9790574729140651
row_043179,0.042843839993691395
row_006784,0.024743245293532695
row_048749,0.027886866745357404
row_012891,0.00569778185915403
row_028467,0.007198337379622577
row_029454,0.008078045104242662
row_029990,0.320661921597554
row_011169,0.399203069403492
row_018824,0.02008231353941624
row_016805,0.8711109039879356
row_023989,0.3945771245785136
row_040823,0.0048645777735466115
row_028302,0.021751523970160454
row_005094,0.0445554963692657
row_014443,0.011905453286890189
row_043863,0.012505835804196154
row_035434,0.0030706428468732358
row_033724,0.17131821236729486
row_036665,0.09972541694062875
row_003449,0.0038721327879958894
row_016967,0.019806813552065528
row_000317,0.03260228518959131
row_026434,0.010237861414521765
row_019767,0.19612631174626924
row_031125,0.17706032141291914
row_023785,0.3670179945677998
row_028338,0.9297568670690448
row_040689,0.007106650785966709
row_018698,0.0790367527491055
row_028875,0.034173696886831015
row_015337,0.0013779983705039548
row_005118,0.9099142834170804
row_015719,0.0077462715787428174
row_048390,0.018696981892008344
row_007029,0.003258388868375404
row_049399,0.004052643910012161
row_007495,0.43971374440159505
row_025266,0.021226883329748016
row_032472,0.7830715946781226
row_016116,0.21216485086672338
row_034483,0.8416046888211727
row_026873,0.11693740279418544
row_038022,0.00994778898999784
row_010660,0.2907194306599808
row_003424,0.020654512339482293
row_000290,0.41949371234717797
row_021061,0.34642673004835756
row_023847,0.0045152503956134874
row_004986,0.09419818794342351
row_023584,0.0008595030871992416
row_000258,0.14252567455250295
row_048512,0.4941640794183146
row_040658,0.09638623257035871
row_038419,0.007095819746372823
row_008127,0.017692521259448313
row_035795,0.00552127322281331
row_038414,0.1036140831610912
row_036395,0.01951446811909595
row_048431,0.003505611194126128
row_038686,0.09077983759852173
row_037640,0.037342683826055906
row_029758,0.14572817524795767
row_028344,0.3443638723726886
row_001304,0.02615100831315448
row_019213,0.1493711830094693
row_012676,0.019751725114223666
row_018938,0.005264576212657096
row_019867,0.006693268388823854
row_034376,0.015054791401116669
row_003821,0.029513174760653158
row_017750,0.686638700685798
row_047710,0.04021150500926939
row_027454,0.03646228445061585
row_003793,0.07733640288155395
row_028360,0.01607226611943747
row_035051,0.043195927321471456
row_019451,0.0060640629973930495
row_010458,0.5269657602858101
row_006840,0.00640292722553856
row_015984,0.15059061942113194
row_035815,0.02056065979555631
row_030438,0.005292215679187182
row_029997,0.9827906453484669
row_032269,0.023314213007574754
row_028684,0.003056349534886942
row_014650,0.008043599151746798
row_014132,0.002696884873665392
row_019391,0.055615709406235184
row_023450,0.006574740107466635
row_001556,0.002718045461514316
row_049644,0.3290537994674163
row_045465,0.04960678014597643
row_023969,0.019837450832360534
row_020683,0.7905784365351037
row_010646,0.05245777091952679
row_022301,0.11787189964900813
row_026264,0.10953665802240545
row_029168,0.19249322903618063
row_037912,0.024548240662207187
row_028071,0.534547454423218
row_039033,0.9063830091402741
row_005049,0.10328345037261327
row_013153,0.025073769482709375
row_017709,0.028634210131852758
row_028526,0.21751145647215153
row_042778,0.3513712243841239
row_014994,0.27115285687902824
row_039711,0.6937496919782504
row_021582,0.01825553784721054
row_036844,0.030940036715195292
row_012435,0.19808306491016944
row_036864,0.029092072680918436
row_029424,0.10334393250562729
row_028527,0.02382077112012003
row_027133,0.012913329328326641
row_004142,0.016441003859269276
row_021299,0.20790800320813513
row_034059,0.040661225782022234
row_002020,0.894750570425889
row_049491,0.7074205245030764
row_024965,0.2035058831462174
row_043484,0.029240067423715002
row_004738,0.25761946385699697
row_026824,0.012175144981891812
row_034458,0.023629744863072948
row_029831,0.10263538860006627
row_023074,0.009249814310666418
row_022722,0.025487374730574826
row_034267,0.06449703637070839
row_025925,0.018568417714242422
row_025675,0.13322191698637925
row_009712,0.023342425906687114
row_008404,0.08861414570142599
row_017206,0.0006666437135984457
row_035707,0.012432007595028417
row_009338,0.002694709940457091
row_041425,0.010265016236018847
row_045403,0.029681244353700568
row_037050,0.6140181633390498
row_046422,0.01731615516284364
row_022800,0.821171800940296
row_020417,0.00288418158487987
row_005999,0.4758885981071885
row_007841,0.032445513226488185
row_035716,0.4082940907907248
row_000816,0.1707960399330356
row_033061,0.014977045771471353
row_004038,0.019841467332479393
row_031761,0.44447716853172287
row_036432,0.012905449258127779
row_039058,0.04530743514944565
row_021990,0.06423453220151389
row_017870,0.11536394438710368
row_003619,0.011362389249982185
row_019183,0.06913480084148127
row_047303,0.005200685237399274
row_008623,0.010998405729362896
row_040961,0.12351645261817316
row_018448,0.17589413697848982
row_019048,0.005262812935497884
row_038261,0.11008636271840369
row_009247,0.025986016258370492
row_041534,0.08251870317929945
row_025661,0.04647889015783869
row_011046,0.007056259273529011
row_037150,0.0028840438656142038
row_032568,0.9961141430860504
row_006961,0.09869484425521814
row_029690,0.4782792149984006
row_020433,0.19475834911960566
row_002826,0.015547469782941534
row_002617,0.000833543454246022
row_040949,0.48912253404886374
row_004187,0.07100387226024144
row_030649,0.10544322371447175
row_026947,0.0791546383514773
row_017459,0.057424276105907376
row_008887,0.02183652798735861
row_034874,0.007839427710064125
row_033096,0.002715806258607442
row_030997,0.45899120994236114
row_014852,0.01815689374930015
row_042222,0.5890305363521376
row_045814,0.03142672356534716
row_027335,0.009428426377075753
row_027193,0.26520324455712063
row_022459,0.18296526606654082
row_010899,0.010731963575115485
row_020124,0.029762980517100603
row_009340,0.009990524374095316
row_030806,0.008061515968786334
row_003028,0.01127212191686046
row_021001,0.058785717071816276
row_048636,0.7119280654978045
row_018943,0.011473625367026445
row_047075,0.01737984631940983
row_028868,0.009798119926802032
row_025688,0.11549755685674071
row_023110,0.005298801402351224
row_017556,0.6567433883560047
row_023959,0.005930718054173672
row_006388,0.9802995065878611
row_004215,0.004095066300077499
row_026081,0.5833905206693765
row_029322,0.02299422166362372
row_018613,0.8788630395909705
row_041292,0.016388593933393744
row_047778,0.03408587397809974
row_010578,0.00915718344263447
row_038650,0.0019722251967963277
row_018732,0.04772448064729378
row_027870,0.6551243985531857
row_013320,0.12145256865307891
row_029274,0.0018038481499479645
row_027095,0.0863143570438376
row_021391,0.022190388033213992
row_035370,0.014456379810352108
row_047691,0.0055709901266785145
row_022411,0.10105831254037699
row_024572,0.005437914299491631
row_049597,0.017918616922067625
row_008331,0.005007860406844258
row_000362,0.014093857519931408
row_037625,0.906401444477629
row_027276,0.008695641841375615
row_023995,0.3767842085502791
row_040002,0.015629623615553777
row_043306,0.23159069305255622
row_030196,0.045176965326732696
row_026969,0.15276293396725088
row_013029,0.026996938576449032
row_013601,0.021473645846035117
row_015413,0.00473764643655926
row_018928,0.37409345998257776
row_046772,0.093029740002839
row_035509,0.030294592757176282
row_014415,0.012280999311414652
row_044419,0.008310856341206629
row_039838,0.13188474881444467
row_011991,0.9877922399898442
row_039562,0.047004916520529724
row_021612,0.0068005229576974715
row_049933,0.0025468044986073045
row_046013,0.006639752643279122
row_032743,0.054693443968317546
row_041100,0.02843943706558357
row_000254,0.08753836915697852
row_038574,0.30010410610004623
row_049769,0.022297570550201692
row_032763,0.021644526479869634
row_044632,0.00244207560207276
row_032569,0.3634333737844884
row_001945,0.07553870326229885
row_034196,0.00863537668082046
row_019265,0.9659374595987856
row_010682,0.3997263502503441
row_026686,0.139885321914669
row_005026,0.022326235135460164
row_038822,0.009388205674340011
row_017493,0.09674948433013716
row_016337,0.03725795173876496
row_034938,0.2901191279271085
row_018800,0.0389793980808693
row_020052,0.25098956761119556
row_005886,0.015102386202580219
row_048215,0.14965250967435295
row_038895,0.21071445737772224
row_026219,0.00429839741757542
row_029560,0.10248125730141404
row_005189,0.0777638232300869
row_019770,0.0028528790219112124
row_009000,0.01897257167414053
row_016503,0.7211998223897801
row_025773,0.22195138388771057
row_006967,0.002543898470063092
row_032179,0.00709713262884025
row_041858,0.004369468012334519
row_030198,0.13811774162319146
row_025833,0.16922644435366724
row_031625,0.013167345826771468
row_020295,0.007354945974744955
row_032425,0.01654167875218356
row_006219,0.1454984853700341
row_002648,0.08963468130001533
row_034810,0.03332119836763564
row_024104,0.03531915850734578
row_046545,0.7892685628342694
row_026768,0.5832059890105674
row_030271,0.03585920381488936
row_024093,0.02024835991135826
row_037289,0.25004336515910264
row_040786,0.06769890018892674
row_022345,0.004371779813593849
row_020597,0.0048426729135933625
row_038225,0.2224577341517491
row_030444,0.015020978436028343
row_032288,0.19700438276365903
row_007800,0.018539547627727544
row_017841,0.027917703903356253
row_024910,0.4784392247153584
row_005977,0.02812002095451078
row_006021,0.054587613929889395
row_049205,0.023701279091109185
row_040898,0.0026057971651365923
row_043002,0.7914945886799125
row_003655,0.009877149315935124
row_047926,0.02446863198766916
row_012103,0.009966023824520135
row_022069,0.02040444155423033
row_009679,0.48668467532667714
row_017437,0.07615097482030458
row_018428,0.03545876809602266
row_037684,0.2090202274456341
row_036980,0.008709359408706053
row_037906,0.2796441540424096
row_004848,0.051245157514213206
row_045564,0.40398940122383015
row_049237,0.002133827265988225
row_034761,0.1414459957228453
row_020548,0.5928397554205083
row_024030,0.008226948594577673
row_040077,0.013287564997266965
row_000768,0.0028497218331069224
row_035931,0.04258673662787528
row_008685,0.04402278657237115
row_048803,0.498280221236017
row_044961,0.028336058640475885
row_020590,0.002726700224046975
row_025132,0.8627627769285894
row_007080,0.014142046297522574
row_018257,0.05187136330566525
row_014662,0.521324967551765
row_044122,0.053524422844707466
row_007392,0.8214007435753916
row_039150,0.14334963031553363
row_029478,0.004854696315255196
row_042169,0.9637171336534487
row_049571,0.009676392627968981
row_023497,0.010375099779794901
row_004881,0.5797777292768574
row_027767,0.004833057149104308
row_007647,0.012296756512207328
row_012488,0.2626977418526272
row_039674,0.005281627296791361
row_037055,0.060085686950586296
row_003453,0.11036059025419738
row_002046,0.9501096883646198
row_036106,0.14854876363080274
row_014489,0.2420801729958765
row_023024,0.35741088577226127
row_046251,0.19170468764873935
row_007243,0.8257355635134356
row_030586,0.1350183522619835
row_026709,0.00725761125039209
row_049411,0.004393273882891057
row_019776,0.003719605548395729
row_041013,0.04648911378261279
row_029950,0.05020335331902157
row_016761,0.19018432365087015
row_017392,0.07164444740027007
row_016034,0.8736708484085153
row_031070,0.013488917805761218
row_012826,0.51043032105697
row_012751,0.007189809788517349
row_040768,0.11382207714766315
row_027266,0.05304431161918301
row_003752,0.03663690629533753
row_043966,0.02427421814966413
row_042142,0.15333109120876742
row_037329,0.0045550332644670125
row_021193,0.7705396056552161
row_043358,0.039151550614107904
row_000996,0.07545774914257224
row_007200,0.16162298658565757
row_018569,0.7412721434362168
row_017552,0.01346696711641334
row_026688,0.011090859151330273
row_025321,0.004031509027053168
row_003128,0.33780009150174645
row_002426,0.05057103845650454
row_017925,0.0015216719003736659
row_006441,0.012280910509935669
row_036540,0.0018934691299281794
row_012010,0.03321444725444959
row_020802,0.30556872333959767
row_028466,0.22329202400976955
row_020858,0.006297004170340627
row_038790,0.9851251391412736
row_040533,0.9779933197694121
row_020277,0.465004823051152
row_022870,0.0029259244933264746
row_004633,0.02998011327029987
row_008934,0.626360144565163
row_011782,0.04216424456283785
row_002080,0.14221271425028054
row_033014,0.1969626967109901
row_013100,0.12048639111302994
row_026521,0.02927455564917914
row_047103,0.0044182462807426685
row_027399,0.12009599848078518
row_039940,0.042342029439783754
row_029965,0.02017173429286305
row_046076,0.030795538155611677
row_021442,0.0040111703947646234
row_000331,0.8330911260054635
row_046470,0.17530506491915482
row_016497,0.004325709851817811
row_007502,0.015819256719070002
row_006581,0.02565834434403938
row_024671,0.05840862766184424
row_041876,0.9446022479718547
row_042841,0.19859506441576208
row_038429,0.01976588326440514
row_048638,0.4976470784778372
row_029608,0.0019029515181249598
row_036436,0.0073158760974879455
row_012571,0.015887701986846053
row_009333,0.9371519575219518
row_027643,0.06765971484556588
row_039633,0.0019433854559923974
row_008743,0.08266496554805058
row_014773,0.18968434136554782
row_044075,0.005379776695145929
row_000138,0.049817795434326004
row_031422,0.058337768570044496
row_016434,0.019507951231559982
row_021379,0.08998112580529194
row_003662,0.07563878506095997
row_030873,0.06253220128156124
row_021609,0.005377075184356355
row_034386,0.2151322979568863
row_041417,0.03410169591888536
row_036541,0.010089481294066012
row_037140,0.01698375908811037
row_004734,0.9186924354859414
row_000184,0.017119811039134687
row_025636,0.029529867880361424
row_034187,0.1182745443384602
row_046308,0.009617382763543122
row_019985,0.4428188523071714
row_008044,0.003737280710504726
row_001241,0.11518395045884222
row_010273,0.8778220130852794
row_018564,0.015484143437207587
row_049378,0.07574721439677437
row_014655,0.006052533231754128
row_037246,0.597321637534717
row_038573,0.9053842416860818
row_044946,0.962545919706734
row_033019,0.08427911839775845
row_012193,0.00445853017900342
row_038107,0.9288714514415337
row_034517,0.08635971511874102
row_033544,0.7341013523111591
row_019382,0.03515583540492802
row_041102,0.5186161325246637
row_006943,0.017067051971562122
row_032780,0.03892973850098103
row_046871,0.12586363989473293
row_049693,0.011851960007395412
row_011880,0.01028091064778689
row_003223,0.028936469172891464
row_044161,0.006800723333239028
row_029820,0.23538426806354454
row_009650,0.014348324900954982
row_002540,0.004405319378756875
row_015858,0.018073875495680666
row_026386,0.05852273555970083
row_035071,0.31922127025445163
row_005988,0.4121656798177308
row_025393,0.8208159841954591
row_047910,0.0032094619378259057
row_022623,0.2056588237348016
row_043185,0.0320361852300478
row_026726,0.05352129792043453
row_005582,0.5110015966213536
row_022391,0.21276363055803427
row_026443,0.018459376009188115
row_030252,0.3191445481510021
row_027520,0.0014972383006848786
row_042818,0.9013916751228495
row_009462,0.0565941905688474
row_041387,0.008890639711305394
row_001800,0.5571916956663341
row_014530,0.023531614731021867
row_015733,0.00328943786126397
row_013978,0.005802428959717502
row_017194,0.003413481952917691
row_015136,0.02808875964182863
row_005680,0.015841422187969162
row_008177,0.01615119367311187
row_012555,0.1777828431529922
row_049014,0.005287250733565204
row_032407,0.022046058899111647
row_000664,0.2965883115827699
row_039936,0.03833267908826032
row_027465,0.12619772032119525
row_046360,0.040416855446996656
row_033157,0.13241503188194112
row_034266,0.4444807365128802
row_038002,0.9394571038156253
row_013986,0.019418764131956465
row_026968,0.05854251156777731
row_023400,0.009942727054783617
row_013008,0.5915481412068256
row_037603,0.03864889357826892
row_017018,0.02453481420796877
row_000393,0.2598414232092209
row_022100,0.042867370531260864
row_041487,0.02831292137422697
row_046636,0.10532328825009496
row_043989,0.6336810264630576
row_029512,0.03728046190676394
row_003869,0.0726218920218533
row_031880,0.006270593028924958
row_013676,0.002769910628281585
row_045358,0.03139209188215136
row_005797,0.05224872059296498
row_044862,0.26499234989173953
row_038549,0.98734964009198
row_010109,0.26749183733343
row_012924,0.09504549845843735
row_002323,0.042799343697457755
row_028581,0.772844149262405
row_032540,0.2490563266778183
row_009431,0.02094078070179118
row_015539,0.006124985539476673
row_047365,0.017611247103467197
row_033179,0.4596459084612124
row_013703,0.03850134370312615
row_000097,0.09631785559561445
row_031605,0.045406200114087754
row_000656,0.29500853931135357
row_049166,0.0015174605260259454
row_012474,0.6352052525379054
row_030232,0.04725132759511091
row_021440,0.032899505799046554
row_015618,0.001252016132202659
row_034676,0.04398841121782936
row_029232,0.07698268916464196
row_002552,0.2864117309802279
row_046020,0.019844401148674286
row_007937,0.007908290912725144
row_022974,0.07986881544108877
row_006205,0.7789508059276601
row_048338,0.03770906386947411
row_024321,0.005140252830462553
row_017473,0.883434550313108
row_041362,0.009661571054057443
row_018825,0.03465271251346852
row_007369,0.20785943815585828
row_004110,0.0033148192186105278
row_022012,0.4001022919343845
row_007407,0.17398371026643158
row_017917,0.004628831396671994
row_034592,0.020281076636671933
row_045766,0.9371680412182324
row_022452,0.7458442746074566
row_045377,0.7266792662301333
row_049914,0.0814969055264496
row_006866,0.6065050442235114
row_031117,0.01023009261808141
row_031170,0.050294950824561896
row_034939,0.30499769770565666
row_012228,0.018025871059565095
row_040982,0.021191208440257334
row_005075,0.0025020636434992063
row_023026,0.005001723564504969
row_014966,0.001662207930628666
row_011324,0.004816415071267302
row_029819,0.020132678755632055
row_008282,0.9315765295025213
row_016463,0.09887278307345251
row_019366,0.05985351530037066
row_016175,0.0870123727224584
row_013116,0.8862956417609205
row_045528,0.002906023489166869
row_042890,0.6689724549917102
row_031929,0.01286235752825097
row_016975,0.01368619303062038
row_037047,0.07277367480915352
row_033729,0.023621995447370335
row_034324,0.012639240285005057
row_018769,0.12071142454921246
row_049208,0.024629861789085848
row_008365,0.0230474013985483
row_031263,0.08553884260179362
row_023503,0.13081467430820787
row_019402,0.01407104903787293
row_027050,0.0162520061162681
row_037171,0.04688381245433878
row_001162,0.028754324950708475
row_049429,0.10700154216103622
row_028817,0.19804808176666716
row_016023,0.03927378569924454
row_039987,0.42138320938451845
row_041247,0.12217055461552553
row_031102,0.001480518852933022
row_017517,0.012268671282921714
row_003999,0.019115159760080703
row_025609,0.01608386376269199
row_019360,0.011132402752448683
row_006885,0.9119603104969483
row_020626,0.005050514703761032
row_012011,0.7731993923893488
row_000502,0.02401604622432946
row_043597,0.1850382054345798
row_038628,0.014000620861987965
row_015000,0.03265762223884979
row_038863,0.0268557590029884
row_020091,0.019351198440898047
row_007045,0.015055069944332578
row_026401,0.31613888475196755
row_044114,0.05197203254148
row_015445,0.06659027601998843
row_008396,0.021684640449550978
row_039115,0.04681606614644332
row_021039,0.05665836744165693
row_018654,0.013851522400252158
row_023590,0.016062738826227295
row_036839,0.9833525896799329
row_049218,0.03148618501146183
row_026223,0.9471266070124565
row_012152,0.031451179989117437
row_027960,0.012251759134174697
row_001318,0.008874906270075327
row_047932,0.30632916746665045
row_045336,0.221071494183962
row_019206,0.009021859177785852
row_022880,0.030181221034066504
row_009615,0.005540802275309501
row_017287,0.03136502553018987
row_039462,0.014405639635031598
row_021823,0.08551426818919218
row_001322,0.005914549989393518
row_023631,0.7667013671166227
row_020304,0.03690938355913528
row_017300,0.010985590445861086
row_026437,0.008827224102492391
row_011857,0.03769655319072443
row_026380,0.1930735626921024
row_048190,0.06632028906831457
row_016243,0.023419771268971677
row_025691,0.12833442242251125
row_045395,0.04534199386680881
row_042183,0.025754785047889105
row_015267,0.015709460302555708
row_017370,0.0899451118049563
row_024225,0.13849439501710967
row_032832,0.9989150342449362
row_037919,0.008685259290576099
row_037215,0.39846909225653765
row_041006,0.08610709998366978
row_005113,0.03547700960685469
row_013359,0.002127598527017693
row_033700,0.566571848874366
row_008929,0.4504762273913515
row_026211,0.013303248024306078
row_035413,0.43432770776867724
row_026084,0.0045303148910802275
row_022592,0.08214960813724406
row_016532,0.4617599922203967
row_036371,0.027607761728077967
row_030262,0.02958959517134726
row_048799,0.07524614748034453
row_037319,0.15272469761636687
row_048511,0.06812381760479176
row_033664,0.0007374752481094398
row_008095,0.028592936639760383
row_049942,0.018853188193958054
row_010480,0.8394368589614783
row_011989,0.00572882351444619
row_025991,0.006776932002098338
row_028475,0.697719638990702
row_026621,0.4940438545290019
row_031734,0.00713171340095532
row_042182,0.02238488195378468
row_023775,0.9386709794530118
row_041490,0.01365659743641159
row_030289,0.6006019816874668
row_049270,0.21347561252701894
row_038757,0.003761027817033933
row_008188,0.009493764522075714
row_021646,0.04640641113531873
row_039953,0.007847382950427022
row_021963,0.10200160603872319
row_010395,0.6566565637358724
row_044690,0.07742940681645402
row_003488,0.015051011389125525
row_027107,0.02154545855262869
row_032770,0.08832451135650925
row_016362,0.006869599029248231
row_003086,0.23170072179479315
row_005437,0.19971118406915514
row_045335,0.0833367606230779
row_040367,0.020295003940541036
row_030393,0.9128160442674238
row_044661,0.005760456474377834
row_046891,0.8510547256958768
row_022869,0.02530904752073962
row_033499,0.01366416112749334
row_008264,0.013697617357445426
row_005108,0.17469387554335472
row_004162,0.0021088285807694717
row_042605,0.9918513277688572
row_034785,0.06099688109042076
row_040008,0.0039975454271274
row_009162,0.008899445516468908
row_025824,0.12352134468884407
row_021972,0.7156719597149456
row_013882,0.004706668782568455
row_024326,0.05108050005041217
row_036513,0.052964583127585174
row_049995,0.8140280992392156
row_009146,0.7853069846454679
row_000927,0.051733666187439256
row_001017,0.005863047816200029
row_002936,0.9912207300973933
row_049113,0.318637364432354
row_010498,0.039776129803905526
row_012302,0.006582809321859911
row_015813,0.0030639706278882493
row_020462,0.001954660615340665
row_031259,0.20758566396654082
row_042068,0.009145732601766965
row_001422,0.3712084026690974
row_035258,0.01467448994280817
row_038723,0.002636243152069829
row_006023,0.011610945895129055
row_020279,0.0103548826351438
row_031964,0.023049908245621885
row_037574,0.03554713280353714
row_017434,0.07236903520375591
row_019562,0.05185577142619584
row_022191,0.024096353028954992
row_001787,0.6583746587156089
row_047469,0.2373359873669176
row_021408,0.041061582940727454
row_019983,0.26294581433121134
row_044766,0.009832115342024628
row_043012,0.014384260180254328
row_005754,0.019251672329783434
row_023581,0.003374886630966573
row_047464,0.04088025656308745
row_046741,0.015999926003442855
row_001578,0.0006687532410004251
row_024645,0.03690020810033484
row_011507,0.03507289998811061
row_044110,0.05252866319912184
row_017490,0.0101862283470293
row_004282,0.04621034574501261
row_027898,0.0047186029838863705
row_004004,0.09250145546297432
row_043396,0.05742319694068529
row_028395,0.2899913642415785
row_032915,0.026614412248219928
row_013633,0.03050030658809528
row_037976,0.09011471451093972
row_016115,0.7629849799404148
row_004541,0.01774992696983913
row_001667,0.036467305582478626
row_021330,0.2002111807907875
row_020484,0.11563698442274528
row_044319,0.12430021168989963
row_027862,0.007276982826504106
row_041024,0.0019869036128768226
row_042227,0.019212266655510468
row_025071,0.015023441787598827
row_007846,0.7152151100085355
row_048371,0.14680876919724392
row_013907,0.1239666263493303
row_001128,0.017009086338526953
row_004354,0.19975088652173031
row_026251,0.006427601659855637
row_045544,0.05283100187028303
row_002637,0.1728908129059176
row_029567,0.3558110537496351
row_008016,0.07849366314890643
row_021082,0.04848408012155129
row_042836,0.44234942896397683
row_025676,0.04171716222825257
row_011548,0.002192142223173654
row_037279,0.06858143858447528
row_011818,0.016496845877584494
row_049310,0.016949516273713768
row_000510,0.33612708429764043
row_004788,0.004453714049916083
row_002827,0.06238586106333912
row_013694,0.03625814485747379
row_024744,0.9552505357683377
row_018736,0.032210626714377015
row_009796,0.004672059162885932
row_034247,0.17789716367601838
row_039254,0.007765632893695714
row_031874,0.0878153375318143
row_003432,0.005014661014942963
row_023023,0.036049316577120544
row_002183,0.9412896061962637
row_015753,0.011913177856323058
row_048473,0.004042362629169775
row_009463,0.0042458288532211145
row_009499,0.02593919528716633
row_016238,0.02714757627187236
row_035791,0.44032723127074175
row_017109,0.06818719845332435
row_010162,0.003914793117756089
row_006641,0.020768217925266435
row_032793,0.04143098738685978
row_039542,0.6736018935680023
row_042161,0.01943713848601627
row_010910,0.05613186798452434
row_002206,0.015887222085963583
row_042901,0.2976461741654007
row_005831,0.012410126171697546
row_002918,0.02829491198887285
row_002917,0.39287784976016304
row_046079,0.07567499154902828
row_028037,0.24746743832414259
row_008899,0.9586611862981053
row_003990,0.03499337768611706
row_005354,0.09891318092848457
row_000422,0.02376510898475249
row_031773,0.009533377347690773
row_033334,0.026378904984898244
row_048615,0.03286136877390546
row_035048,0.00806917982938813
row_047832,0.26726296610473466
row_012110,0.023170460295073227
row_048964,0.0053524599272917785
row_023735,0.40701895226467055
row_033392,0.34621773964569386
row_043401,0.5451171508403883
row_041456,0.03651461161822392
row_025212,0.005840777090205553
row_023828,0.022153788562240095
row_034135,0.09322771960457428
row_027334,0.007837738502952284
row_047406,0.023521175778221434
row_033534,0.2824406066874445
row_020876,0.76843280984807
row_030096,0.6823349038941716
row_008505,0.02282785870101558
row_012441,0.16973335568444534
row_029743,0.3233412146629527
row_003456,0.024593634594435573
row_029707,0.08012409493998451
row_033318,0.011683196723246615
row_038311,0.004043733470417936
row_001266,0.9851951392118115
row_043038,0.017585062296752094
row_019681,0.18127059288263658
row_046890,0.01358848429591182
row_009900,0.34051383524326434
row_040431,0.0225628204739357
row_019797,0.016760824024308233
row_008979,0.0010227889592319154
row_041859,0.0121507909099784
row_037000,0.022739836461142332
row_034439,0.5012007782705384
row_014730,0.3434702424037986
row_022330,0.05992003413990947
row_024574,0.06055521891695853
row_004408,0.0041737992716826084
row_031632,0.2643623547963152
row_030052,0.8105612198155057
row_028482,0.010748168882811653
row_002272,0.23541126410020494
row_027652,0.9009942731093005
row_048335,0.12806064153122448
row_018941,0.09342188961495893
row_017918,0.31185512206947164
row_042304,0.008227412260602794
row_022175,0.33667918489386894
row_041581,0.020424151864792975
row_030733,0.009605899675962875
row_023860,0.24786364119933427
row_023054,0.009721098088975672
row_013765,0.010548548202893327
row_041036,0.010298975957570965
row_033512,0.059058106622713505
row_001933,0.011826229988607655
row_012849,0.2648278277001197
row_047707,0.08600239746108816
row_030208,0.029418807459119983
row_030660,0.503993546753787
row_028851,0.033036960753937646
row_006240,0.038909655587103756
row_014798,0.026711420612780055
row_002518,0.6347870349523167
row_046503,0.6107250560944417
row_009286,0.4597879053773678
row_011854,0.011496207465753545
row_032114,0.48533798509500486
row_027849,0.1889234015261129
row_001401,0.022256032971316862
row_007136,0.00857258920986933
row_008090,0.09497578134355109
row_020847,0.07039650622242355
row_010577,0.08760099460023568
row_006050,0.24546078833774898
row_032018,0.010392870562156589
row_000306,0.4681852164473849
row_028610,0.003346026842435354
row_000637,0.007725030686712894
row_027923,0.005506977425243956
row_029556,0.0011270105251548106
row_005844,0.49470774488193026
row_017896,0.6748615242764487
row_022527,0.0624197020072458
row_026148,0.015597304384459052
row_027738,0.37124123435475587
row_031335,0.21347195113204542
row_012500,0.2622404547426257
row_019819,0.007353849042399255
row_012034,0.019814184455226612
row_021380,0.7709106607710561
row_022481,0.018228927194229597
row_046232,0.007852237152427378
row_035805,0.009820352063307222
row_041656,0.18407225540000047
row_015068,0.01501197552926812
row_025550,0.17849264800326925
row_017033,0.19584890139758399
row_038583,0.9615699704886769
row_003196,0.007399905309561094
row_041452,0.03140157671763298
row_008827,0.01081144857713216
row_001333,0.28704927156747445
row_008846,0.45137433877443756
row_024039,0.0055014329082239775
row_007303,0.0005688774741593259
row_016767,0.502991293205671
row_038455,0.01531322505802999
row_037672,0.0066367183091884455
row_032654,0.8663695546431394
row_036427,0.02026401584750573
row_040337,0.2158450426776703
row_031618,0.014895158882488038
row_042638,0.00457895231292715
row_036922,0.1267302216447721
row_024584,0.6460011016038812
row_043525,0.008861924661294165
row_028167,0.018941072268442785
row_013407,0.1285260478112349
row_032003,0.21999225086602653
row_008437,0.017237663470021144
row_038669,0.10324711987537356
row_002916,0.4757269552339735
row_020464,0.020627959395693136
row_028396,0.03859724630459352
row_041414,0.1945758494950135
row_007538,0.013265046129924324
row_003181,0.005945667818638003
row_030762,0.007060121769203344
row_012760,0.008230621840309617
row_035905,0.039364522834023606
row_031867,0.002010416748193196
row_004468,0.004398496851597938
row_038056,0.002385102135352067
row_047547,0.045031863433078474
row_047430,0.0433816939546143
row_049659,0.032508668605931254
row_027704,0.003870099103103925
row_009987,0.24484539741894173
row_047700,0.004733597357113955
row_024076,0.11248791904569787
row_019748,0.008724623652319137
row_040252,0.029363860802867292
row_046804,0.3646014012130224
row_046633,0.04308795546395924
row_029508,0.030853026090863468
row_020549,0.24656461631946688
row_047703,0.025938743923912166
row_007382,0.010616791362943096
row_028463,0.17405190994912662
row_001350,0.003658259575898876
row_015684,0.2620068235319561
row_041284,0.005092572447553474
row_039093,0.01588161008663441
row_008914,0.01047118086988228
row_001659,0.3762624307189677
row_037920,0.001988530349214926
row_021304,0.010263460319052242
row_034366,0.019538011170582396
row_044274,0.03702796067175397
row_035456,0.08085451977329834
row_005553,0.10966186085459562
row_016801,0.41815029708142276
row_017282,0.0052887434479376135
row_036342,0.016754706928251657
row_043134,0.18321933925276024
row_005164,0.4676136278537459
row_013140,0.9828497794448685
row_020095,0.003468335151587035
row_035008,0.5001075493342513
row_040586,0.1310560945542039
row_028021,0.3597518744957744
row_022226,0.010762867799077641
row_034502,0.07823515036354546
row_036038,0.002826182447149494
row_013385,0.02296063219249941
row_038439,0.1450894902704853
row_017518,0.005381899520450945
row_042357,0.016257442519358137
row_022842,0.005948892317507091
row_023734,0.14131775781879125
row_028164,0.008628972319369786
row_045030,0.10013030979324461
row_017649,0.580343927561339
row_036578,0.03132914967321355
row_040972,0.006798544090625101
row_004779,0.007739593357380784
row_007606,0.024602824274516488
row_035938,0.7532825255912128
row_019118,0.06723624019371707
row_014448,0.5145081581849984
row_004415,0.2699816864023254
row_045682,0.12749351336493683
row_037355,0.04133834949555518
row_024959,0.9770651932861727
row_015629,0.3105139476299465
row_043027,0.17572941497899
row_015005,0.7864599657825349
row_029498,0.027654967698477473
row_036220,0.027399007639375392
row_018754,0.0412049711924846
row_026355,0.07913748823295245
row_007485,0.044951448616618275
row_043325,0.07179979091941667
row_030440,0.00932891376211129
row_038538,0.8612789539210569
row_002533,0.09161913741938381
row_046107,0.5761213908470275
row_020265,0.005358447190916933
row_020072,0.015270888668408582
row_044918,0.01039281088882249
row_044991,0.2334501655162805
row_032774,0.8694331812313493
row_022496,0.28191617407021974
row_007904,0.18463467042551912
row_008477,0.02657752087663211
row_039889,0.01163512239481206
row_002454,0.7759825375873071
row_045515,0.009392138607948878
row_040864,0.026918156240285655
row_014115,0.05308557404077591
row_035077,0.14545450970548726
row_007587,0.08300045429137728
row_017647,0.25952702643607506
row_037881,0.1086063908709998
row_026962,0.10168173268339745
row_014009,0.0059363324534385765
row_025457,0.6959739194435189
row_037671,0.006965718868664048
row_025067,0.9131255383214224
row_017019,0.0868990248297821
row_029465,0.0018174801213043548
row_030199,0.26734459247537334
row_041407,0.0023975295791750437
row_023804,0.006625368093303302
row_026227,0.01469681186104755
row_041651,0.0437430205599222
row_040610,0.9424874595784353
row_047419,0.039158352621707665
row_023405,0.06089669380866265
row_012961,0.04431965145090524
row_040501,0.030800153615554732
row_000391,0.8897344145557383
row_030688,0.005937314901712317
row_043670,0.4359347587283339
row_045587,0.8318772480744812
row_047322,0.5230779922366782
row_030296,0.025861527993231957
row_030892,0.967319436753086
row_029569,0.019177835014284442
row_028923,0.08748181980880375
row_030978,0.02919670546721409
row_034877,0.004850629947579463
row_018713,0.09404112301090942
row_003913,0.36646262124039364
row_013550,0.8167413586920984
row_022764,0.01339105232627402
row_047821,0.09764493866782381
row_009775,0.0530165234915947
row_030540,0.0020982128184276953
row_027360,0.01574739547393638
row_009907,0.027188983538601087
row_021546,0.01889101748161026
row_027588,0.03175180088114296
row_039044,0.9682374682148679
row_049821,0.004610368314088818
row_022926,0.03129574794481703
row_022421,0.7057663439236412
row_046404,0.0047099906554244845
row_035123,0.0020898990905934317
row_006409,0.021426211685608876
row_012964,0.05084312010774838
row_023973,0.9526094416251403
row_003719,0.011444514793151637
row_002134,0.039268338690856504
row_007534,0.04544784525695605
row_025532,0.024194990843828104
row_012837,0.9398010751203126
row_025252,0.02999822903462751
row_014591,0.28573706889224415
row_026750,0.0015968250244853348
row_012213,0.7013540155691422
row_016221,0.024726032251113392
row_013226,0.003878819467572882
row_024783,0.36648156834025003
row_022249,0.007551881832940043
row_005360,0.22724740723234702
row_036244,0.08010258579960508
row_046161,0.8822810848964261
row_006112,0.10217064387318149
row_023217,0.002058670443773976
row_039393,0.01545804215455112
row_036621,0.02950444039771297
row_044447,0.07952723208474557
row_048607,0.004422540727743748
row_014391,0.3406070052985352
row_002606,0.011053104311100612
row_043346,0.008867118098773219
row_020245,0.10560431031509958
row_036712,0.19405865309595188
row_021859,0.007942793949770176
row_045797,0.003713477975372936
row_034903,0.007663473634508703
row_006058,0.678401316806593
row_015849,0.010269696491902224
row_044166,0.331553124915196
row_035491,0.006905383961077384
row_034992,0.010492194888519709
row_008601,0.021542412439035583
row_034911,0.012996424765155485
row_001741,0.03937851782213177
row_014584,0.008520414607475529
row_009275,0.003829424961357907
row_005786,0.023782732070512163
row_001376,0.0023515994248451827
row_015003,0.06788257638671358
row_003517,0.032054763417908076
row_047930,0.00600819688452234
row_040451,0.10680534733711142
row_002249,0.2647133170543413
row_025089,0.9062166780150972
row_038834,0.7395803054768244
row_020939,0.019890651228302164
row_018430,0.04835645295194002
row_016953,0.013210004439625436
row_035993,0.0035479085658275894
row_021574,0.013395939746881587
row_025000,0.027105999339776428
row_039972,0.004520611403662353
row_044856,0.2514568286473761
row_022919,0.13521552398770914
row_022510,0.13726067085291643
row_012540,0.04489011023695689
row_031402,0.005609971267746462
row_022568,0.007849321946339794
row_017382,0.011274301852853703
row_009711,0.9225851469131547
row_040576,0.018725964937411545
row_031131,0.1606554508355541
row_013296,0.003364790385954008
row_017279,0.25469775766748726
row_038162,0.04299353951227588
row_037391,0.009127373332630653
row_032890,0.010501899496864683
row_044123,0.21021945249907795
row_046641,0.972478493710655
row_010044,0.06065124618202396
row_016873,0.4344730354542744
row_026975,0.015807393772276294
row_026888,0.037617620802039675
row_002724,0.24986337754263413
row_013197,0.02800385267544451
row_005276,0.14242365169311014
row_031419,0.06560388244201318
row_006416,0.03155404290768056
row_012885,0.12923293280657003
row_030058,0.027294260492279378
row_021029,0.050419456406525134
row_025133,0.9135902998871054
row_023267,0.5409012340267139
row_006809,0.6121973456763308
row_037660,0.07018174132212793
row_009813,0.001579050378165236
row_007471,0.011408421166274305
row_002339,0.006738475561555631
row_014403,0.3486760518252287
row_038516,0.03954533757421938
row_021031,0.012470263702930272
row_006422,0.3711349163886519
row_035516,0.00531991157549279
row_016888,0.03550770674552111
row_016752,0.3456580779032577
row_024748,0.01836435424282494
row_033131,0.01289402573669907
row_001341,0.013244032100763145
row_034387,0.5847154242034608
row_026838,0.0100591493049869
row_007888,0.10786563579954753
row_020438,0.032241172690501224
row_046259,0.05551199415199666
row_045657,0.09974674035412898
row_008224,0.009115403197058801
row_020128,0.008622496721357918
row_037297,0.007030696173629663
row_040733,0.0012807083972288722
row_018015,0.6954357840301213
row_038501,0.020602577493823517
row_007682,0.12939330236855417
row_028461,0.001412010643703676
row_032582,0.010694818195593363
row_042499,0.00605354092284819
row_023039,0.48795268194848024
row_048454,0.0071414079251713725
row_015400,0.006729927108854926
row_012102,0.00801858910807113
row_039432,0.001363865810276035
row_045184,0.011230921015074995
row_043077,0.44114580241384527
row_024251,0.022202225623925344
row_017641,0.14191680736121495
row_009421,0.014554120528850871
row_030026,0.009400150237617902
row_029282,0.19058707380814302
row_033428,0.39460954253213
row_045366,0.6658392876679924
row_049025,0.9956851230901538
row_007109,0.023355740035889187
row_025856,0.00523498334728595
row_019052,0.030927969901755
row_044735,0.004015075872548263
row_008675,0.046363794549766246
row_022876,0.7306976601743078
row_014360,0.4558179578885699
row_012442,0.17238407844706505
row_012799,0.3415481170764628
row_031360,0.028493352490378564
row_017562,0.08349939422937741
row_024472,0.03283096981950941
row_015979,0.0026620007540629253
row_004143,0.002267467837099076
row_044094,0.36486132550107325
row_017836,0.0281837315237945
row_043758,0.10447781581158394
row_020993,0.4614788948471806
row_007691,0.9891672931383487
row_038846,0.033894212496025825
row_018346,0.3656116587050002
row_038906,0.12021881031031298
row_011773,0.022651520486148387
row_011186,0.014518985855967266
row_022412,0.0068684699541050765
row_034725,0.16494540325851398
row_009692,0.903984539351542
row_016951,0.7326637214734527
row_025912,0.0051934558821977155
row_027844,0.004602353417214237
row_028543,0.03971031809485635
row_005875,0.01876386149794554
row_008694,0.00994826559781481
row_044593,0.009335836327393966
row_004205,0.4528563115875745
row_035106,0.42935433781185467
row_018678,0.34191676093313667
row_017307,0.046986589690645335
row_021467,0.1490552102252949
row_019386,0.04880636860341374
row_044981,0.37461806238121964
row_036379,0.030134173582360504
row_040939,0.007056168768179452
row_043630,0.8028488107010006
row_037898,0.02585155756498171
row_039496,0.09432898512440467
row_010501,0.9960128353355133
row_016669,0.015204507579137848
row_021105,0.11737147867772332
row_034286,0.8503769086214841
row_027622,0.12551546699068158
row_017895,0.07528327023014195
row_026562,0.005867943184098692
row_039116,0.3447434131984315
row_038216,0.027167346705029682
row_010015,0.1312646882109914
row_044186,0.856589779866641
row_027718,0.016135722420959068
row_042065,0.01083757551545131
row_041231,0.013684710277823055
row_014269,0.0058433880112033175
row_009404,0.26365262785606386
row_040907,0.005198674024890233
row_009019,0.06658817696437573
row_001260,0.581807430889622
row_018379,0.4256525590368266
row_031574,0.026877871926388228
row_003480,0.4181560003522651
row_018072,0.0029904529864657778
row_028873,0.014153449248126778
row_030285,0.15833889078908855
row_037863,0.07095161409599265
row_003838,0.08185501592467376
row_034975,0.07989162683753254
row_012150,0.9054318584225411
row_013793,0.018553349454439462
row_016022,0.28940794689964283
row_011460,0.004525109381758713
row_021282,0.11133352302388372
row_005272,0.01141542337430168
row_006045,0.013963910514922656
row_034749,0.08781322022743221
row_030237,0.24685867832100278
row_023605,0.0273693750497334
row_049859,0.9988165332960388
row_023879,0.010680532779515205
row_010002,0.3009607222536262
row_019117,0.045078418782447865
row_047206,0.2477782297734172
row_015073,0.21780834181418413
row_019948,0.11583465287722537
row_033094,0.0013064060118774365
row_002244,0.018903175460493336
row_017333,0.031670313314264245
row_010096,0.7511200536681912
row_004758,0.03799647195030238
row_007292,0.048404861544556636
row_027801,0.010469587470128414
row_045697,0.11915524142346341
row_000933,0.0064735876115364945
row_009917,0.05806299962993825
row_022241,0.005938883791078528
row_002088,0.08285589644054044
row_046192,0.0035426914817058767
row_042518,0.009683865702079951
row_012094,0.055876752392288676
row_021357,0.00968062214378863
row_015415,0.00924514297474945
row_004685,0.10255211895260494
row_037761,0.6438678963566876
row_018100,0.01852371580536731
row_048253,0.023613365555766756
row_031042,0.15419308090372175
row_048550,0.04187645221810396
row_039451,0.020453033345069472
row_016149,0.03903318556382741
row_013725,0.011881204930809602
row_044701,0.019711286739051558
row_033776,0.03816720715737133
row_006189,0.0034607725675679943
row_017597,0.1109373891803492
row_018731,0.004089996092391333
row_033111,0.04551134492725878
row_048913,0.017227741130500608
row_030722,0.008482110328298287
row_004230,0.0036187345603234684
row_005358,0.05682712908164724
row_030937,0.18396243821214955
row_047319,0.058558110862231665
row_015998,0.037133682268864
row_002977,0.137099703172451
row_039677,0.004276128550826121
row_021479,0.006402639611266606
row_043650,0.025012447809644966
row_011313,0.3557895854447838
row_044408,0.0015856696049539318
row_024742,0.40575117668156757
row_006083,0.05470196931234435
row_003975,0.029350237258654724
row_022334,0.10683445116504829
row_047861,0.024628135933431307
row_033905,0.012770790697161047
row_011482,0.021193974494782542
row_004884,0.9244386386348938
row_032788,0.12199034657519651
row_044833,0.5198940511487137
row_049627,0.007131617748616744
row_004203,0.13457083332830086
row_024417,0.03190459912921575
row_004060,0.04611924831680227
row_034118,0.006967554588362824
row_025990,0.02912999358571282
row_011236,0.17843866550479445
row_005261,0.0030864722061167914
row_034600,0.06280370553783089
row_029176,0.07583365813387007
row_010628,0.6551806054007009
row_005231,0.011509275058375542
row_039545,0.024670657889987707
row_018727,0.8205273893544544
row_018516,0.7002173904687694
row_001412,0.009183743362251693
row_044639,0.0061442308508583435
row_032103,0.08294835049516416
row_041664,0.6228123314991312
row_023657,0.04163740311890166
row_020441,0.2650505744637312
row_016994,0.022435003482034997
row_004610,0.04413368768004633
row_029218,0.19592956546480128
row_009518,0.9565761402678639
row_027985,0.014115478862441976
row_017992,0.051756778346934
row_049093,0.006850000945243302
row_048943,0.0059577020623630145
row_010032,0.0071899764334365105
row_017636,0.9696007159421399
row_022790,0.2574390569679205
row_022932,0.007435264202620077
row_044916,0.06306486818099077
row_038341,0.006604270736576616
row_003809,0.014561396022721381
row_016616,0.01784075536092981
row_031609,0.012840497327450892
row_002220,0.034129191279257065
row_016191,0.1443405878785667
row_043882,0.19011656839720872
row_038836,0.081686186998816
row_024179,0.04887420295916067
row_017792,0.07382307401331749
row_038347,0.8253998536356741
row_037324,0.056300020440966714
row_038291,0.04684186779612374
row_007138,0.019028900135530456
row_043611,0.002365386460767417
row_040323,0.08650578927710226
row_019522,0.03854625162579407
row_039188,0.045197502025314445
row_016617,0.004375952485247787
row_022502,0.15160835813521878
row_028778,0.0022211715387649043
row_043089,0.017059184491945344
row_038970,0.009257892867833838
row_018939,0.016821203491814048
row_015710,0.582270468764274
row_036518,0.49775105253266394
row_045023,0.16226112679433824
row_030330,0.025390361634698936
row_042716,0.007691730074151168
row_037177,0.0192236167161628
row_002489,0.006997546535744505
row_043522,0.23236193032648536
row_015603,0.6705357871558039
row_022303,0.21802630810856238
row_039157,0.02436193120466639
row_010783,0.03990357528236242
row_047814,0.039989557845002424
row_040406,0.43429203437283836
row_035760,0.9881218236514603
row_004423,0.0032601958880126734
row_035036,0.013463703375555358
row_037128,0.014745970921223376
row_038696,0.2606877699990836
row_009083,0.0898573932128989
row_014878,0.011029464794800195
row_040239,0.015834396765241673
row_035608,0.09893665277223727
row_017863,0.010280689965455524
row_038898,0.3395123183185401
row_016170,0.017648143117676166
row_033731,0.03822450737160958
row_001268,0.6098441391744795
row_026923,0.010364732869973727
row_033221,0.03635227989793083
row_008195,0.008471527917006803
row_021183,0.002743341905945577
row_002984,0.04795722305637316
row_009363,0.012312003884398605
row_005196,0.008858682698601041
row_010924,0.001799042261069358
row_049213,0.010859166673041674
row_003246,0.0021186933940078485
row_032674,0.013272465073253577
row_003325,0.02466437275261004
row_036495,0.0020250432190203386
row_035019,0.00566474957622325
row_036509,0.07114938052865791
row_017627,0.06993899832780386
row_013806,0.020284038663266238
row_036739,0.010173882326412885
row_007599,0.0018656986390413201
row_045117,0.09260613283951616
row_010416,0.006978678026097827
row_035488,0.016520329007445735
row_012366,0.01059407252281825
row_000541,0.01339714682040069
row_042389,0.03985887528739653
row_045486,0.8214338707733916
row_027908,0.015174547104653565
row_028295,0.13168322371472432
row_047484,0.018120506647318298
row_048126,0.033791444780682994
row_018245,0.011246839782554634
row_011024,0.9141651410739493
row_031325,0.17036522394156456
row_015759,0.00807402378689955
row_005290,0.906353255149537
row_005712,0.0008064021815603576
row_020960,0.042638662667709396
row_029309,0.043863270832001464
row_034955,0.17153040701465366
row_028439,0.9932610240371151
row_022508,0.01223944659591442
row_008937,0.019229609236895602
row_016794,0.00808894616688489
row_005372,0.0033566912938160385
row_048167,0.022736338302827532
row_010218,0.12849999592021366
row_017281,0.14984729114025694
row_032429,0.9393733922349833
row_026761,0.2169659813591281
row_014053,0.004646823156470484
row_025064,0.0692262545413705
row_018455,0.005581346521311817
row_022285,0.43330077667634814
row_006762,0.26336661788088644
row_024475,0.21519680736557478
row_026109,0.012238916478887897
row_002968,0.06312943574754261
row_022900,0.021749244167350246
row_036523,0.7512520144756533
row_002093,0.029340319746949974
row_010788,0.004448082015203292
row_038695,0.007176312760711047
row_015663,0.054710785800548264
row_018692,0.01268717725536661
row_023355,0.08564432128989237
row_046287,0.74420645139691
row_024739,0.0018631942648330978
row_036350,0.002153178665109115
row_015925,0.04895243490836583
row_049984,0.061429568285072705
row_022935,0.008062553804408975
row_009438,0.5768930741310192
row_040612,0.010079028695027397
row_042223,0.05368809182168485
row_047527,0.02313054681973366
row_027243,0.032946266420400466
row_038617,0.10907157837232462
row_023698,0.06922210716596591
row_013955,0.5433194452412298
row_016220,0.5265970012654675
row_045968,0.13282474106118525
row_006746,0.026189443922782267
row_013091,0.06403568612842683
row_044093,0.9595733658364396
row_042055,0.06255066842877673
row_002030,0.04562931376348792
row_004145,0.059330569029877114
row_008465,0.039586493059278666
row_028632,0.9632463719142298
row_021319,0.0536508860650372
row_029668,0.08285418829090785
row_023479,0.0025345000905572608
row_034735,0.2904584445527791
row_022634,0.2754697198602556
row_012318,0.039179182204551785
row_047268,0.0032128490329561277
row_029446,0.05904972910292279
row_029343,0.04558225283845666
row_013774,0.560547347048818
row_020923,0.0024125674729727903
row_012248,0.09636625815286388
row_018955,0.031744497429133565
row_027064,0.01093705455687288
row_043588,0.012796959650964425
row_013602,0.041264036738047585
row_026278,0.06748359941284358
row_018380,0.1034342436744935
row_027795,0.26785793402875746
row_030504,0.03258882007319594
row_003693,0.08388339458954899
row_028992,0.006705152982786268
row_011061,0.09247163564043834
row_048708,0.0035716037817667672
row_035468,0.5412247993365971
row_027541,0.03826902944068132
row_001942,0.030667452160916264
row_026360,0.0530666008332176
row_034910,0.0691691580511171
row_021791,0.5109783947904214
row_021943,0.018246695291864824
row_023206,0.6973685074557344
row_038440,0.04002858406349399
row_018055,0.009852527592493946
row_008596,0.049127865528770076
row_024583,0.010254880757549852
row_004320,0.01608615480132188
row_015848,0.003743317677265586
row_036112,0.01472711283732701
row_043302,0.20786658215707945
row_026039,0.5365108562920536
row_005373,0.6016876691171784
row_018396,0.9250742204101686
row_042837,0.9209374347123211
row_039442,0.7505498189709837
row_005363,0.02243339279608266
row_035004,0.4435523156892368
row_001313,0.9802957759816063
row_000658,0.002796671373281865
row_041503,0.09015755698774967
row_007377,0.011948081490704695
row_008449,0.014140210427506992
row_012746,0.06105835527967138
row_028353,0.9313116057961717
row_039354,0.001357660476973357
row_025213,0.006014728241340516
row_020588,0.007611540393208111
row_036913,0.43380038128919013
row_025140,0.2453395320151711
row_014261,0.15251202338029662
row_029683,0.03440880087627294
row_047062,0.02377744233434444
row_043464,0.016346730669016908
row_016183,0.02095159525845971
row_021174,0.004804097105953494
row_032218,0.09661156869284834
row_017369,0.5133640437466833
row_005599,0.74792743417783
row_044509,0.6932032102844586
row_004249,0.0018719984492629967
row_022959,0.03315991594180366
row_035409,0.004854461811869324
row_035962,0.012221391737300896
row_030177,0.011633279477946491
row_031343,0.00673996161284339
row_016556,0.007960834400986723
row_009512,0.6468327808606927
row_005442,0.006934599058013019
row_035265,0.011896378196324647
row_030111,0.9386886497716663
row_032478,0.1453078480739846
row_036199,0.06962790829068621
row_023395,0.010387729875980505
row_035333,0.016134898515507222
row_040385,0.2988660184416132
row_000543,0.20340264435095634
row_012362,0.021515769082617844
row_023749,0.2592661189887411
row_042446,0.014332934234735781
row_018373,0.18149576206291318
row_039126,0.007948052716286904
row_005517,0.27199233484781127
row_032590,0.006686994627236098
row_042054,0.9283365062819464
row_002773,0.38704065032111146
row_038166,0.011177573925978825
row_023476,0.3639723259535286
row_040777,0.17445194730257257
row_023628,0.004083275877397878
row_033237,0.0058220014233916545
row_029141,0.001099998760533882
row_024971,0.5554637544374592
row_041019,0.006624003329429371
row_047566,0.7172076438002039
row_038639,0.025720509094473067
row_008109,0.004040116850610879
row_025916,0.028972425799547754
row_031982,0.1957874576972273
row_048734,0.06934956273731849
row_018259,0.0036486096613838797
row_002126,0.08096107203486894
row_020913,0.08115510892783276
row_024057,0.003422716670274265
row_037786,0.6520117055791892
row_044010,0.005734513432302342
row_008538,0.020721014616994944
row_035655,0.280014098494358
row_010958,0.9827270107791763
row_024487,0.6087938718520265
row_023696,0.34761475166292854
row_036247,0.12453382272892541
row_015406,0.17933338191831963
row_027672,0.007217928141213298
row_023595,0.25851462117976753
row_039205,0.0021434654575650234
row_046834,0.2803656575792192
row_002599,0.05556416364417211
row_004548,0.010798215115589496
row_003523,0.011087281445653586
row_014232,0.009059219301515722
row_018374,0.045392188619103435
row_004243,0.23300556456144297
row_028210,0.7435609237830467
row_032940,0.35519970226317904
row_022469,0.15252772840875053
row_019934,0.040102491950906316
row_028383,0.13392734973535714
row_021805,0.23062177861256078
row_042864,0.7939246381270895
row_029457,0.10581205746513202
row_003820,0.5353932124126061
row_022977,0.0009091313955607508
row_037525,0.0006661639095533131
row_014456,0.2676404787131251
row_008486,0.02130464446961107
row_042576,0.0017592378291090998
row_035315,0.2372127909047736
row_026635,0.04266981748407459
row_040376,0.00470813704227881
row_022348,0.5169078844815002
row_015115,0.01570586148416623
row_022057,0.3618818545912979
row_016070,0.46347226188831436
row_016276,0.06176140209156453
row_028624,0.30573831175036453
row_030319,0.08813449498995235
row_011844,0.45496060761421814
row_012305,0.1057527594869413
row_023716,0.008212826419459049
row_014739,0.6432894331557855
row_034739,0.9598344301777109
row_036243,0.032103439835975064
row_003889,0.5073182604762331
row_027606,0.0056203520725503385
row_033484,0.014426362009757413
row_004411,0.07462083032227358
row_048019,0.025188368225832723
row_021914,0.00426013178936968
row_030273,0.019092570716415607
row_015489,0.11289016790019543
row_012452,0.021855885868959313
row_040375,0.06423021510374982
row_036226,0.12174753741914962
row_003484,0.03842003087643521
row_003491,0.005387411875842998
row_006259,0.04903542243893282
row_036774,0.3242484241607014
row_026903,0.17677531409586228
row_003839,0.016713407968855874
row_044205,0.07734660051085147
row_033176,0.0085306983067005
row_000793,0.0036076177265297405
row_032345,0.04360890567649875
row_033707,0.00609685622524367
row_017921,0.004580894168565226
row_026430,0.7037117134798033
row_044955,0.02072750416303349
row_004092,0.16268404776112155
row_044879,0.05172397888093574
row_038893,0.08849147835614256
row_041803,0.027620439588417207
row_044847,0.01591518149827534
row_008123,0.26795923210954403
row_019124,0.014932711828714012
row_035973,0.22444446128459755
row_035642,0.04658750787844966
row_015700,0.08857877678163836
row_047107,0.022362865521468864
row_040388,0.0923575340318855
row_049588,0.1289711316821093
row_008013,0.0016473811194537217
row_009539,0.011072860934451728
row_013442,0.6119733941616262
row_031810,0.006854510820079554
row_023796,0.014582620247461278
row_041206,0.89463517859284
row_049269,0.006311731074218138
row_023416,0.4556955179388245
row_040190,0.007112318949156247
row_014187,0.22265805533255584
row_044891,0.010130392328259456
row_035713,0.014794410764088198
row_023261,0.026083508070544548
row_003786,0.1393162990859441
row_022529,0.011209543004935199
row_030740,0.33570353709973133
row_046751,0.2928489810245204
row_031832,0.2373285945543107
row_005881,0.011789163451217291
row_005323,0.2943602541434032
row_033549,0.18610280564331705
row_042351,0.006150835237806204
row_013080,0.021153672647531173
row_040602,0.08379218138912543
row_029971,0.001730694679112638
row_021194,0.4981626684595448
row_034326,0.23811186337200274
row_034797,0.00993300439597971
row_022747,0.9249801695952647
row_045438,0.4564500737885613
row_009714,0.34273387678548994
row_040224,0.0008219308926849749
row_028049,0.018273931967832904
row_046774,0.0745927272393942
row_003699,0.007635583933301847
row_039412,0.05409487458197745
row_000725,0.10364539374314904
row_042800,0.0804074363783795
row_025984,0.9849272426647764
row_045197,0.03281435151086103
row_034167,0.005861383921562567
row_043776,0.005425366225640074
row_024129,0.010033866822949477
row_030303,0.004413932426806679
row_043131,0.004021545653591835
row_043584,0.06628072461938372
row_033563,0.040973703805864944
row_016010,0.19212321629393037
row_020571,0.02055206220000637
row_028284,0.0059902125640921644
row_026285,0.008894042010048939
row_002266,0.004158037537137467
row_032072,0.15280435620667032
row_009834,0.026091592178969916
row_028435,0.06769436344553281
row_027174,0.7899040643854696
row_039232,0.011597252469787182
row_012725,0.016371669638046323
row_031825,0.023131923951624864
row_024149,0.16898796484637738
row_013301,0.18304416742087037
row_011027,0.199228209898207
row_031087,0.022975313685966108
row_030088,0.01906075437567806
row_022846,0.010636259378268773
row_006277,0.5546852716776339
row_025544,0.020840037324732913
row_046124,0.9225795099090044
row_043136,0.05978953980864633
row_028165,0.006938728287704913
row_027562,0.013407958959600362
row_002568,0.058176889996275294
row_046982,0.42452958315068895
row_023199,0.013085515514512955
row_049091,0.6939016872435466
row_002690,0.018907047881391772
row_007719,0.014961206017227963
row_047098,0.0047586930969107846
row_037245,0.3260909748277996
row_039708,0.013834624736369936
row_016798,0.004611190560041132
row_017297,0.28699309324349775
row_023765,0.0007929935391687397
row_039944,0.04748531680774822
row_043394,0.013662564901318546
row_032679,0.06061417002396796
row_003963,0.031486247073435544
row_012973,0.0013559535050985476
row_008142,0.1664927732365489
row_030049,0.06928740315793225
row_026577,0.3270539715038284
row_032135,0.022711975697782473
row_011278,0.05753966722944209
row_005187,0.04092445039437452
row_009310,0.06616303474340578
row_030858,0.02742037832432998
row_038361,0.02639447843312613
row_021944,0.5855795015020203
row_013851,0.15757815384289336
row_008472,0.04666787556754385
row_001135,0.009037386956309222
row_030977,0.005083537103849335
row_049088,0.00881535385574914
row_020681,0.27224829445034804
row_038189,0.013503544003989293
row_016938,0.0022416682657982493
row_045993,0.001219865272193743
row_033749,0.07490031910521054
row_010943,0.2951148748773205
row_003647,0.04686476401914455
row_025626,0.1728759010998397
row_008277,0.7019955113692578
row_025427,0.0036086364917562656
row_036141,0.061529182835085905
row_045796,0.045903850910391834
row_046832,0.00374892358966151
row_005670,0.004862955188971818
row_042691,0.04037927287752875
row_018631,0.07484047661287066
row_011229,0.024930573405843627
row_040316,0.025164435785678833
row_019714,0.0037787836371117028
row_015594,0.07681267906530584
row_039724,0.21989418132639765
row_047763,0.031221588960576675
row_030946,0.12276790816164757
row_013265,0.04470214235907096
row_000979,0.1297829261031785
row_040110,0.04693845906728901
row_039968,0.06206170984307093
row_001830,0.740065280682973
row_044761,0.01209611088925174
row_025508,0.007185889307133706
row_036787,0.09477748698047367
row_007646,0.28003946318051637
row_012530,0.05108732521035443
row_017980,0.4552582987759947
row_039931,0.01486116447804978
row_024931,0.5464104232631037
row_038853,0.687800815781098
row_000363,0.01102708774363095
row_007126,0.008973612943032543
row_031090,0.004680485094354929
row_005745,0.1459865989499576
row_000134,0.010519564998586948
row_034732,0.07692063883756896
row_040087,0.07867784252502746
row_025868,0.8484418335804824
row_046759,0.6771615066398641
row_032108,0.013422974515173585
row_037572,0.010058592055102136
row_027240,0.007679369144687566
row_015037,0.17605002674942105
row_042532,0.6259149048501047
row_018133,0.04414986038031943
row_045243,0.08795955203362332
row_027765,0.02465970961122199
row_029448,0.027911206648566705
row_008342,0.02170834370539422
row_049084,0.018723334296382815
row_003918,0.004593372823039938
row_007580,0.010257202370936509
row_026741,0.003088138819398097
row_017011,0.986744398458744
row_037563,0.0197418661120793
row_025762,0.0028546325006603163
row_021661,0.022730518574383813
row_029844,0.019618607517112693
row_011314,0.025353387756282247
row_006057,0.46047072352707263
row_021019,0.01264956183209387
row_043076,0.07804105935919647
row_027187,0.0028173342961322827
row_036197,0.06946973331387973
row_033818,0.012848533978764535
row_035978,0.012951149312050662
row_038656,0.657961573784274
row_031477,0.012194335515819082
row_037216,0.005977280759255471
row_031583,0.23646428600791383
row_025382,0.0049337187526541605
row_046148,0.0320890991083763
row_021441,0.008846819012605218
row_045987,0.3308283503053043
row_009704,0.31356011697973746
row_041519,0.027998630293181493
row_048372,0.0017478545980786377
row_012932,0.06551040915154474
row_000149,0.03320737484701352
row_041594,0.03570534752241962
row_032320,0.09757418645994231
row_021312,0.050609090105746254
row_035043,0.044172295346935966
row_034243,0.0013091730656750351
row_003180,0.8001247982696751
row_038521,0.7721416448117246
row_002238,0.06051545765544734
row_032394,0.3809938380290911
row_046434,0.05379886361645314
row_018397,0.016861961337529756
row_027787,0.09248988747335782
row_044531,0.057515667114837556
row_013120,0.18320983986537717
row_043534,0.48447266628827895
row_041395,0.06737050066579457
row_027178,0.07060690314605944
row_001847,0.0686473132136479
row_027797,0.03918518291905257
row_013905,0.05396630112401088
row_030343,0.004906930914783653
row_033663,0.13520797728753164
row_009949,0.010916224892030353
row_006055,0.0037696120506986535
row_022194,0.5746826824727841
row_008809,0.01730815356390176
row_013280,0.010254411379930363
row_017001,0.02692821530180796
row_034991,0.009321945545631621
row_039896,0.1796628661946628
row_007592,0.14009807984306036
row_031645,0.2773066819896752
row_036543,0.0015784642479516487
row_027791,0.008338699434359408
row_005543,0.007564535470362456
row_001297,0.10923570893053351
row_042728,0.6124351697957724
row_021490,0.0020768092596966615
row_027888,0.8084329410929796
row_030482,0.01799800370231653
row_012708,0.19099651188496428
row_037034,0.2322273964118417
row_016102,0.9993700310664306
row_042924,0.5413377433003788
row_012578,0.29930041855516765
row_002776,0.004394360582833743
row_020935,0.8276619297291864
row_021022,0.2580291221352107
row_010182,0.015839179668457982
row_014569,0.01114715401059646
row_007508,0.03597644800086516
row_040873,0.03053183274400639
row_035159,0.003999954692729496
row_009231,0.7841112747892419
row_048334,0.063240659210898
row_039714,0.14705892216326918
row_004712,0.727850395256834
row_011391,0.032906306874695784
row_022766,0.09390397731274604
row_015256,0.024815471041145534
row_002501,0.07234354667882817
row_007190,0.009857705921628018
row_029093,0.013909296032440928
row_041268,0.05275720105526991
row_029991,0.021180621508886797
row_012245,0.010674313977316087
row_039666,0.9616566275026353
row_047626,0.018541256113842882
row_009205,0.10178108293757147
row_048824,0.09132785868217078
row_034638,0.31250389324006767
row_036568,0.12235185963782183
row_010282,0.014774717056503038
row_038288,0.14635240567434324
row_027159,0.052670215043881634
row_027684,0.02101495853257404
row_031064,0.0035895827128448127
row_039746,0.1580542381750603
row_010984,0.00696751508108613
row_004567,0.04723341925327419
row_046006,0.4750156850019084
row_004795,0.48413211598019995
row_005758,0.01265008706247148
row_032083,0.06651304019240173
row_012244,0.2675539490490425
row_028222,0.704901487191816
row_045508,0.0021711219021044925
row_034897,0.10924492776993149
row_022891,0.03201014002928164
row_002393,0.01204292739704501
row_009371,0.9662899765300178
row_029272,0.04502981894841655
row_011004,0.29009016408473787
row_004364,0.02860775825242448
row_026619,0.2048042709357504
row_048721,0.03705526659532748
row_018000,0.02516907822068366
row_049681,0.009171155933029305
row_035832,0.8973812278255839
row_033353,0.00263459881576972
row_032064,0.01004763123913719
row_040473,0.036927571499523165
row_033954,0.007873540034308839
row_014184,0.07085817455839098
row_008261,0.376777088078839
row_030972,0.48394736058653176
row_018258,0.021057407574256816
row_000122,0.21801372696496368
row_039841,0.5377036176746224
row_024140,0.0034090415229224855
row_004059,0.01503126942763178
row_019871,0.028165128441893797
row_004343,0.023534664266747676
row_020795,0.03800972680400543
row_018324,0.021425871641684982
row_018744,0.07670351860109673
row_007099,0.10823797375744836
row_025769,0.009570707602418705
row_023278,0.03879513762042154
row_000865,0.021208777608698846
row_045134,0.0036794880989230775
row_037062,0.9482867590974775
row_034251,0.005836333154388781
row_015554,0.643701171317088
row_028574,0.02460390958046777
row_041127,0.009182087275959799
row_035536,0.08585548090032274
row_015106,0.2191818455203762
row_000019,0.005533920469937181
row_034001,0.025175578505395185
row_009400,0.3191518677074887
row_042125,0.009794974062161026
row_014126,0.003507111216470602
row_022874,0.0033944082578952713
row_003099,0.09296063645562132
row_042241,0.021684384779002443
row_003591,0.054484539057720965
row_038980,0.1307270563741069
row_047972,0.004103177722471541
row_009390,0.005492370597997193
row_011648,0.014299555370951875
row_004803,0.012069224662413714
row_031207,0.10723238222138728
row_023003,0.21066644548104507
row_016096,0.07059776905314988
row_013846,0.0572813502008635
row_011596,0.21147963999809674
row_023806,0.04699332028146413
row_009157,0.02669833018941964
row_032458,0.18178477540685675
row_038518,0.09267567916949837
row_031331,0.15643139171687254
row_017091,0.4979214148041354
row_009106,0.041802192175872055
row_041540,0.025823511638979637
row_022225,0.0038878489769955463
row_036868,0.0018663907842048845
row_008017,0.17123466307116375
row_003291,0.02677019614791041
row_037565,0.008320639528972246
row_032467,0.6735714289149599
row_002192,0.41237637419247575
row_007770,0.12822046423781153
row_031175,0.045322794197410164
row_038897,0.012750850936223763
row_017553,0.0014434902642870822
row_048675,0.008426097710977529
row_041969,0.06887862739424727
row_017541,0.22690643971229732
row_031386,0.008995100052014818
row_018128,0.09119802830000835
row_024348,0.24717036681048646
row_002634,0.021490564597320353
row_036503,0.012780195636624588
row_024699,0.012331249348041669
row_041498,0.18046054414777304
row_031266,0.0363837179675766
row_016800,0.24652744919419292
row_023306,0.011830986899328941
row_005776,0.002854047278717501
row_040738,0.012948687408943744
row_021038,0.016455500377762063
row_025499,0.04274367763488944
row_012581,0.007804133833844693
row_025929,0.3464196349616861
row_035172,0.02899540500323746
row_031457,0.4054593389288779
row_001224,0.01508479008318668
row_032756,0.02545951897543055
row_037218,0.017713317898843558
row_010479,0.8523721610947015
row_028400,0.07117358612648728
row_042051,0.07601553037957236
row_029283,0.003196354602109652
row_015578,0.01645407616476701
row_007040,0.03501425972705752
row_002688,0.002594448904026706
row_012948,0.009837745591167187
row_033371,0.019766387146350702
row_045064,0.019282638903474668
row_026667,0.03627253782246941
row_039611,0.026751629807164022
row_021233,0.02076423751275916
row_008160,0.15603143797145164
row_048606,0.044384329571846785
row_042647,0.034377286940719606
row_011689,0.05958734724908023
row_033450,0.012255639493373053
row_048898,0.010532455828791483
row_042074,0.07008652785768385
row_014296,0.9852431408994383
row_001641,0.518641321067301
row_018061,0.29412876587150505
row_043243,0.039482430293938026
row_043041,0.1238141805593555
row_045066,0.05170708775265462
row_031961,0.11240626116054472
row_046190,0.10674142408608867
row_010618,0.017964602100742133
row_014237,0.02670150400324451
row_019664,0.0777670497425877
row_033424,0.013568179609548009
row_035448,0.35783735376548936
row_006115,0.012663533763294009
row_043035,0.04008200435751741
row_038203,0.007138658718512544
row_039651,0.043164970389509665
row_027524,0.13798959380141373
row_034182,0.007541157194370212
row_045202,0.016851961326964114
row_001229,0.01738945802300643
row_006494,0.01862447552083744
row_049468,0.02904831227561118
row_017481,0.03749139880828596
row_004646,0.5327524363824131
row_013158,0.007197521748575183
row_010997,0.03304394888560792
row_033288,0.09381315389295011
row_020008,0.036476753111320225
row_010687,0.008045532724162315
row_006987,0.004322169708319859
row_038416,0.7015725157211937
row_009905,0.00226812828663681
row_038139,0.016206124894094037
row_029071,0.015339697670041109
row_012917,0.8050038716062906
row_017564,0.1265956080612123
row_004817,0.943968471672558
row_008247,0.05339251503866927
row_010248,0.01557148559529237
row_038858,0.9705188597428134
row_031582,0.06939785663213699
row_042392,0.009655718269640304
row_025766,0.049915732765416866
row_013207,0.0440811490292883
row_026880,0.008805498984018549
row_005604,0.8586026259459479
row_039298,0.08303907459837574
row_016189,0.022154603891335153
row_002148,0.038239260566709746
row_002034,0.00516217813225045
row_032094,0.022728143526459306
row_049538,0.012880544763835954
row_012330,0.0650519948524188
row_017526,0.9752801440147917
row_009722,0.5004932308973667
row_042535,0.05199558836176877
row_044049,0.4116817673654161
row_042154,0.034019551622182585
row_029746,0.014406435207323695
row_046766,0.01743627623547426
row_046359,0.01178573181529105
row_049739,0.07535189062594846
row_034636,0.005997258918681189
row_022178,0.015438478351618
row_020835,0.004889586786590129
row_008069,0.005362928943428081
row_005100,0.03363943808378778
row_024402,0.05818366087565695
row_035361,0.033021636609161215
row_035818,0.08306078635728639
row_007059,0.012093643235223637
row_004790,0.1412074901890934
row_037687,0.879031971371468
row_014480,0.03229659723088445
row_015067,0.021309114819223516
row_031529,0.004780350509569795
row_047827,0.006555858273865504
row_029213,0.01906204242031614
row_041167,0.040087048383953064
row_036445,0.021345968803633583
row_013583,0.7778391395903789
row_024275,0.13698145113059118
row_031736,0.11818769883141966
row_040914,0.18168170712988954
row_028098,0.013697550859347658
row_034583,0.012549190202948785
row_005935,0.9166933068646077
row_031560,0.019457647935833725
row_037612,0.26072220157775267
row_021314,0.21009853060215264
row_031856,0.020888899408413333
row_030789,0.012315673990690529
row_028423,0.009880584020442002
row_021386,0.00856622469756343
row_043977,0.013503168941587946
row_025271,0.021733354671013644
row_002248,0.020003269970737626
row_022819,0.0276537644353358
row_003189,0.002151701593700114
row_026076,0.052713508479496476
row_025316,0.7917108405055067
row_016265,0.947780971333443
row_024125,0.7718620319600306
row_048416,0.012312800941136806
row_017754,0.0015272378422563442
row_024176,0.003994963491981408
row_029655,0.635347023135816
row_002328,0.012447342334881812
row_037966,0.012933623236734953
row_021743,0.1145270601320305
row_046781,0.021705156229015084
row_005379,0.1299825767875257
row_024145,0.19022334451262446
row_017782,0.13507775929530433
row_029704,0.059613723873751884
row_018094,0.03286142250391192
row_040170,0.012357134096147653
row_038967,0.012666837211464783
row_009353,0.021539890474073113
row_007765,0.07164400994826645
row_045324,0.004345279587308095
row_026646,0.047890997859842965
row_033645,0.07614590219673062
row_031547,0.024634796279106645
row_026310,0.33111490548545147
row_001513,0.1491869019181643
row_049412,0.020624543436893968
row_029948,0.0062252926605638375
row_003842,0.04885226343137396
row_024059,0.011665790612771183
row_040272,0.01115423537046584
row_049741,0.8730243066051553
row_032089,0.24155430711831083
row_018223,0.019488190502632258
row_030501,0.005013366039748424
row_034293,0.26551367877178955
row_039617,0.10676750925814527
row_012765,0.016258796701856416
row_024868,0.8936694702583295
row_032441,0.04665549864214222
row_011022,0.18477696739030877
row_026832,0.039894335946444925
row_035208,0.017353921969230468
row_047063,0.6636097726626747
row_033197,0.0009071298406570705
row_030382,0.22058913018204518
row_014085,0.0022468519361104043
row_046494,0.07056557185517791
row_015196,0.7151465254188275
row_025650,0.04238366049056662
row_010603,0.04644842326313936
row_008175,0.03619193243147462
row_002754,0.049495912654234364
row_024260,0.004024715309739464
row_030145,0.03772767198387192
row_022907,0.0053018448973909255
row_026231,0.28363271144937746
row_026262,0.016490048246678525
row_032924,0.019111678816363317
row_049582,0.02296079489345733
row_008737,0.09917476182746181
row_024638,0.09834136603728334
row_030137,0.013080531187373547
row_000548,0.17593317020849003
row_049120,0.07402466072210134
row_004856,0.016264938174949423
row_048486,0.004049066712937516
row_044614,0.02791470387214756
row_047068,0.5359365364646375
row_007928,0.020269821065666306
row_021841,0.8521847374199082
row_026886,0.5643218211028372
row_041341,0.11310974259354911
row_009436,0.021085144294461892
row_049553,0.00652654428577534
row_012777,0.011721265086364844
row_006187,0.0008212956008544798
row_001137,0.9460861376210958
row_048030,0.7522638181948518
row_028603,0.6355833441198263
row_009658,0.05661849247855841
row_041644,0.02350251676114278
row_041057,0.048136851991512505
row_042077,0.1376698882262416
row_044962,0.023367584122373754
row_003799,0.18921131301805563
row_040363,0.14194575936336848
row_013466,0.34380370246411496
row_047658,0.5605660893759642
row_047812,0.0017381256851643839
row_021799,0.026689209448166176
row_022473,0.015626455249054903
row_001994,0.4928636215623756
row_046331,0.011753939527627695
row_038485,0.04393951684709928
row_011190,0.017483402104280357
row_048041,0.02684730607897987
row_019506,0.015145128056153492
row_003175,0.41395748382554476
row_009863,0.00634891064634595
row_032148,0.9979186555106471
row_024527,0.6549426675726338
row_014419,0.9285917917812357
row_015501,0.9652833340040985
row_040422,0.748168866164723
row_037015,0.02625443209085604
row_030012,0.21343878245797526
row_011355,0.004145713214404526
row_031407,0.7356308589068727
row_025311,0.013275181622264013
row_039459,0.02254188271408166
row_010873,0.003381994451522535
row_049192,0.05923001381411616
row_021210,0.008311630822154203
row_045143,0.01102629781586286
row_023502,0.03734214948942231
row_021801,0.022589162457376417
row_007716,0.007675228081199043
row_040075,0.0036627245780300626
row_035911,0.014859639026268155
row_036365,0.9742563775811529
row_029916,0.02105525943423156
row_024835,0.07467966609181709
row_031224,0.013721900688442337
row_043195,0.006113572857638635
row_034206,0.03759335243160729
row_032162,0.8138311128979934
row_011135,0.05588836432479716
row_026976,0.05198796861076582
row_006565,0.023369949786263777
row_030302,0.10516987884536289
row_031043,0.06917025687985642
row_010490,0.6264811812203576
row_024229,0.053941762656995636
row_001478,0.08156547478048054
row_002355,0.08628015519076936
row_032065,0.004450320198911057
row_047083,0.04028490107567401
row_028324,0.047197058521444055
row_000910,0.9943911347777953
row_016267,0.21882458926918952
row_045494,0.0018758684348839237
row_040333,0.07971402514992176
row_037322,0.484371332706954
row_035743,0.011981231355885868
row_017516,0.027285361635113744
row_016244,0.009335111207881434
row_047180,0.0802192766415879
row_033290,0.1909914812620389
row_037040,0.4267561561757216
row_008941,0.14387926847567217
row_003936,0.00883155259263904
row_040502,0.08352523528128879
row_017432,0.07918666060087867
row_007438,0.4799715180392434
row_032153,0.09907486209952257
row_039476,0.012638214014907015
row_029873,0.4496263845533428
row_043656,0.0015368435411203037
row_028949,0.0032722877866091177
row_037376,0.0035062885480316303
row_005216,0.02931194596722911
row_049206,0.0579735758624606
row_004353,0.07918104552605733
row_029734,0.018091281284013862
row_037473,0.03141105356793311
row_031962,0.7724872200824067
row_011811,0.28191130754229454
row_020685,0.5234212795628863
row_033361,0.08019368329518724
row_014243,0.006152377725810008
row_048230,0.03449198085351277
row_014615,0.1365207717236122
row_018741,0.10919975632209378
row_007973,0.07866295702866889
row_009166,0.057849789370934906
row_000168,0.014767179471642286
row_045699,0.02298013386388129
row_025822,0.03322008486860988
row_033398,0.020835304842023696
row_031346,0.3532282409546473
row_048820,0.04626175234012436
row_020928,0.029503509012678363
row_045071,0.13567171560639749
row_047472,0.0042169137788791375
row_042251,0.7161872707278993
row_040997,0.6199559754514654
row_005995,0.0015163858108980489
row_027176,0.025222558871313697
row_008274,0.003421367015037976
row_032736,0.22153871278831397
row_023115,0.061029017896652146
row_035658,0.22587299731887478
row_006138,0.0044635194157377515
row_019130,0.20159805702594225
row_002670,0.13096550217349828
row_006255,0.02896898830306749
row_005651,0.0560469598567673
row_043855,0.29038992346982867
row_007423,0.006322536126009155
row_015812,0.38681973604858977
row_020155,0.005128128644100079
row_033097,0.017579623266147752
row_015553,0.09246007821181464
row_022704,0.7775526410295645
row_003426,0.04645950138638145
row_040870,0.012032473326166295
row_018277,0.009606559492512354
row_012800,0.0038201659121692762
row_022376,0.8268755651575967
row_020749,0.026074694179581165
row_031281,0.03138394316048494
row_006067,0.22846207124801468
row_021638,0.7571953505471594
row_018006,0.06153168321650198
row_004970,0.5088405348822066
row_030920,0.7946105454019731
row_005158,0.05320640822985141
row_018533,0.026686399078154673
row_031675,0.06991949773428183
row_045182,0.17295093449733762
row_016486,0.03346875119711872
row_027619,0.04886331238271908
row_011940,0.003660851981717673
row_042795,0.46351720457122303
row_002718,0.028445293384317054
row_001909,0.005578516294243356
row_023271,0.11945071157386661
row_000197,0.001641972685533228
row_029271,0.019570115996270628
row_003093,0.0005048438902162164
row_008884,0.06276914730513328
row_036034,0.34248002440057873
row_046581,0.18118301256350874
row_049370,0.16820668984445564
row_002929,0.3863501815059645
row_024213,0.19806852728109153
row_026438,0.002644384941443821
row_037866,0.018319268731903038
row_043730,0.03350655846694531
row_017971,0.002071070140007463
row_029192,0.0042012856461975875
row_031987,0.00765280767999015
row_044627,0.0780053057233904
row_001416,0.0847127787877381
row_033596,0.9793675754073399
row_043986,0.05330992736207389
row_023233,0.9541020051687296
row_025624,0.6633330214276407
row_038402,0.11572891641946773
row_039922,0.8212425677404056
row_016911,0.14928019313680105
row_006437,0.02715195915806464
row_017788,0.14022440570360173
row_000518,0.33354362203891236
row_049258,0.1169525226055705
row_026702,0.00346667479613341
row_036532,0.4370040892620394
row_041475,0.08782317769346407
row_017901,0.004624374053810361
row_005041,0.014077300836113433
row_017480,0.024145796479866463
row_010454,0.7301037920202467
row_031554,0.0051751350259169986
row_011551,0.037963398782188504
row_023087,0.31317032456392985
row_017085,0.006459345718591237
row_044985,0.006594393691328032
row_049408,0.490558357874245
row_012875,0.009134184647057605
row_003885,0.00542284396090609
row_025956,0.1710670781187206
row_045329,0.24225419346424665
row_022840,0.9305818635042657
row_038293,0.1000808286857423
row_038364,0.011321916194822531
row_039924,0.01104246888344119
row_018092,0.12543013351859217
row_047486,0.01811588835736933
row_048318,0.24813116701905397
row_035464,0.1648773152872273
row_011393,0.005782931517740706
row_044376,0.9234562860336828
row_006264,0.13453605210975242
row_032892,0.05473968471104279
row_019527,0.7912369914640899
row_022161,0.01638440355210706
row_017593,0.03019793893253229
row_013059,0.0070427557157953
row_047037,0.01589844072138826
row_033431,0.9666875929501891
row_010242,0.0023876147095546114
row_031348,0.019982332255568756
row_043752,0.015882357121888062
row_037028,0.0277595101643089
row_046779,0.8542979462766754
row_047488,0.4355987122475894
row_038067,0.24253170370708305
row_025445,0.005700855018541241
row_043994,0.03825035167613181
row_034065,0.9789332855094055
row_037651,0.058085632489458555
row_016351,0.18156747681058993
row_036263,0.017544543658254214
row_018233,0.06583787167517612
row_023403,0.029602132990138832
row_020605,0.6225899754619151
row_048717,0.02607579532734178
row_043740,0.021463956072135075
row_043320,0.12411869163368404
row_038274,0.019451011623852623
row_009194,0.5088346453635456
row_045462,0.8902137750959402
row_007738,0.0187710627890924
row_046763,0.01027896703346328
row_036390,0.003416383928809014
row_041286,0.22957456743137064
row_020952,0.15963985387085405
row_013245,0.007266924472426303
row_025075,0.05684843959040212
row_026675,0.4900895240543956
row_030484,0.012882907223864896
row_011347,0.02895410995833983
row_006986,0.032704889053037076
row_020134,0.45860330408925903
row_045693,0.006005174403663119
row_030525,0.1735096841258462
row_044383,0.046155560943027585
row_047840,0.004284062985628223
row_009196,0.009361766372192545
row_010005,0.2259694682804998
row_001020,0.03536846214436551
row_011535,0.15344048995146511
row_020547,0.03002065130265308
row_015806,0.057080385371066064
row_039973,0.9987837954029869
row_038932,0.4917419685899769
row_006020,0.004797838057981145
row_003915,0.07538372890715725
row_021113,0.005165858174460591
row_001214,0.01908895259432815
row_032509,0.016049580808755647
row_041833,0.03377423735212952
row_031310,0.8993032688110478
row_016857,0.00443210561562534
row_044818,0.38388277322279724
row_027058,0.012553889515058456
row_010782,0.022646325578140523
row_041732,0.10729981729116644
row_023867,0.004339937464482555
row_019249,0.006974101241108422
row_036213,0.002839642643210749
row_017014,0.0035908878168638306
row_033874,0.045474073568598006
row_014033,0.0004281507652698171
row_031934,0.0091213746766103
row_039397,0.04176181811559555
row_045829,0.0017258573744502494
row_032888,0.011347592187725259
row_025504,0.5942535049547029
row_041872,0.007203305574976853
row_014131,0.07447938787904695
row_017209,0.08198147674774982
row_000531,0.009215563993984318
row_008034,0.5903967477300734
row_014236,0.06432279837293238
row_034858,0.009672811101479089
row_025233,0.0018695265992853113
row_044302,0.013972451623091835
row_018998,0.9963858517742371
row_028258,0.51610488204354
row_008289,0.03219913676908262
row_016164,0.7113011220788892
row_003091,0.018211802416884013
row_014390,0.005727210740016454
row_020763,0.24298967559297038
row_025189,0.7411488803884451
row_011346,0.0014198320990195337
row_009713,0.2982051622838798
row_023116,0.0033015751627780304
row_032979,0.022905821345096777
row_026942,0.08183037896332865
row_046474,0.5719616220629056
row_032613,0.006962329930252886
row_027128,0.053871838245148365
row_016502,0.18465491312070254
row_012065,0.08441847831746337
row_021996,0.033193365044048066
row_035290,0.28278544018851964
row_037883,0.9884766508032604
row_038301,0.5161248243864703
row_016097,0.003836989162708337
row_026952,0.15013669624663956
row_005095,0.12679542882100653
row_039530,0.0061931177312084355
row_036307,0.004090376332164232
row_022783,0.10402393406344367
row_018354,0.010357363405787917
row_023427,0.10797070145161064
row_001934,0.012537526265162566
row_036778,0.042952022702776496
row_018318,0.012281382461510282
row_001889,0.009061282478085037
row_046606,0.017094308185140808
row_020394,0.141696536311189
row_001447,0.24902651309564353
row_027377,0.01989449148273747
row_031723,0.69793316372061
row_035531,0.0064186220061542044
row_048043,0.2498671342661444
row_013932,0.08265702220371285
row_046962,0.008846291810106731
row_033893,0.025318241331358675
row_048302,0.06331751150221601
row_007948,0.6562374334438111
row_026905,0.9716043013162263
row_014263,0.6513524818001406
row_013431,0.0032855746067803923
row_043264,0.017952190328437465
row_013293,0.07952575881099609
row_047398,0.4406135674424158
row_003983,0.018812641580981643
row_004130,0.024955360754074316
row_019853,0.7856311126555435
row_040436,0.25337471301023723
row_000284,0.00648653607293461
row_046748,0.03195390766124722
row_001362,0.07920697771254352
row_002037,0.30592263292076716
row_012031,0.007388503490715483
row_021394,0.0061261412057509795
row_045524,0.22185290270047114
row_033847,0.14517580702005323
row_022501,0.017767983419757532
row_025338,0.017531400696013135
row_004753,0.022636642650322846
row_029667,0.3768102261805395
row_017637,0.1540784644486353
row_049674,0.17337577476983274
row_042850,0.16397591977931253
row_039886,0.0326004354916135
row_036139,0.006479199749054537
row_033201,0.022895397226481977
row_031762,0.03378647956064219
row_044373,0.06225501468712118
row_002783,0.029105850912417974
row_030381,0.0076781782277716365
row_005568,0.4293324052027405
row_039772,0.0066161380969116685
row_031377,0.1763923524676635
row_024780,0.028412025645179577
row_045130,0.0008629063739219405
row_025680,0.25870839742167706
row_028927,0.5692452059005494
row_044684,0.008036966152981785
row_026921,0.05367072668854016
row_020168,0.022320465030320744
row_008231,0.12977001746221986
row_044213,0.0056705355822172735
row_042282,0.03819657512318835
row_029946,0.9465922655968324
row_036505,0.0465467917473751
row_020160,0.004037983506508762
row_013864,0.3493926871462901
row_013899,0.1798416699004029
row_041537,0.06563885022903193
row_007205,0.9856408229843877
row_035126,0.008136556018196546
row_004588,0.04835971734304932
row_045702,0.2616566902777816
row_014957,0.12319401311426949
row_005404,0.17134337837732727
row_024315,0.00975622058431146
row_002841,0.34379754088460207
row_018553,0.10500263596886522
row_026612,0.03405537190364857
row_033020,0.010129230152386131
row_042373,0.9835836996357789
row_046170,0.022930565974146132
row_011082,0.20818827136048462
row_042225,0.1799782572726804
row_029066,0.9904147872371551
row_042679,0.0025963474309408747
row_006699,0.10722144911724657
row_031836,0.15888074915300965
row_028633,0.022067415183650574
row_001810,0.6930425461726522
row_017075,0.05460167529023642
row_036172,0.5603432715409419
row_016236,0.046293164514408076
row_046199,0.12781990256435605
row_031568,0.026372377263135207
row_009633,0.5498570044700731
row_033924,0.014871863935620115
row_020991,0.4947148468004721
row_029151,0.03678314283429267
row_029385,0.03065828755825426
row_031617,0.01442378327132985
row_039178,0.0364263776620356
row_016091,0.030817661833804452
row_040423,0.028098556627069175
row_021712,0.9663251168236778
row_022341,0.9689451489734642
row_028132,0.12290223212529693
row_035107,0.16510974436806505
row_021961,0.16627390725051647
row_013357,0.042551318598390335
row_009367,0.35942899877215495
row_035393,0.009725578092292872
row_026569,0.07865234985095278
row_041709,0.017352077713689882
row_024552,0.6100557899945777
row_039162,0.100814662770602
row_034538,0.011892664292179927
row_021130,0.055342719154549386
row_010442,0.31997116575260065
row_001411,0.15977038581176728
row_026305,0.1349979284895991
row_031362,0.029546223019072785
row_002035,0.07044277700435998
row_031541,0.015135800408767306
row_044044,0.013647680365542907
row_049424,0.1115854156819927
row_026087,0.08295632534160244
row_016445,0.3349583756557872
row_024737,0.1685500030800007
row_032843,0.021382783898207025
row_022933,0.022179370518612268
row_044927,0.00900019396143329
row_026040,0.7067174713187613
row_042249,0.0017908104701915117
row_032741,0.003763139871608882
row_019525,0.9455554519762213
row_000608,0.8270413706274434
row_012895,0.01415201306813639
row_049851,0.07264631054629236
row_007665,0.07564576223621133
row_031557,0.004535516279723993
row_008476,0.2725550775276302
row_007519,0.001198434885927439
row_021865,0.034126400417840486
row_004049,0.029248683227350924
row_045732,0.13071512973007965
row_044448,0.006041492872008358
row_033993,0.4204290238888054
row_018052,0.016014751491777692
row_024721,0.21122132309569944
row_006001,0.025893168775859197
row_019590,0.02110957878334721
row_019370,0.027178643687865663
row_013535,0.2151028309857479
row_022123,0.032375929150441574
row_049841,0.0761283557648231
row_011546,0.029860450327001714
row_021720,0.0075307939727580035
row_031134,0.22061469146457216
row_043761,0.06812967603941147
row_014827,0.11059391834623583
row_006131,0.007878872357858648
row_014776,0.07204473316609869
row_034402,0.07427864587538535
row_000921,0.17761682056236655
row_013369,0.025627221878012786
row_006864,0.01957268629669642
row_015722,0.011214537969330031
row_017241,0.01136524573326636
row_026169,0.6354881060955626
row_046822,0.027368621734461838
row_013563,0.0022674622611204647
row_027134,0.3191460652361105
row_007643,0.00425575062425416
row_006201,0.10126933331234027
row_031320,0.8360093504250641
row_014865,0.03693613303405172
row_045623,0.9818689229552897
row_000730,0.02139316934687125
row_024489,0.08275267190335996
row_043057,0.7999598037792411
row_038585,0.15685968984701532
row_044077,0.20437716234991316
row_021820,0.4361493751767634
row_048293,0.00696868152610807
row_012744,0.029436106156154447
row_012886,0.005964721991829466
row_005854,0.04164519214911022
row_015056,0.11335434594305847
row_034367,0.0033849106406275784
row_039061,0.004266251043091695
row_019492,0.28268468246079614
row_022838,0.01132002240168709
row_000716,0.11612083400682811
row_016339,0.015701803828671996
row_038894,0.07460488783065941
row_013072,0.024509599213936098
row_033851,0.4878744970163304
row_048111,0.06680261165235148
row_003772,0.8098015038404838
row_000133,0.02825045479886254
row_018304,0.5450064727019978
row_028484,0.5352043236410338
row_015776,0.0954673196978336
row_004322,0.018460639020425846
row_008523,0.013892232759148623
row_020697,0.3042301037219371
row_002101,0.16907173615627244
row_011329,0.08086283092418049
row_041444,0.028093877071863733
row_001065,0.1479376063753666
row_027100,0.014481075717891732
row_010280,0.6591706196874124
row_029637,0.009079388193517274
row_037250,0.061488065499048845
row_030881,0.013804550349194
row_000748,0.009140093302391999
row_013087,0.2582667819749045
row_032584,0.12322588765134566
row_049561,0.7243717087765116
row_006596,0.04433711919842629
row_029164,0.8845954420965605
row_043392,0.0018226809340593
row_040554,0.2949895033102053
row_001332,0.036263374846465815
row_042101,0.09308738356452576
row_019405,0.013673642868828672
row_021154,0.19009017667462114
row_045690,0.9643723065102482
row_016853,0.009264500240578209
row_036886,0.24214607875804806
row_024236,0.017478001556040956
row_040522,0.042579924093365154
row_038571,0.004002541176697922
row_025389,0.1916962914778137
row_034095,0.042674796512208804
row_008484,0.05591574961925009
row_009029,0.61260221062244
row_044827,0.0037378776346727706
row_018210,0.009180236542668656
row_014508,0.022197113899739985
row_017946,0.9771319658365025
row_004455,0.1279097288344798
row_046659,0.04471032904050286
row_047906,0.03357915006739457
row_030588,0.34388992907541094
row_027600,0.6351799596931209
row_022196,0.23250914249526197
row_028144,0.4768191730263942
row_001594,0.06970309907645011
row_011729,0.125931625405328
row_029836,0.14694183445098496
row_017112,0.009513019453264392
row_001140,0.03268167559659833
row_016350,0.18950098701584217
row_002703,0.008739956285923917
row_038480,0.008342221323055014
row_033696,0.3081473276233907
row_007627,0.3628193545857119
row_009745,0.1709159288502563
row_027821,0.07260116807433904
row_043026,0.05935324691908403
row_046588,0.30662347809003093
row_017947,0.007979368316583005
row_033559,0.009992561624709705
row_027602,0.007552123370576637
row_035591,0.0016384858877470676
row_039683,0.023538320533950594
row_016042,0.18988430753708027
row_022343,0.3145515939631828
row_038744,0.19408588360350473
row_033998,0.0033454462220930195
row_036899,0.023875421045669424
row_048598,0.01916017560085856
row_037777,0.0051901205610387306
row_036216,0.02570799124130074
row_027585,0.01800197120191506
row_041468,0.005405538727104111
row_000906,0.030565871001449342
row_015856,0.37677421017340684
row_033073,0.3410199559401843
row_021554,0.00998765244643151
row_039800,0.39396787970652203
row_048466,0.0023367317147531637
row_038286,0.11286574219046797
row_024741,0.039203374996327776
row_021888,0.017789130640806554
row_043967,0.0869020930859371
row_025907,0.006285043134627271
row_030419,0.014148605716428344
row_008583,0.32506717982781463
row_046068,0.030933091871396062
row_038674,0.003928793506113349
row_038972,0.027044673279981786
row_012517,0.26724105371183304
row_003037,0.11172983559475819
row_048725,0.03162884192404343
row_029064,0.010626464021965803
row_045010,0.08403427762950862
row_026283,0.2626101704260618
row_031011,0.01380807806647247
row_042514,0.6642480182664576
row_001725,0.022102809045837092
row_018790,0.11065077949928544
row_037038,0.09724487152683922
row_025205,0.007603029277176576
row_012846,0.0028950615808850636
row_036385,0.22161779508704454
row_025901,0.9866413012571239
row_002032,0.8500403549465916
row_003552,0.001986748399527993
row_015540,0.62718783474924
row_033017,0.02045393223115215
row_018036,0.8050936173286855
row_005508,0.12430120074463136
row_044261,0.024026850372407253
row_012705,0.01566116178881574
row_025969,0.2564220012102974
row_046452,0.004125194274490881
row_003991,0.012641848707716868
row_030456,0.18755409908058948
row_015901,0.04218662672154929
row_042685,0.0493415251048445
row_012164,0.005533550478035814
row_032127,0.010136602427920315
row_046380,0.5840240055873013
row_031813,0.005123363257237364
row_044496,0.007798992959154257
row_042671,0.0019997343889585437
row_011372,0.03905609777684653
row_035166,0.5136415454535623
row_040377,0.014055824294954609
row_017835,0.02920364823684091
row_046756,0.004170677039488307
row_001952,0.016346582572961944
row_009627,0.40968092990379007
row_025806,0.008852556987068712
row_047510,0.036742362943475326
row_037337,0.05184901170360684
row_015176,0.08446567383453353
row_028112,0.03851251634388218
row_041580,0.029041334515235873
row_045712,0.00403097418700642
row_031178,0.01031173192803356
row_036609,0.14447877681692878
row_041470,0.10480356792914
row_015630,0.0347605866684519
row_017578,0.9190740949651941
row_005905,0.018291973685614228
row_043583,0.1070892244387349
row_022637,0.054496417428706055
row_022363,0.02861220190917644
row_034630,0.07472575815769439
row_023824,0.13350797960909627
row_025431,0.0015992151696597135
row_015532,0.07468437782143192
row_018220,0.023456896513364536
row_038359,0.20266968501259786
row_024973,0.011895117643906562
row_011255,0.1866238927852018
row_043523,0.006450470115718823
row_034166,0.022725365532127347
row_041078,0.011143694948105173
row_005144,0.01480478993910952
row_041755,0.02422634573866938
row_029078,0.005322591542704624
row_018660,0.07836629932500301
row_048608,0.5475869209232278
row_019701,0.9698456962323941
row_027843,0.014376089038031156
row_022176,0.012778738661969609
row_018099,0.23489428349920016
row_013095,0.0104857227424354
row_024422,0.8458512118757346
row_006795,0.5077266579850769
row_013064,0.7123921267517409
row_042934,0.042313640391754066
row_014103,0.28900294879925315
row_046225,0.075734334480671
row_027764,0.01058675668430625
row_037389,0.0321508759761044
row_035511,0.07818118418396076
row_032174,0.11669531559933577
row_022521,0.7666152999340731
row_042496,0.0014875730897511061
row_027308,0.10080302256155638
row_027599,0.2599271298285015
row_032512,0.0016404823324839479
row_048693,0.21020282672692087
row_012723,0.6706284422905993
row_017365,0.001464717381133076
row_002998,0.24242526909829942
row_045646,0.8743881352736258
row_011055,0.3461428289961328
row_046091,0.06832336740531735
row_021245,0.011711882157155556
row_027061,0.5000649958550368
row_024390,0.009553493090186493
row_027855,0.2626108418463145
row_032896,0.1828262938744304
row_010700,0.3334942922192438
row_005834,0.03802167548909624
row_024747,0.002933380995562975
row_040737,0.016837048651070777
row_037126,0.15960758337069697
row_021998,0.6137038424333747
row_043708,0.16040183873538752
row_033054,0.061857339071388975
row_031569,0.16209124036360092
row_040960,0.39175006024840336
row_024724,0.021308473016924144
row_045567,0.012924349050916613
row_040242,0.009464539895401204
row_032271,0.0037999733875881876
row_015948,0.005236785941591431
row_004372,0.004371854349752362
row_005412,0.031280113733473114
row_000472,0.12701662037359784
row_026634,0.0038974382195884104
row_037175,0.006381504455782812
row_025016,0.0034925294313723695
row_019680,0.0468632173215161
row_018431,0.03080650242581746
row_021015,0.007031442526639965
row_006489,0.0010536611940059931
row_024261,0.006489497484003093
row_016335,0.9744646788326048
row_033772,0.45320830328919315
row_032969,0.01271654909537931
row_041142,0.1736072997119603
row_029050,0.012761218381006814
row_025646,0.9980236772107165
row_034393,0.1113159697889966
row_008065,0.0759441627042778
row_026668,0.021523407864475676
row_018454,0.9254197501767053
row_002057,0.48041986363352646
row_024147,0.02420675935164606
row_021656,0.0035613256380754056
row_002188,0.596429342305198
row_026172,0.10705894352091441
row_012444,0.5906897842454082
row_032535,0.015986161724317945
row_029375,0.006914325761272294
row_025059,0.0014420064899455338
row_037697,0.010492381382979584
row_031121,0.1977006787031043
row_013084,0.9309464391961884
row_016812,0.15201426585405967
row_000808,0.09169106966668968
row_025388,0.33832064739356016
row_030563,0.04742959497954065
row_015950,0.03246578900090525
row_035916,0.008046542396630156
row_048650,0.020772899150369502
row_036767,0.9233102782299296
row_003172,0.05975816279489043
row_012522,0.0052263847559856184
row_032409,0.058873128723279614
row_043496,0.2713671553155466
row_023736,0.008373530219828678
row_018788,0.7248856261125926
row_007698,0.013207009671808226
row_011865,0.00344807835950726
row_018310,0.0059972043703022376
row_034871,0.01435947355173756
row_016985,0.0036295644496743993
row_015985,0.029473628350265256
row_001804,0.009044820810101724
row_036755,0.7540430169177506
row_023556,0.015428199970397141
row_020130,0.0067223566406868634
row_025746,0.04171106080515041
row_002047,0.010683276274575312
row_009604,0.10091450512092645
row_009401,0.014175157961614641
row_043830,0.04323163864323196
row_007128,0.03086638253805326
row_026874,0.015053454520177957
row_033932,0.1233244590209768
row_030983,0.49205676925800307
row_020924,0.005930336821915442
row_039053,0.004964313858314941
row_003119,0.031226679713408617
row_033021,0.014408007959591263
row_026290,0.024276594561398135
row_040520,0.20379543427619395
row_044150,0.013542892823379192
row_045251,0.010959140977835454
row_044503,0.1834984054497314
row_049635,0.0024447845377124997
row_040335,0.021497962964023898
row_012665,0.006155968942804339
row_023997,0.032091594357059425
row_006371,0.0033445036659572203
row_013027,0.8332165433938551
row_025351,0.05841176983024929
row_008668,0.044750707329802485
row_032250,0.1666105690751069
row_042588,0.8992592226899567
row_009040,0.014755071364859193
row_010736,0.5558882425146251
row_028523,0.030529828341758325
row_024358,0.012050542341296475
row_022181,0.5017779873964971
row_020910,0.08616710713052006
row_000438,0.038614593129576276
row_022576,0.4257514697318397
row_006656,0.05999681679217403
row_030532,0.030763730016208097
row_018102,0.06782452902046979
row_043531,0.06907878086457687
row_020275,0.09787828817476366
row_041927,0.004608826558649958
row_009922,0.9683311610690434
row_025347,0.0024818110340625353
row_026557,0.10430489267637026
row_002614,0.08172220669577825
row_044544,0.02154218840983311
row_023146,0.043295032370590465
row_012940,0.005386395064701847
row_022544,0.011795122120626814
row_005302,0.01563187737939996
row_018755,0.056158780950478944
row_012013,0.0058346909827976245
row_028587,0.009127169833704964
row_011771,0.1958043679107446
row_030097,0.7795920901928258
row_024060,0.04800158313566017
row_007079,0.022133750682798804
row_045001,0.002433548598487677
row_023690,0.043767795858447575
row_045565,0.3765679415195558
row_001199,0.07508912073494085
row_039305,0.020560944453267647
row_017914,0.1424174329843255
row_033482,0.6495562157760183
row_009496,0.9033840657065039
row_031234,0.1467868563484461
row_007974,0.0009547690010065644
row_020687,0.07498017850217789
row_047040,0.30641705005899833
row_005433,0.011574063769022386
row_032143,0.13938432285852576
row_039089,0.5681102738039032
row_015788,0.03080800257556869
row_015298,0.022226850317512134
row_003349,0.050483528586247654
row_023786,0.017383940259201584
row_000917,0.16327289132820968
row_005467,0.0279602777319014
row_005936,0.10618089974521963
row_037623,0.009088228055288227
row_007179,0.042006956946470386
row_019221,0.01146546618704955
row_028980,0.00361556077694154
row_028051,0.03800334953470213
row_023431,0.06685447270336473
row_001958,0.012022154854963243
row_001471,0.16377652138157725
row_030637,0.04784170712168392
row_036078,0.06721593373165013
row_013300,0.0036347663851248324
row_031741,0.021394935096170013
row_036835,0.00919957805305138
row_023454,0.0038161382238961566
row_030158,0.2758951260447337
row_035135,0.025999514119929845
row_000790,0.40854832470166286
row_017751,0.008293519323512084
row_036654,0.019416186391196008
row_012046,0.07851627272025116
row_030118,0.022259684279795827
row_005724,0.05503580390164702
row_042287,0.017804519526439536
row_049483,0.012553101755772351
row_008495,0.01075513389391482
row_024946,0.01268203801736093
row_038688,0.023374873114998286
row_034227,0.0601493655960681
row_039105,0.3708145647011947
row_031700,0.13427401046430268
row_002038,0.014248472247501181
row_013669,0.006951591828888238
row_022504,0.01164199625175251
row_024234,0.04345013318905841
row_028642,0.06474163391725454
row_041110,0.23428066389521057
row_020032,0.846894559130814
row_035991,0.41468102970614173
row_031434,0.09197279826695304
row_003485,0.01651763802496878
row_008771,0.020884537664860633
row_026390,0.21055997876279892
row_001868,0.010449029644280588
row_008664,0.48261215985304995
row_013330,0.08774496866046465
row_044438,0.011877091512455688
row_043995,0.00660987107053292
row_008312,0.06562087989029525
row_027081,0.030020201687964168
row_028553,0.17851979494857695
row_022476,0.25202454124597545
row_021281,0.0009377363773230614
row_028261,0.08418976429409396
row_034788,0.46959610879327546
row_027292,0.7435465499114204
row_028235,0.018566428402259368
row_036138,0.005777727533355077
row_025021,0.9795746318165588
row_004919,0.016876924562809724
row_045708,0.03571527545951979
row_048516,0.24800289162765893
row_013565,0.10925367726117098
row_009710,0.6595909923530372
row_028266,0.14990350216819087
row_034145,0.02919515685189516
row_019649,0.021679902256257245
row_031859,0.026017814629939236
row_011587,0.4062609225989125
row_045301,0.04078654936031592
row_027674,0.006450782363305595
row_027009,0.057005577443177455
row_000082,0.017357096871612163
row_016727,0.015520106822185555
row_049387,0.013907364478550486
row_048162,0.05481408198584453
row_025524,0.016437647746493075
row_020712,0.10815958011262661
row_043687,0.01138784041944381
row_004913,0.035182137646746096
row_005076,0.034349465796931336
row_018447,0.009046894290293426
row_034782,0.02333443761945267
row_008100,0.09854402709518688
row_026993,0.03057445062170551
row_017505,0.31692296198206804
row_001086,0.10377991309297002
row_000127,0.27905364766577
row_025914,0.011063190835496756
row_043364,0.08365860459485353
row_033777,0.0022199447692615518
row_028909,0.26054916468662814
row_010871,0.5526781989786015
row_048924,0.4937736813381483
row_023429,0.004099747430387775
row_049490,0.23472128474554832
row_005597,0.015570485275883214
row_040931,0.12170726450711288
row_039294,0.0561607745225645
row_027668,0.054472938547499156
row_042162,0.30897662592095254
row_039420,0.1930037056872369
row_014657,0.45742929364007157
row_034444,0.0073002207380611995
row_006157,0.023061598490944062
row_048706,0.2403593264360998
row_006394,0.004104661056131847
row_024241,0.31884997345465993
row_041559,0.11030154695987633
row_007207,0.023928797800468485
row_009234,0.02725837751795826
row_041111,0.05175868493929803
row_016048,0.005259635828258609
row_025385,0.5142053294922516
row_022428,0.6891065975995858
row_049873,0.04043090913013257
row_030488,0.005028803185453132
row_008749,0.0061758883796141405
row_010084,0.020640228038429992
row_014016,0.14616169582973873
row_027739,0.005632485033019727
row_046849,0.012037008353692253
row_016269,0.6780088298846287
row_007151,0.09634140807503473
row_007061,0.8895389106115487
row_006251,0.0414037026069989
row_004955,0.008947064832851164
row_032462,0.016680451383437253
row_007381,0.025916257079621745
row_036528,0.061113335206389695
row_029014,0.010200311872228258
row_026682,0.005506205765082419
row_036907,0.003615336308647519
row_029744,0.9510005910020118
row_039964,0.13031484462475096
row_049621,0.16956863699198818
row_041531,0.012688763881627298
row_022103,0.002193878373209314
row_004852,0.00822762159103976
row_019465,0.9987744197440068
row_021593,0.04640085136785436
row_028227,0.0013921378355265393
row_010556,0.05596533200788627
row_004438,0.8585976105439871
row_011678,0.032578466813703785
row_038832,0.510970459016942
row_045204,0.002588811300147988
row_036135,0.08547027264269165
row_011559,0.8801732689276414
row_029776,0.0070729514020190214
row_005497,0.0068262398143705515
row_047974,0.06284467315613117
row_009838,0.0007098140331177748
row_041150,0.30478713793052703
row_003764,0.05109407201744295
row_010587,0.022162569997504017
row_019909,0.019225380868010518
row_026351,0.05474444246501204
row_043417,0.008426657283836262
row_018066,0.22867720792082527
row_015878,0.012950297493294433
row_049690,0.05642411241273478
row_008284,0.06409996028866094
row_041530,0.6778115470677204
row_029096,0.010427469266045892
row_014923,0.011175080677310708
row_009103,0.02998215521508002
row_019273,0.005736468863458532
row_046864,0.16495110076423072
row_030554,0.04261991624334931
row_018640,0.006751659616179113
row_011120,0.19521943954142684
row_022954,0.0802111719309326
row_007589,0.955179108760853
row_024431,0.01719981483264199
row_038262,0.08703761888642225
row_025197,0.2614838596172537
row_042524,0.026732614173369702
row_042239,0.015142072161013462
row_035653,0.00825895532406212
row_039890,0.02498690665635661
row_014477,0.015234789522597377
row_032559,0.9322486252985117
row_005485,0.3310746294724874
row_047463,0.06419591855734187
row_035751,0.06670247787441845
row_022327,0.06633423200904762
row_010970,0.9527586573240063
row_017380,0.018250542380747886
row_028430,0.006518955004392864
row_038681,0.017771348242071477
row_045681,0.920230726621398
row_011756,0.004630475937327163
row_028291,0.5616314763111365
row_023568,0.07761555898290985
row_010828,0.10775200748921572
row_045799,0.03361395188890691
row_036214,0.040181156637071724
row_036553,0.01011274412068039
row_049778,0.07868941048684017
row_033935,0.900728409303116
row_037132,0.03949486832403728
row_027027,0.003604662121783841
row_045808,0.8940716800466101
row_044006,0.41055070252233583
row_047560,0.0015884824882525298
row_028120,0.016709880366545072
row_012018,0.190992141441837
row_000014,0.038853923819296594
row_001650,0.07651912150138969
row_007551,0.05351426462620576
row_028267,0.008480398797278937
row_001524,0.005702697759168797
row_017551,0.08256106564623036
row_032539,0.03344059947592306
row_012959,0.012778846227263187
row_004075,0.010017734675355341
row_012863,0.1603939772679639
row_009249,0.001634773571953802
row_011428,0.0007176693519886711
row_043820,0.0033037284730191444
row_016446,0.004934879029248241
row_040581,0.01603542963463252
row_007370,0.009210445722846003
row_031764,0.09772447132614591
row_020104,0.0035208776022228436
row_002965,0.07523418781071561
row_024505,0.8891329248750656
row_043910,0.005978263803196831
row_033496,0.07846629506343733
row_020416,0.03425348437933859
row_048282,0.0776364313054689
row_010221,0.3196611721568
row_010804,0.04373374839540051
row_022525,0.003291739143335321
row_045779,0.07828671001863194
row_008839,0.0079611981691886
row_013200,0.11470447447494939
row_013769,0.005039643643449593
row_024064,0.008803106377886262
row_045282,0.013242706077479757
row_030246,0.041380706248471774
row_041398,0.016041370439525665
row_015059,0.3682247812691796
row_024817,0.8846001319289603
row_008132,0.19609419278552684
row_049158,0.9991681197310348
row_035076,0.021798572743958484
row_039434,0.0049309025825235615
row_040567,0.003001229854745364
row_010423,0.13291097401375151
row_034628,0.07262444499864026
row_042368,0.2692544849155928
row_002926,0.8714372908591677
row_013349,0.012426855224794003
row_041314,0.9517243244202206
row_029421,0.005057158751812989
row_009176,0.01841859047869935
row_021405,0.031943040114415046
row_011645,0.02022100226445777
row_040716,0.050083489331380945
row_035052,0.021786510732175735
row_024451,0.8883590467206582
row_039818,0.08105129163632703
row_020761,0.1885307172441737
row_015679,0.0026619894767048857
row_021470,0.01380465837189969
row_044420,0.06943028139879485
row_001595,0.10175982991613249
row_025690,0.022786085032736533
row_019120,0.010600141894304728
row_039220,0.04259932242558162
row_022045,0.10739643982825839
row_011848,0.015375403522709032
row_047882,0.018145993609307187
row_029133,0.3236113164779971
row_040657,0.01859532630914681
row_011792,0.0033495544968481267
row_018991,0.013025555926294067
row_013435,0.11160250655478164
row_037135,0.05044538729323053
row_001861,0.4149694817002536
row_014262,0.549389559231041
row_019661,0.01390117923840876
row_002380,0.019045863566234247
row_006247,0.08425464102088773
row_015873,0.01637872353503521
row_040766,0.005928062328019057
row_023795,0.002617034916132733
row_014651,0.005727614067732889
row_002602,0.034116584754618096
row_041541,0.005902875206526633
row_006740,0.8380361725853178
row_006120,0.2192020386610948
row_043756,0.012468073013283038
row_008464,0.015660709630975496
row_045539,0.01510452929730274
row_029979,0.009179253008576253
row_028502,0.0022079395767060587
row_045649,0.22001748946582061
row_045151,0.036736552679044424
row_046424,0.04783372000501866
row_023216,0.016163363067590128
row_013415,0.00984332157196115
row_015297,0.07359846537727083
row_005874,0.0081297918122229
row_003737,0.4044446536153098
row_002666,0.08213882366140032
row_015221,0.05982461905232097
row_046510,0.5647839514752174
row_041259,0.5994685661351243
row_014670,0.49254920047224904
row_018983,0.552846263743335
row_016583,0.015446685757877936
row_032922,0.006135205745915122
row_024888,0.08399748107115554
row_046600,0.06601188139942694
row_034294,0.9832385604419447
row_040749,0.058943584141645425
row_000948,0.024081594157046124
row_004028,0.0005733631657965976
row_012129,0.02303994964935093
row_005058,0.007669821992794099
row_032141,0.01145142161936447
row_038812,0.030095242845006843
row_014305,0.6848130477335584
row_029160,0.009384471530206464
row_037591,0.2818839131884255
row_013354,0.6183118140137258
row_036710,0.00624922636939625
row_015918,0.03435564118167818
row_009105,0.007519146088654169
row_011730,0.9806378648079308
row_024697,0.25084019874771674
row_003135,0.0993630730158916
row_026603,0.05838956974668389
row_003528,0.12806976762861616
row_006068,0.08381599238777163
row_007946,0.003446290966705083
row_000643,0.016857003227129984
row_003441,0.42191399212035824
row_036250,0.01611342036759575
row_037162,0.06677580264008658
row_014829,0.012592384536309103
row_048873,0.0211539186210151
row_028159,0.024111542355300785
row_004959,0.011504338950303472
row_012428,0.005395226496233975
row_000079,0.056375505024129524
row_003372,0.030327231029049082
row_043444,0.08051429574126015
row_000274,0.31183944265464975
row_012805,0.01390494136651239
row_005569,0.20998128121473372
row_022269,0.02528784297569256
row_043537,0.008933391906370484
row_007822,0.032564252480662643
row_013755,0.05825222019787392
row_025628,0.14893119061219154
row_000389,0.06698986550612156
row_006917,0.48774102350066545
row_042247,0.46895967344239997
row_003288,0.0024430913338930244
row_005278,0.4486204725419786
row_020259,0.008404352063479299
row_013520,0.5898598843913013
row_000486,0.014864435070527694
row_014469,0.004037258238957156
row_006301,0.006053084799265786
row_039553,0.17404253730735258
row_046644,0.052691196808207136
row_025175,0.16266722679054763
row_028047,0.9033841145282293
row_018733,0.003530241664199659
row_017643,0.13606531345470746
row_043498,0.3681280855885868
row_008773,0.08447381622592014
row_006185,0.29047119879852235
row_010163,0.008960665953002054
row_036945,0.045250467264653045
row_007918,0.9714435095436883
row_011250,0.006120092418030873
row_040775,0.692082475946871
row_042879,0.0025954465808740623
row_008170,0.03464536726531614
row_037737,0.00465896347676307
row_004129,0.03607443468516105
row_023810,0.00601560346545583
row_022218,0.049443517531481726
row_030041,0.08219273133629595
row_042320,0.006355686080173867
row_043328,0.06265615101174711
row_017856,0.029181741511050803
row_033667,0.7033592326712179
row_003646,0.0020941574249484338
row_030914,0.009753125362354835
row_023597,0.029063073384077216
row_010885,0.04693171860074855
row_042136,0.00804177734094869
row_028847,0.010327987443102501
row_046760,0.13894724705568343
row_046469,0.014206950259109143
row_040605,0.9829793778622065
row_009437,0.017924764375075886
row_027280,0.004995366354853948
row_039713,0.015359525966503806
row_034072,0.09499948078433734
row_029087,0.019607223569725503
row_035921,0.030132538094393306
row_041995,0.00496792590730416
row_024875,0.03603354360037325
row_022715,0.022757347165264785
row_031479,0.005439108570098914
row_024419,0.09154590782808765
row_020376,0.04655953740298013
row_042849,0.7004834341054771
row_006479,0.0037723615667323318
row_038240,0.018912017976020774
row_014476,0.013202246682499304
row_008835,0.006320539890032863
row_021465,0.014826270149928569
row_031845,0.6824783695909507
row_039291,0.009967047632545745
row_008630,0.8953255410136064
row_023200,0.9456841651471889
row_032957,0.020591640720743987
row_028835,0.1059450032468317
row_040278,0.005891117904001436
row_047719,0.06452699441464005
row_003696,0.8523844201364315
row_004281,0.0065279394633768195
row_001993,0.02024947330280601
row_033852,0.017568603408409884
row_027662,0.045804983241756074
row_014484,0.009647822172023524
row_013823,0.13220401350759686
row_048631,0.39336487321821073
row_032898,0.00275867893194985
row_034007,0.37639810383879047
row_008022,0.10252688315632902
row_043767,0.004945852241087555
row_035385,0.043445648252278216
row_031884,0.6690548615020833
row_002241,0.2066534356508349
row_035461,0.11094570822041357
row_007144,0.5222690146741085
row_043088,0.014777694104986007
row_013417,0.023578237026187568
row_020090,0.00662315259539872
row_004287,0.149985036362981
row_028860,0.18011491395859763
row_022886,0.16327548114995571
row_031720,0.0069259169599900075
row_003390,0.06868411343795447
row_029999,0.8628563136809885
row_033508,0.44285704483018284
row_021385,0.01326129578656054
row_043921,0.016188963113543422
row_006799,0.006463960890304938
row_043383,0.04706945814845304
row_037624,0.046691726721563215
row_022127,0.026401767904157623
row_041577,0.34881090614576926
row_030367,0.00710042101057653
row_005939,0.0053811307788968
row_043166,0.10823408522371038
row_009934,0.002166562996932183
row_031854,0.9024100456830576
row_001737,0.06269826924712568
row_004721,0.01723675547608869
row_016173,0.01020095693817822
row_043804,0.048748427641772965
row_036345,0.18792548261585085
row_021678,0.014959377263637955
row_014287,0.03163937062139799
row_009091,0.7936828574266708
row_024387,0.011139146372812717
row_001040,0.007949643780062396
row_030305,0.10985460975334085
row_025748,0.002673614583698595
row_006080,0.002195506883973429
row_035518,0.28964216130971837
row_045029,0.9608392830418542
row_015446,0.017049983502756546
row_015307,0.19366190436506558
row_009302,0.9950812157401717
row_037227,0.0984625542666716
row_034505,0.3260527425907479
row_031440,0.03424011703400655
row_018942,0.18298802199476658
row_049997,0.004466037776955232
row_020608,0.1033335096213
row_037500,0.11719683248183885
row_025592,0.9475127508318767
row_035013,0.02258197446632334
row_019875,0.0745311425793799
row_041120,0.5389083662402451
row_028620,0.6270538457704503
row_002817,0.0076615636745900615
row_021137,0.8940896319453304
row_040829,0.008567589942338237
row_017968,0.02205479998165119
row_028548,0.059824339645473915
row_010816,0.006443055422960778
row_002592,0.2546918900804252
row_013945,0.006457360988233815
row_024494,0.036225453656004304
row_007707,0.020671173782708375
row_044998,0.16312505368425856
row_036726,0.1049214430956318
row_002619,0.03236212042168129
row_013375,0.22048386824055147
row_011203,0.2642097022403698
row_009325,0.024510656089657724
row_041894,0.11462392528044449
row_033763,0.03498366227737053
row_047474,0.0104864154844567
row_024102,0.020766872913041873
row_030469,0.821088234409943
row_044455,0.03135760672396169
row_027857,0.1455502034078615
row_025381,0.00473406156280741
row_015527,0.06983421488658395
row_009551,0.8329678164489772
row_046348,0.4386492356740204
row_020793,0.004192942354771073
row_007994,0.08198506979501069
row_000794,0.05439809968047683
row_005215,0.0191366187533758
row_044317,0.09189464427649818
row_018149,0.2183744817949529
row_034506,0.01432062874992793
row_033976,0.06476336442710252
row_035555,0.05747457275700212
row_020610,0.004783805556686954
row_022913,0.03676465137381599
row_042861,0.010413436489623451
row_002832,0.010906982741483655
row_043527,0.7258255360926961
row_043329,0.06998105617505455
row_037006,0.016780186518619157
row_002145,0.03872811632040008
row_019783,0.8442658313344198
row_001275,0.010776220884505553
row_049805,0.0021105747823591085
row_023833,0.8021268343166617
row_002039,0.9310711418545103
row_007259,0.03799719895455313
row_042001,0.6769647938957789
row_009495,0.15013148067885876
row_027459,0.002937052507597326
row_004928,0.032302199283544934
row_016107,0.022695434546531612
row_040804,0.015295253585099063
row_002582,0.2600639909848124
row_002357,0.062336789164802967
row_040227,0.03205979801069478
row_019296,0.016526703592412005
row_022073,0.03729360097539555
row_018712,0.005354157477472874
row_024084,0.016198959546605933
row_000400,0.031904212228227286
row_042690,0.939619400304304
row_034014,0.2750144539253735
row_022666,0.007588247516735579
row_010602,0.024187551301712337
row_009128,0.28909732804985355
row_041923,0.9360814686962887
row_044640,0.03665066384885214
row_009690,0.027998164742697992
row_004293,0.021682625597008738
row_031254,0.014551412821774391
row_027615,0.9329916649900649
row_047414,0.9851646446807367
row_040433,0.1292545623232968
row_009359,0.004748545396756135
row_041670,0.008494241130408923
row_007804,0.0029121551724644906
row_038902,0.26094876735448325
row_006026,0.15822801630803615
row_003304,0.0022518306795112552
row_006161,0.8696415253427247
row_005389,0.5685919123132217
row_014266,0.028659353846539296
row_002842,0.010039827897876911
row_031750,0.09263276511837393
row_001935,0.5868296731160426
row_018281,0.9353351941219252
row_024786,0.031335760416237125
row_029665,0.01142225849942817
row_019248,0.006838358668770009
row_009595,0.014474716403579387
row_033628,0.02478563742028217
row_014759,0.1444658067146509
row_004625,0.004734137195022706
row_022399,0.847888787336941
row_046593,0.0027720863897406096
row_017994,0.021446198752601776
row_015522,0.040229312608603934
row_030317,0.008135598283814322
row_012977,0.5076774364199992
row_015868,0.0018004307087468188
row_018093,0.0043064906609065505
row_047590,0.00259359846780322
row_034415,0.0035098927973925102
row_004213,0.008933726471092949
row_037195,0.7142554923544187
row_038306,0.3064596639773582
row_016037,0.9242628944056991
row_017311,0.040769847260398985
row_006770,0.5797880615015746
row_007614,0.020536734608555828
row_016108,0.04195001027640381
row_014703,0.06987732594837245
row_036917,0.6996291892298564
row_003578,0.04721557581802629
row_009724,0.07280884447658728
row_025294,0.00853352988962795
row_037323,0.0071188924798396
row_028313,0.006972308947249452
row_014357,0.2126640018205918
row_044740,0.02955523022587017
row_030760,0.010520479215580154
row_039869,0.09245173800377318
row_004219,0.3364354341806018
row_048419,0.0757820809087251
row_035304,0.00635099368666823
row_049311,0.11653948915895224
row_026501,0.6842665639072976
row_027768,0.0015243798800419345
row_031997,0.0014627843867977951
row_021642,0.8916527583915602
row_020284,0.13878179722454737
row_019924,0.012085900344437427
row_049807,0.01621242598768513
row_041707,0.14208772307759907
row_042266,0.016219998551365626
row_025172,0.061384924876460314
row_009738,0.011126876626987577
row_035607,0.00679651479596427
row_048709,0.016686000502460777
row_039620,0.048978077323529275
row_027943,0.22071734742490423
row_038165,0.20352988958328463
row_024161,0.004579801126219296
row_027242,0.038097727615900065
row_012861,0.01070883385242193
row_003516,0.009841156862211639
row_004361,0.26839205943625877
row_019077,0.04150765632448429
row_049911,0.02360390701165327
row_037583,0.04264298213706971
row_023807,0.30844370326596804
row_004949,0.26970336961529906
row_034869,0.2744062614375626
row_045319,0.025842377638667424
row_024468,0.0028003120429655813
row_045445,0.014902324351693863
row_037547,0.5023504267806507
row_027054,0.07279401242225635
row_013382,0.08863225290750909
row_023987,0.009269769420739312
row_003153,0.006986866859947672
row_026543,0.01553852855003758
row_008810,0.7347286721090428
row_034365,0.09539721644661349
row_038382,0.019635319321411396
row_015757,0.013020115971997861
row_037581,0.5167028026201411
row_036210,0.32594381074937545
row_033344,0.010876037607803084
row_038498,0.20870927315973822
row_031901,0.3596672062342166
row_042694,0.9695442371933713
row_024078,0.3657250963847138
row_004402,0.1259960608519611
row_028995,0.5272727802196076
row_003043,0.009093767392956692
row_037432,0.16175199267454504
row_015170,0.8224753124555679
row_018062,0.004670530938543201
row_014127,0.16283396578466686
row_012311,0.04636127077030747
row_032859,0.9934681301263975
row_006119,0.5070515977969285
row_008117,0.06090364209310804
row_011048,0.0663037327685828
row_012835,0.01943794500809285
row_006614,0.048665064374612085
row_019429,0.0049702018029071544
row_034613,0.16012872051033925
row_042943,0.019002378729808117
row_003017,0.006668933245894548
row_023622,0.06027214481063744
row_010048,0.05028936570848594
row_014113,0.042618524881307185
row_048430,0.5221160553390474
row_023360,0.055384920309423866
row_020933,0.007691873765725157
row_001165,0.21173199461957182
row_048883,0.010761860606599026
row_023097,0.01501238613098086
row_038489,0.9129225810769389
row_047524,0.02188178184573681
row_019177,0.05331185560452075
row_027587,0.07613948394265171
row_027714,0.010502891645474202
row_017661,0.016573885056245314
row_023849,0.980469339602199
row_019327,0.008966505823721877
row_029656,0.8010794197515835
row_045249,0.03887600288999124
row_039049,0.015346377999780728
row_017416,0.03473916809181379
row_014219,0.03633223790994143
row_033521,0.3868221604606903
row_045035,0.28185375678836305
row_011358,0.08064627338377262
row_033365,0.08950880845290059
row_037438,0.01272957574687147
row_006922,0.024838546995160048
row_037099,0.012772161629543342
row_028184,0.016886343384259088
row_001907,0.7110329623253382
row_029886,0.4771480201065469
row_049784,0.014308347580719085
row_049003,0.02339104551317281
row_004359,0.009545647571468141
row_016410,0.0012658688002644446
row_006274,0.08241630032544704
row_045457,0.028244951532264514
row_002981,0.03833748059143975
row_026436,0.19440850701424148
row_029511,0.6109489067837305
row_037139,0.08307778941226526
row_036702,0.06339538464697789
row_032522,0.011148023537435051
row_049632,0.471886970907088
row_008943,0.04280729621485086
row_031119,0.005156960237098196
row_038552,0.007913475777414341
row_007903,0.020905134630755003
row_021529,0.06479272781328457
row_023993,0.01755074593882353
row_030397,0.9346945220690138
row_004981,0.014445022480381977
row_042750,0.06715761115362906
row_017319,0.05755003844845961
row_036470,0.010095051520734805
row_017103,0.010502784748586153
row_032602,0.010806500704816218
row_017385,0.004688950592674224
row_019374,0.042193911222769845
row_029614,0.4119830530298557
row_009346,0.04708284092682455
row_025174,0.7192154782006308
row_008430,0.7640335451547231
row_008600,0.022557602570639754
row_004839,0.31886227305328957
row_023022,0.1363570976237085
row_026333,0.006939930611122717
row_037027,0.10916769550701064
row_049789,0.016432418401817625
row_044325,0.0039979942748930965
row_009742,0.0014283855498724073
row_033379,0.680808499738835
row_011871,0.3443286981297691
row_043540,0.008457629740533408
row_023064,0.07946261011264696
row_000405,0.951218597338184
row_014465,0.4992792766747971
row_047275,0.9905036099357376
row_008407,0.05501334093856208
row_000723,0.05950877722214076
row_034783,0.5550593507914353
row_021064,0.09425822171228768
row_012557,0.23395990601809544
row_001100,0.058677502076516314
row_002780,0.0027631437800975595
row_012649,0.024472754627783297
row_021261,0.019208105997681087
row_007654,0.7456101294119225
row_043988,0.06290561122628217
row_005230,0.7774544738625315
row_043267,0.013234067602050197
row_024966,0.1273686168041354
row_022810,0.030834760028802984
row_009811,0.07088383288841588
row_015936,0.03486339721789082
row_017607,0.008890219506500508
row_023107,0.02856517788994592
row_000068,0.0041832135368540645
row_044703,0.010101846784763946
row_018813,0.18510938996842918
row_014727,0.048220907898125415
row_032020,0.2303436666622436
row_023161,0.1807135964687092
row_047924,0.009801139380301124
row_040703,0.7433293681900617
row_014933,0.5406642336541837
row_035313,0.033713572508028256
row_024355,0.013041844112123044
row_027859,0.6389287721604262
row_014366,0.047799113565660786
row_035811,0.8971846340142773
row_028255,0.040774156888078054
row_025327,0.03115485999070503
row_034349,0.0028195941053384735
row_028245,0.1145765249125128
row_022652,0.019908162323383587
row_014238,0.35000199133343807
row_043779,0.0016276201388139308
row_012077,0.006873129935508871
row_007883,0.0261911616968721
row_042796,0.01704255769687356
row_007718,0.2965375446643408
row_000873,0.08863415780488498
row_013551,0.0239930286099531
row_046017,0.08886136958794388
row_024028,0.07404087350716056
row_044650,0.06453349579089121
row_036695,0.02143444248925292
row_023187,0.047722775009324606
row_043744,0.006622101990677473
row_022922,0.8541175910632667
row_011789,0.4180729996763436
row_002361,0.47228098855420514
row_021427,0.01243329246826199
row_031072,0.0080585256663834
row_036898,0.017902510726213072
row_004170,0.06461648719101615
row_046302,0.02703213693671196
row_004001,0.023399449754596707
row_013982,0.010097432564517192
row_020962,0.4159495341185084
row_044737,0.3619028284685688
row_002846,0.20109067930599478
row_001113,0.09483289526709193
row_012640,0.016481536342943318
row_014363,0.787960330413255
row_038587,0.0796843208080841
row_029588,0.14987343880751375
row_029778,0.006919360001046404
row_026471,0.33063678942270186
row_039623,0.24887901003434326
row_037001,0.00940508110730209
row_040800,0.008465949995648956
row_033624,0.3336940687797374
row_048613,0.8020950460260106
row_029494,0.0072824793100452236
row_016378,0.4421811227566706
row_042253,0.180994223242008
row_024087,0.030866439958139674
row_029321,0.1765752545340846
row_004157,0.015537549305784503
row_044426,0.024242619453535466
row_047149,0.9814887977621322
row_039075,0.011532912373762059
row_036147,0.008794616867798014
row_037545,0.05956875464983126
row_042285,0.06285280757951946
row_014956,0.018044245878869547
row_003653,0.01571370840052576
row_000011,0.006110460095923826
row_033169,0.03545251146347588
row_014894,0.0023713573377419474
row_043450,0.038978851260779185
row_013784,0.20164425207794834
row_015245,0.009624290110753879
row_039791,0.011391137136273533
row_036473,0.008354257887358411
row_010144,0.012785931148233804
row_047431,0.09338182353959364
row_010275,0.07582359976714027
row_012135,0.014664552075323679
row_022552,0.02349340671037419
row_024778,0.08347167486726806
row_046712,0.6226322842050827
row_031349,0.04101194105321837
row_040416,0.028605774724009245
row_014609,0.0332259493342747
row_039661,0.005969573193134391
row_045588,0.9832705597782732
row_004393,0.018088907192802414
row_023139,0.03771832561122822
row_004749,0.8637214040492238
row_030541,0.026731834711570365
row_032611,0.14105477687999324
row_016323,0.011289849637723046
row_012901,0.02215009339375045
row_031081,0.03500632840481794
row_007480,0.6140862774608482
row_047072,0.007649237646798369
row_041697,0.014071964455373953
row_045692,0.020103860315162717
row_027353,0.0659752082208827
row_001034,0.2682574017118752
row_038230,0.14410393918897615
row_039958,0.014923356109882569
row_034315,0.055100394853748236
row_034486,0.010138384903142998
row_008037,0.05403560601631474
row_014774,0.03422642530664681
row_037571,0.05042127438908704
row_025834,0.35905082696663976
row_039016,0.6779359652623309
row_038738,0.05249581552861776
row_033104,0.9404433790192818
row_033894,0.008553157934532022
row_040270,0.013360659878230803
row_032194,0.01089498313590075
row_024023,0.03935193263794956
row_000135,0.579258719822607
row_009087,0.024285916665288856
row_030695,0.20439054095884432
row_012349,0.7986159647091992
row_000680,0.8006138335074813
row_041979,0.4007246665395147
row_042880,0.012206250266679465
row_008832,0.0037406476874922764
row_022010,0.004174006302043655
row_037492,0.0055312377803799625
row_014242,0.04662936185314738
row_042462,0.006111819899995673
row_003312,0.7257294468990444
row_046444,0.08285636191637369
row_041895,0.006760064058130868
row_034876,0.029726467845602303
row_035377,0.2553205519832028
row_032847,0.7297796704631382
row_001582,0.09687606945013548
row_021196,0.7731827758029512
row_012963,0.2054093039582855
row_028036,0.7703891138135049
row_042902,0.0056482659992335
row_036538,0.02825331125699542
row_023729,0.0317856920771577
row_002820,0.005844026372163483
row_007715,0.009015711653708798
row_009654,0.0030176482793102064
row_011592,0.29895470889512643
row_039282,0.35230878014293876
row_007706,0.14059169172745037
row_033396,0.029620293198967265
row_018674,0.9614544018792971
row_039848,0.014753739038190512
row_023725,0.08760020119597695
row_040130,0.0021844375299747074
row_022335,0.022054561017792948
row_032295,0.00417655805245554
row_030752,0.03397729176707733
row_030315,0.4048086389585305
row_015378,0.15103536215247942
row_036198,0.2268564821849975
row_010452,0.02550818315592935
row_012075,0.005976234594748346
row_036030,0.016928968529273322
row_009525,0.4554647989326867
row_018317,0.00927378516919276
row_029840,0.0012456196516009424
row_020314,0.023178267796692922
row_032836,0.05125867511104018
row_042143,0.522410401710299
row_026744,0.7100732371089277
row_036120,0.2667212787483368
row_003905,0.02163627629942977
row_010608,0.005547272085111772
row_004385,0.16918043301361946
row_045947,0.06991087289443149
row_004882,0.05777986082903626
row_038132,0.04586563428594142
row_045626,0.0031552342248916854
row_013929,0.03264959477029908
row_041959,0.004973469870945492
row_007088,0.011322019411078663
row_018453,0.9742313675270156
row_001406,0.02501870993842604
row_044653,0.6919586530516209
row_001479,0.009662416673978467
row_028723,0.7754301785009108
row_019004,0.9270759618166462
row_031420,0.23853545359520506
row_007902,0.06467076842069347
row_030617,0.7582427757953828
row_041358,0.2112653220569587
row_044859,0.38308244621637766
row_019740,0.021928305414319525
row_001171,0.19191593407883778
row_029020,0.010842476265895636
row_006877,0.22808925044139244
row_016784,0.007287776682141823
row_004265,0.02306402263352233
row_003401,0.04052005034242809
row_048368,0.013202929487028205
row_019280,0.3918226496310636
row_032930,0.04952062709377293
row_033252,0.02870351516090046
row_029674,0.002498383165809988
row_009041,0.6181304600128716
row_043889,0.024268602959663422
row_003249,0.04295468621989311
row_003013,0.04421208390166459
row_041483,0.0032799764906523833
row_043860,0.028754905763900253
row_026520,0.04195128274189618
row_035573,0.9786301731565072
row_041215,0.007969274255919777
row_046973,0.030141660470438966
row_029240,0.06824927464899541
row_042466,0.07501003495922054
row_031839,0.036045936846430884
row_047977,0.017805305795752475
row_012012,0.17047522350432046
row_007787,0.035659930303039045
row_011955,0.013408415911432254
row_030279,0.9704468358595137
row_007373,0.07778795783488963
row_015249,0.014054621096084992
row_014260,0.24789277475526686
row_019171,0.0019824406529054734
row_036582,0.012701237959050548
row_000341,0.36330713428923833
row_000002,0.02160949361397931
row_002669,0.39989856959155295
row_024135,0.05053560726813505
row_025836,0.9696614824146818
row_005125,0.16310481003607274
row_040156,0.31476667416741083
row_005943,0.007906011693631332
row_017235,0.018281900605357285
row_010502,0.060622286580434746
row_003015,0.003920722043190783
row_044036,0.0026440257248716943
row_009876,0.05270103258500823
row_009812,0.06766214928903831
row_040611,0.08234715287362987
row_045278,0.07336892071285286
row_018884,0.02591720769772764
row_003868,0.0033362876469736572
row_006668,0.05429936353875128
row_005324,0.10740689639123494
row_038555,0.650829099114487
row_009568,0.2018267612361588
row_044064,0.021666984239757197
row_031215,0.023735229865766247
row_011514,0.06298632338243094
row_025449,0.010313258892540639
row_016405,0.012769239586602484
row_013163,0.020989269011151883
row_014668,0.20593930923820924
row_030801,0.024133320641065145
row_016421,0.13060838664548896
row_025629,0.033168061286418235
row_037513,0.918304868953159
row_005918,0.08561026584101175
row_003822,0.03760874625810347
row_016839,0.0023534303914877455
row_029081,0.054267287204128406
row_016146,0.6596411404365509
row_024258,0.014854550602949948
row_033930,0.3903304390086951
row_031692,0.874629158797731
row_000276,0.004987305467771997
row_041689,0.6418999645689027
row_035474,0.05409773182933164
row_034775,0.0457601222036068
row_011408,0.036200163517943834
row_029958,0.060546553736865655
row_026476,0.009481353287573845
row_012982,0.05243028211509255
row_002940,0.003712521497658351
row_019372,0.013248985590319569
row_020294,0.002915984999324092
row_021310,0.027778854406215907
row_009262,0.07764214808247351
row_024226,0.08542627004841864
row_043760,0.4590724019858493
row_003679,0.718896650322947
row_041198,0.009936333570339958
row_028444,0.9500364579346322
row_011580,0.10003649466343853
row_004972,0.02464435692250891
row_041347,0.5597415161037198
row_045773,0.006720112835992713
row_011327,0.05628448126047791
row_022022,0.01066648102495008
row_025282,0.03226349349784462
row_030917,0.024236140882554054
row_010947,0.018932314778720285
row_008613,0.2119993769795555
row_017462,0.034617596211521606
row_021432,0.006886852146924509
row_043157,0.11520939545843034
row_017218,0.5624403553083593
row_015030,0.4703470783291902
row_042137,0.9660662382021595
row_004228,0.020296590663776714
row_013775,0.04747024382938928
row_000958,0.02031168632696908
row_013617,0.017504140670186442
row_001432,0.9531625188781288
row_014848,0.7133787630482188
row_017015,0.9973083307271725
row_020688,0.1506522466558241
row_036671,0.011117176833756962
row_025330,0.6675885065188026
row_027827,0.018029614606919493
row_037530,0.011953594413678024
row_047749,0.4968615676707789
row_048985,0.01695837258830754
row_015359,0.0421132929560386
row_040831,0.009428467280007537
row_004413,0.05063071998091402
row_007697,0.014663473121290915
row_016158,0.051129588068177814
row_010851,0.015664664120702693
row_048349,0.003916377374373256
row_006794,0.07821293005833851
row_036045,0.9668857066338965
row_037327,0.12933134418593817
row_013373,0.005635392925070638
row_029986,0.03474786238369032
row_037283,0.023466097128947244
row_031892,0.8971717509250264
row_028770,0.0664469017035748
row_016544,0.5337766181361125
row_031941,0.006769701732867602
row_027854,0.03629919377445981
row_015737,0.05417921231514021
row_019807,0.13793386218764994
row_045100,0.01281575795779494
row_022567,0.008326591297525983
row_025027,0.017673138682226988
row_009991,0.056777526640274266
row_036028,0.001768348027078769
row_009434,0.35416389151689204
row_025280,0.9942399373377954
row_033351,0.0012427066077200003
row_013474,0.21246822526871648
row_048301,0.04553214774610358
row_041174,0.04942504923947363
row_032838,0.048009663038634756
row_003559,0.032921810773224786
row_003818,0.024132982313401823
row_014868,0.007537210004158376
row_033300,0.04382952787316323
row_042329,0.40494010202174835
row_011828,0.06422172812636984
row_004216,0.023471658483890295
row_048286,0.008401985866941776
row_049595,0.10470349756595394
row_036425,0.2843421403112104
row_049583,0.04441204176497521
row_005998,0.047242725258668815
row_042476,0.5958848524379915
row_006380,0.005495999015249458
row_011508,0.01696914614543202
row_024174,0.06977450463614351
row_042941,0.0021533400742190212
row_043178,0.02777112598842321
row_012868,0.30883408397168244
row_025715,0.0038528178711576175
row_039009,0.03725510478653693
row_024603,0.21548881634818118
row_015200,0.034195568748082036
row_007444,0.05255803982727326
row_046648,0.018331127309631285
row_042008,0.5945939826794965
row_037379,0.0019698020381302694
row_037084,0.7507665595041312
row_044934,0.3479166957437677
row_012834,0.15880820942490287
row_040011,0.3412025298920279
row_042688,0.12799967652309008
row_011617,0.0638413590912118
row_015772,0.02911331378821068
row_024196,0.007875644331238937
row_025997,0.08462667963632406
row_001048,0.013930567941703012
row_040521,0.005901931033210018
row_012050,0.31021680261929085
row_033605,0.0014940318655755072
row_006122,0.0003658248595362859
row_006149,0.012162501766880517
row_022547,0.040131908005196934
row_018065,0.006949934115588169
row_008917,0.07904393351716517
row_034036,0.016452567503237463
row_006420,0.012240507479360972
row_035487,0.15499032858675543
row_039657,0.006027438799861389
row_013664,0.0057295065266495
row_018376,0.2375307102054385
row_009880,0.024768115075631786
row_002469,0.0023294915446465995
row_028389,0.0051791956230317895
row_044526,0.002795474856560855
row_024001,0.0030576780306485834
row_002209,0.00451081088190213
row_047359,0.002825531945064395
row_023707,0.006493276052430722
row_005878,0.02164889379603954
row_022500,0.33717796572730885
row_008722,0.3132625326249944
row_000852,0.0031608619465744287
row_013364,0.5776101109987777
row_009841,0.023347415423578315
row_013540,0.01860547296878976
row_044834,0.08250209781382846
row_008409,0.0406958768686065
row_005691,0.010144543106820978
row_017032,0.9987367256048609
row_024381,0.003722180109539964
row_042175,0.014032125339826
row_003875,0.13622382270285258
row_047585,0.26581911983319956
row_019946,0.004655912387227828
row_024334,0.03837513969587569
row_031727,0.2634856681265182
row_015408,0.18220636902817244
row_016493,0.9659759890376327
row_004921,0.20776611046198332
row_019190,0.07801694806964168
row_029534,0.002562228062433627
row_028658,0.03288581666488018
row_028756,0.005786006175415313
row_012727,0.028907702458770633
row_006435,0.13299383240953572
row_011518,0.01652018203818944
row_035351,0.0249772504092641
row_015725,0.002705061926774388
row_019021,0.029617605508670933
row_032417,0.0014462883223302924
row_013705,0.04806685979765603
row_017633,0.014563009936509223
row_011336,0.010886188843168944
row_009974,0.07048036398204612
row_044518,0.20749675518854852
row_013662,0.11900077780569138
row_005515,0.7884893196948778
row_047591,0.1250764669286001
row_048895,0.2776421897529336
row_022243,0.014219848618148354
row_032997,0.8281817581810028
row_040869,0.10299134616249386
row_048590,0.016167210621189948
row_037633,0.42755512460411843
row_010258,0.036273236338281924
row_030674,0.0017350166294951934
row_048671,0.518841965625231
row_031432,0.04132748270345486
row_016079,0.3366832667914639
row_022640,0.024028152434376348
row_007401,0.1911432743945006
row_015708,0.007018100609804862
row_049599,0.015150858333447696
row_007083,0.03908616878071622
row_022556,0.015054522976921805
row_049103,0.005697651011228707
row_018138,0.1048232927144674
row_020339,0.07547996857992952
row_017174,0.029303865283536845
row_001938,0.056821589093024705
row_017741,0.9539111638325908
row_006707,0.9239118844668754
row_041950,0.008068692032052984
row_020552,0.018457909247380784
row_043281,0.011154879799241825
row_049273,0.034512086190072164
row_034278,0.02056051643275742
row_048364,0.012665477255689497
row_000454,0.02427071789780927
row_021709,0.022598301600136126
row_011625,0.30896723785996105
row_026339,0.20459697516022607
row_041415,0.9690356689000988
row_017452,0.012053867280272603
row_012448,0.005485834754979203
row_037437,0.013279399436322448
row_011970,0.9946455664805101
row_043221,0.00531217869671761
row_031244,0.45971366762144705
row_031900,0.0009307889228783663
row_001009,0.17562458812277118
row_028761,0.9506844093081618
row_019301,0.0012231408256903865
row_007842,0.19174484775596728
row_022174,0.040489879336701236
row_021218,0.0021835909252335304
row_044233,0.06965198010813059
row_047417,0.12755510120553207
row_017543,0.014878119315747104
row_044452,0.005126228779540233
row_020288,0.007718358564605472
row_011019,0.039102173210871886
row_032925,0.17211843385572903
row_018589,0.0015189389462942123
row_041246,0.009517669901784254
row_038283,0.013333768208121337
row_039389,0.005176603067448977
row_010047,0.014827485463476477
row_016142,0.014796618997734193
row_004579,0.061777751024725616
row_014737,0.01561872274115787
row_024220,0.0029175698669813167
row_005607,0.006331496789361846
row_030995,0.04542259033956342
row_040574,0.32275860247155186
row_029034,0.47031031937928824
row_032200,0.0017739337789847767
row_041705,0.9845208125893559
row_019764,0.10822825762149761
row_001552,0.031274143983861906
row_049751,0.023835481240772574
row_033995,0.14694313215859078
row_018815,0.014569293825617894
row_000408,0.12190798388246185
row_030741,0.03493120120851777
row_047271,0.01890685951307308
row_025863,0.005087929871459951
row_031657,0.11742208523210573
row_017929,0.023381331507267844
row_001846,0.005882552007128696
row_017608,0.008669580819552476
row_041867,0.03886845800624184
row_034689,0.007138463727083609
row_046524,0.009252271828804517
row_023822,0.3067785671481865
row_024719,0.9879124872508774
row_046900,0.17135181034269573
row_034845,0.102665888712574
row_049105,0.9944081024457683
row_007357,0.0100059578418245
row_024162,0.02571209071888062
row_044796,0.012391342101375984
row_009092,0.10675030349731843
row_041556,0.1837693656791313
row_048050,0.022430003280938453
row_001497,0.08679599081764179
row_006572,0.013303576911050007
row_010532,0.6495011512963701
row_006278,0.008260783008227622
row_029695,0.030324551034536778
row_024844,0.006481936550042762
row_044410,0.29991298954331375
row_007491,0.0028747449920353014
row_030239,0.04321755678625719
row_001159,0.20288860577175968
row_038231,0.4233163167177203
row_004073,0.0011203757525091482
row_010615,0.05780582427193759
row_048738,0.7919667718072226
row_024740,0.017657496740751268
row_044259,0.019536629979140192
row_037228,0.013674301963955589
row_033370,0.014024835472355883
row_049352,0.020609894017523795
row_028220,0.010119555881676982
row_038619,0.004398117968781509
row_046801,0.0374929583108404
row_017360,0.12786001399909017
row_037544,0.023111897616609423
row_036044,0.008828476279893182
row_011446,0.05220113543710361
row_026042,0.01053284776709159
row_011208,0.25995527351818387
row_035546,0.8556912539207482
row_033454,0.3979630291433859
row_015421,0.6297130797912833
row_047336,0.047446245401456276
row_009204,0.012172837831969999
row_020365,0.05821815210177558
row_045969,0.05451003761060966
row_042584,0.7385190285327163
row_044659,0.016271161446906556
row_003928,0.005339379751688287
row_016836,0.06722545545927383
row_003614,0.003029123308585094
row_048533,0.11595030783737038
row_026754,0.9718275249614086
row_022994,0.14634170517771122
row_006071,0.017770763046627266
row_019367,0.10334877690462799
row_000752,0.04502388849466969
row_004740,0.014554029058166938
row_035237,0.0016545014494523647
row_012172,0.014946730574902874
row_016818,0.0010054144687382466
row_020843,0.03792361687366347
row_036589,0.24542819606718075
row_022520,0.257297781794683
row_025070,0.017159969043188786
row_024227,0.016826979298711787
row_036932,0.7521701781304309
row_022872,0.01106816177023363
row_033285,0.6561562505817472
row_022828,0.023012471417749977
row_039161,0.13171180138633623
row_023523,0.009430111649854824
row_040023,0.8563757773109123
row_030090,0.0025648870528563687
row_025948,0.136942756588218
row_007744,0.016635313457034857
row_041296,0.029853747777477985
row_048574,0.008502358759806605
row_044533,0.05767484932855969
row_010815,0.26162135483762444
row_049868,0.0399945789927439
row_048108,0.4787510728068892
row_008701,0.07072833671330639
row_040500,0.05564212134395177
row_017611,0.04535415088378797
row_004863,0.6149288218104393
row_014856,0.05225916772348732
row_048761,0.36822574501128214
row_019579,0.013895611681686564
row_023117,0.0034191674897823764
row_011644,0.21986378545374413
row_032265,0.8812758885958556
row_049426,0.018001374287650765
row_018730,0.16212376127986036
row_034829,0.00131854811250725
row_035572,0.004359919812648853
row_009151,0.06418644938445477
row_021496,0.4941832274000332
row_049459,0.03809160129195622
row_031248,0.22769064379300596
row_009543,0.017568412813215268
row_001671,0.22838272400366688
row_020269,0.06894905182445757
row_021579,0.02316944166707989
row_039767,0.02342511285296448
row_010161,0.00672183930872605
row_038479,0.02581376617754965
row_021902,0.012514402506849029
row_006807,0.9551890945739041
row_015581,0.003294180053676447
row_000180,0.0282766052182245
row_015699,0.019553671905872982
row_030959,0.09566072903819009
row_034801,0.4336799695837318
row_018140,0.005183751369443366
row_036682,0.08907518644596106
row_041881,0.22323875556894374
row_036498,0.2378501237218197
row_004979,0.008635339183195742
row_033254,0.46994882177215286
row_005292,0.14781334753616251
row_049620,0.0054127300413023775
row_022630,0.6747374216238249
row_000514,0.003030290797660582
row_032468,0.014823717388710574
row_031068,0.19707340999163625
row_017153,0.05517113456939019
row_008441,0.008352709267453797
row_021068,0.018824359288856365
row_048417,0.07816727635100561
row_017368,0.17397766413701218
row_023960,0.43258146358781435
row_028545,0.01923890426104509
row_027691,0.022011226054119738
row_002784,0.05274285009184927
row_009660,0.49553175136187194
row_031326,0.766073887882525
row_030383,0.09068131825767398
row_026663,0.027733431518140318
row_001803,0.8711024199836008
row_000698,0.03011419965647231
row_025594,0.04887471316497213
row_034340,0.1268004138492822
row_009167,0.22720071243670234
row_038160,0.4739572868354525
row_003115,0.06350181945982668
row_030338,0.05908912828552796
row_034472,0.003936547221558609
row_012416,0.012696804875246288
row_008153,0.02890917353584309
row_019598,0.04590119155758739
row_031400,0.009476405246756152
row_007996,0.006730868448053387
row_043785,0.035791299497696175
row_031255,0.03811729301616196
row_014588,0.02639154847462702
row_018285,0.018571138311219888
row_013062,0.05009188464316409
row_049979,0.01482153585428431
row_006661,0.9661194752691312
row_039743,0.025696532793277514
row_033697,0.07174718863405971
row_043449,0.3959540080958209
row_036836,0.04800414932452711
row_021046,0.034630685186368484
row_035368,0.8311012838169286
row_044328,0.5894205109823732
row_042405,0.05397005665756809
row_029716,0.013152003437658833
row_027327,0.22419493846583388
row_041432,0.08484553035291159
row_018242,0.14826344485125903
row_001003,0.4963046493617894
row_044345,0.7355951547027266
row_003139,0.9601124265805092
row_030598,0.5682193049939634
row_049162,0.007247743062277524
row_003178,0.14466262559847193
row_014892,0.3191715301469605
row_000969,0.004384545096987714
row_019706,0.10513092774185442
row_015433,0.4079424267950118
row_006658,0.021837051705885107
row_040909,0.06442927836432731
row_019283,0.019424792323342245
row_000636,0.016394211811436785
row_049477,0.021968926950598475
row_008958,0.004847258259288795
row_001740,0.008775073884741125
row_008557,0.023601187485212935
row_021192,0.023476986623360105
row_049618,0.043640880085790756
row_029845,0.019575102746420853
row_012965,0.019917499162320575
row_043560,0.2913680490024139
row_037793,0.014899774358447596
row_013401,0.04319718414318748
row_035619,0.10342264194786709
row_032840,0.006845900517300935
row_010768,0.00928674645981566
row_037844,0.03823997017725972
row_004522,0.01999133137588313
row_002229,0.002165044193662144
row_032027,0.08251542829833947
row_027646,0.8076033345118715
row_041812,0.015528030992983482
row_035770,0.013007480232850118
row_032465,0.00983587885718287
row_026158,0.008555108095406614
row_004072,0.009697116077098458
row_045817,0.017458727382356192
row_002369,0.18027321007051544
row_006927,0.018873742023075055
row_023032,0.015534241539778119
row_032168,0.034335416883305124
row_025740,0.007579021694412547
row_026790,0.0063522201920056896
row_049401,0.052570055026874785
row_006971,0.0024119145714105706
row_040751,0.018388714074083323
row_010283,0.0020587181312236
row_021412,0.0055586104081244885
row_037369,0.019220941026375744
row_047254,0.022099859415300842
row_009980,0.001977736132463959
row_002752,0.08145950859967588
row_034171,0.4020744028273596
row_014720,0.00769779956878578
row_048326,0.8910220958348202
row_039394,0.004296208461258314
row_024067,0.003794202340525848
row_008086,0.008708309606660237
row_040885,0.0652035505426602
row_021014,0.13656393036784895
row_005505,0.4442133006980731
row_036800,0.025543098903028184
row_030385,0.12047165686356959
row_045608,0.05045372374882106
row_001280,0.04728531690876338
row_031135,0.10604979600974473
row_031743,0.009758317231465266
row_000689,0.01282307306169601
row_001342,0.011180112034755225
row_046647,0.49378408726180334
row_035504,0.003432629286853876
row_043917,0.18594718673929012
row_006570,0.008050814216680224
row_027395,0.014039648594627696
row_034071,0.07428095055221555
row_040575,0.19920528765315645
row_001161,0.12109748693890886
row_032536,0.006066927955100084
row_044957,0.026166001767836657
row_022944,0.008212969087473234
row_006674,0.0250226819708105
row_001541,0.963066542079579
row_012358,0.05810057556156688
row_043074,0.10613590210140444
row_037210,0.46785506168604646
row_040970,0.259350563685233
row_028174,0.10914753157697037
row_023760,0.008483308924417173
row_010714,0.0010576857749108224
row_047903,0.8410353220071657
row_000156,0.004965959430678365
row_007969,0.4965127877071104
row_015819,0.00312350103149462
row_033003,0.06754847649829199
row_021818,0.06136414760544996
row_046071,0.7558330628775616
row_005237,0.3167113008905825
row_029864,0.014719988374978898
row_044168,0.0042982150861286044
row_032348,0.17449830201118544
row_029547,0.062045975659531655
row_029439,0.774712665698401
row_003832,0.007060653068975771
row_027075,0.2713078384884292
row_005571,0.6531264927795348
row_027755,0.04605776597277708
row_007813,0.027107646182380603
row_005803,0.19018516050288053
row_015993,0.059978376553332866
row_020598,0.08622891626195492
row_018502,0.8300295127589392
row_008128,0.009287941150431765
row_024183,0.03617199876346013
row_040387,0.006965251333432782
row_008581,0.023599622117471283
row_037764,0.01764464439803493
row_020882,0.0042436143281037834
row_033414,0.06742567299798528
row_016858,0.02722614402159552
row_013234,0.012344938259151565
row_006631,0.035233666176840456
row_020958,0.007617324671060803
row_045414,0.03274340293521392
row_007285,0.010806353072823438
row_040743,0.021697372189401237
row_040286,0.41439952565281757
row_006186,0.0050338340666873475
row_004870,0.016771300255171966
row_045598,0.014786586711679128
row_022883,0.7705614628781527
row_012889,0.001481962518780163
row_038781,0.015235574801542117
row_003854,0.962794005550254
row_023792,0.7461996809294082
row_028474,0.026618883399746256
row_028347,0.11244751155246058
row_010012,0.012738465874358104
row_008528,0.0049651028722863455
row_029481,0.0029246631411322214
row_029632,0.017673694095334525
row_012615,0.15854650919272711
row_014982,0.18670809029595795
row_009435,0.0028875268887131444
row_041611,0.9719668018231522
row_040682,0.02412411652573606
row_010374,0.20388882170379877
row_017426,0.1473129088040997
row_013989,0.007096415866829897
row_010542,0.5043494645730541
row_028308,0.1556039902698387
row_044494,0.0032441462103349576
row_000207,0.07535904060642326
row_002814,0.043385904020486726
row_023398,0.013900374204518163
row_014321,0.007301005225585118
row_009755,0.8024991409445514
row_020845,0.0022130307076666162
row_026615,0.005950507319090885
row_016151,0.0038192215241774864
row_033022,0.017618036435530865
row_029369,0.032260420721013656
row_024691,0.09958340003706145
row_001503,0.012303904769987405
row_015817,0.01986863157494029
row_001163,0.04034465595812135
row_038537,0.0026702928987350346
row_003503,0.09633628863212322
row_037112,0.07027662320165178
row_003855,0.9860383489801402
row_028063,0.08159213014012737
row_007469,0.6574846660600601
row_019546,0.9244297138829048
row_000647,0.006515843856976487
row_044912,0.012511822970345907
row_016715,0.04460436085923959
row_049057,0.005007912641725044
row_029327,0.08244717096108621
row_042007,0.043913024383296195
row_007253,0.032753666235861845
row_040947,0.951193342340179
row_043245,0.016825686827017003
row_027421,0.0099626496135952
row_016160,0.0279442474596389
row_030992,0.7359762983019388
row_016412,0.055188807526846656
row_048715,0.06779652863437288
row_038226,0.002559556607170547
row_009771,0.00044260836472906714
row_001990,0.007669955577498358
row_033409,0.29761114161675534
row_031488,0.0013659161123155367
row_017446,0.028065840822265063
row_006256,0.02312396518471157
row_036073,0.6452144316608952
row_049686,0.1375665329035417
row_042098,0.1368005407447493
row_031132,0.023172704916695677
row_026659,0.006667115159785648
row_028025,0.06877177527515708
row_014665,0.027261449928469593
row_030592,0.02742581871565418
row_014738,0.011681983801423317
row_030664,0.04804391493270792
row_042976,0.007389961632848973
row_022187,0.914765541398185
row_019464,0.02751775695016607
row_040978,0.9048894723619529
row_031528,0.41774310768293693
row_003781,0.669882467657805
row_025569,0.060455827035873544
row_024727,0.33669804825802213
row_003317,0.05627384262015197
row_032823,0.07563388789576268
row_017961,0.4550684053717864
row_006098,0.009557502287695018
row_040963,0.11784872128939519
row_023145,0.04817008799065943
row_034051,0.004525325657199772
row_029572,0.270361658929997
row_029774,0.9381077275301335
row_045017,0.7707483704446273
row_048871,0.02605842994303223
row_032280,0.1475764816685143
row_044223,0.7761994079780513
row_033829,0.023740484423391495
row_027640,0.7679476736287565
row_006042,0.9241611796260235
row_005317,0.006798749092932386
row_008233,0.020636926615869126
row_026803,0.08492172242598561
row_011609,0.03316747883985496
row_040767,0.0136183881741756
row_013070,0.07819462945217727
row_001287,0.0015279371347757008
row_025799,0.002840760188516198
row_036043,0.021276752466699272
row_025621,0.1980290800259864
row_034362,0.0021656504262728203
row_013721,0.07215965450185205
row_033801,0.0010523043025061985
row_009009,0.011641341230188257
row_048114,0.04106693383829231
row_002001,0.8694318938272239
row_021811,0.0431993610797859
row_013388,0.00162673347933759
row_027625,0.06251995610101194
row_042724,0.0009193139835906053
row_045173,0.10674383149581124
row_045509,0.10221401511530505
row_009284,0.07409680422993106
row_038462,0.0366080304478925
row_011950,0.0038749290645158797
row_040595,0.4364176715563292
row_046257,0.015595455447090218
row_026513,0.050884917693902645
row_014409,0.24512648041715207
row_036895,0.600011724281006
row_019963,0.10254808120150388
row_004664,0.17026019962286615
row_012993,0.024965530799733546
row_030548,0.02610363460521612
row_042144,0.016014330354300825
row_046437,0.004632044690774811
row_000830,0.012250392073556183
row_034397,0.3572747839635367
row_004257,0.0037215252665929815
row_004754,0.01295425994981621
row_049474,0.5040689949417464
row_037792,0.009684117486864475
row_032967,0.18856719644143202
row_011560,0.055246585016494744
row_019414,0.007354229310912598
row_022221,0.1506528590086021
row_004098,0.18935842555603535
row_003970,0.1435890942482328
row_023226,0.006299351129215222
row_048292,0.006260464768529167
row_016020,0.005583416917503705
row_045945,0.5680821891574581
row_006616,0.10955361105494299
row_044948,0.13433840353269072
row_004486,0.9024596407670424
row_026492,0.03197982632316527
row_006446,0.0384668200631829
row_017923,0.0009440242318615071
row_015417,0.029997696772600616
row_039314,0.0812541719492372
row_005686,0.8838228959249811
row_048610,0.04936418668634394
row_024637,0.009611023569281795
row_028462,0.0035431598142350576
row_023348,0.16603170747829463
row_032238,0.6097293112125927
row_044184,0.04561162703248201
row_045078,0.023352253219029742
row_000994,0.0045052457614140435
row_048564,0.07347349072515781
row_008180,0.005594817668390605
row_029246,0.11099974515205299
row_001978,0.3020883482411062
row_008143,0.3618200482677666
row_042073,0.011719266212753127
row_035421,0.11068317216923003
row_008035,0.00444845711990191
row_040850,0.002995237773302657
row_000734,0.04224051876225367
row_034627,0.010294064933187162
row_029996,0.015116230901017092
row_049605,0.5022416235172108
row_029872,0.009300434608236999
row_039492,0.4919543640688217
row_010650,0.04853974858628391
row_048732,0.09795200972614287
row_020010,0.11825190808369167
row_025105,0.025399275383276618
row_014062,0.011899269828930581
row_012343,0.1579604549828337
row_025412,0.00517607152482831
row_044771,0.6368670270526691
row_006225,0.07643618836772562
row_012595,0.05347365124130131
row_031364,0.8085469740970298
row_010551,0.2883174348172066
row_010610,0.022779490552304767
row_018568,0.008823493839972264
row_025536,0.358244711841804
row_034542,0.01523852921728503
row_023071,0.8318585108339897
row_013879,0.12609218077895112
row_017591,0.020796267613897933
row_035067,0.7288932271811125
row_038918,0.6810823716125366
row_045891,0.26036707319590946
row_031838,0.01914119918462781
row_008193,0.047810074732583946
row_006283,0.15328665480833273
row_014428,0.030864538390498155
row_048899,0.0029851650148144445
row_010381,0.2846898526212257
row_046819,0.047712927138408724
row_016713,0.014601219977003914
row_000342,0.007418397250178519
row_045865,0.2888104436244528
row_017737,0.018065336384001124
row_049705,0.009645885832666908
row_016696,0.27411149665916035
row_023371,0.0027367197268657623
row_043220,0.008711497937706088
row_031383,0.07267840588427493
row_022109,0.0076335719100299754
row_003904,0.1552973891927129
row_000555,0.14412224233914073
row_024976,0.0874979968762698
row_035269,0.001510661937316724
row_016460,0.04109154600592391
row_042568,0.9080638771599889
row_018875,0.02092364394716737
row_005578,0.004410506400223122
row_018947,0.005961670910420847
row_004055,0.2962442386857159
row_044249,0.004046999638519995
row_030416,0.003549393132933073
row_044393,0.017811922708899884
row_015907,0.04297281810538411
row_028618,0.02645908062580413
row_010246,0.03974294838826878
row_004771,0.19312908741622875
row_005877,0.07463915376324834
row_002390,0.13989425301101255
row_028973,0.9685054198503249
row_048104,0.0011503641224955975
row_012344,0.004396847709696318
row_033860,0.0034768850894159645
row_015750,0.15756410658806086
row_030089,0.008395840033995456
row_007115,0.01650498738828676
row_007096,0.32045824478312096
row_046594,0.13032167701129915
row_011693,0.028894190519241067
row_018121,0.023085242557494688
row_006108,0.5398688746205493
row_006651,0.009040393834313666
row_016847,0.1477303372379088
row_034523,0.11381148177074477
row_017760,0.9475798100589291
row_046948,0.044088179578220296
row_048504,0.008014262926065118
row_018375,0.01061028631106261
row_020084,0.04664517808688425
row_002566,0.33160957017239967
row_028178,0.0022778210909107323
row_015226,0.0055219496293660774
row_034582,0.006018314524894364
row_036166,0.0215636630498037
row_048679,0.00416597290705895
row_049375,0.34061400752762366
row_030599,0.011714019351972926
row_041205,0.014525903786628967
row_044145,0.03745231773891163
row_021605,0.04489734592880318
row_007568,0.012316054959607903
row_035967,0.14869423580197066
row_040677,0.031242359020090447
row_049007,0.10847529199331703
row_023463,0.6549770474983744
row_030940,0.004722593464879366
row_014767,0.5405896280477481
row_046844,0.37674174830619683
row_012565,0.6383365446393549
row_004264,0.21281537979246037
row_003176,0.46235926628736085
row_012658,0.3498602089195289
row_027309,0.1404229370830412
row_017698,0.5409676750769336
row_049567,0.027365373454930945
row_037897,0.003602423676786954
row_020325,0.00291778104612632
row_024806,0.017834191141766785
row_039415,0.056747469608307455
row_027487,0.18913444278243852
row_001718,0.01749923065436952
row_049531,0.024690273713766652
row_035223,0.6451804133107266
row_044472,0.06013221400071241
row_038140,0.003370206769624064
row_040080,0.0031361911656603908
row_034511,0.07272102350488341
row_005083,0.41082081190142633
row_012059,0.1516740159650201
row_046856,0.4379521584040158
row_024170,0.011216529581629246
row_037483,0.030262141971470525
row_049829,0.21678555683400405
row_027294,0.9399343809703249
row_005675,0.2910145046070326
row_030782,0.07965168391375026
row_045081,0.14365541956853217
row_023270,0.1320503508474788
row_038018,0.050328557324836425
row_036905,0.02205633200630915
row_024568,0.007630749932408672
row_041368,0.002637612021453318
row_018841,0.004110637868470575
row_015308,0.014367497502393837
row_005598,0.024209140282228123
row_023423,0.7958502123049374
row_013810,0.02216594796670478
row_000043,0.017886789631605542
row_002448,0.17362052411720558
row_028458,0.02001040008236076
row_023112,0.12732832225966703
row_013607,0.29678037596565476
row_001917,0.03277810265128869
row_016817,0.07900769078265713
row_036333,0.005240665535075164
row_037011,0.00695478639520423
row_015276,0.03418187665136993
row_029015,0.3448686604910407
row_010857,0.02211933283096353
row_013162,0.059856125078618504
row_013069,0.013494570838897966
row_043246,0.02226719542661989
row_024807,0.0014657448847420135
row_004560,0.928278093269828
row_016969,0.3305998404133793
row_029147,0.0064836342268365
row_049896,0.21011659787908993
row_008869,0.04229481724356699
row_040734,0.1342938843517728
row_045757,0.0031654371094724026
row_030826,0.026420803150948226
row_017779,0.0031686737026005267
row_017198,0.00529061614395946
row_021318,0.7946846837618847
row_017653,0.024623575748219405
row_004027,0.05524394606153236
row_021016,0.14220835473629778
row_048396,0.04653828266070873
row_007623,0.006267778642383469
row_028786,0.24992437040914092
row_042497,0.028464837061689074
row_042699,0.03730334360475326
row_026332,0.02050768437029756
row_023303,0.9512299245546473
row_035280,0.4658443759666025
row_037368,0.006603228396370648
row_045521,0.006866313626801573
row_021048,0.9937037016828678
row_049434,0.07982219580818062
row_036577,0.0009945023400207485
row_027648,0.09687401118781777
row_048219,0.5598602864335991
row_038158,0.031784579897245945
row_008974,0.33503560888664224
row_033304,0.2566309311636181
row_039427,0.5875939936538213
row_023914,0.04029262901128326
row_042506,0.050579353740588064
row_012123,0.05034382683930477
row_006575,0.2524110735469058
row_006654,0.3788839423458302
row_012199,0.9819899793849939
row_037740,0.1317561620422098
row_000717,0.4461587079315167
row_003551,0.027320867444025853
row_043476,0.011037508535560327
row_023737,0.0037144451898339613
row_004251,0.26400174860516057
row_048812,0.9457281160589228
row_009795,0.043378011054956284
row_029377,0.002879963080352082
row_008120,0.12009832951652134
row_000125,0.09998216605279162
row_012596,0.02735643570230175
row_041042,0.18861223667833302
row_012121,0.01279054105726711
row_045542,0.022272261049823366
row_037249,0.0018065679484700772
row_024668,0.05250595496057463
row_018592,0.0028441839970729877
row_017064,0.1231071654553643
row_039655,0.15449410054741464
row_028556,0.155707710944459
row_003784,0.021541968333955865
row_013286,0.011655582224803904
row_039133,0.7003165661625619
row_045890,0.4539845872328473
row_023926,0.022677200158697938
row_023769,0.01572371493506752
row_020864,0.054453493747072486
row_015799,0.11263105057548427
row_013244,0.08736061010830824
row_014214,0.10115607733658522
row_015228,0.05813395365315177
row_049308,0.007387738089638834
row_038478,0.03133973259139004
row_009802,0.06900327717189067
row_039742,0.052431063806683505
row_021277,0.035363087029719804
row_030589,0.014445716000923058
row_023434,0.934494651656424
row_045113,0.1683153378480092
row_006194,0.0435544760343095
row_027186,0.005732379543153459
row_004577,0.4847273869549356
row_006990,0.016437692476515213
row_003455,0.05627691556390645
row_040753,0.031436075889972326
row_049926,0.005307777307559578
row_036006,0.0050701295489673365
row_026909,0.18822887814155828
row_002761,0.11805453348778402
row_033451,0.005645688273108554
row_013014,0.016405453778504553
row_005532,0.7275311393876893
row_026788,0.06311733636695761
row_039209,0.002473585320771851
row_000896,0.13515391578913594
row_023411,0.03282698192149279
row_017809,0.02212181535985144
row_038927,0.6748270186252016
row_037667,0.7705722248133986
row_031091,0.02244296402028821
row_018487,0.22904042375726527
row_017892,0.0005274959275286262
row_035698,0.0067452811709007715
row_028577,0.020260296958904543
row_006235,0.06552213966343194
row_003890,0.5452055205880648
row_046765,0.041305629279015946
row_042846,0.14143425803733173
row_038879,0.20558272918856105
row_048567,0.0040241122838880405
row_032935,0.18344394962158267
row_047259,0.004514532065747348
row_000189,0.05927231736347279
row_044720,0.2559265339233499
row_025664,0.006398836584736483
row_043609,0.011930756286368319
row_039177,0.07652648410610913
row_038602,0.003079156495915274
row_048821,0.004474566248190166
row_028811,0.011675547118573949
row_000613,0.01790560745120445
row_008956,0.011641375581194678
row_035979,0.0842438507782921
row_000423,0.006896696990946944
row_038795,0.11062291970517481
row_033198,0.07355174858807817
row_019573,0.30376978617495776
row_041443,0.2230183466114819
row_021747,0.24912618043168092
row_019865,0.2755185792105956
row_019621,0.08496666410899839
row_028441,0.005536348159034331
row_004608,0.04724356106778307
row_005185,0.011143285287716957
row_021626,0.012394687051305954
row_046458,0.028835583987009132
row_002417,0.0020959826878858474
row_005913,0.09804673832151097
row_040167,0.2843833116965273
row_039948,0.05275060491886306
row_008738,0.033466810497961
row_025307,0.05752198416183033
row_000089,0.009290533755568695
row_044463,0.7154985939112962
row_013021,0.6525181074344505
row_022976,0.006557919037457196
row_024954,0.016076706513775706
row_024132,0.005243259531954256
row_032937,0.1563459456916303
row_039593,0.5641430625913147
row_019548,0.00756384763098304
row_003672,0.013464243020728794
row_028540,0.006968217082047855
row_000460,0.25371573326987734
row_000142,0.15191498842363604
row_009890,0.0026872628912611826
row_038362,0.01514199917910291
row_006731,0.9827266719396186
row_017195,0.009867647389065332
row_033395,0.9652035631906941
row_037936,0.13369718314147977
row_038032,0.045849511931668405
row_015409,0.006984882908093742
row_023826,0.23287905486010516
row_034069,0.004483190536372185
row_036151,0.0047476392473893795
row_039719,0.4597355306913252
row_033631,0.012727501378811852
row_000278,0.07808537251127125
row_034751,0.021598768773751057
row_001865,0.737675500023491
row_017808,0.005781799134753341
row_016537,0.003250058923873104
row_039554,0.014810641671269636
row_029129,0.13857149146921297
row_028692,0.030932667365081077
row_005450,0.9898638695412443
row_003802,0.0057824433983764195
row_025864,0.2613446205109214
row_040401,0.26609094740659617
row_000800,0.2570451371463255
row_041761,0.33266229442302037
row_022084,0.00260285820870222
row_014310,0.0027926264538819883
row_012471,0.03126464566832516
row_018347,0.2006938067379765
row_004447,0.018015342570627754
row_033031,0.009848718066179176
row_037922,0.05475451293277237
row_001557,0.05873032436227936
row_032230,0.7948405698666016
row_032096,0.007206385159383936
row_021960,0.025888217845358184
row_006758,0.023782041567557713
row_024540,0.171066426559752
row_019803,0.03427686320757473
row_025960,0.7265314223108117
row_006221,0.00977646744279569
row_019599,0.8433649237637724
row_025918,0.05355098356057389
row_047399,0.03516495772475646
row_037649,0.03371568615504145
row_036557,0.0026072285627762137
row_017563,0.022612271506060242
row_040536,0.029171711748455183
row_025602,0.00898466336117624
row_049216,0.016215985307113507
row_024070,0.01678990661102819
row_011037,0.03510185827009223
row_011605,0.01515890670829805
row_022743,0.17076837912547094
row_013180,0.018321069213948174
row_016166,0.03354892495049781
row_028694,0.007477795085489929
row_023624,0.17358306325514417
row_030331,0.04092975140455986
row_043227,0.0008673495297758749
row_047772,0.03505411049011098
row_013166,0.1156554622843056
row_003804,0.010508057432632448
row_037318,0.057521759043843254
row_036472,0.006596139368084109
row_036866,0.00046091400978791975
row_012739,0.029006427994110993
row_043216,0.0016685284227403575
row_020354,0.82039088619388
row_028378,0.14155698984326429
row_040368,0.09710312311648318
row_014189,0.06974329546243578
row_037813,0.6706450075259243
row_005273,0.04870276047947347
row_030773,0.17266661051770946
row_034701,0.005259434457453891
row_041194,0.6393453411897435
row_026770,0.9871317310499955
row_000701,0.20144313665111702
row_046398,0.013890686821957671
row_023350,0.09740297954422872
row_014488,0.0008169307197498292
row_044403,0.15229398251437334
row_031564,0.0009632838799179948
row_018070,0.011180432021344625
row_038193,0.023104491352936823
row_049445,0.9604744396357872
row_044625,0.007774589914205668
row_041961,0.01063761532311834
row_010500,0.0959692126293458
row_005382,0.05196558523114739
row_042090,0.05683193053554994
row_032608,0.0034568788217754598
row_041403,0.004657379380497129
row_042216,0.019732052240059035
row_013024,0.0017056385887531018
row_042203,0.10303719234822292
row_029017,0.0029470559357255965
row_001206,0.4572897757516342
row_024640,0.07025038827755303
row_041326,0.9588590520353153
row_047167,0.0046353249267041315
row_003398,0.069617718830128
row_002155,0.7353870743484656
row_017855,0.13706379518855585
row_017257,0.008060720684758393
row_047589,0.0035415745483768713
row_021334,0.0026414996487698025
row_023078,0.004306358440342113
row_041751,0.03124159922082019
row_042379,0.04403785859081216
row_000402,0.1437054756709884
row_024768,0.2645390811040392
row_015846,0.5952696051999734
row_019666,0.042189635036332065
row_009391,0.28097841067361423
row_014908,0.014426482358976726
row_046959,0.004162596799476354
row_029115,0.050885269459365626
row_023488,0.515334247263383
row_033606,0.48476808463744014
row_045404,0.28083392657749534
row_026836,0.9261208682935104
row_034750,0.06447224636491089
row_026376,0.28261398374112495
row_004804,0.003387962051885625
row_030998,0.023283768955598444
row_028182,0.7478904153386234
row_005974,0.16016865058907792
row_022785,0.016897588548034186
row_021037,0.46188213164536096
row_014195,0.024464340228062837
row_032082,0.224510158956812
row_044770,0.00906061367688668
row_018891,0.016797481238224974
row_019910,0.009939890763983907
row_010522,0.03840741043575924
row_018799,0.053026571239211666
row_009260,0.3721973814321109
row_026284,0.054865820061107934
row_026760,0.2530453386939229
row_020727,0.009169957180676314
row_047334,0.0025138074067792403
row_029440,0.5236880753124789
row_021222,0.0931165287497456
row_022769,0.0009244849573592468
row_015317,0.013651777475606934
row_015909,0.038609978862966784
row_038779,0.005545080027835955
row_035022,0.06599221531585225
row_020202,0.0023556059407835355
row_030777,0.5685383394045334
row_005882,0.2845563838507729
row_015593,0.7104168347431313
row_007789,0.22475259152069466
row_004503,0.003409672875424269
row_010647,0.9830741096241786
row_034703,0.01672430332303831
row_037597,0.016928225969616448
row_017500,0.011246711131791584
row_042974,0.19584242817314235
row_019852,0.08371380666578453
row_007929,0.0009145096836053518
row_012750,0.04256869503448013
row_003938,0.056389589501184646
row_016477,0.09598304414476343
row_010677,0.13578501290642792
row_028686,0.0152453658533763
row_031180,0.0038392602742104683
row_014555,0.20979120589264066
row_014413,0.13637433354291012
row_022111,0.008364462408260259
row_014638,0.042462172550846715
row_006690,0.06226678092790449
row_030290,0.17409291249077052
row_045300,0.3815205265318729
row_005257,0.09602067677192122
row_016263,0.025113945000546922
row_045349,0.002585600394562299
row_021780,0.007047116820076893
row_013557,0.014808232272134425
row_000334,0.4399592088634759
row_010722,0.025688159184593544
row_041947,0.010797657222678964
row_018582,0.009443732466747295
row_019923,0.030203598659111385
row_023901,0.06614995550928919
row_046762,0.07315556345570447
row_007796,0.05817749327032409
row_013427,0.10209853140325417
row_001585,0.08681111618459075
row_011093,0.012842577399625747
row_015102,0.7789726692696167
row_027422,0.029810612762150232
row_001458,0.9932138052468975
row_047036,0.04735394684613414
row_030104,0.2381460916935753
row_027799,0.01024586025041057
row_002386,0.2604890742625246
row_034257,0.012290633639191324
row_034854,0.12552341215075163
row_034982,0.013021978364800261
row_010733,0.024846477247192727
row_025097,0.014574960161219293
row_041400,0.07671742879767585
row_039548,0.056613364120726845
row_042832,0.06971790261672607
row_037106,0.2689045303696923
row_031744,0.9195999254992722
row_031301,0.05978307242068233
row_010284,0.2824058124563532
row_032483,0.11675229851143902
row_028438,0.003007876835049269
row_018560,0.05338169203186296
row_026320,0.07054567438789755
row_043143,0.014428612913219906
row_018852,0.0019548180757043322
row_045893,0.5007072032009688
row_016700,0.0101232851818364
row_010906,0.2878349480905476
row_046789,0.9237168688854419
row_043817,0.36073560714646913
row_046585,0.6079631844363925
row_008325,0.013761251565802386
row_041337,0.0023196366878940004
row_043004,0.03932556868087167
row_029406,0.011065579174528689
row_040476,0.011391898452147105
row_022278,0.25183939511503095
row_043505,0.1036665087294846
row_040136,0.18187012364736033
row_006339,0.004677161068112547
row_009283,0.006216546672391325
row_022048,0.010999014442494449
row_043408,0.018723147721831437
row_019356,0.013606550717891068
row_013063,0.28774028629830384
row_015571,0.12134054547446162
row_003950,0.5217677450344154
row_008002,0.00857361842832176
row_005106,0.01203638475293203
row_013776,0.7716274332900142
row_001138,0.01622513494373479
row_044229,0.9404603527444217
row_010209,0.8615711541810233
row_035348,0.26892285091866214
row_003190,0.017442083646838948
row_032746,0.034184577255514874
row_032964,0.390793806403798
row_006393,0.007025639374625459
row_048112,0.15006212898477747
row_003858,0.017270457450323334
row_008292,0.059141627881732814
row_020065,0.8802386305770609
row_006970,0.022191642807162907
row_034867,0.024416027667398928
row_010774,0.1314726646071385
row_023670,0.05958114352849709
row_046956,0.017340310181235444
row_016807,0.023486448261205026
row_020706,0.022131324474075988
row_034204,0.010364414064233288
row_004890,0.04372496811334578
row_033652,0.02359417850517011
row_012829,0.032922969823742744
row_020059,0.829484485157928
row_028510,0.041031413473114925
row_016237,0.1117074808039531
row_011029,0.3225825956660126
row_028946,0.016510362405766636
row_025753,0.06463431494728772
row_038936,0.03344578708298127
row_012127,0.12300858070652947
row_021789,0.030235902111622477
row_039425,0.20210760912908643
row_013949,0.0030114201248025454
row_019809,0.04135231235636688
row_025667,0.9806128022623903
row_027937,0.025847751736680892
row_003876,0.013060561121575946
row_019242,0.19267598092989602
row_045205,0.017869091813807036
row_028989,0.012482071970112425
row_040047,0.005734069348799718
row_045553,0.014884504324823428
row_025875,0.020887525204463405
row_040304,0.016728322353988644
row_023658,0.0036939055378650116
row_003001,0.006178057885541316
row_037295,0.7736003831070931
row_012774,0.030529278404875203
row_029638,0.0589310089325209
row_014790,0.916121112814305
row_036961,0.04118885232735566
row_004378,0.0016508381969185708
row_025760,0.03278080451898327
row_031101,0.5139224666911518
row_024324,0.010114894641476364
row_023245,0.011903580550296621
row_010800,0.022145879981801894
row_040472,0.002309787169775308
row_008892,0.024148346150572937
row_009685,0.26995341095535386
row_012260,0.015509235741931113
row_047032,0.4056495376150157
row_008863,0.022334389453144855
row_042816,0.7144833928126507
row_023312,0.02609927984934208
row_006682,0.00714858657341705
row_023483,0.002193769121141763
row_010006,0.02044517623853876
row_031041,0.05751885893014532
row_008108,0.26669200511855656
row_032023,0.07073079061854068
row_018926,0.12812279957479558
row_029022,0.896770638884186
row_012998,0.044981717784732464
row_041488,0.019079349585623566
row_015643,0.03774595148343833
row_003473,0.9365798478866352
row_003173,0.04102542572390468
row_033607,0.20062178750608306
row_047177,0.017786567652207996
row_030030,0.44009739189431674
row_007523,0.22664113179448228
row_029951,0.1539129229612018
row_039733,0.03389223141848419
row_041386,0.014331640731502001
row_001496,0.0065090799684633365
row_009080,0.9937059589311551
row_028920,0.5821764178123188
row_006858,0.011997828155060966
row_003557,0.03156379280681697
row_001188,0.012080128271979762
row_036679,0.4578696728345496
row_002097,0.04132561539143028
row_016862,0.4095958227470372
row_011982,0.011989716354263871
row_028951,0.051815945097293314
row_018857,0.013612618199235645
row_049086,0.050818586742246825
row_004971,0.014247575475673737
row_033680,0.1018237069637335
row_003315,0.06301785424060946
row_010241,0.08021375343605136
row_008548,0.02051985383012493
row_040702,0.008079735234659489
row_028517,0.02430882864596748
row_004777,0.008184643701339976
row_005071,0.015479162685682338
row_045109,0.2721171724445708
row_048660,0.06277260444678598
row_004018,0.5409228424396637
row_010357,0.003411234232084107
row_004471,0.027431409481108768
row_022901,0.23801350998222087
row_017664,0.014121129530993686
row_027515,0.08299511593396602
row_007033,0.04454261651932278
row_015754,0.32204512675598823
row_011801,0.004195449888496027
row_035688,0.04564502289766476
row_039099,0.06084038232613645
row_035330,0.010886810037324234
row_018222,0.012271929067148558
row_020230,0.8944500197446186
row_022587,0.16470773279232942
row_003460,0.010063095747488881
row_021488,0.017172229414595255
row_029818,0.28377160418650205
row_026423,0.01140375119173836
row_003415,0.0010777010782239578
row_014423,0.024382042704181123
row_007669,0.09927075849780982
row_003191,0.01664990371072464
row_004699,0.05813786851062591
row_022396,0.012470769198893051
row_021223,0.2366154708254873
row_007851,0.13333679099205403
row_007178,0.02106077502014777
row_033811,0.03532778040466304
row_011344,0.1150714441716206
row_010403,0.002772590446438221
row_029906,0.0045733434151824315
row_036878,0.9972028142426506
row_021420,0.6368319497272794
row_008124,0.10319635663347076
row_042022,0.014928114294071728
row_017004,0.013992413097240416
row_017093,0.015959145178239292
row_046318,0.026098814326907055
row_047492,0.018364786036217964
row_012692,0.08206669513554195
row_042215,0.1336460802455363
row_029226,0.006282203293778291
row_038418,0.9910520457268642
row_021251,0.005389813121579288
row_022628,0.016483436418881947
row_043106,0.043894421734545434
row_017877,0.9986178167362886
row_006318,0.9491203080004654
row_037798,0.0019770728378558453
row_038239,0.052663728671996694
row_024921,0.029609408006263424
row_036516,0.929570481878462
row_042830,0.5323355980046781
row_010376,0.06313824759151014
row_013893,0.015386560328727497
row_017170,0.0022857066574327287
row_016360,0.19722365214492335
row_030747,0.12566119571508091
row_009691,0.8353473557582634
row_045526,0.02166168765043066
row_028530,0.8835575425081178
row_018399,0.15308611751256912
row_029074,0.011537600829245334
row_026077,0.12854039128760855
row_033531,0.017985917294159007
row_018723,0.14168370501547634
row_032615,0.5127581437255989
row_003295,0.005934800819815232
row_021060,0.06811101400223768
row_047297,0.010883588383447353
row_011170,0.8163157763112617
row_009677,0.011227032271396632
row_019217,0.15371512441021018
row_035202,0.01512884178184215
row_019137,0.023274053897000418
row_021935,0.10961690281848198
row_046127,0.013856068468792133
row_022099,0.019659857724048276
row_027841,0.017172778329596305
row_007075,0.3417157034600403
row_014441,0.0568454739351921
row_003329,0.010128295513118401
row_038460,0.005671178477445423
row_019854,0.02009756058366668
row_012411,0.020266248084437805
row_000062,0.017090484517832575
row_047896,0.2409748257871997
row_042478,0.03789824748615903
row_009023,0.048738717425752864
row_021633,0.10105683939875959
row_023885,0.006217595215030652
row_013596,0.04968252945475697
row_009001,0.004527346423126713
row_046415,0.4399202693278363
row_011099,0.06818241175530868
row_005537,0.014875153780826041
row_016447,0.2265474367412532
row_018148,0.002416774869338546
row_012787,0.018531886543871386
row_043354,0.31175740298537874
row_046769,0.10760279238111953
row_028003,0.011551098179745912
row_037753,0.0032987303153580025
row_032373,0.017655681467884224
row_030001,0.4472871344520365
row_021851,0.010972469078172023
row_022753,0.02012589801630081
row_003564,0.008062377621111214
row_043695,0.009451858721671936
row_045944,0.006449480640248839
row_011085,0.3005352316721688
row_034235,0.013346223643790733
row_019085,0.0032022413498356914
row_022831,0.04675415744217325
row_030709,0.012237629842926824
row_028705,0.6499923653597015
row_044350,0.013032108800734243
row_020616,0.016749421991983506
row_014533,0.01314560933570038
row_017442,0.023587383237284626
row_007094,0.014037643924591144
row_013362,0.006148361752519286
row_036999,0.09079161621930279
row_023162,0.08018228066431914
row_011368,0.0237767932763027
row_041794,0.04859447232925922
row_023938,0.0029834501668214945
row_030705,0.02224591774684851
row_040211,0.03862573234258403
row_001348,0.05787879544568211
row_017757,0.06225776219788384
row_019010,0.024606448292146588
row_048116,0.4097594262657423
row_032355,0.12161534776184614
row_031267,0.08447060144066497
row_003864,0.007578915877767477
row_019642,0.013328528157812342
row_036201,0.05191674340788151
row_000546,0.6232070969298381
row_023031,0.05404778802582241
row_005030,0.021337223558035426
row_039997,0.8574507003407992
row_035615,0.00626466137831691
row_007629,0.09007874434525219
row_018081,0.10502334583314961
row_037461,0.020348979152752508
row_005917,0.03375756584257574
row_045260,0.0026077794445943684
row_029079,0.03897837115966444
row_024980,0.013062965777589648
row_023528,0.5020065819070237
row_033016,0.12506999491182455
row_043427,0.018321311073819794
row_004829,0.019522821248156467
row_006117,0.02343748989321951
row_019468,0.12824448423021864
row_028287,0.05625975469027404
row_009533,0.05058822930136803
row_028693,0.005242978048754207
row_006602,0.094654797613177
row_002144,0.28937181912872306
row_033961,0.005536528786253096
row_035517,0.029697982603358215
row_014437,0.9980389348958376
row_026496,0.006359428530779987
row_024239,0.0028868014719158224
row_033155,0.018022918012864864
row_020381,0.03549738651758933
row_040043,0.3145805635773582
row_000169,0.00666758804317572
row_009025,0.3782761111883358
row_000078,0.6987115635813744
row_045455,0.022935672139180248
row_005833,0.10060202082867999
row_010822,0.05455206362013889
row_044443,0.0031528891199107583
row_030927,0.05732963081672897
row_012400,0.03014662827373764
row_016804,0.03902018116660751
row_029333,0.7998231945285003
row_044525,0.6723207460850973
row_011080,0.020410787062319052
row_046845,0.016072731184331317
row_032113,0.31241639593179266
row_028793,0.14784730043147118
row_007784,0.01810629476926751
row_044510,0.011998142207899739
row_000795,0.21431204701779824
row_011824,0.0635357912660192
row_026053,0.17025793690330193
row_018587,0.10806548644629319
row_042673,0.0033038364995193106
row_042364,0.1280834671721669
row_018789,0.01388873798274811
row_002632,0.9140951328156072
row_039960,0.09721085527864042
row_008350,0.06974885558745322
row_031563,0.09287036653985853
row_034104,0.00989229853385451
row_005110,0.004867521185121727
row_021794,0.08800800122925498
row_037942,0.002571815815058001
row_015420,0.05487966872015992
row_032563,0.19441716565373976
row_019377,0.18173098535711815
row_049750,0.03835797024477176
row_024833,0.04863513763917811
row_001208,0.03684853893019589
row_044535,0.37878404430184204
row_048793,0.5249322427891577
row_017047,0.00202315064692604
row_018752,0.0992959086174536
row_037703,0.3828791038775393
row_017828,0.027923091680728828
row_005063,0.012407503391643673
row_006723,0.002620386923700961
row_032071,0.6288963720068095
row_015541,0.0034701893219753364
row_036467,0.05062529521759293
row_033632,0.6466766118028958
row_022540,0.020953005185231577
row_025729,0.3486491228015994
row_037526,0.11546484590020263
row_027731,0.06225064407741697
row_038938,0.1896452066990607
row_046574,0.02654533779691004
row_037201,0.015057326461135789
row_043021,0.991454226964559
row_012908,0.11728371974295641
row_015393,0.1746087344887582
row_036981,0.15993042611042887
row_023147,0.173933011633034
row_022939,0.08478836611717697
row_016392,0.007317656523812914
row_043379,0.7931220651671225
row_014785,0.015429562598405019
row_034423,0.8899212285432572
row_009728,0.019548933720555734
row_044105,0.026214528731003786
row_018715,0.0073952557421985456
row_046057,0.0024258142205432136
row_013076,0.444834076914416
row_018486,0.013862495446827274
row_041264,0.09370078275999329
row_019300,0.05959515170003053
row_010175,0.025960477957980094
row_017949,0.023363435240303237
row_002153,0.5252817508291083
row_016039,0.036235643920658644
row_049348,0.05125755850478418
row_019036,0.006772821758384964
row_040046,0.007993808324495425
row_018519,0.03258098708745496
row_001808,0.009576053839172777
row_001948,0.1307216529002645
row_010621,0.088375231568317
row_016705,0.7077247952211078
row_035165,0.11547247131108963
row_031206,0.6817075805604055
row_019545,0.03279541045984127
row_012509,0.043064184170674195
row_042552,0.007734572667160919
row_044277,0.012670601665819837
row_049180,0.7296584733777842
row_014682,0.012108137115844974
row_042477,0.15730520056415548
row_022346,0.37803391756764304
row_013511,0.0013931727428652743
row_014726,0.20750040443519713
row_038982,0.22289236946139454
row_007358,0.008746990758388196
row_021793,0.15839522686853963
row_047333,0.0058185489369767425
row_034753,0.767379658167057
row_032358,0.015117366889397795
row_007529,0.4696517545625343
row_007331,0.004543032792994493
row_019043,0.3127637185622965
row_009537,0.08148336113517542
row_031060,0.6999478153908523
row_007757,0.23403872708092863
row_011544,0.020928177824664794
row_023943,0.013181841953778825
row_017634,0.017763057248005913
row_033384,0.022889028318052382
row_044431,0.4283564443010989
row_025683,0.008152207999620392
row_020235,0.249970477191072
row_020212,0.005376116005932607
row_015555,0.01983005782876167
row_001570,0.22670785193101872
row_009574,0.011219518714444987
row_042719,0.023230328117285856
row_004628,0.8709814760945633
row_038809,0.04137654557408857
row_018021,0.03502560975699774
row_023518,0.004936318138293702
row_040553,0.012627102486121887
row_032901,0.1168964416808739
row_035116,0.8620781387852873
row_031627,0.051555582699788854
row_005269,0.8759571760691282
row_001834,0.03248483668026873
row_006831,0.008741222633525881
row_030518,0.6641647960616729
row_000404,0.09257497132563897
row_039861,0.6010811324246372
row_025825,0.1293129766059817
row_014422,0.689221025394707
row_042062,0.010920350663927915
row_000309,0.008141932274573348
row_038601,0.0007407726831337952
row_040623,0.014057806007823626
row_026225,0.059636536024023905
row_048450,0.08263427231086552
row_049815,0.12588246757503702
row_045263,0.060608042543844276
row_035806,0.05253961626019263
row_024585,0.023758375139183205
row_010934,0.43286309378112053
row_043580,0.7252424180569228
row_025514,0.0151471716059976
row_023580,0.07474265105811932
row_038957,0.009042203278176768
row_005800,0.5126126808102849
row_044590,0.036155181693161884
row_011466,0.03218518873130027
row_006876,0.1489225239610053
row_015781,0.2668591466269763
row_036256,0.7522246390347305
row_028839,0.026410712026595083
row_019019,0.00526747784632424
row_049909,0.05455300079899024
row_046100,0.029273829635726854
row_037080,0.20847366442205872
row_041723,0.018943689549268852
row_004271,0.8339493024403043
row_008192,0.5149554763263694
row_004241,0.08238491400092995
row_019772,0.9888063712752283
row_001116,0.09993193041479334
row_041749,0.01271139614346662
row_042440,0.2033412697282705
row_033978,0.06857452331759807
row_040840,0.0278467575569327
row_029564,0.0063551845456850525
row_022973,0.00671641670593743
row_006844,0.2901251138114847
row_037380,0.00370450883103967
row_027138,0.07575421560528048
row_004620,0.07390677708590664
row_001754,0.010633166909684355
row_041495,0.0026190461961534853
row_040210,0.03323014611284346
row_014188,0.1653928223704397
row_030394,0.859663549406939
row_045811,0.2403165381547947
row_038942,0.003396541399622474
row_016384,0.015841029698525383
row_049713,0.40429018174680975
row_005480,0.038177250779148464
row_040162,0.07358878968317607
row_026743,0.04238658104952099
row_011436,0.07551400752134588
row_044272,0.0065484524404406195
row_039079,0.17254540159871348
row_032710,0.957152969172618
row_039155,0.9260829191195707
row_011142,0.006590038586304751
row_018493,0.0055892889454424
row_015996,0.8724919038396958
row_022618,0.016164811758132995
row_038131,0.009332044066880853
row_040215,0.0008896996326732166
row_042214,0.827392064902869
row_031256,0.04282398304624613
row_043196,0.033221802404748466
row_027783,0.03965858402772117
row_023818,0.0054915151747518725
row_021783,0.6576567844651988
row_009734,0.0768616178081702
row_020562,0.006794161210197494
row_043369,0.017281505171360935
row_024674,0.023456084999294448
row_000080,0.7066982549458973
row_040026,0.6392565242636957
row_032661,0.04802242116185117
row_046935,0.007097849357359841
row_021365,0.0008725739998129812
row_006163,0.1540959544030569
row_025774,0.0072207010583066784
row_002743,0.012434248812166445
row_016500,0.005465518622139989
row_005119,0.07304000628090436
row_023958,0.9678721131141792
row_015824,0.012644319183994172
row_047104,0.006579311665401455
row_033119,0.17049644711363313
row_014177,0.007595596541082491
row_001536,0.007543529265087081
row_002394,0.09960085523338254
row_040594,0.20710953140845184
row_012957,0.01309910556082219
row_045584,0.3044037291695354
row_024126,0.0060023504611033535
row_009292,0.035552136100096235
row_014004,0.7815939788131157
row_032173,0.004098229374507186
row_020894,0.9632472134923272
row_005592,0.08350717383954638
row_028623,0.012100015739008898
row_026208,0.010469178341729555
row_038996,0.029855679459782097
row_027873,0.18306931703512053
row_028312,0.14946219571017344
row_025920,0.1630209437380929
row_016340,0.021809669929751228
row_035821,0.015603091329536986
row_049734,0.0024840911786098716
row_013642,0.1283203754309529
row_025976,0.057815327909114395
row_013106,0.09369911666318588
row_049347,0.015110819081099531
row_039817,0.0029637744994541687
row_022775,0.013824895368245771
row_016313,0.049149428688815874
row_013287,0.04257142328159251
row_043286,0.03001656310385586
row_003268,0.03167514633338815
row_011759,0.004252028861609078
row_013157,0.004329203167238183
row_005567,0.004296350401851979
row_015272,0.3899777455525233
row_021984,0.013690644435876743
row_045534,0.6723901861492054
row_014799,0.38425789758080975
row_020315,0.0033131555069666413
row_037384,0.041709382847985435
row_020169,0.03939097064253312
row_034958,0.01156400033989462
row_028116,0.8484907084873228
row_033404,0.021097098277388513
row_013539,0.011678402784295654
row_008421,0.02796613246030335
row_001920,0.03700585502853774
row_028476,0.017466590679557432
row_034012,0.035322890702627
row_045031,0.5520662578363593
row_007733,0.01699285839115885
row_014641,0.03416590385786805
row_038077,0.03097741337360436
row_022884,0.32255529977343544
row_028930,0.005601942142273752
row_022850,0.011715056974319401
row_017810,0.35644899212440273
row_027295,0.018359899309551543
row_015528,0.015084649349666206
row_031746,0.7103342991351561
row_038620,0.9816912481654416
row_003405,0.0234950579426417
row_030261,0.11086544357344336
row_037839,0.006496207445376096
row_031816,0.9687912012830296
row_027724,0.021601105853828108
row_013681,0.017537902115000847
row_043293,0.3255090438398758
row_048413,0.029752927694382224
row_030755,0.011374812258225245
row_031626,0.005766825022860711
row_043856,0.012796144864895078
row_023498,0.013930127227150245
row_004446,0.15158725942012805
row_049944,0.0022342093674702517
row_043713,0.060239162722558165
row_019288,0.028680400168924165
row_019978,0.025808898021992578
row_020351,0.5374431878256627
row_027231,0.003791494300692184
row_007824,0.8728385573562378
row_046346,0.0361490329654832
row_029308,0.09459122666252112
row_003942,0.03651883728606947
row_000221,0.003168206337242375
row_009368,0.1945948839784483
row_015900,0.013294713220130913
row_019259,0.0733071809529129
row_007511,0.001175131220552233
row_039030,0.0035358224750924178
row_048832,0.03122247017758107
row_003870,0.006609753446479574
row_030265,0.003385674519637633
row_046640,0.4213522483534943
row_037247,0.008661502970156703
row_043832,0.07784165884641879
row_016209,0.022700592478589438
row_027920,0.024375862286388397
row_009172,0.03276179902004112
row_000999,0.9125883846720158
row_020708,0.007752426826091805
row_013206,0.04993176301559166
row_004992,0.022734132157117233
row_048238,0.010390069388724148
row_044377,0.28820319668024463
row_010827,0.0093782569071241
row_029125,0.010628894705811942
row_022699,0.08881817230115849
row_019209,0.01716242207793018
row_015690,0.006769147338041265
row_009033,0.03155483174335044
row_042788,0.003533438397031777
row_032350,0.01713304283549453
row_011586,0.6256810150052102
row_030093,0.02195358075023183
row_037333,0.0047810996163167125
row_046129,0.7226407610750913
row_024841,0.2001513084606187
row_042079,0.04019427892125462
row_000893,0.022666057692630144
row_038195,0.0032823784374721504
row_035472,0.06952524007541665
row_013368,0.08909528759165625
row_009750,0.3510477881054803
row_040633,0.01755663169944447
row_049573,0.07030122133699772
row_007262,0.005873005552904059
row_017539,0.005144836200216527
row_021557,0.040649260893478166
row_040646,0.005928265519754679
row_029799,0.024933360518567246
row_036389,0.0442506481572969
row_024627,0.02967012961711757
row_048623,0.028101889499977502
row_014030,0.9827423997662572
row_025235,0.0058259261416015624
row_049135,0.05014530929692593
row_039040,0.012286239770192303
row_033524,0.004768996793000238
row_028809,0.06387184354332506
row_007608,0.013953732018871904
row_048445,0.8383299322609338
row_035627,0.21300004057941155
row_048539,0.1954524499099471
row_032976,0.0009496061660342449
row_006349,0.004705389892760189
row_031398,0.08949448557729298
row_046115,0.03634448295521842
row_039512,0.022648024402001497
row_037238,0.42942117909089994
row_002755,0.013884077023630467
row_022888,0.32330289899676
row_047640,0.1445405284380816
row_013837,0.26332420656527905
row_001554,0.0337523072574802
row_011652,0.0106312777346204
row_015441,0.009221841855170802
row_022418,0.0017535574574360183
row_015452,0.044972118804203945
row_031858,0.016315963952428507
row_035180,0.180566106935601
row_002950,0.2354584031017331
row_007143,0.20912507880318257
row_042731,0.011122703919561794
row_008366,0.04936160027933505
row_026395,0.08252645085186523
row_024054,0.07026230021769304
row_001055,0.04175174386691452
row_024914,0.16040530335492653
row_002008,0.009522868647023924
row_021913,0.004117842076742576
row_018860,0.018787738434963328
row_008265,0.010147909632894412
row_016026,0.2688385111616109
row_021089,0.9659835093752774
row_040101,0.00776474197777356
row_029595,0.21633256472607015
row_026510,0.23301766257468326
row_039682,0.4287086589708506
row_049094,0.023539505243307435
row_008415,0.011345446744569858
row_011009,0.04503504464683649
row_031535,0.41827450899368795
row_011713,0.33410857335216293
row_016757,0.45001040642897405
row_042384,0.06814251497375237
row_037115,0.04818492757155653
row_016797,0.5513712741865292
row_008677,0.08100949629424797
row_035829,0.06351188887534702
row_007713,0.0877315098123006
row_023948,0.0053324933186323885
row_045798,0.04138640695670937
row_019668,0.005089172737220997
row_044428,0.0037852460756753496
row_031269,0.787829866452714
row_032155,0.2075861210053847
row_008561,0.14419406301227825
row_021592,0.0989356663524206
row_018714,0.0005606294082962604
row_024677,0.0024708197314568213
row_046277,0.56097474460446
row_047052,0.025434379162839152
row_037770,0.007898623706356283
row_046655,0.024004846116669726
row_043224,0.01777826038516616
row_031614,0.0017058723049259556
row_040938,0.003930381459725109
row_046547,0.02033699256437431
row_009038,0.008401623354601082
row_000339,0.10610175968787801
row_029788,0.0486292934388967
row_045942,0.01162679515389898
row_027346,0.04262258572775028
row_045983,0.15901953515441564
row_008687,0.017468331947746114
row_037382,0.006884302012903635
row_037870,0.14554867033109595
row_039974,0.03158155470954536
row_014074,0.12453829156269747
row_015635,0.019963977560423903
row_023509,0.0038027634730297194
row_034624,0.026050238278456258
row_034030,0.23473030403522488
row_048058,0.02618457261776935
row_038034,0.004955523324697564
row_023986,0.9620966798719127
row_003493,0.13018151915732007
row_011785,0.003496457650632929
row_032698,0.03621665577280338
row_039101,0.07478243143367613
row_039153,0.7092285590435271
row_043786,0.03986424125595192
row_046528,0.0342209026216179
row_009769,0.019182520915683253
row_017781,0.009689848833191177
row_003425,0.005353284505021879
row_022288,0.020942278758370493
row_044566,0.040705645799795076
row_021730,0.0013883236940392609
row_003152,0.05973233396524458
row_033064,0.22741329074854935
row_019093,0.016713878802664426
row_007539,0.0032287219472204804
row_002946,0.5070946992488041
row_029434,0.005066703035300364
row_048767,0.008160412747221972
row_009810,0.38466915162068227
row_018931,0.5308363355772631
row_042834,0.021424690406898157
row_035403,0.0165594526219486
row_048695,0.805061509112767
row_019198,0.01716934288960753
row_035737,0.29001404895819327
row_022168,0.39120103388681793
row_040168,0.028650447716281842
row_034595,0.04148127325343337
row_000577,0.0027783226958136226
row_023359,0.06588005932574365
row_017428,0.0032660547737198716
row_011884,0.055828570437866376
row_005089,0.005466429034938912
row_041763,0.037570726867112596
row_008655,0.01198189824440083
row_014502,0.38667254553955904
row_022999,0.8697411706187183
row_047263,0.6604231209731093
row_021125,0.002070925195461301
row_000210,0.013978407171635395
row_048757,0.4354704081441862
row_040006,0.2679685862957373
row_030180,0.012842380878815873
row_014744,0.5207350998990382
row_010896,0.2429861059942198
row_011441,0.007476502519465335
row_018621,0.3136291485172468
row_028311,0.005007266545456204
row_041529,0.02674305580402995
row_042115,0.004839624426850113
row_029222,0.018702083744025898
row_008311,0.030781407012741152
row_026866,0.00994799545177182
row_048491,0.005333061904414394
row_027579,0.12568128760327588
row_022050,0.1379502003141497
row_001286,0.201429022401796
row_011781,0.01697011528266642
row_036825,0.004962453435606646
row_033274,0.8989834034324752
row_039744,0.7866968374132641
row_007364,0.11971620973625134
row_010460,0.3342531084339199
row_030429,0.004885767045519966
row_003767,0.006809795764206985
row_010055,0.12303357904398228
row_033195,0.4103938042846238
row_034449,0.04097875175329901
row_000200,0.005495433832363862
row_046506,0.02761991666772763
row_017729,0.04243052525254071
row_030656,0.07320206970081966
row_039017,0.5891956726881137
row_040865,0.9550151586394278
row_025424,0.035956964253179874
row_012681,0.8609331031899671
row_003275,0.053998520952269397
row_049167,0.008752237862227709
row_033584,0.0049490640326140005
row_021073,0.0055746960167578005
row_042453,0.4259418038099798
row_008570,0.004686967500227422
row_001932,0.6427557796120255
row_043729,0.004637695656440737
row_019397,0.09123392505698742
row_033245,0.47223639743398843
row_048518,0.17036017921211727
row_000985,0.25432033538426113
row_017081,0.07012694574999886
row_012427,0.4035202527579014
row_002478,0.18322250930892503
row_049575,0.003352898405206573
row_044836,0.00412060095740672
row_008619,0.013105786367892659
row_004127,0.0027683643792810377
row_035654,0.0036204512421606095
row_020498,0.012427295234174728
row_034757,0.7985644434267464
row_040808,0.004706738826749648
row_003622,0.03925731036001122
row_017738,0.061424282443578136
row_046471,0.23399396871773973
row_034770,0.0372320587830995
row_029757,0.012525833251758097
row_032255,0.05772193450599328
row_038265,0.05378508895025241
row_009844,0.6560568503784859
row_020741,0.16480556423154882
row_049154,0.037355108323104985
row_018823,0.014611197614428577
row_029131,0.23354780542027068
row_031337,0.5025739618079526
row_047026,0.021809871271496566
row_020838,0.02938612545721647
row_028538,0.017845754172424323
row_007991,0.019813099212600715
row_020852,0.008976423624862988
row_048244,0.6366477870538012
row_007436,0.006940578484623691
row_048865,0.009005462448263977
row_016259,0.713398386292282
row_049453,0.014178472738437546
row_032080,0.5950236671998677
row_014678,0.1301499004242788
row_039287,0.2701442918860424
row_009441,0.012985263919590966
row_023011,0.8433589478201848
row_013638,0.0031191006757633572
row_043881,0.09126565924501055
row_010449,0.1191333717733127
row_033383,0.016186653812963508
row_016775,0.1938688644681439
row_007046,0.01433357147661686
row_028168,0.24285463568941032
row_000810,0.7419194857632587
row_049465,0.015114032302280433
row_011946,0.01399281167925542
row_040760,0.31215405235174243
row_042856,0.01131478246605325
row_012023,0.9250600945139338
row_036402,0.9740557040786466
row_019973,0.003627092835974668
row_002836,0.009018060620923505
row_021659,0.004122051722252413
row_000482,0.02428129369455643
row_027496,0.018417823864879473
row_025099,0.0421197800578067
row_002762,0.007322041317963636
row_020871,0.03624243592646774
row_003254,0.0067784384897903345
row_026236,0.030095747990690293
row_039507,0.04253208423021504
row_048878,0.019905624824344822
row_020684,0.005267511179233479
row_014516,0.010049533685903948
row_002392,0.6126576706568225
row_045602,0.010593608180612977
row_041280,0.03362897309557294
row_025323,0.004742927251570907
row_041785,0.17415331923753374
row_011483,0.8732414988551087
row_031050,0.03820681131955963
row_031726,0.036217381820514705
row_048730,0.040326422382773654
row_002358,0.02531947530429868
row_015442,0.041680357349263106
row_037855,0.013084416632164319
row_048522,0.9699571489478813
row_031542,0.002068136249278734
row_005719,0.07088163860761959
row_004294,0.7159254299657917
row_022212,0.2547735731002698
row_041311,0.0732797618504751
row_016759,0.2525420562090947
row_049704,0.9786353947167904
row_023738,0.02030522304617949
row_014106,0.5048582121370666
row_019260,0.005573742834246198
row_035575,0.027383905058882274
row_037116,0.011814391643104244
row_003429,0.7313766449820712
row_022492,0.03181506691644054
row_035519,0.0065351248578356825
row_049136,0.35400938086455414
row_035055,0.06293737723297069
row_029426,0.18308013568175938
row_018816,0.10834402212744346
row_045691,0.006055450836590367
row_042361,0.06427971492283213
row_028125,0.02264309850635178
row_019168,0.1446177869859138
row_040299,0.004677812112877289
row_000703,0.059186624063734206
row_042057,0.06848058632477252
row_024373,0.9930313610211378
row_017439,0.10207669803637684
row_047714,0.017308075630847693
row_024266,0.013155573398875412
row_022771,0.3505953373811306
row_024523,0.011885724056817268
row_007071,0.020898763917289977
row_047436,0.03455191433342057
row_033824,0.0707814755847973
row_034763,0.30979213473905687
row_039686,0.035030130916721886
row_013645,0.762243165622151
row_041806,0.07201918372194513
row_024517,0.07319777872588956
row_047304,0.03731128549855425
row_034830,0.011435868469891787
row_043036,0.8670887002516189
row_040324,0.02226490876676119
row_020580,0.016353077280552318
row_034996,0.02470510113942421
row_049560,0.00497501615408707
row_030505,0.004914168229347245
row_001903,0.02717327627822525
row_033234,0.41417600724476855
row_012991,0.023406694238773056
row_044415,0.3038158956437248
row_048367,0.0032405676547836238
row_018677,0.09135371554113511
row_028237,0.022811670511615117
row_002689,0.04040242061211881
row_014712,0.6277305943014878
row_020586,0.3777516951690461
row_042948,0.5362481006093839
row_001166,0.16408264705303813
row_033685,0.38482694077088636
row_018299,0.02207258777832423
row_023549,0.689725741479756
row_024285,0.08197342322594607
row_004048,0.0031090463387441827
row_012556,0.0003475863977225762
row_003363,0.051728072526466405
row_032492,0.009899083313833634
row_039444,0.21135724906023481
row_034539,0.015517673810462023
row_021922,0.4604674861880602
row_034082,0.015318875414765287
row_004531,0.5020924566350466
row_002507,0.1615754260817135
row_032273,0.006491498295123267
row_044620,0.007591624830907823
row_032516,0.2398897607922011
row_048236,0.9700139633763847
row_044059,0.03719450074899274
row_007124,0.006565075891533939
row_023950,0.0026927861341041292
row_039965,0.06581886761671663
row_003105,0.30062481844650235
row_038005,0.01961133960340463
row_041817,0.07880919884631983
row_035424,0.045370856842829474
row_039227,0.5221171417789534
row_036239,0.04839486631221341
row_021485,0.03409928760585441
row_038273,0.06871106235914944
row_049839,0.015253811700655585
row_035959,0.09340423377798462
row_038540,0.01024579361427763
row_034008,0.08894430929558005
row_006415,0.6585638885756637
row_030142,0.21840502589283695
row_023672,0.009200927810704248
row_004340,0.5421620807683725
row_003527,0.011146896670622977
row_037343,0.025250461586310637
row_036655,0.34173588106107966
row_035073,0.03853483504412687
row_013097,0.014078799545594638
row_028010,0.021176140877085213
row_033056,0.6177144037584646
row_049566,0.003250538507721322
row_005708,0.019948022735001222
row_014498,0.027002368134710512
row_025978,0.002773288911592835
row_041327,0.00559684030844244
row_000235,0.09400956753746917
row_040149,0.7980967325243394
row_023848,0.018423799134683578
row_031441,0.003313274236184366
row_020650,0.046277338713756125
row_002650,0.3738826325151203
row_011464,0.03277943217211602
row_031379,0.5449905006427752
row_034931,0.1283160886418363
row_036909,0.0638264446129046
row_034407,0.381825967886584
row_010468,0.18145648211528076
row_012501,0.03241032167921999
row_026994,0.043448285544712376
row_001505,0.009603061431727403
row_049589,0.012688656023997782
row_003569,0.3079987900167593
row_016310,0.02128029904371828
row_031570,0.8079914572277647
row_010362,0.008995751164707397
row_029077,0.15181536690324343
row_016062,0.0043848771726484725
row_022573,0.7339478633178516
row_036055,0.6909813391622355
row_029299,0.9829783543980364
row_028602,0.012154457070749688
row_033768,0.02073226932293404
row_035174,0.05243051904431485
row_047790,0.004638718718133671
row_001301,0.07516919294408046
row_034368,0.01039611970002984
row_014432,0.7174835676477881
row_007818,0.017806315431895897
row_037361,0.008641060201893851
row_030310,0.02181379730497958
row_042727,0.9842733557348577
row_009116,0.042007142271104095
row_008905,0.0026047817302565
row_016187,0.07456483145883608
row_017730,0.7957166455475041
row_020834,0.08751105066427389
row_018611,0.1871776282960052
row_021483,0.0719025392574876
row_033572,0.014052081442377677
row_021787,0.07551032823854292
row_043530,0.9965374824387093
row_019565,0.14263440392128016
row_033649,0.08474868997551965
row_035415,0.05651954970544572
row_022925,0.01871737537187506
row_045636,0.363034882021129
row_007781,0.010977569491151463
row_045769,0.3120868244702711
row_024947,0.010700771841499285
row_004657,0.01888941829972468
row_030887,0.007728920798903367
row_006011,0.06990240418696073
row_005894,0.0187017202218296
row_013944,0.1871142577578309
row_024760,0.06340127677394543
row_042842,0.03536759004860397
row_032289,0.04729130751957022
row_004888,0.001106106474016104
row_004792,0.015130301273762992
row_032175,0.030674913368860007
row_045397,0.022160230638790926
row_033349,0.036945590189692346
row_020477,0.13222332153515431
row_030044,0.008077719298726919
row_021604,0.017652664399538665
row_017331,0.09777194390935234
row_049475,0.46429690746349556
row_023469,0.004009877260323296
row_034357,0.638539187969452
row_003502,0.023805015614490287
row_023399,0.8611554117708131
row_039463,0.8458407717568626
row_034184,0.0779584001563421
row_020686,0.9886370058608293
row_005277,0.2285221168688764
row_049592,0.014375505410495357
row_041981,0.11892018360068032
row_015597,0.013920372375226156
row_017141,0.3202174001749169
row_023019,0.0458937764527908
row_036047,0.04507143110623875
row_044546,0.22343747793375546
row_036811,0.005088678025049962
row_035637,0.0027669376943470795
row_006007,0.2770780537511084
row_038145,0.0014617724943407093
row_003971,0.32010706939563355
row_008186,0.6199768754255169
row_000903,0.041028598846065474
row_025465,0.19286176214880799
row_020989,0.00828112158197562
row_014277,0.026255582590526422
row_039055,0.01731168771639667
row_038707,0.1785186394665544
row_006825,0.003671959102971775
row_002549,0.007737207970867478
row_005593,0.13058906502221992
row_016625,0.1798112719982738
row_000488,0.02050975225939625
row_037977,0.6195533540270551
row_038408,0.052935778756915575
row_044776,0.04403061023122237
row_044561,0.01919572116688692
row_044974,0.016762342693443406
row_005006,0.04788657961827023
row_031587,0.016302418939467742
row_002884,0.03101998387727202
row_009190,0.6142185435239879
row_032697,0.01586479703305865
row_015210,0.1397861415629046
row_010875,0.024378935833526037
row_003956,0.20952714673742795
row_033498,0.02191599158634454
row_020401,0.7185351634310118
row_010554,0.0432239596506974
row_005859,0.058218183107167185
row_015011,0.8308628088451647
row_013988,0.20504023043796107
row_007703,0.16579491187074333
row_029593,0.017612256052816605
row_007397,0.008537233930867194
row_003736,0.11530905282259993
row_015767,0.012026873247618877
row_015953,0.04323652469614819
row_025777,0.0541747733044022
row_037070,0.17122325998965449
row_039469,0.02270983771913196
row_036144,0.0069208218484844465
row_002470,0.0022255496618261935
row_031338,0.02952373044997859
row_010472,0.03303406984608303
row_025905,0.14220351572189616
row_000939,0.0017146769165893078
row_004597,0.06359992468061565
row_022941,0.025453139901322256
row_041032,0.01618495015393089
row_031487,0.060426341412343224
row_014200,0.16419452384988803
row_013411,0.003219976965302178
row_041725,0.316607953799524
row_015613,0.32484039423858735
row_048232,0.01761609895933569
row_047507,0.07983390328997843
row_049954,0.023447261782189466
row_009467,0.003538267830090534
row_026122,0.03430847275622604
row_030431,0.02962723585303145
row_037683,0.08177671036693963
row_027788,0.008217187599391702
row_010056,0.01785594232538027
row_033287,0.7107123504170486
row_046388,0.014870487924391022
row_037564,0.004217512689015362
row_037069,0.044030141848425006
row_038014,0.4604611038690844
row_040905,0.07338904279491254
row_027772,0.015739872978578626
row_025541,0.098683055399431
row_026175,0.2999482105215623
row_000217,0.6665887895346378
row_013686,0.07563950489598481
row_034695,0.026395791837358795
row_044239,0.1548128979352949
row_022849,0.08004290577216952
row_003512,0.9681880599806758
row_012492,0.13050468147909125
row_014529,0.022349062311255843
row_040764,0.02281311250168243
row_044875,0.011917820706509142
row_026559,0.001977856459782102
row_005155,0.049769044985101846
row_046514,0.007642101791945409
row_042160,0.09003257019936108
row_019622,0.9838715965926708
row_020311,0.00354313792814689
row_014967,0.78801556786906
row_000253,0.08709505260164027
row_001807,0.17029954385569285
row_005318,0.03879757898343943
row_045466,0.013383482553607235
row_037607,0.9442427287863522
row_023470,0.2895045636964341
row_042133,0.11087606333568914
row_027087,0.1088437144165721
row_028351,0.07453709541284906
row_001078,0.03142518508197761
row_003526,0.005716240313020942
row_043653,0.02941204994978564
row_031153,0.25095366085962234
row_036769,0.14209634868371337
row_033046,0.2289398309862291
row_006090,0.15709357584333808
row_044131,0.02335897133259544
row_007889,0.0074311996486136605
row_034042,0.04697803211412395
row_029324,0.004637946847195542
row_032835,0.006433606806971026
row_020080,0.0856219989400175
row_017957,0.021663737488730055
row_045448,0.2604386477077543
row_042455,0.005584734983291189
row_012307,0.11752521762962881
row_025858,0.16842649238978252
row_013752,0.007643790686926268
row_047836,0.014215797195007887
row_033928,0.03620588898545726
row_036275,0.028999424740189163
row_010752,0.029044325877771407
row_001492,0.22558706875283985
row_007565,0.030485212489880488
row_005755,0.032382244054554636
row_018513,0.16947097372947056
row_014258,0.12385296244018332
row_039102,0.031284583086804915
row_004024,0.2083904504225882
row_016270,0.21154435263101207
row_029611,0.0017506864100942435
row_043226,0.7483687497821657
row_004780,0.003148639533300331
row_030227,0.08471131643957401
row_048849,0.00681210186183215
row_029780,0.24025318083179284
row_044777,0.00517417621540415
row_049275,0.7179938379554877
row_005504,0.10635349696745561
row_018132,0.05557192068648889
row_044751,0.01245159359634563
row_024407,0.024609145045829485
row_034495,0.024960797297553385
row_041727,0.05477860473008211
row_034348,0.05479200553442057
row_012925,0.46159731735194054
row_028429,0.014393523071457538
row_037184,0.005027246491667068
row_006718,0.0030000181852294448
row_036685,0.009205494693287998
row_022351,0.005568891541289046
row_006524,0.02191326889995745
row_020545,0.36030620850561346
row_014032,0.014944080026883157
row_018032,0.005424245404633791
row_002312,0.047684821637409086
row_030231,0.015421284727780201
row_019779,0.009015625222203947
row_044135,0.045424451271738095
row_031332,0.37402269419333456
row_027975,0.02937111179015284
row_027917,0.0531643675364812
row_040910,0.0027600312413721393
row_029170,0.10162307243177959
row_017520,0.006632483790886361
row_031264,0.9852358144667906
row_010128,0.10197865242006315
row_014710,0.35224276356445305
row_044516,0.018215996885116284
row_026046,0.4563894512465228
row_049380,0.3015546717475215
row_013443,0.2895270700742285
row_032833,0.5773113572215266
row_040497,0.0023297011913288885
row_019435,0.29610434515809136
row_029394,0.4543539720316754
row_007979,0.007118371740765151
row_029172,0.0036046166493977146
row_014137,0.015160396246107778
row_038777,0.006800210651469547
row_030130,0.009061264390882699
row_020851,0.009581198560157803
row_029456,0.05236634900326356
row_031437,0.012830326282961532
row_003872,0.040267413619760016
row_016188,0.15157877015604096
row_035436,0.990377327372942
row_009865,0.12295919578014389
row_005271,0.0028574174500520725
row_046226,0.024269393547697492
row_042490,0.005944895972841518
row_040739,0.07191396186844486
row_009840,0.5911056491915435
row_041351,0.025170201128628278
row_032593,0.016181018914277707
row_040550,0.008029393945446031
row_025223,0.014146567028434434
row_037331,0.015058800137232873
row_012763,0.07710630519948727
row_041005,0.39451139142840114
row_019241,0.5191854028079995
row_011960,0.08664165296923446
row_004761,0.017382722338842204
row_002256,0.9835976580782014
row_026145,0.14178951176543442
row_003450,0.0587275790407423
row_003735,0.004504339811595634
row_025428,0.021865825569901694
row_045656,0.004721767512232208
row_030467,0.007711970281728317
row_010616,0.00747682442150042
row_013724,0.8303561322110103
row_046859,0.15932286872064627
row_038874,0.39606827624036123
row_015533,0.02719177252346773
row_044943,0.6816030743805989
row_021541,0.6758046235742344
row_018160,0.06883770538662415
row_000943,0.0034409407290666503
row_010464,0.003062005631309267
row_005510,0.01410348699092269
row_020408,0.8347114512432232
row_037377,0.035103474865852476
row_043222,0.12684012949815315
row_027396,0.08879745250703705
row_002311,0.008261565638989117
row_030991,0.01114219941755248
row_003077,0.052373906735997004
row_045084,0.028568935023742657
row_043674,0.7222927844707734
row_006637,0.013434650212442258
row_000351,0.22404252257568635
row_020743,0.011593722326040138
row_002398,0.026055380333733467
row_025032,0.6749447955173138
row_027878,0.06719318769936265
row_025192,0.03554372149964148
row_023545,0.0825465559571638
row_034860,0.021926926861894794
row_030496,0.008950994193225762
row_020701,0.4875942108521719
row_014944,0.02881207777796662
row_027385,0.021850805174073215
row_024702,0.10504606532025397
row_038519,0.01033917148450914
row_006996,0.9250116035375753
row_040199,0.009688673309697714
row_031751,0.06412869035030512
row_018614,0.0020430031872384325
row_035901,0.01883003715697782
row_011341,0.0652147317867979
row_017092,0.03598627377337914
row_041402,0.00898593301023171
row_046215,0.0043872431238864695
row_009630,0.025490850754717888
row_045410,0.0072410410642739995
row_047025,0.008829770182433513
row_040209,0.03399816591127906
row_024371,0.10825841450973625
row_024978,0.10310464597220295
row_031188,0.043617342278285856
row_040441,0.9726487958237652
row_015509,0.6681366515155651
row_002759,0.13436143399170772
row_002120,0.00586973048188771
row_038060,0.007003034512874296
row_003933,0.10380097449281339
row_003972,0.011451131113714945
row_046047,0.0056221787970148806
row_049666,0.09600521317750044
row_010703,0.00868104105936087
row_026455,0.022100922766189274
row_018784,0.008411920495478325
row_033796,0.035059329695258025
row_040776,0.007599997133096969
row_025557,0.041637461570549525
row_007779,0.007593568193110018
row_044781,0.0014608122310395054
row_014573,0.01919703713542946
row_018894,0.0471939709388364
row_007771,0.007412667838280237
row_019820,0.012792078904247231
row_022668,0.013380577239367954
row_027088,0.14196440329628987
row_049101,0.3238929844457639
row_047152,0.822793615428636
row_037472,0.0041319833311084745
row_036630,0.03213550164163266
row_031812,0.017325273402529113
row_004855,0.011662183926425542
row_032555,0.008919861477622094
row_037181,0.006961852070430791
row_024454,0.05220057444132078
row_008642,0.029379729469919964
row_039826,0.13221027345030764
row_013229,0.1677792245085243
row_027861,0.1498029201808101
row_049155,0.8296205683520462
row_049330,0.1215791782475392
row_020508,0.0181028600598994
row_045372,0.004811842360768763
row_047857,0.018804709637615234
row_041354,0.00434354191017894
row_043550,0.037027821480094515
row_029484,0.33897803867795273
row_049336,0.6614366964892912
row_012043,0.005355635744909137
row_006250,0.0021271027032947762
row_040656,0.02233281895967
row_004557,0.08541540331928234
row_008326,0.0030705789851736233
row_003592,0.807644029777525
row_036090,0.012681395025257149
row_010740,0.08131396564619607
row_030445,0.5256579720023296
row_023192,0.987050347977878
row_016302,0.9316306679820824
row_041801,0.7148577857991502
row_012628,0.12454780274738976
row_031536,0.004857089207777613
row_048579,0.042421319952644435
row_026829,0.03286612291846379
row_039110,0.27860968659031243
row_015434,0.028925370125261606
row_043861,0.004998595239955259
row_007817,0.06036961335903476
row_038072,0.22921578265308515
row_039164,0.027049215006246755
row_006094,0.6186609788221118
row_027065,0.2836311909913224
row_001855,0.010616391182872388
row_023871,0.07544183399803688
row_018968,0.0435931254001883
row_025211,0.006082585993247333
row_001139,0.002401131227978452
row_041466,0.0545426246146397
row_005338,0.003631318244599339
row_040692,0.01449327093079739
row_017783,0.007084568615158024
row_041694,0.00356608565925379
row_009913,0.017765778346642343
row_026515,0.0021778932465364815
row_004707,0.04270925384794852
row_011776,0.022801958618835206
row_017042,0.040617510891574615
row_012634,0.020216684604060668
row_017568,0.0015691456545413103
row_037111,0.46543333239852586
row_039895,0.058673584241747775
row_035704,0.009983367386301291
row_015031,0.0772830402743476
row_000367,0.0032825743237060723
row_044167,0.014120212865268154
row_000067,0.009015028538581616
row_000776,0.02101854309231631
row_030490,0.514148065758427
row_006691,0.010516163413774643
row_010424,0.6326102125993669
row_011921,0.036891555786651174
row_002260,0.5566935835611104
row_045874,0.30234492714362543
row_011139,0.6980373754552707
row_045734,0.16485588501936252
row_001066,0.2646829801699414
row_021695,0.018518773272229175
row_020765,0.1595893104120263
row_024660,0.06822801163512547
row_015396,0.02680517393636741
row_007155,0.11890168637796278
row_013805,0.05485704912936992
row_005175,0.005652740780239248
row_027611,0.3009716802035022
row_019018,0.07187816491255038
row_035084,0.5816119674712168
row_038931,0.5727886689690884
row_030671,0.3009304464726471
row_010042,0.1452402446894312
row_038598,0.029307067058230815
row_044959,0.7672077409341167
row_020183,0.0021871958948478116
row_026589,0.07441949729656787
row_049937,0.0029725922423826205
row_005535,0.023499074325292038
row_043841,0.939155007894661
row_036262,0.005433514447968079
row_009418,0.2165971807530234
row_000645,0.8194764890302494
row_024152,0.006706078828333737
row_009995,0.014148042844351727
row_026796,0.028811354532758657
row_032274,0.1499311971454399
row_011033,0.0314830335180487
row_026313,0.8201923472675514
row_046776,0.023018243383914814
row_044565,0.030200966398669177
row_025911,0.0011208423881801772
row_049482,0.022361013211711175
row_031177,0.02965306323693601
row_014819,0.011158457717943786
row_035392,0.06604110976860872
row_039474,0.07023321271034504
row_045093,0.016348684623712844
row_043854,0.021566779082955165
row_025418,0.0012237291456950578
row_039703,0.006625033036046925
row_042463,0.0014378308683608441
row_036628,0.01404414879087098
row_024428,0.0007086302186085495
row_041034,0.2601391893803724
row_036016,0.016804083116353796
row_000702,0.0023752198353816692
row_039737,0.16063101187478024
row_043824,0.05658725752579974
row_014789,0.9035769449358811
row_024870,0.0371909947816242
row_036515,0.02504877856060183
row_005010,0.4228145911875306
row_041846,0.1359807324732791
row_016387,0.06466030451668175
row_021297,0.07129186199527364
row_020444,0.6182784353976887
row_036117,0.001428896089697182
row_039380,0.88489586628534
row_025158,0.17989319955765432
row_012140,0.025897933647414544
row_031758,0.005978200844687183
row_001550,0.012391073421689037
row_045698,0.04177101402475894
row_001857,0.11253050432123247
row_047221,0.36092796896436496
row_026063,0.015277000545075227
row_011531,0.1749622837066729
row_041946,0.8299270285295619
row_023125,0.06103315363097424
row_048800,0.08848254711829187
row_001551,0.7842849244969075
row_003744,0.004901804748845181
row_007603,0.050680838898405196
row_041083,0.7347426826843666
row_001681,0.4477145931738452
row_012754,0.37080361257696387
row_003205,0.004827895909937279
row_046393,0.03753904818843365
row_005451,0.02832012149182033
row_014760,0.13908888176512466
row_039052,0.8991947132646537
row_018591,0.09502045186406444
row_043883,0.013136829854792222
row_015282,0.020966901404683914
row_003177,0.13531082846588777
row_006779,0.07470425335224423
row_045221,0.0354405395454784
row_038278,0.0721040644349393
row_042056,0.010480941316136777
row_044806,0.47766354097712255
row_034372,0.031022589081273137
row_013004,0.17440066521157696
row_002324,0.020293227373429184
row_041652,0.02071409534208779
row_006483,0.015048485805493143
row_035648,0.4280167438216991
row_039660,0.025726353708372368
row_017213,0.04489788666333934
row_030288,0.011424620002270423
row_010010,0.45436060246013016
row_022995,0.04149195171553779
row_003532,0.007834466433459026
row_024508,0.747560511884084
row_009887,0.4364268265130015
row_004898,0.0025488414163255166
row_042174,0.024147673237761215
row_048609,0.011184642347946049
row_037291,0.0641545019685043
row_019251,0.9869325351362519
row_038155,0.008665150450712422
row_029745,0.009217293495844821
row_038652,0.06510705653641849
row_000355,0.059012544631909594
row_001080,0.05268483300089149
row_014014,0.0058307339588526685
row_031271,0.014858212288802285
row_041047,0.1200621497319556
row_003846,0.007267599602535996
row_028205,0.10616584168702044
row_010930,0.05968908612945638
row_035200,0.009594771638671082
row_040667,0.010654601195865207
row_021561,0.04432107146985185
row_042555,0.2730197202903557
row_025954,0.040682696327653485
row_003923,0.07674145950266636
row_015291,0.010072116359211307
row_037166,0.027586318107282626
row_005792,0.16311643188773287
row_036460,0.023070808580594945
row_010588,0.023180827456302962
row_008345,0.09825561282274804
row_003225,0.01077839586955769
row_032761,0.694476184794458
row_002515,0.023520705709264015
row_024409,0.03132954032039119
row_033238,0.0034977176046749395
row_035965,0.04568572016621845
row_043387,0.018977685924196918
row_017389,0.12501897986166227
row_039228,0.006940145504247191
row_006604,0.03408049433321217
row_009752,0.03043902160821009
row_029433,0.49285553662817383
row_003806,0.035977709688034265
row_036662,0.4088353446036761
row_035480,0.7138261246630501
row_035625,0.10456133046196447
row_015002,0.017677068162210385
row_008133,0.017678517483153702
row_035872,0.03393910705117146
row_020363,0.015373466292375454
row_048723,0.7532823664370658
row_004906,0.33102889179606104
row_004658,0.0032533455033362654
row_039334,0.03955953043459557
row_004772,0.004436357480737257
row_003094,0.025210469308372133
row_021208,0.012317162778539798
row_030874,0.5930516165658868
row_010719,0.5092091758932688
row_018948,0.008428046119679223
row_039213,0.00937951678268929
row_018855,0.14796677763864893
row_010738,0.009504527757789634
row_012297,0.02052524631249393
row_008050,0.1377870795895705
row_045476,0.006582508644746668
row_014934,0.00847609206647337
row_041281,0.008943232573968798
row_005300,0.1990788213804204
row_010881,0.026934149009227793
row_004499,0.4566878484944162
row_005992,0.023099189376724408
row_047224,0.3315310866213161
row_022108,0.12456595667549407
row_039490,0.009586783637883758
row_033755,0.008740177154469208
row_034101,0.09845634729093991
row_024821,0.17677679735162694
row_035320,0.005495329250531207
row_041614,0.028813182380385348
row_044336,0.01913809921778204
row_009819,0.006052925434394925
row_017982,0.0042660999175941645
row_039513,0.006182451614812189
row_043721,0.029241390420348193
row_043255,0.0155609321381067
row_034683,0.007527794589512336
row_014890,0.009200003460449848
row_009731,0.0347775920692614
row_022858,0.040033904059278244
row_040527,0.019100587303690606
row_023179,0.007455298897928453
row_040345,0.007430878640349906
row_025698,0.0373904403043389
row_042397,0.0017284121476070602
row_016593,0.014624839822722188
row_028697,0.03843159250103816
row_039139,0.0057071298066969185
row_018169,0.05043767484895801
row_014386,0.022231914626331024
row_037843,0.897358662256586
row_005694,0.003292714386491013
row_033107,0.02558727881929944
row_042474,0.05669534077174981
row_012246,0.40723250271600764
row_001010,0.0075290937793360095
row_011312,0.04374850011084325
row_006379,0.003368489989547536
row_022881,0.0778303875181545
row_030781,0.3924065404531412
row_025897,0.15518658063436774
row_049577,0.04306052776353183
row_008913,0.009866779787588596
row_046591,0.11687896329747566
row_039396,0.02444092793339625
row_031167,0.20683310154768866
row_022137,0.24081823928423723
row_007492,0.07573101486989525
row_009725,0.005921256804252791
row_023741,0.012550620617161702
row_005359,0.009906734152476485
row_037632,0.8340369750692389
row_009101,0.03377507872742955
row_041190,0.07444623971426997
row_032882,0.016936570122777855
row_025967,0.009337646200616969
row_004165,0.6786755189667825
row_000301,0.06227878237316255
row_019348,0.11771781751089035
row_045965,0.032678260055967294
row_046577,0.002084905142491128
row_010244,0.016517595707483596
row_048199,0.052425773003772824
row_022437,0.2559726685245097
row_012229,0.9915492740306894
row_025149,0.043532948299428526
row_015857,0.4562928341739022
row_035574,0.06653147987498506
row_037598,0.07754810985014982
row_034205,0.21089232670379707
row_002066,0.2252276866966272
row_027675,0.0027408482566318197
row_014825,0.032425263854177995
row_016516,0.020594884107507313
row_020385,0.2613556641897812
row_021414,0.04847544002948065
row_000096,0.004728129038345256
row_018575,0.17291716171920388
row_045002,0.004811350160504181
row_000960,0.1784162539657157
row_022292,0.01912936270153469
row_007204,0.00555309933620847
row_022238,0.011304397960064508
row_043128,0.0304556379943773
row_002259,0.9895538071077004
row_036479,0.964546521398637
row_041841,0.16033847935716444
row_002279,0.011036574416952181
row_018489,0.009300850124963934
row_015864,0.1971778970165794
row_025051,0.008271342961703558
row_012163,0.003576431988409806
row_006792,0.011130771586428657
row_003814,0.11610372119299786
row_046383,0.0065024852490526575
row_044651,0.018437629638566287
row_038588,0.031244567955134774
row_040838,0.09722175825386545
row_049847,0.02791755225994018
row_040106,0.0023134224233067684
row_030489,0.05452031610139166
row_037556,0.10173220110150342
row_039814,0.3736745619523909
row_008807,0.1612536951467248
row_026324,0.04799198789063287
row_007112,0.015130352971783756
row_043733,0.0014862977728830836
row_007493,0.24469282311131701
row_042867,0.2605531126361078
row_048381,0.05809282066416282
row_022119,0.6465054054244941
row_021649,0.04176207843795056
row_039555,0.2871146763969679
row_024497,0.021268954607422168
row_002616,0.048003468903847546
row_042543,0.04230272494269464
row_021887,0.953399150679011
row_016257,0.2139591679873621
row_026381,0.03800097954919693
row_002907,0.9747758210573955
row_043073,0.009038750203773793
row_036785,0.04983197290268918
row_017292,0.025849261391186956
row_038675,0.07102686878616227
row_021381,0.5303356052231228
row_025290,0.6025751188341923
row_032768,0.00042366738334384833
row_024619,0.03609649880026206
row_011572,0.02503482465251779
row_027501,0.0786650352208754
row_035211,0.006464753148592005
row_023040,0.16653640477436482
row_043356,0.003911950481154377
row_045047,0.024674171018772437
row_001309,0.015791754398396026
row_049849,0.9870163889057474
row_012333,0.5237301964006033
row_010790,0.04057895115214539
row_035477,0.035553376153356034
row_049018,0.013027637918404781
row_047343,0.012067718889730943
row_017361,0.7189355693660959
row_001508,0.016783685052716303
row_002410,0.0118951672660869
row_032871,0.004523800594908346
row_046824,0.011604512905126249
row_047269,0.06302480044484973
row_030147,0.5291431663110187
row_033448,0.015550282847806117
row_044748,0.006781542278784221
row_034212,0.18349631223346982
row_032111,0.008689725943817003
row_003129,0.2061797486752603
row_017040,0.06095267489377176
row_023141,0.27006965264186233
row_027645,0.3044289326950263
row_015770,0.0031336256824269233
row_016422,0.2110545237468688
row_001004,0.2583336756799776
row_011594,0.003599821873745833
row_048189,0.04165074614849756
row_048545,0.2937569765932416
row_000487,0.006720380778704568
row_003374,0.039105709760716895
row_039602,0.019412146618424567
row_036122,0.017129739225534717
row_049144,0.09839742940879992
row_016212,0.033218190157427246
row_000214,0.017091142886607444
row_001643,0.21450528781922418
row_035206,0.012451102099698979
row_016291,0.34709294704001903
row_010178,0.12384619494164113
row_024967,0.09636618613284427
row_025739,0.03819250319219146
row_008470,0.012356256025260165
row_010289,0.05839645473961204
row_024772,0.6859008944871311
row_044592,0.28712293671306943
row_007233,0.02438391070468994
row_018879,0.007964255168564768
row_001590,0.0027955756625738567
row_020648,0.3368547753144525
row_016929,0.1414086134063785
row_015099,0.019005535185320655
row_044899,0.5707507232055802
row_040150,0.29584250533685985
row_038213,0.05352816182399439
row_046023,0.030147697134699197
row_022601,0.6493574542301697
row_027466,0.05121428538526846
row_003071,0.00863406722717152
row_019311,0.07487032344271737
row_028941,0.0028159105541246702
row_000397,0.04350367646404772
row_022102,0.015808035650671286
row_036164,0.46099718245963106
row_009466,0.015550405859493768
row_035307,0.0016284443863240584
row_012272,0.05453505457208657
row_017915,0.10866469940022414
row_039423,0.04169896139717942
row_045516,0.2628342987805422
row_048981,0.5048319309933698
row_035908,0.1195237866396356
row_019173,0.004843209682932759
row_047528,0.037451201161257996
row_009618,0.017305678779541242
row_003720,0.027701608874215796
row_017912,0.11216720252989826
row_029956,0.004124175698923647
row_034640,0.37880234791851247
row_035505,0.06136917686957423
row_029068,0.05262368256951837
row_000433,0.010166910462083543
row_028653,0.05389350921046631
row_013543,0.4432398781842923
row_000001,0.03008243192697184
row_022875,0.0036527431360861397
row_009768,0.03923477716944068
row_013576,0.5933397090195156
row_045239,0.010079806721563191
row_034966,0.0017929095290826445
row_008257,0.9817345898380728
row_032525,0.052780060692042906
row_034509,0.6652285932020627
row_023417,0.011914150835751225
row_022310,0.012223033281509591
row_027285,0.022291875624856426
row_030884,0.1253166773733761
row_047768,0.13996415422931419
row_016413,0.06989008499956179
row_049337,0.6764701466338275
row_031014,0.03001152540393405
row_014418,0.016918468665047676
row_016643,0.044001577741129526
row_008049,0.4405490968721849
row_018718,0.0069736929525694435
row_042910,0.0049775739295453295
row_016874,0.08609713775414798
row_018176,0.0987006918709709
row_011412,0.01310958478257923
row_017020,0.13737480581959874
row_032209,0.7144468246473685
row_040600,0.02591818266941797
row_000509,0.0734115232401215
row_004180,0.05212783091629338
row_034272,0.288507919837579
row_006612,0.2780572636691989
row_007518,0.06235342640642497
row_014612,0.020286028419237812
row_033603,0.0047338373327490075
row_027184,0.7892930261624701
row_037643,0.06768025793899789
row_013759,0.201891510801483
row_048223,0.06456188379615077
row_009818,0.06361235571106959
row_033333,0.8570489358602115
row_011154,0.01869483234189953
row_008661,0.033689644774876334
row_042755,0.11792832486410873
row_027593,0.04436704948725413
row_016748,0.3265079450711074
row_019818,0.20455795373401134
row_028657,0.003348655606107622
row_008575,0.009676523048684726
row_010665,0.6504182374217192
row_015814,0.06279369658448418
row_047629,0.8593996497341427
row_040616,0.02943030475792472
row_048057,0.07154254634686692
row_002202,0.026119227293482664
row_031959,0.32795035338324424
row_006370,0.35438975352440377
row_029847,0.08102640462755749
row_013612,0.005715521394285468
row_034370,0.3393172516404117
row_022422,0.01065859023140783
row_045135,0.6217827200525633
row_000041,0.016261174550545907
row_039580,0.27611464745022135
row_019718,0.0025400905082573998
row_006401,0.04804840259128076
row_042835,0.01610773904883661
row_046908,0.27749823908163046
row_036170,0.3813799651157749
row_049127,0.1204352338725758
row_023981,0.02629680966361874
row_042959,0.04357717341514677
row_023797,0.03178092675445068
row_016571,0.040772438115828875
row_029892,0.006279153440903511
row_001484,0.006663566891995843
row_043688,0.010813266962309002
row_042353,0.022330295502824796
row_031287,0.020529090812051464
row_027732,0.11710448900706392
row_018865,0.005788472264396916
row_047366,0.07076808290183631
row_033320,0.27660454708025284
row_033725,0.05762728496769182
row_007499,0.04504713696816637
row_044608,0.019966032866171903
row_019415,0.9674680374050364
row_045924,0.07904068259857883
row_020418,0.009736204978666738
row_018821,0.017321824161860986
row_010378,0.7666754838348069
row_019041,0.040571421786665646
row_028660,0.2054067761766098
row_044870,0.01385080097492481
row_010951,0.8008340255122778
row_010129,0.16737366889371333
row_005490,0.20904507688925186
row_010917,0.006405901909447157
row_039267,0.42997895775795325
row_029376,0.00321207736886118
row_022446,0.14538197357776578
row_020289,0.005934099574316473
row_036622,0.07365058552855157
row_043545,0.800529369553386
row_022651,0.010288199561722168
row_035565,0.020420102423588472
row_032690,0.6522300515709544
row_039071,0.08180736667921557
row_030717,0.02611884733595076
row_027555,0.010946416492284616
row_036313,0.13515462597516484
row_039488,0.03355514480693655
row_021982,0.5060289038075245
row_027839,0.004833446881535468
row_030815,0.3980500319810095
row_025441,0.05914874881459226
row_011656,0.008976781753951736
row_044457,0.0063345260073325695
row_006206,0.004945019562619732
row_049246,0.14416992550624197
row_037930,0.01609438996535252
row_035083,0.14770603318842943
row_034704,0.027000630512866615
row_027918,0.10693904602985414
row_037334,0.028433033695235813
row_036524,0.007269568167367943
row_023124,0.027315407906159758
row_043365,0.006785546402015599
row_032814,0.01804580166686068
row_022298,0.017587460698201055
row_027762,0.2805340759319502
row_038837,0.011849147608394582
row_015382,0.024916252264926393
row_046980,0.00306583078914147
row_040956,0.001346869854589107
row_044180,0.026947303690660767
row_024567,0.3905961714263187
row_047888,0.13548121489003984
row_046802,0.016344166292028055
row_023998,0.7542452885294552
row_032560,0.004597992151539747
row_045091,0.14959104313426666
row_037366,0.00497039340219604
row_042787,0.9756884925306335
row_000832,0.3677073039226749
row_033994,0.23162816039599377
row_003463,0.8932669898808852
row_021602,0.01373455144877019
row_038524,0.038870821317816565
row_018615,0.0383913013322869
row_016226,0.020567852176901165
row_019298,0.00969976564557596
row_001387,0.159598076755301
row_028269,0.21434252058958417
row_031802,0.007258533604770729
row_046770,0.013211311367993122
row_014630,0.337835847702497
row_042773,0.2218783718689619
row_047005,0.2997653555311766
row_034549,0.9457316987101126
row_008163,0.0020070185865846014
row_004406,0.0015443730449661486
row_019719,0.17291466794773855
row_014882,0.7502758591699656
row_046850,0.03772974712382033
row_049082,0.06036877981272426
row_044810,0.005905918743069351
row_039230,0.014002284117567425
row_019733,0.006213747375563626
row_016027,0.00362876655292791
row_041937,0.015049566890668659
row_045903,0.006601328481679677
row_047124,0.00620500218476811
row_043013,0.004738867034129159
row_030691,0.391589128835252
row_042754,0.08086152916294487
row_031243,0.00692603774675476
row_016679,0.003619819472564725
row_010108,0.016946625740480357
row_000511,0.013032725448394431
row_022562,0.04090922983102583
row_030689,0.04105958979420305
row_028907,0.11197936096481903
row_000401,0.005068053280429868
row_005513,0.31373221308988325
row_033805,0.1941601592556874
row_004545,0.03264754008165309
row_020148,0.016647499033316086
row_038456,0.8989225263444948
row_004867,0.039536622759762385
row_001251,0.006030109956047788
row_049198,0.16296585713632095
row_011745,0.020722310621516055
row_008072,0.04623248267700862
row_017864,0.02482206215573749
row_025448,0.11908155517573196
row_019608,0.0005888731018147002
row_043548,0.5554671726308923
row_035147,0.03462552884740166
row_005729,0.04177135228128334
row_017472,0.3011829653574828
row_034273,0.07163846594964862
row_036305,0.1199084976755784
row_009877,0.08790699670629461
row_042028,0.07537213449297027
row_037066,0.5015645803524895
row_011576,0.019286748695035084
row_033890,0.09852687025382763
row_015877,0.014939375386733626
row_047637,0.822750521518732
row_018663,0.027292629345433063
row_006458,0.0020567453350911454
row_041677,0.026176429708443378
row_044711,0.712101993093427
row_012582,0.10149680336480557
row_036914,0.3259518490466
row_020244,0.11627527506890058
row_031295,0.23805188586237508
row_043894,0.037813220307126284
row_048479,0.004465909550184327
row_045183,0.009061236465257874
row_044674,0.08996093001220438
row_003307,0.10444642846213718
row_013544,0.05991900838052565
row_044311,0.969229633145146
row_047408,0.016212940973073554
row_021844,0.030735694636175752
row_032013,0.40036373286655647
row_013825,0.27954797546938337
row_043209,0.021043770877867747
row_039367,0.679546342626623
row_013515,0.03303866043116313
row_027008,0.002912303510886831
row_047014,0.1845094191744125
row_047217,0.09062859408830386
row_040932,0.20371640233758703
row_032574,0.2659626633416183
row_010408,0.012693490896455953
row_034279,0.044843143015357044
row_015774,0.13221919633646886
row_035201,0.014841412245212657
row_036252,0.20182462079156843
row_003297,0.014440775772168558
row_006152,0.012346144568138234
row_043691,0.0007555216903470433
row_000025,0.06241555284860078
row_030046,0.028601474285947046
row_032636,0.25997563832249576
row_016959,0.05233812565828805
row_028832,0.0767707138846835
row_014389,0.04525319350854987
row_032855,0.017557374296157238
row_043011,0.09347551798301287
row_021779,0.013001499753086745
row_033415,0.009449864413749098
row_029626,0.3499112843612853
row_044136,0.017454040537883984
row_031579,0.002473134384859585
row_032981,0.004073980113861087
row_026746,0.11976595035673562
row_048495,0.33466281449363755
row_015609,0.013410048919832503
row_029964,0.12444752551848146
row_000480,0.2544777817534436
row_048192,0.005313401770958138
row_015366,0.06940810076352477
row_004186,0.0075534523747218165
row_001156,0.007046704219293915
row_009349,0.05040082949765974
row_037921,0.009615813689555186
row_025126,0.2632070719672217
row_043539,0.23696489436731694
row_000662,0.1468718352490122
row_017534,0.3291984370931663
row_044513,0.9126596397868864
row_040249,0.006109886031443323
row_032532,0.004112368860715959
row_041045,0.028145649395979334
row_021454,0.03491653300043601
row_031790,0.42851031239117227
row_036951,0.014876848017608468
row_013468,0.0037811203765865976
row_020560,0.018406954661922555
row_046666,0.40983802741749764
row_034777,0.008928003842728162
row_037411,0.00786017058556803
row_044895,0.043035644019046346
row_047574,0.003908446072575902
row_014120,0.027049650687064858
row_040851,0.01448123413411843
row_035277,0.34197922236537276
row_013279,0.06467874961125206
row_015035,0.06336625134664105
row_002061,0.032013429454161024
row_005683,0.9396596843554199
row_025933,0.045649561024703966
row_031174,0.1806379741548886
row_014916,0.21454048154152253
row_039565,0.08637231642358748
row_018973,0.007734368903556429
row_001027,0.15230183808895392
row_027563,0.003907807498369595
row_033079,0.6834827286661856
row_024337,0.8858678167691382
row_015178,0.01264542786485031
row_033460,0.008389250946052744
row_020455,0.022877038108892266
row_007145,0.44833303881229736
row_040151,0.0011193281913779037
row_012825,0.08388034273342537
row_037630,0.12820858937826987
row_044936,0.007363362628721252
row_007828,0.0037852459482296116
row_030786,0.05050365616990028
row_011862,0.04959281701319182
row_010074,0.020635616817156643
row_033173,0.929253188329534
row_013173,0.028914327839783427
row_023976,0.024966056518096174
row_019297,0.03017322870325099
row_023665,0.014867157966138777
row_018751,0.012193928367652391
row_006728,0.17537372508615
row_018288,0.7931062921794653
row_003959,0.02750617803609476
row_011076,0.02423185632082539
row_022721,0.2585414957272465
row_037220,0.014548409115614808
row_032156,0.00510763908483694
row_004443,0.19387752867027905
row_036176,0.9081054307208415
row_009095,0.28533670174524417
row_040004,0.03684204542211138
row_041782,0.4507618586526409
row_004572,0.6384805395323503
row_007758,0.16711041281188085
row_022607,0.9927507591540989
row_019693,0.37188249122250805
row_029452,0.9141124509524876
row_047092,0.8447161610467944
row_011672,0.009911739068061686
row_046508,0.03334482133227738
row_005103,0.017500649024650552
row_027431,0.003060965872723166
row_026157,0.021332343815610236
row_024134,0.18841727187211016
row_013026,0.005147074433668157
row_002626,0.00599245232679182
row_018602,0.005991405654736498
row_004417,0.26747977208179147
row_007709,0.10728644348473174
row_027477,0.22488450576746083
row_037856,0.04659810373595319
row_007054,0.011514267209977953
row_022707,0.026983802586221763
row_040471,0.006720648183867556
row_018540,0.11496638056282671
row_006736,0.5004617383877835
row_004932,0.00877948136725369
row_026181,0.3637320196525927
row_000206,0.0024297259796485587
row_024385,0.02329386140683815
row_049600,0.0181984656915975
row_028730,0.30407500735183973
row_010928,0.0070711404080232975
row_010952,0.11030643046114604
row_049872,0.01668623686821885
row_031803,0.9743550256825836
row_027374,0.01818611438087049
row_026490,0.6399540947054202
row_016440,0.0629993815054789
row_024795,0.024754197016898783
row_015777,0.15234369320131094
row_034892,0.9576208499537766
row_049669,0.5696469558903355
row_041128,0.475782673957345
row_021734,0.051901485147333636
row_027033,0.032204321571970895
row_039816,0.398285841896165
row_006455,0.1352739426884271
row_037030,0.3840629306201805
row_037431,0.02076171723612573
row_037789,0.16429714982038832
row_046893,0.14974822351589592
row_028667,0.12008276076323222
row_002716,0.5885048925274189
row_013845,0.011086798288188223
row_022208,0.7701430533485908
row_028626,0.06898151662927454
row_017363,0.031871103262193216
row_024268,0.036883597292907536
row_020875,0.008586466865040755
row_009458,0.010767446834592218
row_042432,0.2182734136087844
row_030148,0.02587344767678186
row_014348,0.47388241789996594
row_029822,0.10702771996911072
row_021446,0.01967152092083923
row_030645,0.006338727247524089
row_034136,0.9838052907707944
row_007807,0.03999966173209755
row_034545,0.018486007911731658
row_045663,0.03164770918257466
row_030769,0.4004221027071921
row_002704,0.012075193121619358
row_009623,0.016884424433212454
row_009066,0.013746049874147364
row_019887,0.023147265689200343
row_007255,0.057001294605524166
row_026475,0.4302174448786622
row_016831,0.001925261894678381
row_019351,0.9757482367337743
row_046624,0.8334956767228996
row_015391,0.004138223556963486
row_030572,0.0035323936943262614
row_031289,0.027225725322631646
row_030293,0.018757135157182005
row_008849,0.004383875994667332
row_000183,0.3697729121477859
row_016121,0.040389330388269154
row_012420,0.46715140820284384
row_049002,0.010184026640356555
row_045379,0.012437894378786424
row_006527,0.08760017317111339
row_027949,0.022615315822894524
row_029724,0.01432861180521974
row_033407,0.027854523709440526
row_043233,0.03839746180306772
row_024859,0.017248199054166233
row_006234,0.42206444569079193
row_015978,0.4215470829110212
row_038297,0.8983909067296157
row_043382,0.009608930760610503
row_001733,0.023899717262592903
row_040727,0.37279061299779764
row_011513,0.004894170291262947
row_004461,0.03150095481227212
row_017044,0.010778085055222356
row_037580,0.01531583815937064
row_023207,0.2793744771259414
row_043493,0.024785692288773382
row_036449,0.0016767212295906988
row_022407,0.006377259600413299
row_040503,0.006355038407737761
row_038491,0.07367752917044967
row_044389,0.10750804058545257
row_002683,0.21148278510696691
row_023231,0.08066198560643768
row_018937,0.05590668334907428
row_027175,0.010638530683450964
row_003873,0.0008571986700276951
row_010252,0.1285457871035896
row_007437,0.012425751122989388
row_003054,0.0686504106991895
row_001282,0.028446979484816174
row_006677,0.04724687301091282
row_006012,0.0055861843323430724
row_022837,0.00516490697707012
row_015319,0.7471629559712228
row_027348,0.005783155115574262
row_038470,0.009287807197765167
row_034041,0.0023402930878252946
row_016401,0.36802706385514083
row_020337,0.033534884971330704
row_039248,0.006844023526174388
row_028991,0.0028511427867473076
row_009918,0.09966731428506082
row_041459,0.31982957964847186
row_037822,0.015594304964114035
row_038381,0.056007588083397036
row_023904,0.005866420458990343
row_023921,0.03055045486768343
row_040728,0.0006650522923310471
row_019651,0.04944505815521022
row_043755,0.04117372164279289
row_049102,0.02644496364127282
row_002649,0.0044348846614721315
row_021402,0.00262432456384961
row_016437,0.01658122203189854
row_039954,0.014467597590511614
row_005465,0.0144567678551436
row_022273,0.016431213276896162
row_000118,0.7306548774984017
row_041033,0.025765204105797967
row_018475,0.03150881505061162
row_009581,0.8520417376272719
row_023699,0.08000777377576217
row_026740,0.7488493173736092
row_042544,0.004153731761560546
row_035451,0.08932215956475953
row_025587,0.03356582212937865
row_016782,0.027283785865423765
row_005931,0.03691313908017351
row_012545,0.009765963450314066
row_045048,0.017764845462147252
row_039706,0.019378674549025275
row_028240,0.338472210633574
row_027469,0.1329193490808118
row_009383,0.010951665755092108
row_038255,0.9579764840170207
row_011451,0.007204971770539571
row_034699,0.023998290269156043
row_002141,0.014115402532485766
row_011184,0.5973122304314162
row_045229,0.1275336402064797
row_013496,0.029754755980464086
row_043421,0.02525813230831993
row_022829,0.1821509748621558
row_036056,0.32392819425537545
row_009784,0.007570566759424977
row_006207,0.005510961167168244
row_026811,0.006846762504149926
row_003606,0.009801936583171012
row_020655,0.010415665945531866
row_029666,0.8729409993678344
row_038729,0.4624128992971152
row_023625,0.01870707697633026
row_025422,0.004502683701926794
row_019627,0.13224791386949777
row_012378,0.15597421810611495
row_032081,0.012707401755403247
row_048909,0.006398613323392888
row_018339,0.0028591549555768547
row_049252,0.14462782066641877
row_042682,0.10426642678295128
row_012238,0.9930345797957845
row_015374,0.48289605823595033
row_016426,0.02211339808461245
row_008166,0.0026610041061402197
row_021576,0.012122776900214162
row_020187,0.03338113338349319
row_004667,0.01874219370282407
row_012371,0.14625552102829248
row_043072,0.06382054243739371
row_037203,0.7499124601407121
row_034088,0.023142989074626467
row_044056,0.3659947474183704
row_048438,0.006260782618045134
row_020293,0.01122071202895317
row_043206,0.017022881650180025
row_048541,0.007857856650738716
row_043349,0.01605746663762935
row_027151,0.00496764424400932
row_046541,0.004246831881743759
row_028082,0.03736433516728177
row_044679,0.02655204789126723
row_013398,0.1038249526953297
row_045777,0.003208380344433042
row_035981,0.812277856111763
row_046391,0.497496078712225
row_021116,0.018196338465875116
row_040263,0.036744746539094826
row_028734,0.9149984377286325
row_023746,0.024260526798855472
row_036633,0.03246903395259444
row_001205,0.017406571009995105
row_016509,0.02445104161524844
row_016430,0.002793426618422511
row_034106,0.9599492393443007
row_024686,0.8199304226803877
row_043664,0.9427772674545657
row_040601,0.6674283717856329
row_015151,0.006558596853881936
row_029261,0.5028850127625543
row_007582,0.42545457095697453
row_047255,0.10961261877690177
row_004914,0.04605862712487193
row_003908,0.1505683813028993
row_003683,0.0767514384768637
row_031855,0.021889193616639702
row_001758,0.04262717529405661
row_002636,0.045680158375097035
row_041160,0.1552128698936237
row_049545,0.023209754629424165
row_009626,0.00943328103955441
row_007065,0.07564175709982272
row_020069,0.004410559535374722
row_006132,0.9336024556489706
row_049519,0.02443033712884387
row_022516,0.10752534437925879
row_035244,0.4539522836122758
row_032934,0.5713028682916276
row_011007,0.007573377190450653
row_027866,0.40665572408258066
row_038737,0.5686199478201509
row_019303,0.007653396851437545
row_012657,0.5150592678066733
row_037994,0.1428963172378335
row_043024,0.013693413350838712
row_033639,0.12023160177458078
row_022087,0.002669580732086953
row_041241,0.002992162502005487
row_026863,0.5638958925988605
row_033831,0.11244861790295083
row_030247,0.00810416917204581
row_042150,0.9907255705409196
row_036064,0.0027384134223477257
row_013928,0.003171738386244661
row_003368,0.016710630834711575
row_015562,0.485306753336311
row_048528,0.47179343580502847
row_023553,0.33185528637343964
row_024904,0.004844678058007354
row_010314,0.01904537289976349
row_039323,0.003718157390845255
row_040495,0.0108010166024652
row_004879,0.8076034153079171
row_010956,0.0019116523362127374
row_020043,0.009383532632144576
row_036752,0.07856783015611854
row_024248,0.0043383011341571005
row_012274,0.047187712944569776
row_014280,0.021524205170961184
row_033091,0.03848264676515677
row_021796,0.14464834432802648
row_029520,0.7168581483550136
row_036979,0.9972169141327053
row_005856,0.009158988332036946
row_023178,0.019557287736988935
row_029459,0.010231681955017204
row_013658,0.9712621963634963
row_034973,0.0020594943880458427
row_025728,0.16434322977429366
row_024052,0.016133978429786023
row_033047,0.12256951127109496
row_049489,0.05815142440655009
row_037088,0.023690411747367766
row_012398,0.6804160164933974
row_010027,0.0029779708266111054
row_001238,0.009434358644077493
row_041772,0.009271804300191502
row_038349,0.2038962226210424
row_042173,0.0714660309213765
row_033001,0.515085348009497
row_023447,0.025496639132480018
row_022344,0.017157785908114127
row_047042,0.9042779075674068
row_017377,0.4205518225621625
row_019495,0.014742355209842684
row_031885,0.8365014408321756
row_030852,0.4015661174396897
row_014167,0.008407330132078325
row_025910,0.007245207317374028
row_048747,0.0050724191129112505
row_009036,0.02522630955411824
row_023965,0.013179958622190673
row_011146,0.06079235686349082
row_021570,0.02221048091207941
row_005368,0.04393461627745983
row_011896,0.003307812830622793
row_039736,0.2798564657640271
row_013378,0.07578595243397089
row_036108,0.004437439360046348
row_033910,0.019717217135973145
row_046309,0.031213398249861298
row_013751,0.3932826378788483
row_036207,0.013303295771350556
row_018837,0.01412171051943168
row_016788,0.016171986601209755
row_040420,0.36712236628046796
row_041671,0.3890947517174641
row_038992,0.053594448087684224
row_040679,0.003882367450575843
row_045684,0.06070190388198381
row_031141,0.18802476461703974
row_031165,0.037064495068001226
row_015641,0.018959070809556524
row_034712,0.023030656354340873
row_027638,0.5834112364722368
row_041925,0.06961615245824597
row_048229,0.014680658291787193
row_007792,0.06907564227101554
row_026259,0.14347504697768365
row_017123,0.014851135631810453
row_032771,0.5816196790567412
row_021289,0.8330638450766789
row_040419,0.08215914240401885
row_012337,0.029218848288571443
row_003674,0.0035895153709257265
row_011815,0.1885301871174808
row_037074,0.7796320345894878
row_035953,0.397266686109842
row_000160,0.13378487952667834
row_010879,0.020255911545251724
row_009493,0.002624235954411458
row_007034,0.04283568261930672
row_020131,0.04710710564400217
row_049663,0.3915099056198612
row_049648,0.020449153849751687
row_014221,0.1770693957462628
row_044588,0.018079342521020846
row_024896,0.051683710583365995
row_034843,0.9313469228379222
row_005214,0.0034990307518539335
row_018025,0.028716143811224566
row_030342,0.8839114645401793
row_019044,0.46235260133743133
row_043795,0.06557549107963465
row_006534,0.13961016907982518
row_025337,0.14999101883783209
row_036168,0.03924829239708893
row_035061,0.06221663092118454
row_044945,0.010197744964957546
row_018645,0.11062568912728375
row_001769,0.02879315212373687
row_037338,0.05504788186091665
row_011072,0.008127227878923633
row_008490,0.9020825284414561
row_032902,0.008112451043300327
row_009135,0.0036180800748474703
row_029441,0.007855441411791366
row_044605,0.006727627519340954
row_002053,0.07202157865527761
row_042311,0.022943612381704843
row_004390,0.014972374757962228
row_010572,0.6575844935737888
row_018165,0.0026809852493862997
row_034334,0.0035971610882769003
row_002629,0.18918139128575673
row_013144,0.037977664488468774
row_041176,0.005541710867920083
row_037158,0.02461604038244942
row_035371,0.042842268347122354
row_025796,0.16186518306167286
row_020784,0.008674038573392629
row_040826,0.4904217460564301
row_000305,0.02002704415858199
row_013736,0.019853943224027046
row_045721,0.09162105939755649
row_038463,0.21598628027355157
row_024352,0.021452301577756336
row_046106,0.04615969860123535
row_039993,0.10720410093126496
row_014035,0.057002413379510834
row_020831,0.9546955906919258
row_031424,0.09261817313510248
row_001429,0.08618684229719059
row_005139,0.12998378481220968
row_027238,0.08450494858401654
row_012338,0.05761210936047059
row_038078,0.0014599265097392932
row_043705,0.025926492013217242
row_048016,0.011315832444112894
row_008422,0.058385054322720606
row_025965,0.006398112709518551
row_028212,0.8658387518680928
row_019108,0.21511090447258696
row_014560,0.16684461666608508
row_029098,0.14463410903203505
row_024042,0.03640296309638674
row_035261,0.0037432225341710117
row_034490,0.0034784475754840154
row_044723,0.31523107817994006
row_045493,0.04587662920319021
row_028914,0.016333286491919067
row_032834,0.0038884963024791927
row_018063,0.0189921600266243
row_017909,0.023138347385273435
row_021290,0.004166285462820458
row_041968,0.050431235729505905
row_002556,0.004416809188157796
row_008815,0.00791881161869826
row_026697,0.46874833326282467
row_032630,0.010868195303441158
row_022329,0.012520756957922916
row_006352,0.028559176703094644
row_005251,0.003771348683934933
row_010067,0.006710003189012644
row_002463,0.03642695356029275
row_034034,0.6427667759454585
row_028236,0.03350330010909041
row_033638,0.0011159049389044178
row_015164,0.01966417891119157
row_026814,0.285219152245452
row_045080,0.2176549151454089
row_012066,0.29495626989663454
row_030432,0.03775244487655221
row_046778,0.33304364832593697
row_017530,0.9590565274058124
row_001997,0.023362653168717024
row_033465,0.16729163943331268
row_010731,0.10392440168707857
row_025278,0.02349158846782192
row_026938,0.004617808596016541
row_043384,0.24321207037993342
row_021532,0.01660149690214654
row_029193,0.3505023859172223
row_044068,0.018471919017201098
row_047841,0.010770699728125395
row_046520,0.2517179244834312
row_011902,0.253931770019427
row_023456,0.021422191670872198
row_039454,0.033380295023593555
row_049190,0.04957698254734466
row_041612,0.05935626775210231
row_003811,0.05020092820826194
row_025732,0.9672996723661582
row_034605,0.2507742578211533
row_021173,0.0067473278596563435
row_008110,0.40124944776216953
row_041048,0.832965233626767
row_015822,0.9058967231049425
row_032501,0.02081431444025121
row_025958,0.0024477999702727884
row_008822,0.09983774901989106
row_015326,0.8569089597775337
row_000396,0.1606920703424842
row_020370,0.05494391476685375
row_015244,0.12040407728150054
row_049874,0.03704146366347366
row_012699,0.0058590177848413996
row_001420,0.004673595592969414
row_045910,0.0056713610680781896
row_033973,0.0020482986835565166
row_002449,0.013142448680377634
row_014066,0.017454614207988998
row_005479,0.9918930303984862
row_012296,0.03436058586581271
row_001776,0.00982980311193262
row_024172,0.7866673579678127
row_014396,0.9852841488920521
row_015023,0.01762244861620832
row_036299,0.02475684606795956
row_034575,0.0056872757073565955
row_040508,0.9976951791978954
row_017069,0.01713517278063626
row_033621,0.016760747173309266
row_026555,0.06796254956709347
row_007635,0.1827872908354824
row_014114,0.057023111263672516
row_024073,0.0061063619298931055
row_004106,0.603121726040156
row_008845,0.3706604045488954
row_046805,0.06607062878685441
row_019958,0.05254909853509556
row_005782,0.14216802075180163
row_036716,0.008822776456606002
row_044220,0.017727956765657294
row_011128,0.027635466281077336
row_014596,0.018782871840156146
row_037345,0.1318755611514505
row_038875,0.5422909723476045
row_038803,0.00037329830547920177
row_037274,0.0013321627464101928
row_027380,0.010105145083405298
row_011557,0.0011050650210151125
row_022579,0.004702616171406836
row_044412,0.005445840098174621
row_039414,0.008328084288346594
row_029273,0.03640914649645906
row_043114,0.00718790957935965
row_023620,0.08609628880688695
row_038991,0.016585265145255816
row_046841,0.18197357069357742
row_045232,0.036244846764891925
row_017084,0.8973840839806579
row_032877,0.26214682405939765
row_025459,0.0027288134122552274
row_036531,0.03118420637765522
row_024883,0.12597769058046177
row_015100,0.9275258450704656
row_015680,0.11100574506473462
row_032819,0.010860189893221048
row_020666,0.17878907051455187
row_023911,0.0780452822601294
row_038004,0.024740214648063304
row_004507,0.020664584638121174
row_015315,0.08002283494996805
row_027109,0.2447350940698547
row_016005,0.013029341781411621
row_010345,0.2966842354323291
row_020457,0.0016856581713063932
row_047865,0.11647714814547774
row_015324,0.006428997038428934
row_038554,0.09574877915960439
row_014404,0.4664710860286977
row_029144,0.010764936178554023
row_045529,0.015926083934554792
row_040288,0.008415954532061651
row_029559,0.6986557054021412
row_006590,0.15369536435287684
row_021396,0.2092525174714806
row_019307,0.021272166084661363
row_005739,0.44797573849562694
row_002092,0.01321681446246311
row_019275,0.006798486257867805
row_001811,0.9149408551242818
row_045407,0.01625374998181285
row_025589,0.005132918423849575
row_027068,0.03315943736769683
row_048284,0.36504913234845543
row_038887,0.0403456557208075
row_007501,0.005336826437481706
row_023934,0.40421509615044154
row_044193,0.0033340973968537533
row_013947,0.0727136722440499
row_022548,0.2953868670664152
row_025812,0.3433047531638422
row_012189,0.4022101567363303
row_000902,0.02555830940445329
row_034674,0.12262829440994355
row_033719,0.0020505497397013796
row_004500,0.009742809396806745
row_046384,0.4611583035869239
row_017376,0.2148473850873165
row_013337,0.021138341441804695
row_019081,0.24821717910209115
row_022756,0.5321747541858307
row_047385,0.03996206599238573
row_026848,0.004757851781941289
row_029325,0.022176120169479764
row_027933,0.014427734516799092
row_022085,0.0681956339246798
row_017456,0.02224337391921903
row_026104,0.9618094198569418
row_006019,0.04864971145008954
row_009888,0.01563549931719946
row_015543,0.1737643164466105
row_023956,0.3575753904257284
row_035561,0.007975611841169567
row_046228,0.5576731503984151
row_035486,0.019734348580735396
row_010547,0.0380196244610375
row_019489,0.05316412106526597
row_039348,0.00891603690506311
row_016751,0.0011857074337900785
row_043099,0.01855678688081611
row_020087,0.0037589199340439233
row_024153,0.9976518843344377
row_031469,0.06073244505322318
row_042428,0.039950617911075036
row_002338,0.03208595337573693
row_018509,0.04139992956650782
row_029570,0.12534875707034587
row_006843,0.8363057814296466
row_032234,0.03105549152554742
row_013276,0.18455972384200242
row_012878,0.03288044671583271
row_021448,0.005566508799638894
row_035417,0.1705358317280566
row_001968,0.10786635668365345
row_000088,0.02134721433033621
row_019882,0.997367202415111
row_005280,0.16741627683117274
row_038599,0.008767586711667085
row_040714,0.5500099371773491
row_014646,0.007355586836342005
row_002341,0.0669256688750604
row_049312,0.14537908737957653
row_027416,0.03393750712404793
row_016306,0.004636356948369767
row_027838,0.09132545794345359
row_012291,0.010631910184713192
row_043363,0.1628671008559742
row_002674,0.5732248891437521
row_001558,0.013149786305153201
row_035500,0.5427724438695476
row_003251,0.002328933638493942
row_032384,0.012888930073653687
row_020106,0.013400887124039458
row_006741,0.004479286593061481
row_028567,0.009386943602858897
row_047787,0.008001713195184394
row_048008,0.0008073503740086904
row_040809,0.03195158126602843
row_017603,0.02984098328785847
row_010762,0.1328143977096978
row_032617,0.08025765964611778
row_048135,0.006357946125879178
row_022362,0.9635678949299752
row_006348,0.05791451164460991
row_007201,0.031125962362491218
row_018708,0.013236104286343446
row_039024,0.0853467701876032
row_025437,0.973345393949717
row_033745,0.02261797555858505
row_036434,0.22151680716981637
row_039180,0.25515328164642437
row_002176,0.018450511764348657
row_048937,0.0554255535723603
row_001305,0.0053923338671078725
row_012702,0.00935628194393512
row_040464,0.05868589028093979
row_029092,0.9104591947314128
row_023667,0.023951472997395015
row_009661,0.018062912254273655
row_028766,0.4255611929219006
row_019231,0.03244829216257292
row_032552,0.001152746016797889
row_019615,0.018496276803359843
row_002043,0.005222894258820474
row_017766,0.7105305877977821
row_024891,0.9629154584105636
row_027105,0.1478919639282573
row_017498,0.02196099567808906
row_044893,0.10051354659192938
row_036230,0.02728102106720218
row_028683,0.9810127724880267
row_028931,0.004478220686211052
row_041416,0.06234769010902573
row_043722,0.002839991710360733
row_000863,0.016364243519392634
row_040138,0.27912578809596494
row_001430,0.40114734132409596
row_034323,0.7016717350175307
row_007482,0.012606367546588485
row_019184,0.07524794200017235
row_020486,0.00974159313963406
row_040467,0.018534740579438172
row_046256,0.07464522112147257
row_024654,0.43832245092077
row_006332,0.007503581903487105
row_047680,0.005922332298468893
row_032531,0.2675373689712651
row_048777,0.9029967434932876
row_017642,0.9761886764923285
row_001937,0.019465996284065402
row_010611,0.04578875511742782
row_007234,0.021858868583778522
row_040051,0.12646751902386028
row_042472,0.9849184169731565
row_043731,0.10218588025924721
row_043950,0.028037280063281027
row_019512,0.018445197576585047
row_007926,0.00697298308801423
row_015333,0.003807390984502752
row_017162,0.014649162267721796
row_031647,0.00852989913119611
row_017172,0.1256680573589318
row_010651,0.999773879970888
row_019439,0.04920926009453005
row_049608,0.024603469368080073
row_011939,0.0017194362514773081
row_010812,0.0022828585560071063
row_022997,0.11104776425459355
row_004058,0.9764238219146261
row_023356,0.10492851838081327
row_015879,0.009058914120411977
row_016168,0.02580922815704391
row_001507,0.0014278365016537377
row_043806,0.005932512688636673
row_043253,0.17072808123158387
row_002016,0.0021919493556070186
row_049386,0.009146645012336425
row_046222,0.9000025329563136
row_040483,0.0015739137041569466
row_003166,0.16706417160165882
row_005544,0.32061162927710213
row_018330,0.012595400713890259
row_006309,0.0816992176743487
row_016602,0.8158392447263777
row_003731,0.9500154434160064
row_002278,0.12891228925755363
row_022681,0.0024979606292593087
row_047940,0.8951914827654387
row_006049,0.1568016759250369
row_006899,0.003061096075580601
row_041583,0.9445200173010414
row_035066,0.0018258350374839583
row_014190,0.011463746255517335
row_032514,0.018113093076732582
row_021842,0.04563151113267503
row_009718,0.01655384780744219
row_001134,0.8099289040251703
row_001105,0.025649817499292616
row_009230,0.0418586812404317
row_028371,0.006506064578174257
row_037635,0.08989842556875216
row_000099,0.4111819477338108
row_042088,0.1090113870971328
row_044330,0.02928491693535358
row_041143,0.04012093618048073
row_037067,0.03489688789301777
row_036245,0.006329611113075426
row_045723,0.0030600030487927385
row_035902,0.0067591506853939155
row_037676,0.8144289229318467
row_016880,0.08645819504818922
row_007644,0.01530827634974025
row_029850,0.42456145508916576
row_002250,0.10206845289966412
row_000696,0.14548023658056625
row_036324,0.050423355442890866
row_017942,0.008035147593871698
row_014015,0.008140550878961181
row_044062,0.023363971113365297
row_007383,0.3633540230084109
row_022220,0.23452298435638677
row_005160,0.003199136190939227
row_015622,0.1545931366443373
row_045921,0.09564644967432587
row_015363,0.3943427036451405
row_001977,0.013875568774182575
row_048633,0.021997811768831116
row_030584,0.00827678632242041
row_036658,0.01722993292962744
row_000590,0.009431719133490578
row_008544,0.028772757700175327
row_046263,0.0556152916005883
row_007419,0.012230819519077844
row_025662,0.05754226538016984
row_013042,0.06941530876716694
row_047595,0.0035546636699676742
row_014102,0.002110189438200524
row_028041,0.5748856247128248
row_025433,0.5654787481060402
row_011357,0.21226530207478922
row_048962,0.02420736794564982
row_025359,0.015254637669398169
row_037749,0.00879069858746533
row_017963,0.0009061578992370467
row_008215,0.06452067765036876
row_012979,0.24666518421306832
row_036970,0.008213406110123372
row_000520,0.049224788463041444
row_036952,0.017460064980253886
row_047900,0.08410889501411549
row_020564,0.01732810255356696
row_020107,0.011814963488140848
row_000736,0.0757669918345216
row_029190,0.002971578169578928
row_001343,0.009280583469672221
row_048049,0.012481086599686081
row_031655,0.015171740173938192
row_004965,0.02337608107867831
row_001446,0.3649791962399414
row_005851,0.03060451095358744
row_024887,0.008727016054691464
row_024066,0.8261204985603431
row_027987,0.057202968903813864
row_049291,0.035695897052980305
row_020691,0.1558890714625185
row_037904,0.023768664594648724
row_035877,0.0674659667534589
row_001975,0.025100273101315067
row_019753,0.5600851911574405
row_030344,0.033261813895935646
row_030684,0.09764875681928452
row_026173,0.028725940205215995
row_033283,0.035890882449536574
row_037518,0.007315299495436216
row_014343,0.5602701485903894
row_024051,0.03520020582428189
row_027370,0.13517372956925716
row_049431,0.0860515759370449
row_034626,0.009252183853088212
row_037423,0.16373312931666198
row_030736,0.002996890222548769
row_026195,0.9587148363460539
row_025372,0.01892477829174984
row_045778,0.12131156038765759
row_035975,0.7294996228315259
row_038250,0.032063708180378736
row_043190,0.00640861477415604
row_013804,0.20473658434253034
row_021866,0.014901617594459876
row_026335,0.012346014032633194
row_011247,0.025629641936520862
row_029561,0.017219997257972616
row_001221,0.15141433013516906
row_019891,0.005174325104623597
row_000883,0.028200049293866207
row_040315,0.0146915974734778
row_027569,0.5509978358610977
row_016973,0.012493175614374756
row_032386,0.9496471365900571
row_030316,0.2118628078467804
row_043773,0.7137082532734564
row_019972,0.11218044665494568
row_006079,0.001831433124172017
row_000533,0.00772030452394003
row_025770,0.0015114642461922646
row_007363,0.0061144108723945635
row_038144,0.029370836173647687
row_014902,0.6455650210407894
row_035379,0.07473221577757619
row_016802,0.05602573567006763
row_010450,0.008538755494429104
row_040897,0.3984619311236684
row_011167,0.011845018127173292
row_037090,0.039979164678468924
row_001926,0.030631257647038473
row_003345,0.12759978039798608
row_013137,0.24064284429965566
row_015538,0.013726880282317507
row_032511,0.02163479893438903
row_047373,0.5240186947869365
row_014980,0.0513106055780749
row_040306,0.0022784822041457997
row_044633,0.0021770030548133174
row_013747,0.8962283890134763
row_012612,0.010805021623808395
row_032572,0.0029848279190020305
row_013578,0.007256135682761043
row_033861,0.023308018184568954
row_002198,0.06628817526189454
row_046055,0.044425678125396585
row_035768,0.010207009286835815
row_045176,0.03939390277864998
row_007497,0.0005745101590892401
row_005622,0.49896377983947837
row_009470,0.09116299169929848
row_047153,0.01202763710098858
row_036644,0.006134081508661963
row_042100,0.15166733544077482
row_028118,0.011286340931047387
row_035879,0.04051627340599904
row_023091,0.6991705043945781
row_044192,0.10155903471828104
row_041479,0.3985280693048499
row_030817,0.01582420417868823
row_020501,0.11550439722568624
row_045063,0.9967055792865326
row_009999,0.07084679509681417
row_022331,0.07856493248836581
row_008788,0.017581586757590736
row_026297,0.5332477219701509
row_046264,0.01028643723412734
row_039625,0.0744153807317646
row_003914,0.11631592572196567
row_041363,0.002569436912994584
row_016927,0.00632724214368295
row_024592,0.4803751744434521
row_033921,0.00423685095442946
row_002387,0.014047286068591614
row_048264,0.004640888002521567
row_022706,0.0141047972639762
row_021250,0.12227337400891156
row_043590,0.6996281488387365
row_007311,0.10091980112889418
row_030654,0.061615335344928114
row_030487,0.008850479180088452
row_016820,0.0436372686099185
row_032717,0.02496244581443483
row_019511,0.014274817223115854
row_045058,0.6947953121336169
row_049233,0.010110697313258112
row_048950,0.023939050619434507
row_035136,0.03023436252944451
row_002179,0.07643791295475771
row_039208,0.006193124928356361
row_009039,0.894765945452798
row_008959,0.37097077719813437
row_010080,0.8944218883170346
row_009422,0.017697937703932493
row_031584,0.0025710810989286502
row_037507,0.05880430558306236
row_003378,0.1789264528597755
row_038917,0.005641267439698509
row_016557,0.00156029880989746
row_028828,0.021259996013891877
row_003711,0.04696082274149915
row_049655,0.015355228771584604
row_011132,0.02834923793493944
row_026784,0.0039028437494478584
row_010195,0.15090956139293096
row_021737,0.1093061516555798
row_007237,0.04601145227494502
row_014180,0.09808156423446127
row_036448,0.08037582773198101
row_028208,0.09700925251775547
row_011704,0.036043406580273746
row_045481,0.0015436391210860948
row_049730,0.06644208745360942
row_031952,0.006117753007434973
row_018127,0.022762133807636625
row_016467,0.023613112062923373
row_007507,0.03584274200186352
row_012185,0.014379177762376422
row_040142,0.011872052272282118
row_002671,0.013343809938738524
row_049670,0.31692908742608994
row_015032,0.27742687453034987
row_020516,0.6687878086862923
row_029712,0.1402137458799608
row_009266,0.05560980402654017
row_027654,0.008656746821239437
row_020589,0.11211817782988429
row_021078,0.033925635825410666
row_022049,0.03554700405303546
row_028373,0.37963095888221154
row_015428,0.025050624001335467
row_031769,0.4200148065796261
row_042232,0.2559062440646005
row_033618,0.010966168024268811
row_001042,0.3780453417651038
row_022326,0.26004364372416483
row_025844,0.08462250486825937
row_010780,0.020474842303387697
row_034436,0.0047674493286333965
row_005023,0.1662968240003744
row_008136,0.004252831156275231
row_026681,0.009123097216611543
row_018407,0.007623357453983717
row_005149,0.2836250846049421
row_026708,0.2450888182863233
row_049463,0.005838490621094907
row_001645,0.002535951894502146
row_022724,0.0020025682006017897
row_049931,0.08924437445370632
row_042421,0.24270882948722805
row_025025,0.08989866285664608
row_001012,0.38515847839498607
row_035075,0.20943370259119845
row_045187,0.08487536832945866
row_046773,0.01142394007563055
row_044747,0.014613658923965735
row_012096,0.3686803446851945
row_001018,0.11761506155818194
row_002408,0.034956389698419695
row_004326,0.9125862895019218
row_033933,0.17119793992304333
row_026156,0.04800989034087716
row_037489,0.007535095539450807
row_005194,0.008187078270654586
row_039385,0.39885257395722545
row_028997,0.2237397990157472
row_026140,0.008056436284539448
row_042571,0.041966129908769495
row_034989,0.01644781170299616
row_049122,0.02313217405746465
row_034084,0.21378241832407227
row_035711,0.906704931708045
row_022749,0.927817750983725
row_001588,0.01432001394016548
row_012414,0.10345109622347665
row_023743,0.22975997056100161
row_037642,0.937118320337503
row_006856,0.05775222396089628
row_036296,0.12494526974479969
row_019626,0.028207833075464157
row_024970,0.10771909789525896
row_026805,0.20218532344015966
row_034648,0.056540934307363885
row_008938,0.025488880782354596
row_035643,0.0008565397796810583
row_006632,0.243378934515433
row_017246,0.21274212344758506
row_031075,0.021447064562907934
row_045469,0.022559278974936692
row_041216,0.625039930343547
row_030391,0.32470663087965546
row_041974,0.2515047825611342
row_012955,0.008363288750438439
row_044742,0.03423498949426248
row_031344,0.004129188461622077
row_038161,0.010484152882408036
row_044043,0.005816779356521796
row_029816,0.020853513521803924
row_016515,0.009614922810358877
row_032204,0.7156486859703926
row_003762,0.04418249602121178
row_019129,0.011142916576182587
row_029300,0.9092715890346933
row_042700,0.01053162131597138
row_042954,0.2700397143521247
row_049617,0.42803156557310496
row_004030,0.008701388222764315
row_025365,0.012473966838168505
row_044061,0.04152469033850779
row_029699,0.02920714674615789
row_038667,0.04995131305110112
row_022458,0.016400172897932823
row_011212,0.9523123185184896
row_022665,0.04634441846844771
row_010855,0.9510025516893916
row_036688,0.0023800930200272245
row_020211,0.0005385422731619196
row_006451,0.0030073207706664924
row_040305,0.003013696175490765
row_036132,0.16512024946053142
row_000298,0.01060612957805877
row_010145,0.1335409925175405
row_010729,0.6125979229757075
row_012251,0.008185291255648788
row_009219,0.17503783878190035
row_041124,0.2240767341775997
row_034598,0.010195470603615354
row_013829,0.12110365884700304
row_009414,0.4716638417237005
row_015237,0.0016388575154444075
row_040261,0.9454548564382668
row_037668,0.07804081331124466
row_003185,0.06085439377617152
row_022356,0.030299589715028906
row_032426,0.5980632178724725
row_044745,0.0038217984344263234
row_044839,0.6096264302247714
row_042434,0.012307187020758928
row_038693,0.5515328528733336
row_040878,0.03273169740454413
row_036158,0.06880406787238902
row_046026,0.019659201174949216
row_021296,0.012705141090737272
row_000229,0.011715543865336592
row_035612,0.048371650773039676
row_019432,0.056932238702531834
row_041741,0.035908019919674745
row_015659,0.16336136069531576
row_009447,0.032291967704872776
row_042200,0.1273335463181772
row_006341,0.25057005456596515
row_018126,0.0394948899867595
row_018750,0.06005175295348252
row_027989,0.1381336710041996
row_005341,0.09381698720202802
row_016420,0.006829846058541686
row_005434,0.22335139439531215
row_029591,0.8491777307146787
row_041365,0.04540783266037708
row_044663,0.4584299032465052
row_034838,0.012575655379094641
row_027283,0.012862197571584499
row_046144,0.038123692038735335
row_043069,0.029784397850961403
row_043847,0.013631917118020576
row_017451,0.005643000076590612
row_037503,0.9867036341000063
row_022394,0.028510850237327384
row_000989,0.050687195512732625
row_005727,0.01674728522151438
row_020742,0.004552678249939202
row_041585,0.023190615044679702
row_038572,0.1638445861628239
row_015265,0.0053269884092762764
row_039114,0.009786309716812252
row_035685,0.03947284817079084
row_006092,0.0196330274266792
row_048970,0.009515494188300642
row_044397,0.08202130449379065
row_011623,0.7216497305916448
row_027082,0.017254654439419807
row_021157,0.05268170234075642
row_046576,0.04483184066003561
row_001233,0.004777583828599221
row_015938,0.017115611673418248
row_030714,0.011557713589005973
row_038172,0.051830002414458703
row_020231,0.003491963189977627
row_005716,0.005802140879930267
row_033833,0.019654279572223016
row_045328,0.004940397195900179
row_025116,0.023655299568569252
row_019777,0.10733105244485712
row_039214,0.015776641833387253
row_008555,0.4692701603470907
row_033072,0.014707730742234082
row_029475,0.03443235688803353
row_036813,0.016527955092381162
row_026877,0.11061957721598126
row_024549,0.05040271974695879
row_035948,0.6864210346062795
row_024388,0.7418786283887447
row_045006,0.0009102710197602223
row_034422,0.10669746145424702
row_014267,0.0685913229371267
row_000506,0.06576017996267135
row_013831,0.08764002235475343
row_006672,0.011001670598920134
row_013698,0.27328799087272804
row_007031,0.044459566102665174
row_027823,0.009583444504227491
row_043466,0.06038763693518022
row_022936,0.2743837630390292
row_010239,0.3639065416761683
row_027025,0.006977819807069448
row_017227,0.007037918209794866
row_017000,0.046830616987992645
row_034487,0.03999462388840665
row_010272,0.0933213499290621
row_034081,0.01632079401891847
row_041071,0.9888913237439092
row_001093,0.013925223809370616
row_034941,0.002260609751324124
row_039550,0.059477033910790025
row_027244,0.5090513655130308
row_041166,0.024013043735470092
row_015057,0.3069140395286577
row_040346,0.5026253386962178
row_012436,0.019792634873068222
row_031679,0.003159880923883583
row_013869,0.00873033603234983
row_047517,0.07315407394747755
row_040712,0.10652964131972667
row_040512,0.028817778816526505
row_024295,0.03247740593381096
row_026528,0.035744592214491985
row_014460,0.05319613007727807
row_018003,0.06481965733895145
row_013005,0.01670599114116994
row_025982,0.007291516776438186
row_022316,0.06938226717031787
row_034888,0.06241539632817576
row_027961,0.015516191989917816
row_001904,0.002831322167544814
row_001655,0.016738335660022467
row_000092,0.14534426932123878
row_005709,0.004699077291350095
row_043289,0.024135517265665207
row_009291,0.24467037816155826
row_014985,0.5723870120056895
row_036461,0.5951032297494216
row_015349,0.06526190391860943
row_018867,0.9880940772588367
row_037031,0.012350899398275406
row_001158,0.006910387788666103
row_022373,0.578823285728867
row_026669,0.6292249704949511
row_048342,0.5091590513221828
row_025362,0.005893420238343368
row_043637,0.014521330686330658
row_028127,0.0025653592508577375
row_009384,0.048223168004636156
row_045615,0.03167379279201209
row_009779,0.8668579446585841
row_039403,0.07077117286544912
row_035749,0.9853193529529866
row_023079,0.010717575679514767
row_033527,0.02372761138378937
row_007072,0.009369288904318205
row_001247,0.33800198912831675
row_047200,0.036509481496530855
row_015179,0.0020117566121963686
row_020624,0.055422207319421796
row_009686,0.0053984032838719515
row_028677,0.02074455070655516
row_035686,0.005790488330301216
row_046376,0.008601362154332845
row_048702,0.005619174190715203
row_008579,0.11447855944347714
row_035050,0.003833792127665919
row_037416,0.029490309696108767
row_018514,0.006905023000540413
row_005221,0.009326922611218223
row_038864,0.7874086883356065
row_041948,0.0018529704160870483
row_021063,0.029077354416055134
row_039247,0.026573623129922244
row_017899,0.020767149898281854
row_003794,0.9945858801325683
row_010922,0.02385821157362134
row_039076,0.043291775338479034
row_047324,0.024897831493537134
row_008468,0.016577022721495496
row_010750,0.016931794548387804
row_041528,0.015477692127055326
row_024263,0.7302982478276051
row_031481,0.3518286272802325
row_024610,0.002607717158054081
row_031496,0.04764816259212734
row_000850,0.0149694858085069
row_026486,0.022764445249949864
row_028672,0.003998283223391662
row_019246,0.002414883990824973
row_022030,0.0743316502679888
row_033946,0.009249961299704292
row_024782,0.011685306703092074
row_049793,0.014811122408583316
row_025549,0.00633402807713079
row_023127,0.041594876971475306
row_029574,0.17606811017599983
row_026050,0.24083332896768805
row_004053,0.20895683183543182
row_014268,0.1284539798749672
row_034221,0.12765857471984676
row_047233,0.6103450583360326
row_039069,0.02787436979643796
row_046497,0.9232939922211258
row_025329,0.148251014462546
row_020718,0.014416688642590832
row_000740,0.0037255854654609055
row_017348,0.001780294191954579
row_017536,0.5071549649521253
row_035419,0.025652312653631073
row_015377,0.0068949181693005145
row_044550,0.014175307294407729
row_046146,0.7860058577872195
row_023196,0.006126624494068211
row_010120,0.4767007612808447
row_030266,0.007565977261091818
row_020388,0.02298537984172585
row_000272,0.10721367450637762
row_004071,0.024597882341392735
row_011020,0.051268831102870935
row_004431,0.238746847329505
row_046620,0.005686902703539442
row_002062,0.034006189864221076
row_031919,0.014734103323617045
row_032227,0.01662555476922261
row_004054,0.02039464495053428
row_045198,0.03806955289873093
row_032181,0.03875084291642547
row_046684,0.7311267230155437
row_008039,0.002014699936394992
row_025275,0.033753595274960316
row_000336,0.20026868538323486
row_046695,0.0045881063754557114
row_022231,0.014550380384730381
row_029294,0.021220385021812102
row_013325,0.2957956655572074
row_027147,0.18485051246110515
row_021457,0.3085508151333341
row_024186,0.7043585065782542
row_018091,0.04051721705618048
row_017466,0.001579771955765138
row_001827,0.012787375082045737
row_029812,0.017128898690543397
row_039915,0.12303710897151482
row_045104,0.007155207661529817
row_008567,0.47440977308022547
row_048168,0.0373169589622482
row_046997,0.9971782819065603
row_005783,0.10864123083059463
row_009208,0.9951952866946934
row_015294,0.006801887243309644
row_002570,0.259556283682246
row_005972,0.0038143668573604106
row_022495,0.025782947579696593
row_039202,0.02690174537097429
row_012026,0.008145569682883226
row_030267,0.25033219630960274
row_048842,0.01869792798207836
row_043952,0.03038097531764146
row_015295,0.44793959674175565
row_018757,0.007527757340177928
row_022815,0.03545633775958559
row_026982,0.021276486280688713
row_001340,0.13752099349336155
row_037292,0.14467796877076808
row_013749,0.0075938664893187985
row_023063,0.011294450681141713
row_026319,0.03344128442654788
row_015476,0.047847531709582225
row_027211,0.03347832732410754
row_031073,0.781895160124262
row_038024,0.7716182020493774
row_016403,0.014221646484107975
row_042385,0.7642363350794956
row_026763,0.012527079574985684
row_002367,0.16648988898890957
row_034031,0.01540016710085041
row_002969,0.2656524666798378
row_028810,0.019092793140942886
row_041211,0.26036709544830133
row_033827,0.03563766748500463
row_029751,0.03659052489681652
row_042516,0.112103759660584
row_045237,0.02117247523419799
row_018583,0.006914764890008199
row_031236,0.7539820548098851
row_046690,0.17984193716981473
row_029905,0.14305496629597317
row_022076,0.8342327289700675
row_013418,0.03379081330913512
row_031850,0.6836754394446232
row_036359,0.40056406593952815
row_035455,0.007853660477547838
row_029841,0.0027346596508626524
row_008686,0.00033772811573762356
row_045471,0.1856093297473994
row_006460,0.3007600960321864
row_018014,0.4033685960422093
row_007241,0.4756366470695489
row_029871,0.04645086731168499
row_020890,0.07858747206247259
row_029384,0.19436095805415782
row_043551,0.028507989503379752
row_025685,0.491961720920146
row_025924,0.5482930871989025
row_001790,0.24849615700149366
row_045016,0.022771788677386308
row_028109,0.06413202333272042
row_047808,0.35464785402406057
row_023491,0.041806590227431106
row_031853,0.01789094424177684
row_032451,0.0034186324659689184
row_021344,0.05769165267419817
row_023302,0.22095990596013115
row_006063,0.9415250500971215
row_047148,0.04341659505755842
row_044146,0.00473565545853616
row_023731,0.004185227114323378
row_009161,0.009245299380914776
row_028616,0.009762329269977875
row_033676,0.052538480152263756
row_047599,0.010979042843677629
row_001123,0.6409844266884823
row_046942,0.018106828957667825
row_032806,0.40143145008543346
row_003920,0.024694610456464983
row_014254,0.9314958472426328
row_043042,0.0213860166541786
row_016045,0.921268435858059
row_005059,0.4280695906121311
row_014392,0.013316191803236363
row_046370,0.0038334793378348928
row_001414,0.06547699094452662
row_006252,0.011937341218118402
row_026565,0.010819369115112101
row_037641,0.053610595323724294
row_000495,0.023277484501993934
row_046911,0.6089440091989806
row_011859,0.013152221751587544
row_021424,0.10296724045654901
row_025803,0.9759819944279567
row_037396,0.1271265026472567
row_025131,0.030796391607355082
row_048978,0.04425061195908477
row_024265,0.009353735794808115
row_011974,0.03253057944588578
row_042023,0.006369495010767199
row_018267,0.023836014586553652
row_006111,0.02730880035864938
row_009684,0.004347930879996455
row_016439,0.18140011861919036
row_013819,0.2569036654843716
row_011181,0.02507613192445339
row_008946,0.19577225263747397
row_010558,0.02511696459479383
row_043775,0.15660320736208327
row_042300,0.49920008170572794
row_032144,0.005468500011896233
row_006253,0.018508746334656004
row_039368,0.002873584759524692
row_022165,0.01377250752898462
row_037357,0.01224659180593636
row_044558,0.010370387750687788
row_041838,0.026388430401471978
row_021933,0.691456336256359
row_048092,0.025255883395473515
row_029768,0.9903582309691858
row_036458,0.020099012309143512
row_007090,0.007071450521193397
row_036335,0.051269900253596484
row_046203,0.0737536621335171
row_035155,0.030379119989971545
row_047858,0.02751622575899214
row_029236,0.00742699667449592
row_025635,0.11304968975474206
row_000286,0.02845927352768652
row_031453,0.853267912247015
row_029851,0.8782276673760059
row_012270,0.41443476013503816
row_030318,0.04059205512411302
row_006559,0.0031482660564539173
row_033567,0.2199671039749373
row_000685,0.07981455929424568
row_036339,0.00903958392250805
row_011491,0.00570250422615715
row_012457,0.03924150041637448
row_011885,0.34634217690753266
row_044060,0.01201111830988868
row_003108,0.00573999304104989
row_012203,0.05848033760258138
row_039243,0.13706925122749053
row_004376,0.07573148459450654
row_018786,0.9950416061557434
row_006469,0.007059488743802578
row_048166,0.010972763775372471
row_024526,0.004192979753894874
row_037287,0.03933993376719318
row_038472,0.060162066389367795
row_012148,0.13449677978490535
row_017146,0.02866925324690863
row_007275,0.009556180773810801
row_022748,0.09062999281702404
row_043063,0.040511975830548635
row_018853,0.053780688567317964
row_036826,0.01678834652083444
row_008317,0.044569308731134225
row_027014,0.022833398920673195
row_030249,0.9171971068817936
row_027461,0.030420783655824356
row_029250,0.5089885354726343
row_025693,0.9949704185076585
row_038466,0.6072896375864385
row_000580,0.0015626371643657068
row_024014,0.02871297571711893
row_012267,0.004443984242845557
row_012579,0.16113236816372248
row_027228,0.0070197587450286595
row_039261,0.08306713046434126
row_039419,0.05030533737591375
row_031861,0.14650848944982334
row_036510,0.015017316758225848
row_022314,0.06083514292029722
row_018316,0.011782520124783046
row_027045,0.8144095908635159
row_003338,0.31835903619415856
row_035765,0.021398107426906142
row_047424,0.012444598170557885
row_036367,0.05991725788242057
row_018985,0.6371598651209054
row_013673,0.6700706407957348
row_035819,0.3344860261423241
row_017795,0.01604500619485775
row_015888,0.029661962484855316
row_038488,0.01848313139284563
row_011196,0.14707542929125603
row_041299,0.04852007977070019
row_004432,0.13311737199459
row_032412,0.3140620928946309
row_049202,0.34446180493779244
row_024781,0.0022401638737798665
row_004381,0.0045087404821648105
row_008767,0.07902213289144691
row_002110,0.0677154160027668
row_016130,0.04977626225404053
row_039971,0.08842575687919013
row_026291,0.015193695952246285
row_009022,0.04832975533758538
row_039712,0.025512745378763586
row_045169,0.004356373618768632
row_004290,0.013923859001852145
row_008883,0.0017551341354221954
row_036107,0.04107515608627967
row_034451,0.041782438046659216
row_007300,0.0011639523443811317
row_031448,0.01272462017752848
row_011882,0.004348029753677585
row_042810,0.48994846083744004
row_009978,0.007195436269235867
row_031354,0.3015866184033136
row_047823,0.7737758036862887
row_028525,0.9553403505853282
row_017654,0.026782960568214408
row_009478,0.7704337231679061
row_030828,0.06601172206072098
row_047811,0.020144553833765087
row_046459,0.02400046274085077
row_036274,0.506792946569416
row_049865,0.01092197359733869
row_021927,0.01011040623392198
row_024990,0.09710721324980015
row_021620,0.0031450242519674805
row_034470,0.04686768049415828
row_046539,0.04215669523515677
row_016850,0.013879791430778792
row_034115,0.7804531320131228
row_027935,0.009508941955422321
row_005793,0.12020465556256629
row_012620,0.0017173324802726648
row_041343,0.0284045626998728
row_039978,0.06542649105066238
row_019699,0.34677316369628886
row_040724,0.007271788592513712
row_010575,0.12483938965379286
row_004177,0.02481616221429532
row_004168,0.004463951373325091
row_024412,0.07117885037735439
row_029267,0.003601528552136115
row_009494,0.12295300091299022
row_033123,0.07866695943230438
row_027869,0.13132979956439797
row_022960,0.12007779731086159
row_018897,0.6090698891160069
row_022750,0.027307694120225434
row_006861,0.3042179422752208
row_040628,0.008219430561553298
row_021090,0.19829461715938856
row_039626,0.010165295445812036
row_028121,0.19582052556046398
row_036546,0.08813371052469982
row_026950,0.01436161464679912
row_035270,0.004069424603504737
row_012721,0.010905589897181572
row_037259,0.04363039162326036
row_002890,0.02208264514070193
row_005033,0.14509358098786684
row_021952,0.012592655474023814
row_017945,0.6320347613506746
row_020572,0.8385998392830059
row_046746,0.01498060504924444
row_017533,0.018998619544128646
row_007494,0.19303981378692883
row_003952,0.3078655658859215
row_006702,0.0035650534417632287
row_022970,0.0029698312608942862
row_035402,0.029893875774981427
row_036626,0.10766980739920748
row_011472,0.438262903789877
row_045363,0.7663741856603027
row_030433,0.1997643423532419
row_002992,0.28821801731980373
row_039077,0.04441090911952382
row_014072,0.15045725095308932
row_021092,0.012999865041939174
row_015835,0.3071003226778402
row_012134,0.06379587798650603
row_029436,0.9593730258945177
row_020443,0.00798264887531318
row_036372,0.015103038896876983
row_017926,0.03362098839584
row_027236,0.5932162298764989
row_016642,0.0065012639702135555
row_007341,0.007198286483378632
row_013455,0.4326386171247189
row_023437,0.11674351479095145
row_010939,0.03875469461021697
row_000833,0.07067511894847824
row_042301,0.28923728032582047
row_002423,0.048675417634901186
row_047482,0.005247478821440763
row_019799,0.2838386994940024
row_025555,0.25794949076219653
row_023188,0.06617208452662206
row_035358,0.9346720921329545
row_006617,0.1750437614279569
row_020135,0.6303080521021154
row_032625,0.5626572480282027
row_048237,0.10281939161901998
row_000496,0.06742616383896524
row_004528,0.03149598921738098
row_000021,0.13685893840397584
row_006471,0.12645705643098623
row_022419,0.38023472268419256
row_016803,0.008442177241687283
row_000944,0.020460100453958536
row_031031,0.022360856959289806
row_007305,0.3112558242620448
row_005976,0.6970268647514878
row_032315,0.07773293825585596
row_023808,0.06177561154233396
row_006925,0.024189414663243564
row_042559,0.018193144205966457
row_032142,0.03097646272505919
row_025828,0.03291814216027608
row_008304,0.0009917700146131457
row_029630,0.15314356841424817
row_009017,0.02039193295183414
row_023592,0.29558541792287346
row_014964,0.022134027270468884
row_030437,0.19583370435849012
row_000324,0.08651511466546945
row_032482,0.0832956919165557
row_038709,0.01997623871191083
row_004042,0.0272842883551936
row_040999,0.6677527163325284
row_017508,0.13138218942922245
row_044685,0.9501603805115658
row_030846,0.0007569477384578215
row_000462,0.016125167860250148
row_019237,0.017610348627746672
row_036851,0.06973510572149576
row_043301,0.021797758477452845
row_027320,0.07882881814676884
row_022841,0.028478493193747102
row_017148,0.15627907142435155
row_031550,0.0009197244975138274
row_040013,0.13469127606566184
row_020233,0.019169778014767366
row_047364,0.5679190037558266
row_037536,0.899646847191122
row_039721,0.04316223117979989
row_012070,0.017789215906116422
row_021617,0.50215733137936
row_025361,0.06373705372807105
row_037878,0.011772031370420006
row_043234,0.059035900887996554
row_009150,0.391559345853148
row_046862,0.02303820725304148
row_022950,0.042538576778997673
row_040732,0.03675640456729467
row_019981,0.05860517434136804
row_036967,0.02876319687158936
row_038559,0.04105063102087188
row_049149,0.03411178828074069
row_006382,0.255552047503485
row_038929,0.0705835233973944
row_029720,0.06331065012484027
row_044933,0.34704785933557075
row_029505,0.1463199892690168
row_040446,0.30140553362334815
row_035631,0.8907747942124473
row_022701,0.5780860939051585
row_049265,0.04592987378968006
row_024157,0.04613070176915819
row_035072,0.25129431571220384
row_033263,0.00477958099468825
row_006765,0.017532894889360252
row_039986,0.03059967169592563
row_046122,0.39159167628625985
row_003637,0.35449656499480386
row_025560,0.13310439225712078
row_039438,0.005202349535449198
row_049439,0.0055889467984946185
row_009976,0.24587475065950928
row_045380,0.07033426917828142
row_008963,0.016425956636202145
row_001620,0.11722553869114352
row_048091,0.20321544929308072
row_025262,0.015225134558442759
row_008400,0.18440972859811638
row_020198,0.5916926675068026
row_023955,0.024322073060600677
row_026532,0.258174722544916
row_022833,0.7296885305059252
row_002310,0.034686904021921566
row_000679,0.01339910202723358
row_006230,0.04454691154793053
row_010929,0.06394491055077985
row_046131,0.012396875878938314
row_031591,0.4748299370242068
row_024774,0.20320882694537387
row_032675,0.7538510384535618
row_027239,0.01677742761262433
row_000892,0.00934075459672838
row_001377,0.011186290825502293
row_024858,0.22992688234038738
row_030711,0.49205517549173083
row_026505,0.018787155141709963
row_013409,0.012388188894919536
row_006862,0.02161908174557234
row_047649,0.06153980428276509
row_035859,0.17386118687651497
row_047984,0.006006405011211324
row_024110,0.03176969814350994
row_036635,0.3366481398451235
row_002900,0.008321647610970699
row_004695,0.04890268005585162
row_024206,0.6484124167705901
row_003479,0.04845935814865991
row_045355,0.0022737211322423167
row_047905,0.1112452928928924
row_006443,0.005268323407510227
row_012394,0.4834499905660571
row_012384,0.023022996102807506
row_042962,0.037623491319576666
row_037971,0.25190220053541124
row_039212,0.06732104771971613
row_035156,0.008778530109015316
row_023017,0.009762760563828573
row_047316,0.008393914347400735
row_006903,0.3283114449731035
row_033746,0.026002387413920063
row_048991,0.0054861253940859875
row_048968,0.13175022607837952
row_004346,0.8808843692778907
row_000759,0.40819852267188655
row_026881,0.033058885537881756
row_030286,0.0074971057078040935
row_026731,0.05024536954400603
row_021941,0.0030655568139478064
row_001281,0.03713738104077507
row_012505,0.010044089995841084
row_015523,0.028293760518371423
row_042323,0.16846283030260564
row_017885,0.02994517201598154
row_041779,0.020306418247333057
row_049736,0.0730205417505727
row_000024,0.027320062297925517
row_046042,0.538599123289085
row_024951,0.7564214307728154
row_011375,0.06356037531660312
row_002333,0.008474560922960235
row_006533,0.06629827807075524
row_028732,0.2851907391076114
row_018601,0.29578895466074795
row_004690,0.38935876211040826
row_049153,0.11419201539441426
row_019532,0.007987367335911454
row_036396,0.09458482216008167
row_043978,0.003385217740413287
row_039899,0.4752207755244354
row_030523,0.008388238987813669
row_035705,0.09677377356784206
row_005209,0.03468873372064034
row_020536,0.02740962756273496
row_021012,0.19810717072229084
row_008139,0.12488988219892616
row_009924,0.04817045716190618
row_016867,0.00102714345549522
row_025986,0.01885961857743587
row_014883,0.03646236794143179
row_001391,0.01859261769464647
row_048839,0.9845736442529797
row_036647,0.22339891958516184
row_009927,0.11601638872943075
row_010701,0.01146504649046717
row_015942,0.6071157956577257
row_011795,0.21709495241772764
row_036823,0.032311819847186715
row_018679,0.005255582226349044
row_027015,0.5542513746430762
row_015773,0.01670689043366004
row_023496,0.540539549281327
row_039224,0.007285166785707389
row_016125,0.06985258440915049
row_033158,0.04711505428822457
row_029182,0.019879069693077935
row_045418,0.08322373617608808
row_015586,0.0023927788658672086
row_029275,0.009199990268967206
row_005319,0.7132654874596599
row_042540,0.3864404671270192
row_039994,0.17272214635983774
row_048718,0.022980420997369733
row_005463,0.006836473604349313
row_009916,0.13090090678672012
row_019165,0.006102148111604415
row_046551,0.030657592678956222
row_047786,0.002052881717623091
row_031470,0.12120657829623752
row_026261,0.010966588413947544
row_025613,0.004194897775945949
row_019504,0.0017700698748732
row_033692,0.4872168193931232
row_041485,0.036347376549053616
row_014420,0.023214431325691395
row_009855,0.2150521248692902
row_049444,0.8322443393260145
row_025820,0.39012189679187936
row_049129,0.03071625484836283
row_031922,0.016442618378867988
row_044138,0.49635354096478124
row_027328,0.0058135518254053276
row_029303,0.0224935791976486
row_027603,0.022595384915472992
row_035251,0.04320073179141619
row_013452,0.09615355408502294
row_009602,0.09079450024198586
row_018398,0.0038898934049447203
row_049077,0.5169739652765595
row_007756,0.582430675323775
row_038940,0.003832698744726131
row_042004,0.0032969824239171067
row_000627,0.07808049924148114
row_028652,0.024166268788463598
row_003022,0.00648894401649612
row_024766,0.02507942820756643
row_048831,0.01688213502612497
row_014758,0.0031488806849780107
row_049457,0.009373022016639655
row_009969,0.011614986762204734
row_013606,0.015513719278863258
row_001424,0.08740364933195893
row_049539,0.04050478440374773
row_018845,0.022250362434239758
row_029242,0.003065792388455698
row_025591,0.051864385524164586
row_047309,0.006479155523799449
row_009294,0.06071221765636608
row_049615,0.03007135868129466
row_019752,0.04136693202576231
row_014937,0.012143199349440862
row_049217,0.7001824923433846
row_016887,0.6528235012090433
row_006321,0.9967278247178621
row_025860,0.0004940284134607178
row_019073,0.015222685980664456
row_012920,0.9612417495290034
row_011568,0.016134006779393834
row_037320,0.010911192032626272
row_046674,0.005268044143225426
row_008333,0.12377577599214297
row_019544,0.01728287352726864
row_003621,0.06935541389215134
row_043480,0.003358767887138691
row_022580,0.15166822431224625
row_035890,0.04871553627123387
row_002561,0.9445428153120802
row_015150,0.006257023371047233
row_029485,0.013322641263302647
row_044799,0.0016376549603094638
row_023126,0.005164062207709672
row_018619,0.0023393250438982706
row_001121,0.0025954897429252945
row_018720,0.19804812937558214
row_007995,0.015249401312639146
row_019325,0.023776051323280506
row_032699,0.06554406387950523
row_007638,0.14565095350932292
row_029902,0.014551413657445774
row_037341,0.9865142025577154
row_008061,0.39967310639587517
row_008432,0.026582526218630775
row_005804,0.13999370804325215
row_015723,0.060219027324190474
row_000603,0.04341599407965346
row_007815,0.03194380332031756
row_026336,0.006513876142598482
row_020442,0.2164363419976957
row_003458,0.016607549803850683
row_041999,0.020348971779326666
row_048507,0.0014962310373561652
row_018024,0.3463133337452811
row_038666,0.04839096905184462
row_010113,0.0447088582726308
row_017304,0.003214402901991637
row_013931,0.07780818348237234
row_011010,0.023537197749330357
row_017076,0.02096217852586997
row_028845,0.0019202205083600791
row_020657,0.20192029084095667
row_047109,0.0008871231749089789
row_009305,0.012900723092360747
row_013338,0.0028501628429707807
row_035088,0.05327162940726668
row_018411,0.13366322213766252
row_046725,0.024091592331400354
row_021436,0.019025295016212626
row_004711,0.14524254428943073
row_047163,0.004167956218114382
row_023020,0.006137530021093217
row_029313,0.359377026730598
row_015231,0.04982470611374956
row_037381,0.021796713084912142
row_017933,0.0472605679357059
row_043625,0.007614433276993994
row_045928,0.2011509198701327
row_035014,0.02626149085218956
row_004003,0.20985694008971423
row_035245,0.009390711660129003
row_022046,0.06497548840865705
row_003382,0.01841160677168549
row_013122,0.006853179432621301
row_034670,0.06566595158075897
row_028636,0.022367706285027933
row_046902,0.005010314096758082
row_044499,0.00279667375136808
row_022523,0.0044896523326433905
row_007154,0.025467242548871928
row_007014,0.5272520907684213
row_009221,0.008332192633110833
row_042644,0.11390238491363497
row_034781,0.022432596410006424
row_015097,0.009232436687243455
row_007129,0.021743778223875722
row_023439,0.037179443725806775
row_007328,0.9512418643982902
row_019462,0.023804882585525766
row_037680,0.08144557465452171
row_043252,0.9601043479475045
row_006997,0.007006576391875878
row_037434,0.036898369632942525
row_045823,0.013148990467509156
row_034824,0.00960525098974963
row_019619,0.10860950749693381
row_027085,0.4210570697936146
row_016182,0.07979790411590469
row_023569,0.12344529000854369
row_021346,0.02992487266095483
row_002813,0.027143213318518496
row_014169,0.03188794856631911
row_033374,0.004985353443658498
row_045738,0.08272611367178316
row_012396,0.04342477121960875
row_025778,0.1757874051056339
row_041945,0.13869498286509593
row_043503,0.6667289910065142
row_044553,0.0037229753419117683
row_014603,0.10191450113172029
row_004044,0.146351404518089
row_007777,0.02509837043854246
row_018803,0.07850470480598462
row_049762,0.003691509047153608
row_012489,0.006203057931864046
row_034319,0.007158494793236955
row_033519,0.02046434381745526
row_048830,0.006894100946882203
row_045123,0.08358030767848762
row_016746,0.09470581784221073
row_020507,0.05864657997166138
row_014329,0.12676475026494277
row_000558,0.9000849077392401
row_037367,0.0020597046351289346
row_044739,0.11468539161342808
row_038948,0.0028822536752884844
row_009097,0.032222289388903064
row_031216,0.028673086809487075
row_017599,0.00580654494387315
row_006065,0.015150013262159374
row_014528,0.2216931650811804
row_021139,0.013399707680683211
row_023051,0.832994833394255
row_029661,0.04206841323815357
row_028563,0.33115323618969644
row_044721,0.011732569015510399
row_021153,0.07630958344787181
row_005540,0.00942557868781339
row_045877,0.04396247972070768
row_040661,0.022897500982586538
row_044636,0.3513477629600932
row_036623,0.9779041829269394
row_047933,0.010713847374467027
row_028748,0.059227568198391256
row_018542,0.8430271511074539
row_009782,0.025890420231132166
row_023942,0.999365265102306
row_030958,0.09143262733245125
row_032105,0.03717589514451269
row_032028,0.010841808607317418
row_021740,0.004977992647250159
row_008923,0.041603657516220596
row_027108,0.3702708952951671
row_023376,0.005084070815535019
row_021097,0.007556486717300991
row_046639,0.02394108730325415
row_040859,0.03834488201883547
row_024061,0.02668604141035405
row_021777,0.7669861710626353
row_036948,0.1300930863353708
row_033934,0.01579218280212532
row_024007,0.05219688654866027
row_027498,0.00890723836677515
row_024313,0.9343179985255021
row_045843,0.2532352557107498
row_046180,0.14834162245697072
row_042519,0.6558278959453694
row_032321,0.0138832067976353
row_018728,0.3352944630154455
row_034456,0.005234224430307967
row_018635,0.06446426375414599
row_028246,0.022316181800130973
row_041750,0.12101274731510131
row_006228,0.21448604714795058
row_008211,0.0857910128659892
row_040494,0.00937525269722455
row_039829,0.06784412472305583
row_047801,0.1352973175230384
row_021433,0.023226226227261948
row_011299,0.8104212891258976
row_008256,0.3229370754654599
row_038753,0.2791352676152925
row_029805,0.007866138083831901
row_027203,0.6111123036275489
row_036863,0.17698274252716983
row_022289,0.008239934499786767
row_013865,0.03710878293288096
row_013850,0.03537102558400372
row_002696,0.00675060184660569
row_039755,0.032325757087758374
row_029195,0.024018777774484516
row_049080,0.13439136523372627
row_010225,0.11763390617810668
row_046193,0.06789454415200906
row_024715,0.011814279401426969
row_037340,0.005035318686095255
row_010593,0.24675551998777917
row_020794,0.004112218933561505
row_027984,0.057462894772408145
row_029048,0.21748299312850503
row_046955,0.0222259983190555
row_004348,0.0366087158884528
row_029431,0.5206557380364245
row_004330,0.006472017082306044
row_008710,0.0065295196666215385
row_008790,0.29818717021238395
row_035557,0.00961260821215123
row_022368,0.9876440371360773
row_011235,0.0041479597417953575
row_011111,0.07560229329299682
row_011260,0.012627792142474977
row_017295,0.02857435631664871
row_021263,0.1340764158008196
row_004305,0.043197950898187815
row_000356,0.10105326906498252
row_030408,0.1945115358688665
row_015287,0.006682287882559626
row_037849,0.04133992084772683
row_047043,0.016791568439060454
row_006425,0.029914049467939866
row_004926,0.3144166419957689
row_019900,0.042441003256129775
row_045098,0.005037765620173428
row_009490,0.003035089085462477
row_038338,0.05305328795265149
row_034062,0.21435609742357467
row_045633,0.007527622320158689
row_013868,0.16490689516715906
row_043054,0.04706726986338699
row_043019,0.028976485083133222
row_010698,0.0008979068264558748
row_035801,0.024850336078675712
row_038118,0.11963255713092477
row_044903,0.033086401722367015
row_043007,0.010379826529042013
row_004835,0.026422325227464613
row_003658,0.17209821060726702
row_025608,0.048425940642939536
row_040129,0.05839454704391906
row_031986,0.05995669014651042
row_048053,0.018773849348004697
row_049346,0.018657121130743526
row_009545,0.06691077740253086
row_020044,0.30445609715152405
row_016200,0.002952975974526438
row_029747,0.2037092066826265
row_020729,0.016066377057730938
row_034417,0.013979179063702343
row_036074,0.0965376466529335
row_000843,0.010895052779444659
row_028760,0.009954952185767748
row_041306,0.119773483384566
row_049394,0.5514844352331476
row_019030,0.800220415823417
row_038245,0.27470546377721283
row_018408,0.008583103000596561
row_044523,0.2714701104418163
row_044453,0.015842573303071948
row_005120,0.028335452489955018
row_002876,0.9680360774811853
row_028896,0.010918476556113558
row_004584,0.031482737973568965
row_022182,0.0077573767610469024
row_020308,0.00929838182259405
row_018617,0.05851859814171261
row_035420,0.0040009851362347295
row_028547,0.2088002215147542
row_023172,0.4637495120595295
row_038533,0.04580483826468643
row_031315,0.013238259759848822
row_031576,0.3134327955447669
row_023800,0.007011208325848052
row_045053,0.26252394173352617
row_021307,0.09032084922582717
row_037157,0.003971920164436071
row_045425,0.4189363273483651
row_011296,0.013120728582485464
row_012824,0.2751260582878074
row_011847,0.007043735806600009
row_048917,0.14259109780756846
row_034116,0.257090624813611
row_041942,0.40071060108097056
row_041728,0.0008446535362983103
row_029654,0.0061277376129230616
row_045806,0.023742334245704304
row_005789,0.03779433543043002
row_036880,0.03666838611834426
row_005963,0.4175878470979233
row_008696,0.21949379868344374
row_048935,0.7660302650935988
row_026425,0.9861657594151685
row_012258,0.372990976150047
row_017667,0.13957109601182632
row_026495,0.02039230900045623
row_031954,0.04978678117426352
row_002366,0.15201937709718233
row_034053,0.004074760006260844
row_035053,0.01480122116298526
row_044053,0.03555160211364495
row_041930,0.7122853103030058
row_039687,0.0007375922506359471
row_032723,0.07008836013761076
row_012597,0.023100811572931965
row_043961,0.006787997960739531
row_030767,0.010714447322095288
row_037268,0.008301857292955784
row_030348,0.007362423694657224
row_006031,0.030303754817280742
row_030847,0.676070324328102
row_015116,0.18654671582598412
row_002565,0.09911825710901527
row_020995,0.07101361652959157
row_007411,0.012146913980700032
row_023323,0.01155332693454196
row_009109,0.01143115950268499
row_030511,0.15829832843485275
row_019069,0.2559080358375807
row_001428,0.02581378931953327
row_003533,0.31586273919462216
row_004823,0.10638361902497634
row_013833,0.015183510109430658
row_001184,0.8519151300436321
row_019857,0.5614736199381706
row_015607,0.04639647657420545
row_026717,0.03657813757558004
row_042759,0.02161793374951835
row_031136,0.011536022552731947
row_005577,0.005930728363580447
row_017375,0.23761418300903536
row_009047,0.21587317277599316
row_002438,0.2938530874090233
row_027970,0.026762205028105297
row_014063,0.09309748224526188
row_010329,0.2173224308617798
row_043167,0.014025364211272883
row_036581,0.05932190433553861
row_024259,0.008921831504793035
row_026037,0.017282833862299552
row_034707,0.009740964517639224
row_014772,0.08426992814610146
row_041589,0.19270115832632156
row_028160,0.013582085300475947
row_043208,0.009936209825853703
row_016623,0.021234004597099447
row_029502,0.0017926647666840633
row_013451,0.5369760093781292
row_012020,0.06404290691184715
row_042792,0.007715522325904873
row_005752,0.6552281465892591
row_017214,0.007826366522961002
row_044804,0.45243078908487233
row_027127,0.005050843281205072
row_021276,0.017315261321298785
row_044699,0.9803426751402687
row_042579,0.06836399798412732
row_024984,0.04819018117613745
row_028713,0.18488313863942812
row_003332,0.004996502987538603
row_015044,0.01039392573649265
row_018049,0.022180324938492646
row_045368,0.22080638857709536
row_025928,0.5280798197112636
row_009555,0.13165794641593162
row_048250,0.35814047894741635
row_015798,0.05085916899700635
row_016273,0.016747269887275998
row_012402,0.0020901070878056316
row_008410,0.010379855579407085
row_001000,0.035847801193852696
row_031749,0.005442229080786506
row_049131,0.26058057639644294
row_013223,0.003176319168846355
row_015371,0.04584658789724538
row_008836,0.035583382913593996
row_014129,0.01483119702635101
row_035144,0.9656530060130918
row_039240,0.5507517478722486
row_020144,0.03019448290211681
row_005188,0.15224816270668307
row_030275,0.005894520090600228
row_021487,0.00971641942628822
row_043059,0.0064607870643498735
row_003694,0.054271466744211475
row_036351,0.15078450994382525
row_037974,0.04295157053160721
row_013786,0.008688972199823848
row_008414,0.004155963049832382
row_019833,0.029462912147665974
row_042037,0.4454088835340879
row_011392,0.11239399398877864
row_040936,0.03306044053832312
row_004302,0.5527955981916051
row_007962,0.02494570444424059
row_010823,0.005056598573401442
row_031623,0.024093214396613594
row_003565,0.025812986252945383
row_012573,0.008301038778032321
row_034210,0.01444630308664167
row_039700,0.01510203259259503
row_040825,0.026309004478000574
row_005420,0.03079670202635379
row_003446,0.0354931563566193
row_047899,0.02567439072167472
row_006627,0.11641861049383591
row_029789,0.13818551470015586
row_041522,0.015818728444756743
row_010334,0.0005505665330160129
row_028501,0.02612964235975962
row_023619,0.018727651468187896
row_002679,0.005791862479414389
row_035982,0.009121765270128165
row_010727,0.010829993996875875
row_000640,0.4947001900229643
row_041575,0.7915760134439513
row_030123,0.019983142278255858
row_024684,0.5623477493842398
row_014885,0.07271389791071785
row_030975,0.052236599245430046
row_010388,0.007422738880592618
row_006610,0.02231814085932793
row_016795,0.026112314488289108
row_002135,0.1820755708658403
row_021301,0.0059277015413345836
row_013630,0.006473935362561814
row_045154,0.09988690933549782
row_039892,0.2937275384837987
row_008692,0.8466814956140599
row_024160,0.5631647159794958
row_013159,0.0112665408011062
row_013007,0.1842800163283868
row_049810,0.04536323611330449
row_046736,0.013733802518735683
row_022016,0.029220486872807955
row_020607,0.023468784343560894
row_037673,0.006975249830866119
row_038829,0.2279970503957915
row_027106,0.013745540517471786
row_008336,0.15894375920205378
row_044144,0.015814853559804436
row_011109,0.020195574360610657
row_014427,0.9787929674974591
row_026154,0.007957979840074611
row_047689,0.27312326391136565
row_004335,0.13440072783397486
row_029029,0.5169624421599652
row_001008,0.016790517899329203
row_047211,0.002870988557564516
row_000095,0.014572060361442731
row_034909,0.05042124739818185
row_007266,0.06030010746328467
row_008880,0.008512435803068336
row_022947,0.00843604943069471
row_029798,0.8548595140651106
row_012390,0.003972390017517683
row_015825,0.052924225483871205
row_029807,0.012940401247511876
row_024553,0.03464281666243679
row_034716,0.005710998116439634
row_015662,0.0031642890965299718
row_038857,0.0086225037048856
row_007745,0.0189648132242011
row_016454,0.035897002090907446
row_022009,0.9990432818809061
row_044234,0.021092904552595194
row_028802,0.03404024756841827
row_018192,0.01421898254298119
row_013099,0.47584637257404394
row_003285,0.2114257149489366
row_027423,0.4919557592424086
row_029748,0.017191716962444023
row_008978,0.6061574596631928
row_049267,0.025364427035966638
row_003682,0.9862041860983619
row_033687,0.9094849641370762
row_045582,0.12268880237402921
row_028952,0.689380815810724
row_027936,0.7851126915488006
row_019058,0.015344392005731382
row_027403,0.019832304252867264
row_016894,0.0037359358551524754
row_011691,0.005281576886611473
row_027952,0.24492310378352822
row_000242,0.6391662173273255
row_022899,0.01424009659189801
row_009951,0.025576869653054453
row_036527,0.04100188672464396
row_013781,0.00832709434736011
row_022987,0.2843912076843126
row_038503,0.017770797076507625
row_008080,0.1728758562713493
row_021232,0.02544929309406182
row_011277,0.010740778145948624
row_037016,0.007875955598120115
row_049715,0.000904078081618568
row_045873,0.4322280477744003
row_003113,0.18797048825081147
row_025655,0.007331204999816761
row_019111,0.003632435281583305
row_020139,0.033124511625232625
row_030641,0.029428989957136623
row_017402,0.019882295310823365
row_002219,0.008183089834711325
row_022406,0.022310029138525124
row_026939,0.00418126100018475
row_035235,0.02565447063285964
row_040430,0.11610947973420198
row_005371,0.21438192322184924
row_001094,0.173094886509583
row_049987,0.010785346084346312
row_043859,0.07094646635649574
row_016514,0.06139943728311748
row_028352,0.18822378826970848
row_005736,0.017736810253722247
row_008533,0.013675162589083942
row_021759,0.02775936003271021
row_013447,0.06484981982431655
row_014179,0.0006630724277103291
row_004014,0.018911135906851933
row_033356,0.026669585015896648
row_021558,0.0023267111415893236
row_036306,0.16211534673552153
row_034635,0.014920208192908744
row_040405,0.019322708243051455
row_000018,0.005434650126181178
row_028187,0.00679901119070011
row_029317,0.0017019969778838714
row_034846,0.12968867714466975
row_005798,0.012591863626457471
row_018193,0.6519456108364139
row_040570,0.6606159471806666
row_046046,0.317233499634364
row_019957,0.017145405630664544
row_049344,0.06340519166333175
row_032446,0.47580159020296775
row_019145,0.07443531247253604
row_031372,0.027715855335890577
row_035950,0.015315981203893764
row_005549,0.029248643988727736
row_012227,0.3103893171452297
row_008754,0.004355289628319602
row_038256,0.11353109069656533
row_005483,0.08025874301148901
row_019806,0.019607760848767992
row_001924,0.9004486009773642
row_010604,0.1278817216330687
row_014531,0.6678560507637266
row_023007,0.005987653617238279
row_041208,0.5412282230916846
row_019695,0.006030717589713655
row_039707,0.026509471514140414
row_015756,0.06837621532518205
row_032152,0.019107242323815263
row_032180,0.10113713448555553
row_002304,0.010543602625135566
row_045981,0.004240084892162825
row_009798,0.0012037287133731195
row_031973,0.007787875579691241
row_004565,0.013042523700417762
row_018101,0.034604310371190106
row_016395,0.01044968260271184
row_009081,0.008118531988742031
row_002180,0.050427053604268135
row_029471,0.045358743019618446
row_005933,0.037656287096558175
row_012806,0.047480941680844574
row_029415,0.18162244529058935
row_029691,0.4116911318044176
row_017079,0.24826462790543494
row_006938,0.2809776290778002
row_037041,0.2771578855130232
row_035923,0.373305081510991
row_003245,0.05550589917685551
row_047112,0.18393704382137013
row_003419,0.02740206680884027
row_020770,0.12253825960101158
row_039100,0.03746684264822275
row_038956,0.07338055778954722
row_028094,0.05367913230102749
row_007750,0.15600457609537008
row_028304,0.03358803947841948
row_048204,0.0037484762548381885
row_033393,0.10759054513475134
row_038000,0.8416651334769901
row_014677,0.22908344203722586
row_047544,0.01848435316556985
row_009147,0.018699174959478076
row_011064,0.021810856099217405
row_046255,0.004219989529415507
row_035842,0.03302865164716074
row_044173,0.013979622957966013
row_042457,0.12494055503065304
row_006532,0.006026934777127066
row_024528,0.40141074345510713
row_011201,0.13925477312063375
row_041856,0.0018219855096465983
row_048311,0.013475659017370382
row_040991,0.5398206487471243
row_040189,0.027266097122250976
row_017234,0.9415626804152923
row_035373,0.027979504568320802
row_021525,0.1955879089135396
row_005846,0.03448605617736186
row_023224,0.0070376923673758866
row_031639,0.10690130149151292
row_023053,0.01614866247360864
row_003901,0.053415398720533344
row_030250,0.010325470021794724
row_046400,0.004926982051392121
row_031937,0.109890464555218
row_018164,0.07297102368008096
row_002033,0.008158033638853382
row_030562,0.010472479769535473
row_039376,0.009982985875988023
row_032211,0.0815610376762586
row_040807,0.041054354574609084
row_033035,0.47540027224561243
row_014181,0.2915767679386555
row_009587,0.010363219804054871
row_026096,0.023733342552823337
row_014875,0.08363386078393598
row_044032,0.06455651670598543
row_045952,0.9813510031047932
row_004086,0.42484626273370923
row_024413,0.003567395162039729
row_027769,0.6778212290972794
row_018573,0.009002737629366056
row_027349,0.019731617850118892
row_044798,0.11961074058237446
row_034659,0.00848779206702665
row_026111,0.15219320853384466
row_030017,0.07049157691528252
row_022591,0.058855073520111614
row_015584,0.03237026549849379
row_010784,0.20574827497153847
row_002024,0.007297740515941113
row_021776,0.013416493665691639
row_023660,0.7368012960279261
row_026676,0.18855824864952886
row_000101,0.24274029806763786
row_001657,0.05276996452099708
row_015278,0.008914891079820152
row_043173,0.11697981778434131
row_007536,0.31651688244776044
row_032856,0.013213959091120813
row_047227,0.00318970359689835
row_030981,0.04994572883552092
row_024151,0.001159616798511103
row_039810,0.005595926193066034
row_001566,0.012328365712965238
row_033987,0.15357433130732306
row_013453,0.008345141525183768
row_032161,0.017090035932594644
row_025669,0.00264452127175164
row_004131,0.03721048809690833
row_039935,0.05308183937532374
row_012718,0.019896997621039445
row_049232,0.007181532941913031
row_013188,0.7326731678241664
row_003973,0.012291151150943994
row_022197,0.290240298213666
row_011387,0.009552421320822978
row_018182,0.004936251885313269
row_045005,0.006420188270422972
row_009457,0.3560782936087984
row_020853,0.0054674049628714895
row_043235,0.0053592256068143084
row_048422,0.010754027082451418
row_043626,0.11239220889645171
row_016441,0.022678606759756997
row_015047,0.04758443949450104
row_032244,0.05752801111175278
row_004384,0.045544316365534285
row_019295,0.04576372386518504
row_032626,0.0046685332662628806
row_039478,0.0029558234295898574
row_011147,0.286157153809367
row_044315,0.022806548099224028
row_039264,0.01050616116981909
row_001599,0.01231936989027392
row_025442,0.009270919516766748
row_047369,0.011789845844369045
row_038086,0.015149123422573107
row_016283,0.029220901250134705
row_036992,0.76093567451983
row_006965,0.2425950486793801
row_019278,0.004820565795744529
row_001573,0.04312108467605569
row_037665,0.012831262119225162
row_044071,0.010777211091412824
row_040468,0.20816742721895298
row_007570,0.03723049038310694
row_005838,0.7054244568870247
row_046709,0.033652823139143175
row_018314,0.0035856863099099053
row_008214,0.0046887095245627605
row_037699,0.009466565866377584
row_000763,0.001155808324093538
row_045475,0.04277558973275807
row_030569,0.01852478023851086
row_046262,0.059650666823369475
row_014542,0.00796098899105261
row_027350,0.009710202355359184
row_041197,0.45069028740349837
row_048373,0.015129813114976711
row_024405,0.0027219590385445004
row_049225,0.0117990087311948
row_034621,0.03038488958220932
row_040177,0.046786003730892436
row_027375,0.019251046521157875
row_040444,0.030426035098891382
row_028326,0.01451299799348892
row_020786,0.6431715993700972
row_020366,0.35969313771622796
row_014315,0.0029283407701836844
row_002757,0.06744475356056225
row_033871,0.126497389985332
row_000635,0.03647664817608434
row_047028,0.6406142010517791
row_015189,0.30358926368800043
row_046680,0.0063799175146915035
row_030418,0.09679929977801907
row_003555,0.03703672934598504
row_041997,0.013860916231505205
row_002044,0.018173123547029046
row_000983,0.043072134594585684
row_044469,0.16529943145807605
row_013430,0.03224613177544453
row_037755,0.12022719786324368
row_003548,0.0649236836372066
row_006308,0.5591324628261509
row_047859,0.11630349068046042
row_018930,0.006334665097902882
row_002488,0.019244814122429853
row_023315,0.01254751616150885
row_049688,0.0017257533271845102
row_031499,0.0076359787988918605
row_008442,0.1579653585646059
row_037752,0.004245268770492383
row_040695,0.010737286011812557
row_030687,0.0033211196837855082
row_046135,0.002949465407341613
row_039473,0.06960296974559448
row_047693,0.03048873316991243
row_000186,0.04450371763328141
row_048674,0.026480822773686297
row_023980,0.2437572560919259
row_033736,0.037630348320250306
row_023300,0.8502732836104262
row_016035,0.020384519391557873
row_024357,0.0034854985993099125
row_001843,0.0048614340956200305
row_007541,0.05728359057533426
row_041629,0.06486484487151464
row_004596,0.04200220406241284
row_002822,0.03790833573614837
row_049188,0.10742157445164383
row_033668,0.03548781872527538
row_012930,0.12878575593102737
row_032176,0.01236715340669698
row_006035,0.004781221773830091
row_043634,0.027442350352056662
row_036416,0.030006444455306557
row_033778,0.7668764187664046
row_012323,0.02444617883573979
row_004115,0.01009048099624743
row_042043,0.9687103934170163
row_049123,0.75627901099223
row_012383,0.012021930714218204
row_021489,0.07332379192812828
row_041673,0.02426536145587635
row_029977,0.021157633489298014
row_014203,0.0025524004587145774
row_028346,0.07197007039509906
row_019586,0.5326832200916932
row_022129,0.014033832900653596
row_037845,0.2861731261332562
row_043156,0.006621122639250984
row_019721,0.2595078022785397
row_022855,0.017142175685285744
row_022304,0.10018859428521826
row_028285,0.009235012279241742
row_035109,0.049032549584205234
row_000161,0.01884497072346176
row_043683,0.005973379958488159
row_025138,0.0008397607896352906
row_037541,0.038167150308738476
row_024539,0.07822758642946279
row_032931,0.011714766332376456
row_046332,0.3241277716636471
row_006597,0.07462436883895773
row_039639,0.06194682760503852
row_022183,0.344069541656967
row_028621,0.012651589596554071
row_020195,0.0350316952864483
row_018704,0.13605262746079827
row_028318,0.009133544709657663
row_034229,0.02209608668345446
row_023999,0.08318127576258907
row_005452,0.09240464015306901
row_021685,0.033219115973443986
row_011026,0.025915609751618995
row_027639,0.017370923153741478
row_031290,0.30509664430785205
row_003596,0.947334301318587
row_036573,0.024829840635597733
row_024181,0.09421332890170543
row_007943,0.23690081689244682
row_009120,0.15393750155796979
row_029102,0.023170495398996578
row_008321,0.2425847939907705
row_039856,0.08441404895240892
row_023294,0.028474760252010817
row_006603,0.20043193550110291
row_003638,0.00655557223651196
row_023432,0.10254574607330327
row_002377,0.0647452952870921
row_022624,0.08198061732307559
row_038986,0.2599679693074388
row_020579,0.006118187692157028
row_011298,0.004432415813765728
row_005542,0.0007530380844097303
row_013236,0.001830089282141575
row_001056,0.10653369604275524
row_019942,0.010043086763276426
row_025741,0.801788966161331
row_007042,0.8107987862467744
row_028483,0.09024541887205498
row_007159,0.014706830413200731
row_038079,0.10953001649440505
row_048540,0.0016619317379772953
row_046568,0.0045555590395756854
row_033328,0.7737934280931116
row_027863,0.015255670336335209
row_010585,0.07779728549448667
row_001538,0.020399621475417316
row_018395,0.02098910841986357
row_037255,0.020861303557623254
row_045719,0.004531080603568787
row_045718,0.0201045726623741
row_001023,0.026713993204388834
row_000361,0.7371697797442014
row_007626,0.6133871153756102
row_018088,0.0080884163297044
row_033140,0.031824058398913765
row_001805,0.016608178698370703
row_024033,0.004945044466741955
row_007018,0.013271926827774002
row_015729,0.689576690133867
row_026656,0.4822516804427536
row_019735,0.9183431254171815
row_026665,0.05391764377460803
row_049316,0.03429280720971845
row_044660,0.09511104896657524
row_031978,0.1875903766667154
row_020451,0.11383230386173482
row_015550,0.10456871801726336
row_015694,0.015329249310774144
row_006464,0.01859881766386791
row_012130,0.038536013336881766
row_013456,0.3198378239277253
row_004400,0.06653297090702805
row_036487,0.49809813179373513
row_020368,0.22088992407095803
row_038530,0.007555170847971866
row_045775,0.025079822154343984
row_014199,0.08033200625326682
row_001464,0.0815679191894119
row_041676,0.004300032214298225
row_024106,0.002266111128485988
row_029138,0.045985892812486516
row_036759,0.29450843423734513
row_013722,0.09004953442106187
row_037197,0.5644574592903513
row_028595,0.011081753864641355
row_036000,0.008066605851809112
row_006711,0.09320821953238573
row_030934,0.03303472419615051
row_029711,0.010028812144753468
row_045441,0.4302072743551473
row_021484,0.07277520019725527
row_003220,0.2800534451693785
row_020137,0.021708762620858517
row_014123,0.7559805437503303
row_007240,0.03332165642410195
row_019743,0.010667337946078888
row_023830,0.013355906676503208
row_010799,0.025948301091774574
row_004315,0.8860183782527853
row_009107,0.008098021253339867
row_044385,0.0050967143838336155
row_039365,0.011035371521620006
row_006125,0.9007593738422112
row_035103,0.016067990892990415
row_017612,0.0044116267093581765
row_005448,0.09554538559580794
row_033983,0.010331766937461209
row_038377,0.004660449056061896
row_046951,0.012831363273171812
row_034790,0.02368621332964098
row_035218,0.006426370605768154
row_036988,0.14389616777207262
row_013335,0.4777042688481488
row_005692,0.012809651350111922
row_017966,0.04299815169975915
row_046895,0.017970380569663172
row_013030,0.005577609027636702
row_007157,0.02027584186910641
row_048357,0.908572356927395
row_044505,0.25425476484131554
row_005285,0.16547016852751995
row_029152,0.013379354995828999
row_015485,0.35574383190868347
row_030591,0.824006053481062
row_044557,0.9991476620319603
row_034499,0.5051146430787883
row_040998,0.008621070326544012
row_001294,0.5334731449909547
row_041148,0.06814351069301093
row_043109,0.008981853073430596
row_040492,0.0007088757577986467
row_031302,0.009428640918600233
row_020021,0.0424128578548727
row_014803,0.00044032289434768195
row_027488,0.02763091290202139
row_000841,0.04017226555389458
row_030405,0.005010600418875035
row_011074,0.9724804734270494
row_047668,0.005944195537614848
row_045480,0.0007438158135643706
row_019225,0.30535326776829264
row_034882,0.0058812722277330745
row_047938,0.12934839285615038
row_004362,0.07720020196217738
row_019412,0.004143083438917294
row_023191,0.019945635121195758
row_032989,0.09927375286220803
row_016300,0.9678542253193527
row_006923,0.04253921822065143
row_033099,0.0029690122231834644
row_032987,0.0539518711414593
row_026318,0.05964030728673454
row_025474,0.04013895535404692
row_046285,0.006866264478675007
row_012446,0.012157476672272282
row_043873,0.7645184406923881
row_018420,0.07164996010792274
row_048535,0.037688419141345166
row_021419,0.046352414741937006
row_024376,0.009179615428570246
row_022615,0.08017786561327925
row_033717,0.18099681539443405
row_021688,0.0168555096508631
row_030665,0.008809126579040679
row_023368,0.10662258007849543
row_030908,0.015533699975983445
row_000466,0.5923717359149213
row_032652,0.005761864904931727
row_047596,0.03397950326876453
row_023225,0.007724725629935071
row_046559,0.0031088876651775206
row_018352,0.055927555042748295
row_007774,0.10720805850912773
row_011642,0.09579388262227062
row_022553,0.012651645131694082
row_016563,0.12552901491250887
row_044141,0.4227697660059848
row_022763,0.012102642064084145
row_014000,0.024832640980735787
row_004254,0.008216397005138118
row_016989,0.8417058592334068
row_038562,0.058782366068843614
row_025551,0.5814831172440904
row_028854,0.6162134461863279
row_030690,0.0290833535831706
row_029855,0.32911035435391456
row_022051,0.022954395979525588
row_011395,0.020421709819450035
row_012513,0.6031400226765818
row_039210,0.11807703205908317
row_022445,0.0024443573397160633
row_003158,0.007091701850595514
row_007530,0.004814334784529771
row_047632,0.05512982672152978
row_046689,0.02915564622882765
row_025973,0.014022118784106506
row_037818,0.0962705148741307
row_045405,0.02155947943399861
row_040664,0.025937727620743027
row_029503,0.004528981919144039
row_002516,0.362792380103487
row_043932,0.011149828230255295
row_013164,0.18238943251492212
row_029279,0.011839893120551488
row_032416,0.013829480185650101
row_001095,0.00878429133633353
row_048794,0.06967709743159405
row_018037,0.05104773890854175
row_048648,0.9290715395956819
row_024571,0.9645941148799375
row_024851,0.16859356876241266
row_008875,0.21243892208877482
row_002005,0.0054856078727611775
row_044169,0.306593942934885
row_001956,0.09222969357444112
row_007743,0.9753063557158564
row_007339,0.6935752356855779
row_004616,0.08598907277912556
row_020945,0.5272096319427912
row_042201,0.006983219849794479
row_035913,0.27349570603699713
row_009014,0.995998589243474
row_045156,0.03940003165021333
row_007132,0.02346603667081984
row_019814,0.005507706783403555
row_009925,0.1469927712456689
row_000674,0.06066160933441088
row_031184,0.041351446070341004
row_004109,0.10813496174148966
row_003982,0.02033686519464365
row_045039,0.14716163263194315
row_043236,0.031045405743949532
row_046094,0.7548172294515285
row_004421,0.018139862466535144
row_014429,0.924848897675734
row_027264,0.0039482292138219785
row_009737,0.0059721282965173655
row_019140,0.016455565301618045
row_004272,0.3887061986033733
row_003214,0.011665020233796349
row_010539,0.07657179912601025
row_003399,0.05093952286223294
row_014747,0.016610680426893606
row_022435,0.12590115755155193
row_000300,0.2654681683926426
row_020254,0.025859915908215327
row_047084,0.03254948056963379
row_031116,0.006873407560119658
row_037017,0.020536538971653553
row_010584,0.08607781303302157
row_018366,0.08644346365072673
row_027733,0.003841017307672529
row_009398,0.7589662190279305
row_006385,0.019864249074765486
row_027641,0.5441119860161356
row_020977,0.6882904656716241
row_019332,0.004520022961168027
row_019618,0.002194887975212254
row_021578,0.004891395295712126
row_036258,0.05048834930029407
row_048986,0.010870309331844368
row_031676,0.003871755529591166
row_012792,0.0638867488743527
row_023328,0.004238035689673832
row_013209,0.004913749066344266
row_026007,0.02836656401034018
row_012715,0.0742052176654547
row_048249,0.0070394068819670235
row_040359,0.01596026849957935
row_040018,0.025266129461782194
row_016065,0.031619915415550606
row_013758,0.005514733339583145
row_017190,0.025097989540020862
row_049623,0.040490158418732575
row_014334,0.001509211714990162
row_033656,0.008878566956042095
row_014766,0.9048551694726881
row_001283,0.8717183362747569
row_035927,0.34680819402278956
row_023414,0.018886595643690707
row_046316,0.7869855456880965
row_030829,0.012407670096380028
row_049417,0.9888390125750623
row_037309,0.09421470099797392
row_019804,0.008900145761153841
row_029301,0.0317997890982582
row_004149,0.008715660815792586
row_033793,0.09437389458412372
row_003242,0.0007915785683571303
row_033108,0.08981953104587959
row_036403,0.724599275014909
row_033600,0.002887386672743462
row_028666,0.003925645785237339
row_008200,0.018805851955073553
row_046280,0.6972271157160828
row_025279,0.019654999742864464
row_049523,0.22339458414944216
row_021023,0.20648537459814775
row_034369,0.06267795030196896
row_005388,0.5216177766240462
row_007982,0.023183331795397232
row_034343,0.029940744365807074
row_015300,0.2085464009775613
row_024519,0.0042214717781511105
row_002728,0.02843842210408422
row_010864,0.1616699060777311
row_033864,0.005043360878445124
row_043472,0.001122476592811267
row_011054,0.010917290726150261
row_019571,0.010965570307291853
row_008924,0.2945732769207547
row_045463,0.009774114417842403
row_019091,0.012538192011425767
row_019342,0.02875145349745894
row_037717,0.013767780879390222
row_031875,0.16944041271803748
row_042315,0.5149241847255108
row_031003,0.003612569660795776
row_022052,0.249183451260452
row_031865,0.4634087860201824
row_046556,0.023444736115896415
row_041433,0.008968694763817968
row_024682,0.09137955276462906
row_045378,0.06972305766879733
row_029513,0.8955866143138884
row_002584,0.5082522565954846
row_028737,0.001971426127754197
row_044398,0.0810641495854306
row_048300,0.13531360096251613
row_008616,0.0029160961979822876
row_035355,0.08372489086830077
row_003199,0.21226230407074853
row_031944,0.01091269741901624
row_002373,0.5372737768634127
row_020720,0.1455371505596177
row_009699,0.9315133371415563
row_016492,0.07169319638737676
row_023609,0.002354862911559493
row_017225,0.0868351177456266
row_046218,0.010575009568904684
row_011252,0.042138341820988925
row_035216,0.5866419004349637
row_016061,0.021480929047418308
row_042823,0.00043429054962262404
row_025245,0.06398072043885504
row_049782,0.030039196552346367
row_023425,0.01572249075212419
row_032085,0.7814088890361709
row_002121,0.017924417583486396
row_003011,0.001985884222784745
row_049787,0.1817671116160893
row_034017,0.036187340286744474
row_004079,0.2802406700374971
row_036865,0.019728327387343265
row_023446,0.07101194585264667
row_012290,0.009807926664935712
row_047239,0.022831479078407865
row_049053,0.0606400106289125
row_047616,0.010794024864549617
row_014211,0.0061865312242763894
row_044126,0.014921698391335801
row_044600,0.20347000274919358
row_029777,0.12092546917165263
row_024364,0.2654123099942228
row_006377,0.9268831822884579
row_045327,0.011258135402926622
row_019774,0.9588367572558838
row_015654,0.00907908406444485
row_039782,0.4824002912526305
row_023164,0.00815626387520117
row_031706,0.021268374970895454
row_011530,0.1363844132487207
row_015826,0.057722748997797745
row_020478,0.057977252982390405
row_026715,0.10340892401950882
row_049906,0.01487949102473013
row_031791,0.0016795421996290605
row_005469,0.28845271840040154
row_042312,0.5176033089067295
row_008076,0.00709674978745459
row_032992,0.04103889087643997
row_046505,0.0015945908121020543
row_039172,0.2556652606162965
row_014056,0.0014421166408792568
row_006577,0.016036402519052646
row_046274,0.021227146586350325
row_028278,0.5455730111366669
row_024025,0.0016126363526058596
row_035242,0.07792476468773234
row_013887,0.004895773280139081
row_046704,0.1530079080466588
row_003369,0.01425702779912403
row_038477,0.01845137094248652
row_005644,0.9634358487348602
row_002479,0.31288555085528924
row_005945,0.009839187811223102
row_028216,0.08239961239783343
row_015139,0.03401533266400515
row_015259,0.2639504360041586
row_010658,0.13018197161870232
row_018498,0.04369770317852756
row_034826,0.01154533431084771
row_026783,0.005373110712286541
row_011371,0.8473658205474184
row_029934,0.028962283652844353
row_041889,0.9139202355738953
row_002419,0.03228164793606191
row_005087,0.022181687256726992
row_023851,0.08381114357386708
row_031946,0.10818652215380756
row_029646,0.1689895660885124
row_013516,0.019139093878401348
row_029285,0.2246664404135666
row_017708,0.01910785994340769
row_034044,0.005784547657612442
row_014845,0.028997995719257433
row_005636,0.011362287114421846
row_014826,0.10626803065472842
row_020011,0.017924566204229674
row_016833,0.013239320813849268
row_005842,0.003690826622368789
row_048561,0.003174552140390918
row_037299,0.011832102007800958
row_016297,0.5327472332479518
row_012546,0.18258185881686162
row_034268,0.05334956597830479
row_008426,0.02966443387264303
row_042277,0.006597438472461794
row_043702,0.00757555595597137
row_028755,0.041332764298756965
row_045364,0.9377662615447933
row_001495,0.002451786321463703
row_033773,0.0036666669496998967
row_025493,0.3204823559665591
row_045849,0.06236696221568713
row_042811,0.012116267235144723
row_025399,0.35176039430772094
row_019796,0.01955621424757397
row_031752,0.0019314058957905105
row_036766,0.06497914572411063
row_000148,0.01597097160542702
row_003023,0.7253671176349672
row_045669,0.07714828397521134
row_024991,0.004027226263499561
row_034161,0.001131137678462153
row_046795,0.022958785989573537
row_002869,0.15257215072059593
row_048090,0.007703964540281873
row_016923,0.14449769980855087
row_017874,0.0021501767380029736
row_039535,0.014591189687662445
row_038990,0.00435465399155595
row_024273,0.04112176643792827
row_022184,0.010111802782635695
row_016854,0.005945681788765076
row_025988,0.2695004740619071
row_030860,0.005674835333952057
row_041919,0.03373861859931446
row_016658,0.2555450725304593
row_048125,0.09270267701682079
row_015612,0.29410611077989113
row_049885,0.5678237490221222
row_036237,0.9466944135076467
row_008450,0.023994279446823037
row_029671,0.09658718486106849
row_001943,0.016497557398475686
row_009733,0.31628605732979553
row_030993,0.10032973304906678
row_028262,0.2515469500656179
row_042112,0.007593394559670943
row_016491,0.005193593036106967
row_006750,0.34720846933517197
row_010798,0.083795555120274
row_035398,0.12306660791262763
row_041569,0.011444617339860692
row_033530,0.3408755718018433
row_037996,0.15526135462436427
row_021452,0.017605237618334033
row_022542,0.15899098353956354
row_041390,0.0126986097303966
row_049327,0.28808270444029954
row_021027,0.5159708039726222
row_001678,0.09117464096652178
row_025674,0.0039159381263324244
row_034527,0.03886335258650846
row_034399,0.5654970628758725
row_043858,0.026103405254527732
row_011220,0.3310171276303084
row_021687,0.010607805276299462
row_028437,0.9284167540211344
row_010634,0.05445550787652934
row_013127,0.6570691581315882
row_020716,0.48890788335491686
row_013902,0.010299541027927296
row_034454,0.0034641789404966632
row_004397,0.005134766864804817
row_040916,0.049478767077628584
row_040283,0.017482359959984324
row_043192,0.017790364208414077
row_004731,0.11106963346255676
row_009053,0.7992371406521253
row_033162,0.12827457890878574
row_032857,0.4357402649738128
row_009579,0.8954992298111878
row_018622,0.011296850618831993
row_014445,0.013011164584526693
row_019092,0.13741990659030337
row_013331,0.012432286854943412
row_005377,0.03313389382267762
row_019384,0.07114892812120065
row_007555,0.059345266178405305
row_031415,0.010854629375265455
row_012120,0.024589113158082467
row_011555,0.0018981173468018853
row_037454,0.13130346440091603
row_046333,0.6585618848098918
row_008823,0.011945779394060354
row_032621,0.3257594098003332
row_020713,0.18319406194030458
row_045250,0.04944677451299348
row_008516,0.08802071993059232
row_023541,0.04303235233526175
row_043514,0.004514198764532375
row_047450,0.08110022994269131
row_011913,0.01495098305466594
row_011687,0.40487499769106167
row_024962,0.06283513619032871
row_011377,0.6969939761558173
row_015902,0.4890711188892853
row_044065,0.002901627596191906
row_011976,0.030535903415405023
row_003147,0.015747917935090602
row_023659,0.013386841132834896
row_021588,0.018254060387171263
row_005311,0.06417363030190487
row_045433,0.0532894233694107
row_042689,0.19005067502609224
row_030242,0.008815994221819008
row_045140,0.05261721462225069
row_037808,0.7734508232029779
row_047594,0.03583187733992373
row_029367,0.22211398057710602
row_033115,0.04781770620321066
row_020591,0.29107463851430143
row_038817,0.032564881551192415
row_025232,0.1410917976382708
row_028253,0.026061159287734687
row_037710,0.05310886414431555
row_043171,0.008934322490431936
row_003221,0.006542365620948557
row_029002,0.018680356385767972
row_002359,0.010896471611835495
row_006413,0.9324165137670839
row_005639,0.542107429911989
row_042936,0.015775275114242687
row_036675,0.29371435559219716
row_030371,0.8645353958155683
row_014165,0.14961553226306468
row_011562,0.019857050845812636
row_002150,0.009926140676035537
row_031641,0.1989703523646347
row_005682,0.042447689453862965
row_013743,0.6681369148482366
row_000035,0.6630537579159506
row_026408,0.008956242706248148
row_004224,0.12461118758283718
row_012006,0.03512166431381247
row_047565,0.23429296683181755
row_027490,0.03771994560927828
row_026762,0.10924815008646774
row_040326,0.21998576466744474
row_048846,0.06485019040124929
row_009337,0.2096196471378181
row_047270,0.20118439419132647
row_005048,0.11955324659383149
row_008391,0.0032317051355599336
row_019494,0.032846702937964725
row_006622,0.02142504872539526
row_048880,0.018921874996222
row_046149,0.015472315351297367
row_003852,0.9098283644650446
row_018170,0.2203389643632183
row_043467,0.08929721352570938
row_000773,0.007947741900449504
row_011784,0.051002323699157304
row_009121,0.032018689376383
row_013815,0.01851430934530617
row_026006,0.001758629279379025
row_027168,0.27870936614179115
row_029251,0.004556143665561773
row_035249,0.3966438880620519
row_037307,0.09738700327880806
row_021553,0.01691979038643671
row_047455,0.024338755768239163
row_016432,0.1696965006581031
row_020118,0.00348874137136174
row_048078,0.5637312530003696
row_047105,0.016296049551498274
row_004719,0.009100996300563824
row_003795,0.04054229679324586
row_015160,0.6366611473516013
row_021437,0.016239098299360884
row_037182,0.042312910786104836
row_027306,0.11101818736440915
row_004295,0.4000829651904404
row_046435,0.1819935911997859
row_023165,0.227122306707654
row_027261,0.01531580146817095
row_001825,0.31401541378859243
row_033216,0.18438413025412456
row_032860,0.013816386512669173
row_039007,0.6234994330960131
row_043648,0.044775632052137276
row_045337,0.02149486798382569
row_036595,0.10097885176534824
row_034507,0.5748154266841565
row_008226,0.5317207433782148
row_011481,0.9198035485615748
row_009483,0.007918828976031519
row_046397,0.8662850287316649
row_027832,0.16296686080049944
row_037478,0.006607018243214186
row_039867,0.09075725051195309
row_017119,0.024967721647193325
row_038884,0.01672058278920545
row_036409,0.7367084592369422
row_038432,0.0032766474112125845
row_032980,0.01961955515402106
row_028496,0.05597548647307202
row_016322,0.8064118215511383
row_016431,0.019993145710076127
row_027253,0.016534572072333067
row_041882,0.022670651620354386
row_042460,0.10944327179897258
row_046229,0.017410856201037127
row_036709,0.018790255746225643
row_014093,0.0069385940411642285
row_047866,0.006585921704174015
row_028339,0.048074004775047946
row_011651,0.9978331136963657
row_031293,0.013644129140870084
row_021010,0.45656711813721246
row_027066,0.31656888082539225
row_031443,0.0037264074901952804
row_020891,0.005705248691017088
row_012490,0.014315049183148285
row_002693,0.10003900713350031
row_036003,0.14763934542838705
row_006052,0.1885982868899913
row_015606,0.49768713533158715
row_001115,0.14271470901352679
row_025830,0.021296744033767943
row_026538,0.629789837457971
row_023537,0.4085998137699081
row_049973,0.09008580254875564
row_020747,0.0766416037823631
row_032551,0.007731192923354833
row_009952,0.027443436149674323
row_013782,0.028652112840416806
row_038003,0.04176701055833546
row_000749,0.2679414368588149
row_041921,0.1358164661656897
row_048433,0.09681467643099434
row_010663,0.05803272174614633
row_019765,0.32080558044253077
row_038442,0.0403590712630184
row_041031,0.059976763395968684
row_005898,0.0025290223367849854
row_004240,0.02646936917729875
row_020146,0.017254512002090324
row_038149,0.012185814286035015
row_001243,0.25316116324307114
row_020448,0.6881213310874276
row_022377,0.011020668064377959
row_020413,0.06864930844550153
row_013975,0.014079085554473167
row_019483,0.005764155870177015
row_008071,0.0806859673554261
row_038252,0.7718834907787863
row_033438,0.0016886273944565458
row_008820,0.008895596644188857
row_049826,0.015350131622312302
row_008841,0.007458895661418052
row_040794,0.9546916069778704
row_026642,0.0032200804574200326
row_031268,0.008938655350000158
row_026504,0.10114734124127873
row_003611,0.1474074587648879
row_048995,0.004188630457628287
row_048497,0.4346696087751569
row_041558,0.010335235119346666
row_015284,0.8683961664327557
row_022757,0.44787064785943004
row_025724,0.6833192253236366
row_010344,0.4991757534413899
row_001126,0.009180384594560338
row_047843,0.008221103561917216
row_000530,0.24810976123305126
row_033863,0.008727077518098576
row_042456,0.010372017235047444
row_025949,0.13528804975543868
row_033705,0.08556858493168211
row_047730,0.007878945707098338
row_023365,0.03481287027330118
row_021002,0.012984358776666087
row_048678,0.0041512358509544385
row_021118,0.0047037577892207385
row_017067,0.02115097011179474
row_040448,0.001971995495190923
row_018920,0.24963898912267649
row_003261,0.010425525221645035
row_024716,0.14948520650439046
row_011741,0.11685579933019467
row_030470,0.14314174875492733
row_007183,0.05593834081266137
row_001098,0.1205150851395177
row_041717,0.03493303213609924
row_006816,0.008454543426859678
row_034546,0.10581829347659799
row_043375,0.026808711936155326
row_031851,0.30904725296943114
row_003029,0.13146876176811445
row_046097,0.30582434037039063
row_001096,0.6066048280714724
row_001794,0.09780770033505988
row_018684,0.012977360294692887
row_016230,0.14808539731176149
row_045506,0.7716605645093002
row_023637,0.09747064626178617
row_049481,0.00426292498033091
row_033207,0.03814951514442602
row_043592,0.0254772996129876
row_031990,0.6075254754930967
row_033551,0.0799365481153456
row_018365,0.46720373025977596
row_013560,0.9634839283967289
row_035906,0.07492833288493722
row_045751,0.014338403388521843
row_001169,0.005741821192494842
row_031100,0.005141099872225151
row_028076,0.7903933649804068
row_005476,0.5600695650262156
row_038789,0.002573375294504946
row_030774,0.9991165052696089
row_036368,0.5540275857368185
row_016619,0.07771401015019941
row_042106,0.6785646846603245
row_006143,0.3176456504556617
row_033688,0.006738827179755677
row_027364,0.01674901103480594
row_003495,0.024875715413503238
row_009884,0.035110717888167074
row_025849,0.20239326579242495
row_036124,0.012899503587030356
row_043113,0.005912126789406753
row_038339,0.044485790553408316
row_011850,0.5174243991482727
row_003652,0.007599708640894775
row_048698,0.001438169571331415
row_045428,0.1498453906292747
row_007168,0.787709768738583
row_022424,0.5587193138305458
row_010594,0.053181916068881646
row_040147,0.06679929443608933
row_048669,0.09370834016135576
row_014495,0.03646980151204695
row_026827,0.2232729165130672
row_010020,0.002296528582317967
row_033703,0.0729089507627707
row_047676,0.008734745486198306
row_028280,0.13908271860242558
row_027086,0.0401989522420215
row_010296,0.23334183662837513
row_030422,0.03324829112373329
row_041430,0.005304224739436477
row_037424,0.05185897327209265
row_034514,0.04487893907404168
row_025180,0.012172988252484581
row_034006,0.036075940957242744
row_034841,0.1710002333225378
row_047979,0.06664679660588263
row_042171,0.013771591730570656
row_012711,0.38688481693004095
row_039310,0.02382265635966501
row_015735,0.056274688285186204
row_041294,0.3216603504249179
row_040558,0.017253268573997352
row_025101,0.2598971662621308
row_030593,0.013043859380386307
row_024565,0.009578442538141264
row_018695,0.199800917180458
row_034217,0.030412715191904752
row_024367,0.6892167309128148
row_001016,0.0109777855243647
row_042697,0.08483740010477289
row_042765,0.011730537075138955
row_043373,0.14259885941637784
row_013519,0.06150499583804966
row_005618,0.005224486582630045
row_006780,0.029957829402181207
row_046544,0.004291766598397295
row_006246,0.4074470566458189
row_033136,0.0023687455099579524
row_019454,0.006308391093156138
row_003021,0.03549033335782717
row_048502,0.012757620376679588
row_005333,0.03798129739043532
row_024131,0.2952603805233841
row_005839,0.02897024884666318
row_009678,0.017478521627348337
row_005633,0.11958467784702251
row_048228,0.1359425088741796
row_048252,0.2835658499753351
row_031611,0.0016082684421910318
row_017988,0.508276809447051
row_040908,0.005869494116316921
row_045654,0.2412564934283874
row_022619,0.015054357217906314
row_042152,0.01382401352875926
row_049320,0.27407712296732223
row_005845,0.00428516982202148
row_043424,0.3943416351065001
row_011726,0.0289184318122118
row_047936,0.02704327851874804
row_004445,0.08384047714176189
row_001265,0.009334889758786909
row_032683,0.9975164754387336
row_037885,0.01629631611678463
row_038308,0.41903413540521534
row_041692,0.051957800702073335
row_002262,0.01733397006276822
row_019005,0.11687391049161344
row_025653,0.010778440757624292
row_017352,0.001702615128949827
row_025237,0.007282304419432266
row_015071,0.1262404379566949
row_025573,0.035254184916260665
row_032282,0.006998012238639871
row_017716,0.004201688733330831
row_025450,0.9960443088441201
row_035903,0.5275822589462604
row_044801,0.002686713484957823
row_027910,0.008375051373311761
row_041477,0.007319991875058203
row_028095,0.010917132194551435
row_006734,0.32958060345623574
row_009465,0.010361188325217683
row_047567,0.6570543617012377
row_038994,0.011598122025517386
row_028763,0.13287332159954296
row_035257,0.6941857881104103
row_009426,0.4964605320532184
row_031047,0.12800486089398366
row_009376,0.010339282872089982
row_030228,0.01641938585912007
row_006539,0.006885578043331547
row_043874,0.1235767703202845
row_005222,0.0013033227800326494
row_025113,0.0026204772767459772
row_026022,0.013550868269722106
row_015311,0.013355360144275739
row_011634,0.008823625979028197
row_034580,0.018594614429754838
row_047733,0.014964563595216246
row_000735,0.857374040498161
row_039898,0.8268229281608269
row_019083,0.3193539023543297
row_026047,0.056109713002209044
row_016939,0.31592385676862167
row_043132,0.01621051355658907
row_013872,0.0022187344638304332
row_006812,0.11457415756855313
row_031083,0.052981492159384844
row_030332,0.009573473951065115
row_020954,0.03949780923850267
row_007976,0.021461962831836462
row_014162,0.6325442445704124
row_004929,0.00895204384612743
row_034287,0.006043421621854746
row_036241,0.25936948606767735
row_002504,0.08618746181569747
row_015015,0.6033365516293145
row_030263,0.02547174390998637
row_001988,0.07205750919860052
row_022359,0.5255542771478752
row_034236,0.003132098530024439
row_039269,0.11844354991188473
row_045160,0.024155064050093017
row_027390,0.06436533853226427
row_036669,0.012217991943215292
row_027092,0.01187293696054808
row_031484,0.01837680040881055
row_048330,0.004272252642671279
row_034254,0.30771528708364526
row_026152,0.021768755691489956
row_010504,0.0072845161889811445
row_013403,0.019049374993274644
row_004135,0.010299433139156431
row_026370,0.0434132193100085
row_046933,0.015901514744698572
row_016093,0.2899252148562014
row_009746,0.0353674586610716
row_012926,0.044488701770104576
row_003879,0.007314172942248751
row_037860,0.25458394290944
row_038197,0.9945979544845169
row_046010,0.003282474656047322
row_049510,0.2734644044402934
row_040892,0.009988435984810138
row_006128,0.007146382091618922
row_041010,0.031855492857770284
row_016984,0.016980693441599512
row_025941,0.040141558031305244
row_045753,0.09551232971207364
row_019563,0.9950354745242664
row_025900,0.004986121652960172
row_013985,0.4941267518431045
row_033743,0.5052925105960842
row_043696,0.016077928687988963
row_028427,0.03250494615937118
row_001960,0.5968240698990316
row_034687,0.05691732792714773
row_046294,0.03756723335177728
row_004649,0.008559733559139884
row_030078,0.05240222824678978
row_002425,0.02283763704372825
row_047357,0.38892180289773437
row_021628,0.02778912200243309
row_003130,0.6190414218842417
row_028580,0.06957860566994054
row_016013,0.025335189396304192
row_021300,0.02940289495033185
row_048137,0.04130429791386001
row_048031,0.07868683176303137
row_042591,0.07510681641645019
row_036052,0.08675080498715845
row_020533,0.0055693708090554
row_030140,0.19789672648150441
row_027871,0.45186559208859534
row_029672,0.14689900609314366
row_004939,0.04480648855140634
row_022206,0.0750852687104898
row_047478,0.11347049396997719
row_040678,0.01957804090620238
row_032110,0.004275642499269135
row_046629,0.4272992988284615
row_024416,0.4789520576547734
row_006713,0.002576985591804467
row_026445,0.022814161086883115
row_023916,0.1419281308769332
row_003654,0.009475270320903093
row_033375,0.003250539298493912
row_004336,0.6168576746740687
row_004805,0.033892427250564384
row_007055,0.009055397605784901
row_021450,0.003883051047997993
row_032804,0.6079616734289839
row_010033,0.19187920537809466
row_045510,0.21275989780190593
row_023113,0.05704063485238421
row_027621,0.008389147573968806
row_036657,0.08351396199079181
row_042108,0.013880141073018132
row_005336,0.04297509835106674
row_001415,0.03681586648591664
row_024211,0.08216347983679997
row_016332,0.15981635048889328
row_044066,0.06397445333744803
row_034951,0.01761920487540666
row_025461,0.021959068675982536
row_042797,0.008763465022602456
row_002837,0.04906099197335422
row_029586,0.0033811054346683375
row_014522,0.018429473680451725
row_012783,0.37034249473487973
row_015154,0.022633765836024562
row_019084,0.004873278739547924
row_040085,0.22667944665408057
row_000949,0.02847819153167703
row_026367,0.016986942467847457
row_047897,0.03365793419072987
row_034533,0.01312950163577168
row_026044,0.015810921866278353
row_020707,0.4660883094854286
row_017700,0.004151166199055619
row_035834,0.9307700404135761
row_047805,0.13114223290539637
row_047923,0.017648451959979668
row_021316,0.015839350982018385
row_044172,0.029483290365295935
row_012602,0.3060719259280209
row_038916,0.11011355607069688
row_031729,0.02209665722174095
row_023814,0.28493810067373126
row_005234,0.09752737741451063
row_031831,0.052738604175152616
row_045556,0.5394144464579516
row_026403,0.11537860903465788
row_049866,0.013908444055284103
row_015678,0.07468673693437586
row_007062,0.05802465519808471
row_024820,0.10437572619384866
row_015108,0.009984650092863152
row_024138,0.005818474550598125
row_001185,0.048775568415695365
row_014355,0.017700610373058197
row_026904,0.07611046995258806
row_027413,0.056003772175793484
row_007913,0.008993214324261211
row_046599,0.9310353681462248
row_047420,0.09612209013721461
row_030175,0.061713937180126355
row_031482,0.004990471672865884
row_031283,0.11297500262950486
row_017537,0.2339155028973321
row_020841,0.00676295525290672
row_004824,0.018850852803448996
row_025295,0.008645230087124077
row_011628,0.03137051280603142
row_003695,0.048180455107157974
row_029057,0.15079019613458633
row_047758,0.02115525141510803
row_005695,0.0009466374274625558
row_023473,0.017479943239788208
row_044683,0.10492737486683665
row_010640,0.010645937134516555
row_018506,0.07261252706729396
row_005182,0.570281981818727
row_000381,0.9923973266636333
row_038103,0.04754137480069669
row_045188,0.1066689099662029
row_004368,0.018980725358585894
row_034128,0.016568988015841606
row_026419,0.0027010325434390164
row_043144,0.011900561250681358
row_017080,0.01887665252909611
row_041265,0.032019451746001876
row_049357,0.12897863150160443
row_027048,0.03103037897704236
row_046433,0.06443392035686717
row_013590,0.025805853905169186
row_038870,0.16332462490470806
row_021530,0.2474587539537677
row_013273,0.017585174331500683
row_015852,0.00359226476875576
row_038677,0.04530075988862296
row_017343,0.015066541490290037
row_001181,0.3094889022748756
row_041018,0.012979254898481356
row_043857,0.22372898780448305
row_009155,0.005296452939053084
row_038214,0.14545851167255755
row_020577,0.001078907163594682
row_029606,0.3660507135537497
row_039698,0.047935751606874674
row_014108,0.1521891600109877
row_045067,0.022869622261119882
row_017101,0.08531894934927212
row_041935,0.011920729573417568
row_047174,0.020562791910156593
row_041481,0.5996059086307873
row_006820,0.003131483847303887
row_045148,0.0023257563615287206
row_019255,0.11987269406710371
row_035657,0.022750598066290713
row_039529,0.034358790626665414
row_038946,0.005352577260610748
row_012518,0.41188468132917255
row_004537,0.018157517899742
row_032829,0.0019839452023781333
row_013392,0.09255074684753484
row_013358,0.008231190207504301
row_000757,0.3966340623756155
row_032695,0.24869025114220702
row_023635,0.9055910253934253
row_046944,0.003635611306621795
row_011846,0.0307895078780892
row_015141,0.866918152210851
row_049169,0.07823289885007649
row_029890,0.034593632066528615
row_024133,0.007375126780921969
row_040561,0.8727838155190663
row_032323,0.01525275679492605
row_023035,0.0018244501999883959
row_022067,0.9277774413223304
row_007465,0.3816890346334641
row_028122,0.8125524690422685
row_017623,0.06611985213594461
row_035614,0.5943354382702879
row_018642,0.6160940175967944
row_009365,0.02105300200654798
row_014676,0.004959309118983258
row_048785,0.9123092198787899
row_011954,0.002418595141076744
row_027636,0.010567671198453144
row_006538,0.01007205818275862
row_021700,0.0015692920062144791
row_038943,0.021732594249971544
row_021493,0.09388013963579389
row_018992,0.042946311500569836
row_034389,0.7408422184731615
row_018970,0.043014679293698024
row_025317,0.007559414662698698
row_028614,0.005511880179648993
row_043145,0.7673563568476577
row_037928,0.9950211101581037
row_005036,0.14210538785943994
row_047576,0.01030551710729022
row_003865,0.09115811011739258
row_014879,0.0008837851771463056
row_048532,0.006684903416234327
row_024003,0.9899258427281861
row_004631,0.23200189004899113
row_006988,0.006634507582805056
row_022283,0.01652509121796341
row_001345,0.09357504328218264
row_038750,0.015167722029562878
row_046327,0.009929037038716011
row_010095,0.0038003709128734955
row_001564,0.002687944941915229
row_022902,0.0020742458423290244
row_026960,0.012278758324234114
row_011219,0.8379787038976946
row_039910,0.01396586404163045
row_043486,0.0998712406992365
row_023239,0.12017141256201817
row_049087,0.004040479337245103
row_007252,0.07883501492090228
row_048468,0.03502908620485942
row_019128,0.33232785440765883
row_024815,0.001685317712541827
row_005025,0.2560080621863101
row_007073,0.15787196064981884
row_016358,0.004498607788075926
row_040690,0.06292423853532358
row_036490,0.05621255431234259
row_044702,0.028899357102738076
row_029631,0.024693129967145643
row_049331,0.013570344243092477
row_019955,0.9659071983425304
row_027858,0.02441846602691277
row_049798,0.34075309150437005
row_042885,0.09992794276966209
row_042275,0.00343311926278901
row_048789,0.015164072893667769
row_017078,0.004284382524635319
row_036646,0.00318962921811409
row_008666,0.08017304305983651
row_034312,0.9440802252881901
row_025058,0.9180959378854159
row_044939,0.007304900938176759
row_046618,0.011315927086178804
row_019491,0.04421906565141009
row_030728,0.009159827424022412
row_010528,0.03339777606996083
row_024401,0.012100941166964148
row_038490,0.027958682492246548
row_022371,0.1717874815523207
row_011047,0.8149831462609534
row_018600,0.10203338996092344
row_011504,0.003781296759067226
row_020362,0.009753471286214045
row_017259,0.9883638424954787
row_008353,0.04017055506638935
row_029535,0.010392540361330783
row_048152,0.3802784518587009
row_008176,0.7778052126204704
row_006150,0.06047291490509174
row_001106,0.20406036664382762
row_046429,0.011110022496120772
row_025558,0.005321180290809183
row_014036,0.810279465022154
row_005489,0.10758889910860271
row_005017,0.019820722980077123
row_007547,0.01930315326175682
row_031433,0.02084822621742167
row_020101,0.04421168182539621
row_005679,0.006897128888913128
row_023664,0.02385439566851976
row_023893,0.013250280850462988
row_047031,0.06093515122865985
row_012376,0.033883673712243295
row_007953,0.014974986988470915
row_001815,0.012644283991995539
row_001460,0.009597835948427027
row_017736,0.0267546932061092
row_031684,0.6938662285747628
row_012461,0.008754646546032634
row_038492,0.9804747403998432
row_031920,0.020049756056815686
row_040736,0.005849980447587742
row_014538,0.04444182504487121
row_029311,0.1708048208604815
row_034363,0.017804582798353216
row_037460,0.09170932601651374
row_038120,0.012625019084236761
row_048233,0.6004026116286565
row_034604,0.5005961658970912
row_034351,0.022522200322011174
row_042048,0.0831785506017437
row_006531,0.0125633265780464
row_004570,0.22409528221393096
row_004439,0.10691597814936211
row_045765,0.11046427323911709
row_024415,0.008534017053553701
row_028579,0.006610574477740071
row_017373,0.0028958368792233054
row_043199,0.1363247792931602
row_005902,0.03313902545923541
row_019728,0.05323588371259337
row_031984,0.005775731003774483
row_018478,0.044348328927785334
row_000233,0.09357531334898016
row_021231,0.010150287670161115
row_037058,0.15712163108269064
row_018783,0.02648953044873469
row_044028,0.8494495562770226
row_006155,0.04893603033167297
row_012287,0.03837550865548364
row_008334,0.005524625405513625
row_044860,0.10768797871423483
row_031197,0.41036923387684054
row_017676,0.05005794098109495
row_024948,0.03355205172259784
row_030502,0.005031918915277355
row_038039,0.12628485688746702
row_012793,0.06101038079598814
row_032900,0.17979993093325936
row_032824,0.3095605618528264
row_023251,0.04001219188482823
row_015144,0.0041626980525714015
row_024661,0.3562632895972254
row_011944,0.015508743020268789
row_019929,0.19718133965779922
row_024733,0.006888620532470744
row_011501,0.017805571574342236
row_006095,0.018823789155776507
row_026192,0.12870971561936037
row_048087,0.06844001136552297
row_009031,0.03297663097721189
row_034479,0.07983887239678808
row_035554,0.04555443640071482
row_018866,0.2530646467742438
row_044314,0.18181555332763677
row_031300,0.030401465127170544
row_033594,0.01219058284522503
row_038597,0.02554297881747171
row_017410,0.00729895729197198
row_039537,0.0021275384127420103
row_024048,0.598971603883456
row_025181,0.033137694848085555
row_004566,0.00733862554043044
row_046602,0.015333654341072322
row_030816,0.0367184096988434
row_049447,0.05348487880979063
row_032182,0.0094599263278942
row_039631,0.0048577871012255875
row_033918,0.04169632075403991
row_040191,0.009764327189627805
row_034748,0.01776381327374999
row_019394,0.20907254516666413
row_039728,0.014613532239915347
row_048202,0.020742294839097494
row_034384,0.1797213765276074
row_041988,0.0423809626513868
row_035278,0.026787394708122678
row_038148,0.40148979324103495
row_012942,0.24721667991469212
row_023243,0.1413910279433681
row_046740,0.09868469969294397
row_005777,0.04790319669387653
row_011685,0.03678455117839506
row_037909,0.29487724466056414
row_000442,0.021487581406986117
row_003984,0.12031880208239687
row_022778,0.0068186227549947125
row_034641,0.02882370748983177
row_016552,0.2999878433001879
row_030115,0.7877316837881275
row_042324,0.14742683078699423
row_014193,0.01660596966185338
row_002583,0.0056587157930830245
row_003354,0.03700210849399301
row_032207,0.0016128058026124246
row_008989,0.07106510561399526
row_013302,0.030543305219735254
row_037256,0.08060596451087625
row_025869,0.021375129681438676
row_015672,0.09456133753460871
row_017701,0.025487640536821836
row_001856,0.12533171884504782
row_015621,0.4631627095372075
row_017905,0.3678608985327271
row_038981,0.05315757332389534
row_005407,0.25674090931450694
row_018874,0.6647597249348833
row_039477,0.10265991323537393
row_048774,0.4192100552806527
row_024447,0.12567372653091835
row_041815,0.6082802880157109
row_040759,0.004924753213889756
row_018449,0.0038676107514467647
row_034822,0.01411390038835322
row_019832,0.01265301950770771
row_043158,0.006478452302011608
row_028150,0.1401334559170893
row_007221,0.07647421114240993
row_023148,0.1742982369730403
row_010169,0.3045628817732545
row_046681,0.05220154970772002
row_042683,0.23066424897599064
row_026531,0.006697712102438396
row_038474,0.813194993897157
row_025801,0.012534243522391565
row_031476,0.2668853987400743
row_049019,0.025641969132176395
row_029055,0.007539143899912244
row_041511,0.003431312784426951
row_023283,0.2509210502870959
row_008251,0.013243049811742923
row_023345,0.027820528238292147
row_041978,0.025745813346289472
row_035349,0.08463949732799436
row_042512,0.10959099391590557
row_030234,0.01332904548220626
row_017585,0.23075565998881853
row_004246,0.015942272919131785
row_048611,0.004280340605752549
row_016071,0.0631991226527137
row_002983,0.004181636670121927
row_013459,0.011896875215844607
row_046683,0.07318960504975637
row_044430,0.00984907430904131
row_047894,0.006720175618263869
row_024408,0.011681503518637
row_020978,0.019297685587889718
row_023610,0.8885212738404548
row_000758,0.004429692905850242
row_010824,0.002741768139320749
row_001421,0.003811870756974759
row_049410,0.01906764166233059
row_039181,0.21785615801355415
row_002040,0.009757862913854658
row_035922,0.021584968205844067
row_002560,0.029067219302717093
row_044682,0.12858179641621478
row_037465,0.3304984934735895
row_037535,0.017058761303198104
row_042130,0.015779660169205092
row_039085,0.40175404546640003
row_000256,0.18158270587001266
row_029495,0.04388416992719214
row_033907,0.36826340646026606
row_018445,0.04593762284089864
row_020868,0.05831505435125628
row_022693,0.059795542847657805
row_010226,0.019447306245884192
row_034890,0.9482214565784386
row_038785,0.16205633028139604
row_012749,0.06295031356928255
row_041568,0.06759116969627962
row_042949,0.004001191237147119
row_045674,0.2952184469281689
row_047677,0.0347204871230047
row_037490,0.010148498860623838
row_005774,0.026837568446909273
row_045238,0.4373948488554151
row_025298,0.11539715013446836
row_013679,0.8829825997298226
row_037836,0.18557257075281017
row_029378,0.0002827837884030357
row_007581,0.039899720793662996
row_043244,0.1833544509222033
row_025861,0.001184198078520167
row_000052,0.02912523716902528
row_033259,0.009594244820865745
row_045082,0.07968805564363102
row_002883,0.03717862487185847
row_004176,0.01820637287089751
row_036927,0.16498586737957133
row_025926,0.08848308243156286
row_004632,0.9977313513731816
row_034345,0.007601541848098647
row_019345,0.006016262332792805
row_018185,0.06999252219808832
row_023546,0.021558333512304725
row_016749,0.3617930848440329
row_010489,0.06169446179129201
row_018087,0.06539925451464898
row_040052,0.03328924185771818
row_002932,0.03739874602266643
row_027130,0.18616350847689903
row_041853,0.02804563678885698
row_012495,0.00272696172361406
row_035143,0.9309914953521236
row_022585,0.6481231764077803
row_029455,0.008025397344691746
row_022737,0.005214887217754961
row_020529,0.21113482885595952
row_006611,0.008396842329446355
row_045879,0.03305189360028507
row_006447,0.06674361075139121
row_008001,0.0034790003001732425
row_020439,0.37752614074669
row_002071,0.1300959354606402
row_017893,0.1823788670454199
row_036936,0.00931066944923972
row_017998,0.016203879270859676
row_014250,0.810275574834134
row_010579,0.014434886810436972
row_033126,0.00448267692635694
row_015796,0.01784978836021344
row_047503,0.33154583415866945
row_015731,0.09423230587141732
row_048213,0.08017605717644286
row_029469,0.00856817559753401
row_047498,0.04023335330994062
row_005342,0.01538457683538852
row_010974,0.0684415102076855
row_044055,0.007538482732819423
row_001905,0.013260460469389487
row_041863,0.056957968209866705
row_049731,0.5402278192888116
row_036730,0.03215243501389699
row_005335,0.08848513445276451
row_033629,0.003743664038599841
row_039391,0.21827132425259047
row_040135,0.0033429111208609598
row_040438,0.9351961026491707
row_041900,0.1936065703707056
row_007688,0.0019603847015070342
row_036668,0.18530389504514574
row_008933,0.36768031145874397
row_021864,0.018218468436105403
row_007120,0.011424351432725063
row_003788,0.037824302800546286
row_032154,0.04271939508135962
row_043796,0.08132679932137098
row_009432,0.0017437403634707497
row_039505,0.24281748584329643
row_006640,0.04862294958996054
row_015955,0.045492110229189336
row_031636,0.6005110582804559
row_022915,0.7657472735364982
row_014353,0.005606344858713463
row_010734,0.027906505953459147
row_000720,0.004747157328680095
row_017275,0.009945169008646986
row_025006,0.511435300713786
row_020961,0.059926579010356834
row_047607,0.015748735905582102
row_046929,0.03012674066739296
row_029067,0.022493744084111526
row_021393,0.017398082083857905
row_048659,0.004732917272351398
row_025757,0.04936035885588312
row_044231,0.05162965924960905
row_034446,0.012666411021557427
row_004722,0.09613196674781858
row_004864,0.05692439034474831
row_025870,0.0032698642158559437
row_019393,0.7060680116126825
row_029738,0.14945271942889846
row_032249,0.03512265335470676
row_016239,0.44076401890930733
row_000854,0.051656305563116796
row_023607,0.010874328878197831
row_016095,0.7022882019675312
row_048499,0.010952101511812608
row_043737,0.007765882091217817
row_034835,0.06397911791789634
row_000925,0.10071183794846926
row_037800,0.008397559747316452
row_000038,0.4765934493924018
row_007405,0.04286747893328629
row_040044,0.005382708544949383
row_027031,0.18193478344708655
row_041920,0.5247264278161495
row_034325,0.024260250394589726
row_030954,0.0033407884617907917
row_021447,0.036987384493912444
row_002663,0.6298999497286518
row_043180,0.04664374115459905
row_026011,0.016205905910624294
row_047957,0.18529616191411746
row_029662,0.013740131772702275
row_020483,0.05081816975872229
row_001603,0.8884913460378253
row_039004,0.030938320004908308
row_019420,0.1084292229665519
row_016464,0.024378594928298664
row_023748,0.015109770889908187
row_027904,0.1974811189177666
row_030221,0.04075078798695517
row_011980,0.37433531791197766
row_027504,0.06626491584256138
row_046239,0.044703759190427676
row_024745,0.05491205844915429
row_026781,0.00700521724315775
row_037403,0.15731178457732192
row_020503,0.9894419575067314
row_006072,0.40409792558875024
row_013568,0.01127894891022234
row_014486,0.012039182371474414
row_024424,0.010436974367284312
row_012808,0.0929655914667982
row_035772,0.008457714579929256
row_005444,0.10356437208973705
row_046936,0.009668282497838496
row_021206,0.04346549178784415
row_033602,0.016429000620489465
row_010566,0.8751856903966673
row_000213,0.020911321889051336
row_044335,0.036405774068388616
row_039481,0.012776687310571938
row_017185,0.02748894969464177
row_004858,0.8814160224313545
row_023655,0.01195524589282744
row_009609,0.21230598235014778
row_005296,0.0019090825222507191
row_034681,0.007334833522791163
row_043826,0.158160309793749
row_036763,0.4818592642626143
row_042021,0.0064521499547496785
row_010467,0.016114623780045943
row_006946,0.004087940910249624
row_040034,0.23811630412198614
row_014107,0.038631783310166076
row_019247,0.01480370884733738
row_035715,0.9903086060333184
row_041818,0.013250875397569396
row_017759,0.013495713599562104
row_036724,0.10945423797644868
row_006102,0.0028073243018906504
row_021942,0.004049602965586287
row_023433,0.3774786543017858
row_028411,0.012185425758247676
row_048915,0.1125795372508125
row_036681,0.5370197305293634
row_010761,0.06717425908804618
row_032063,0.4364256154064428
row_008698,0.015878240890772694
row_031212,0.01394711215030323
row_042427,0.535624553873939
row_018456,0.07656033334528592
row_047941,0.0408786839830468
row_028627,0.02152644483738085
row_030420,0.015241411551954041
row_026269,0.014657523236554799
row_022338,0.1642281862915994
row_043043,0.04531704839566495
row_017628,0.7686902005347835
row_010735,0.018752932511788244
row_035444,0.055729763047985235
row_048724,0.018783608418959877
row_046211,0.0734161115780464
row_037595,0.7605595258756326
row_003588,0.028094170273938686
row_013483,0.00712969716353005
row_013849,0.006709338653525259
row_001584,0.0024250087824654867
row_000950,0.7355839429925148
row_009902,0.018496314519585208
row_026118,0.058961366924129066
row_020900,0.0030178575662288864
row_008238,0.1479448173136436
row_009042,0.9674575518874808
row_045687,0.011886436254387173
row_024375,0.018824547997197127
row_031544,0.48413926107229327
row_004733,0.009082034327691682
row_046578,0.9693136931881681
row_031020,0.0063390792752674695
row_036887,0.01431644135108958
row_011382,0.04450432738305097
row_046053,0.16550389212337785
row_015922,0.020086038142169853
row_049779,0.1812445814068221
row_014613,0.4920602239172964
row_026019,0.12941253427773866
row_003617,0.018494719074015585
row_001493,0.009986625212718571
row_024425,0.03304799623940615
row_005552,0.0059958533532317344
row_018197,0.2708961968616568
row_016914,0.03326361800861098
row_030112,0.0031789588627337386
row_021070,0.7500886676767374
row_040701,0.005559886161451462
row_020671,0.6413394071240721
row_034855,0.0034643131379692533
row_027470,0.10320845519695286
row_016289,0.23215990079046078
row_011070,0.0163692040822805
row_013143,0.0052267723811558146
row_015087,0.07689486025224372
row_026546,0.016085484750199688
row_014335,0.06670149100825748
row_045273,0.006790427944137475
row_030974,0.8301304639745248
row_027022,0.2914920656861412
row_035384,0.7779766392542232
row_038941,0.971830452649471
row_017396,0.9944729013196634
row_020940,0.36656423104574354
row_038747,0.09187485205685661
row_043511,0.012620518098480384
row_032431,0.06255433109374364
row_009306,0.013548752955059553
row_041836,0.07599808447880821
row_041861,0.4567004680382633
row_002072,0.005374711731079038
row_038436,0.03366197882961427
row_023133,0.09689134278348255
row_037626,0.2478492236085681
row_042733,0.007728765437072184
row_010925,0.08800959618984067
row_045569,0.0017969008825572045
row_030425,0.03146284129485322
row_041139,0.07143451381927401
row_037634,0.03031923200329004
row_031076,0.020680495544644368
row_019009,0.007639245484634764
row_041068,0.14128449723774242
row_013655,0.9863997356857154
row_025023,0.0059294923239851804
row_046705,0.021209982739020902
row_025267,0.012219884128030309
row_004985,0.031530857157845385
row_005040,0.3645166491804178
row_028061,0.022624711576045044
row_042598,0.014119211325967468
row_029409,0.02411301185724657
row_026537,0.001967871571797793
row_027214,0.17907830386597626
row_041067,0.29367594003295727
row_026316,0.003301801350754481
row_026078,0.17961916958037416
row_043546,0.029290619968453224
row_004307,0.031278991676980235
row_005399,0.024997843771962815
row_035605,0.40445297674959957
row_019643,0.10720046577687217
row_011588,0.003509602686727794
row_000030,0.0027884056479231473
row_027816,0.11211020366072373
row_029915,0.6095953970220324
row_018761,0.004488226015114842
row_038267,0.017824554787802434
row_013564,0.04591064968953158
row_031182,0.03509454478115146
row_004328,0.019258000394756843
row_013878,0.026096740855678903
row_047150,0.04658150141891212
row_028709,0.0075232371028137535
row_035289,0.01989768608595903
row_017897,0.005411314468553906
row_027872,0.04152271624771468
row_012381,0.662058561106459
row_045370,0.0034294567256518693
row_040539,0.16987347855700538
row_003912,0.10113796944292772
row_002906,0.30163158143729074
row_009301,0.058816578928983135
row_028513,0.14699725730234853
row_024107,0.15967211055366456
row_014783,0.01850095066360628
row_038069,0.0012486187677128889
row_047320,0.17868762035376673
row_035527,0.7854163037255626
row_014408,0.003644315220873517
row_022405,0.29715977835849383
row_008360,0.0007929841607695373
row_004991,0.02000428472628904
row_023131,0.00887155173162541
row_008478,0.04551644180671888
row_036794,0.01803021082536379
row_036110,0.17189378814675615
row_046583,0.45758211676754484
row_040300,0.011251745942483845
row_045003,0.5985507046100481
row_012389,0.2813392818699203
row_005029,0.03777907197021486
row_013830,0.042485940380758404
row_004416,0.10390301771675318
row_008212,0.6089526060184456
row_042574,0.08132732634817867
row_014847,0.02475642308258185
row_036185,0.4232158590742456
row_040923,0.025107603293774768
row_027651,0.7421340292801899
row_043393,0.03831702375767257
row_000818,0.00616730836085656
row_018012,0.016110247375112782
row_048187,0.5867524112850896
row_000693,0.01577778842238836
row_045305,0.45695677331374746
row_036693,0.9389449367412364
row_003723,0.23990218863851562
row_046517,0.0008997429541592841
row_036840,0.03068646570319216
row_034529,0.24159042124866614
row_008530,0.013302134042481848
row_004556,0.0027813102905149194
row_037108,0.030153322918505095
row_041849,0.5453313669942413
row_002879,0.00874565572806364
row_012949,0.027799881541563046
row_002598,0.014482080549085678
row_042070,0.9895985259369393
row_049729,0.3041432587634624
row_031406,0.9476251579312799
row_017694,0.02634219089130419
row_020147,0.34600275687335835
row_005701,0.004940189943924169
row_005244,0.04412016309821368
row_038580,0.18140460890279406
row_003939,0.0031127190103963647
row_002335,0.008388797690973651
row_040639,0.9301212194739369
row_008953,0.022215530329436413
row_041283,0.03888508935061702
row_047992,0.18321094807875032
row_005236,0.001554518339023124
row_014537,0.0028654249074404844
row_001029,0.012390466758800981
row_036786,0.001942909173019603
row_039676,0.05297112747847461
row_033154,0.8531685423839043
row_027692,0.0041858303653045815
row_038908,0.01110467956093054
row_027789,0.21688872259432912
row_003062,0.02408760558256655
row_027299,0.030359622972495094
row_020647,0.9992997952508945
row_006475,0.06797118723858875
row_012637,0.009344913956791413
row_035731,0.017485076554233873
row_032873,0.007875055494062432
row_047078,0.8615251873769609
row_046663,0.03853622395538211
row_038813,0.014763533696722397
row_003783,0.004721373885931371
row_023639,0.09040304779906534
row_010606,0.1961227211701641
row_008551,0.03937600980464446
row_020642,0.003685068870643388
row_041696,0.1534510542138732
row_017648,0.031152987403566507
row_023761,0.007119462245552651
row_032681,0.42923574005112913
row_009186,0.9411030968844223
row_006214,0.011286040131336132
row_027972,0.09911390937198135
row_014378,0.013029646583742994
row_043852,0.018285359860418758
row_022882,0.00892967304050214
row_037134,0.18612216783672367
row_026144,0.028097256030327616
row_001400,0.003136719466153271
row_031275,0.20200222158395284
row_007812,0.5848950841802201
row_045720,0.004580340719140022
row_034794,0.0034829267088593713
row_040659,0.11276596182775407
row_021034,0.011188596113696377
row_011755,0.022276673835195902
row_044395,0.0011642492822771821
row_006972,0.05921286644827338
row_006991,0.36798211667214764
row_046179,0.6029439491263445
row_032391,0.022908752156955904
row_022083,0.01091253549620335
row_010298,0.11853669907496998
row_006905,0.02875284528338439
row_003116,0.03686223860062203
row_031049,0.02033451492367965
row_000368,0.009889611541991996
row_014702,0.004181231992263617
row_004984,0.004931539647484529
row_029224,0.0025631505558997626
row_039278,0.018419296309352146
row_002152,0.08503466691501026
row_034190,0.011335920449746559
row_020093,0.46494045416779467
row_002099,0.11952232012596925
row_041307,0.022277348361365676
row_010441,0.04746137976096638
row_020430,0.010265201521772013
row_041891,0.012183945265300186
row_043667,0.1285340691641088
row_046692,0.024278403120525253
row_033226,0.012864924029956367
row_021962,0.21579534336484543
row_036354,0.002417008273381636
row_007805,0.031807166170803446
row_023056,0.014434011289843098
row_016495,0.014961892984582507
row_000310,0.0031710520758956784
row_048150,0.0710395984744871
row_005659,0.0027384852039850846
row_023086,0.0034434220572425603
row_028588,0.8315501109543356
row_043954,0.007803452397462391
row_031718,0.08869921188688074
row_020827,0.0027317273375849693
row_044930,0.023368929314188255
row_012798,0.031001545531083304
row_030023,0.02106267403147319
row_026855,0.6343981564452644
row_038027,0.33933616760627483
row_022744,0.009549445888275093
row_022992,0.008811470417587121
row_046807,0.006154731760302369
row_047421,0.0671216545794439
row_043693,0.0194762088700875
row_042630,0.00508368861405044
row_002838,0.004575131531629384
row_005893,0.2056680570862343
row_010410,0.022644520612230018
row_031149,0.05036953437320662
row_009289,0.17757506785264074
row_014562,0.4032297533811436
row_003582,0.018163747000219173
row_002921,0.16840912169867192
row_018155,0.001536310617234579
row_025470,0.2639478345127375
row_040339,0.49156554669442765
row_028801,0.0064998708299000875
row_014675,0.006243731638099754
row_040327,0.015759532348921898
row_002381,0.9859738370461895
row_037784,0.0041182861480675475
row_025432,0.34951412586407643
row_017523,0.1525926473986517
row_016996,0.031181464949934887
row_012241,0.005586883672875123
row_006912,0.03671241002195689
row_042042,0.28728987642856757
row_035264,0.015141007247595697
row_040509,0.005506940409311006
row_027575,0.3825007896212878
row_026312,0.03999729773892918
row_011304,0.09207690009925593
row_027129,0.1401837652806604
row_001878,0.3847240028669906
row_008549,0.7052132039457504
row_032314,0.06501654636873234
row_004735,0.512170130888872
row_014013,0.017669539800467673
row_004350,0.017297023840787636
row_039356,0.019123850754593243
row_040319,0.008007085305983683
row_002306,0.918760801981303
row_049876,0.43214917314728746
row_040030,0.029497969769046097
row_044142,0.029146002112536505
row_015328,0.030675031382381156
row_006015,0.988070762602377
row_011415,0.001317567194412159
row_014395,0.01613515596347854
row_010436,0.0012078793192674296
row_026273,0.0035613739821799733
row_013187,0.009887233462000423
row_022692,0.010349006701984124
row_010474,0.006521621966379208
row_009354,0.009029102237613487
row_021284,0.00542979934728725
row_017732,0.022305354841704483
row_045552,0.053867355858469995
row_023142,0.18108291049357148
row_015020,0.012155908194129737
row_039050,0.05802620857029335
row_020028,0.06253183977186969
row_014394,0.0058582427897180805
row_008232,0.003775458328129213
row_012654,0.03093032269926011
row_034462,0.04683078277599607
row_020502,0.012646316967599519
row_005109,0.013067086174777424
row_015149,0.01642695177155259
row_000641,0.0024422957433769153
row_017144,0.023473616636572818
row_047413,0.056193089758922087
row_023055,0.014812680615243535
row_025236,0.02449762675226788
row_036363,0.010955407560074144
row_047944,0.0037246571631362672
row_028309,0.8254286022386226
row_015079,0.16692989710989106
row_009296,0.016992152373736684
row_030550,0.02188912746340758
row_010387,0.014579873476262212
row_045543,0.9949542918094386
row_029527,0.014463137745271772
row_037521,0.2430389248597047
row_046114,0.009296583140246934
row_044551,0.02380154670240364
row_010510,0.017714757944953367
row_044446,0.014433436271991337
row_016364,0.019391810957532063
row_036805,0.005440471673213933
row_017745,0.047496221792779014
row_007659,0.019651943154202677
row_020099,0.04000470388424772
row_035873,0.004676851163530847
row_048584,0.03717524839912978
row_041826,0.1965761268614618
row_046236,0.012023566389033461
row_010941,0.21423886147233473
row_047030,0.12134652603358462
row_017854,0.051569738305734844
row_034124,0.010080435469099553
row_029403,0.0030913183860349193
row_006951,0.009366775298241077
row_038395,0.21493717648858934
row_021953,0.04472467696628123
row_030297,0.008382519737610606
row_042999,0.005587960797163689
row_027583,0.14455774960488016
row_029557,0.013744219709761769
row_001802,0.030264300609454925
row_035693,0.14320700553106513
row_031430,0.03209457490490289
row_021838,0.010615492894737944
row_001918,0.03855198078819035
row_011316,0.4940704047264268
row_004470,0.046026999974394744
row_024306,0.054420477677309245
row_034756,0.006344274287091407
row_045105,0.28106453802807196
row_044970,0.12615714674524395
row_000072,0.008794395933444834
row_018579,0.039861332669039254
row_041622,0.017454239517205043
row_048903,0.1957843105436831
row_039255,0.12606912938857862
row_008316,0.010018755060958479
row_036328,0.2473685209648493
row_020781,0.7606832199719474
row_009248,0.1075778317664178
row_035568,0.042124217945382306
row_016584,0.10302506814185304
row_008323,0.017359252135733305
row_008906,0.07793143264376944
row_001215,0.02864194883440241
row_040470,0.004392897710456583
row_019742,0.01719135386527882
row_020013,0.019923201695292814
row_006801,0.339170389839068
row_004201,0.04830433290062569
row_021956,0.01121690627738777
row_030099,0.07574239131743145
row_006328,0.05766173580956481
row_016968,0.017143252147250855
row_012525,0.0074899092471061406
row_001130,0.7622753150424999
row_046896,0.0010324440166376704
row_023208,0.057072691909207766
row_025336,0.032586182450805114
row_001876,0.05178756205105506
row_043400,0.5246315571059714
row_026085,0.002017395522736393
row_038816,0.31216796487855614
row_045061,0.18256251233690787
row_041958,0.020830356174870904
row_011662,0.01175610604250989
row_047441,0.00554377953380889
row_049045,0.007945826304495843
row_037269,0.025016714146956526
row_038613,0.0032547780440747875
row_048505,0.487500449314419
row_029843,0.05824065994208193
row_003144,0.08719555932469508
row_030657,0.3353866299089552
row_013432,0.1813205552181088
row_047278,0.28939491835547737
row_013044,0.0521920166748674
row_046186,0.003044079274712629
row_009546,0.2386880269242161
row_012170,0.997402619741232
row_027986,0.07221729756713888
row_001207,0.04518371615386025
row_017577,0.03265539701616648
row_000855,0.053121324751461446
row_013570,0.32388293817174246
row_047901,0.02705942222009379
row_025228,0.0015801355423637547
row_020287,0.0037085574958711544
row_021563,0.8377463183001088
row_038964,0.05028017388923049
row_002347,0.03947603509421546
row_042089,0.015176514667304495
row_011748,0.1392215971716254
row_004927,0.3060531411508793
row_010323,0.1698051350281762
row_010635,0.003422606956836885
row_008674,0.04157159955216115
row_032538,0.017249042517642248
row_039980,0.00524017141818026
row_042071,0.0008039976821244668
row_032410,0.228664336505196
row_017089,0.4734883720718445
row_024320,0.13837207600554055
row_044949,0.010899587728315199
row_016321,0.19855781583242385
row_047350,0.002109040715295809
row_019624,0.16938493436666835
row_025083,0.679760228838574
row_047203,0.4297987330423912
row_015069,0.04747569198068489
row_043681,0.1074389441194978
row_033183,0.9866872170520113
row_013093,0.6712734850737159
row_040812,0.09329195336086901
row_015666,0.4575378591260466
row_012534,0.016567111898998736
row_000826,0.006388277146691297
row_034492,0.6754012720394355
row_018096,0.6345692251459663
row_036854,0.6246718118920705
row_014303,0.11360976216471716
row_006196,0.813558214880365
row_002849,0.0019486344832123923
row_027430,0.1469762306107938
row_036780,0.808297931026162
row_002654,0.004433685256221813
row_006847,0.043933832586174504
row_038774,0.002365212262069285
row_041165,0.1788923950763421
row_039945,0.0038738739225065034
row_015626,0.12011332323054225
row_015275,0.100136472811165
row_020920,0.14128131823931517
row_018114,0.4610050175874337
row_024118,0.6111740175381757
row_025324,0.009493772140004915
row_039192,0.0054590263455031665
row_016664,0.010194146269077916
row_035604,0.022751461683350092
row_023816,0.10332173184876092
row_032601,0.8934747283918151
row_002351,0.012476744333996452
row_035498,0.048829630134013396
row_012738,0.06814482390959856
row_029894,0.0226786931171609
row_024596,0.6837352000165081
row_042883,0.09372972850163033
row_048921,0.8203887222426476
row_023418,0.025069955044419223
row_039360,0.2630086439931424
row_031889,0.024566647353446533
row_016343,0.015535525889397078
row_048439,0.0012106198704817269
row_032734,0.04548673422640416
row_036133,0.10464702848300646
row_026893,0.014767106766705672
row_034906,0.9894129332958479
row_049263,0.8627844039755921
row_000304,0.02558018658817561
row_039275,0.9841016937363343
row_035797,0.03951010377780591
row_014547,0.11806635735657536
row_045984,0.43009068991991317
row_000978,0.9293381866976586
row_018988,0.202879975327673
row_034396,0.9815274411961612
row_029643,0.022846709775246034
row_031129,0.3253355107816969
row_023682,0.00765080777295191
row_032701,0.016208634894909958
row_006548,0.01845208750478121
row_006517,0.7316008250978496
row_031805,0.3809084360692577
row_042881,0.017414949687754436
row_021767,0.005026705887028106
row_029126,0.009000597014343628
row_018760,0.014626182245399386
row_035738,0.3974374697629408
row_013023,0.3003898939559328
row_016542,0.08320313621527085
row_007081,0.9979133994323924
row_003572,0.04657828106361719
row_006226,0.058813480556738254
row_025505,0.16803237221037992
row_017086,0.07894748101413784
row_022549,0.035598978530670775
row_006448,0.031289407396765265
row_017082,0.017594721814446372
row_022079,0.2045845836093031
row_044556,0.017585903524175283
row_016730,0.04037070488751606
row_035814,0.007462023932670323
row_035846,0.0324978985375058
row_000112,0.2292865795727121
row_004622,0.019175140125432068
row_032799,0.7097397071232755
row_027217,0.8348074102463039
row_042907,0.024620081614179078
row_027901,0.05234561751617907
row_033810,0.09656609135462238
row_009469,0.016081538353885268
row_047185,0.043651770351742
row_024004,0.035109438978743746
row_049927,0.2173306401741373
row_010438,0.052332999417923
row_049920,0.13310536326500294
row_001500,0.01892508397206709
row_014424,0.9521003156272366
row_032945,0.00424221164475571
row_048313,0.19710079276282272
row_017753,0.3593853816039177
row_013992,0.018788119007382705
row_009461,0.00915993806182175
row_014008,0.02993747272925039
row_036094,0.048703082075495986
row_025547,0.035599918536403416
row_001823,0.049114967382593466
row_020485,0.0818919547592404
row_033423,0.03435513220053225
row_014468,0.02521125921966075
row_043125,0.5618152545098218
row_032296,0.9339446930430937
row_002580,0.04731453267299985
row_004309,0.0728769124688799
row_044677,0.013480289154738607
row_049108,0.02564924362173652
row_043928,0.018421445542232913
row_016747,0.06404023708726952
row_025512,0.004046356239332083
row_041188,0.017137777990569616
row_025147,0.019273865695358085
row_006789,0.8862699687954696
row_016241,0.021533778404281907
row_001632,0.009193853653726424
row_013073,0.10122144069599127
row_034731,0.025721503715493067
row_032299,0.0037438241857445896
row_049066,0.010623810055438221
row_013717,0.01887553822818045
row_027561,0.002273531032133393
row_014156,0.0144704633468598
row_025350,0.03621279883275729
row_035074,0.12316630310411314
row_034898,0.01277269578020922
row_031712,0.6814949756180873
row_025249,0.012567233380934099
row_024167,0.005847056301117481
row_004441,0.025942101936972224
row_034262,0.007856024705433737
row_007239,0.020112323596639545
row_029726,0.01731852788248666
row_039753,0.1120205944786137
row_001059,0.03627323911641173
row_035593,0.37764482250312137
row_044977,0.016542450559591925
row_034105,0.883451138257329
row_019423,0.049406991080076845
row_011114,0.2600099335428624
row_017973,0.010739834263502245
row_041394,0.015385718907182572
row_001136,0.06709991465674518
row_037903,0.006829720229625806
row_019817,0.016288862855585295
row_017062,0.013488839205553495
row_014306,0.6093978966325903
row_045461,0.21760736474143846
row_038450,0.4420198437431581
row_045141,0.17500961779887406
row_019437,0.03220339050041546
row_000110,0.8993758515736511
row_010382,0.10282837458297316
row_022332,0.9518232593700927
row_039809,0.1132676299823083
row_040761,0.10188819144551059
row_017950,0.2929168362008899
row_029288,0.06752492106544189
row_021597,0.0709524338663807
row_024710,0.00846679074306624
row_002166,0.05694216280583898
row_029429,0.014774185403820717
row_042944,0.025208031611648387
row_031514,0.002470387755270015
row_032120,0.21533712884658587
row_039196,0.11999423428563004
row_045279,0.7211095487151735
row_017169,0.1110265559699456
row_016750,0.19456485369586962
row_015816,0.015445262980284324
row_049622,0.0039311275018736516
row_012562,0.9821778131260782
row_001967,0.8805355430104609
row_024605,0.04487438823909559
row_013178,0.02175922764132498
row_040089,0.1262573405312704
row_002461,0.027146010986915353
row_045474,0.007249476939439141
row_047204,0.2605398546351622
row_020446,0.015438095970068028
row_041185,0.03126791493182816
row_042196,0.8674222289416768
row_000354,0.03349792947739026
row_044584,0.23980495913089375
row_039776,0.023960835597050395
row_030423,0.09529108252353313
row_029119,0.005799802019828942
row_025597,0.192572618964761
row_027062,0.0025318206681615436
row_047516,0.012802046971162068
row_042906,0.036964518765441386
row_024813,0.2975105063017846
row_032247,0.029755067452944983
row_014820,0.0037704278485191757
row_019235,0.12704003960997975
row_031185,0.2408958373056582
row_000856,0.18257384858645556
row_005645,0.998778247065796
row_042095,0.8563574229953567
row_028611,0.34296802346731914
row_008310,0.011233722274225706
row_026130,0.005296353305718829
row_041220,0.016276368820040285
row_041377,0.01626023969223465
row_002329,0.07599584730087629
row_023474,0.0026218738500224537
row_015105,0.06824083171828303
row_044814,0.05241453496711593
row_015411,0.0219520073860006
row_046405,0.0430622678065988
row_038367,0.017661509760148214
row_034304,0.021026070147102602
row_011757,0.02747943922346554
row_028277,0.5473213509946646
row_022472,0.019256907311920396
row_030229,0.009475011074116815
row_035932,0.7131078627276364
row_043184,0.030021560726275584
row_046112,0.2350023254684309
row_002586,0.015166907748771455
row_040440,0.002295982640768366
row_046312,0.9521077043357596
row_032433,0.025553982484475442
row_025962,0.009638023706876369
row_045878,0.06562480963557826
row_045027,0.38821885933974565
row_035404,0.008609217788859525
row_029949,0.01437948877413713
row_027760,0.030977840907608644
row_023016,0.0056211544132209355
row_012190,0.007384100545013417
row_034825,0.15113536830847318
row_033007,0.3576176525760349
row_040019,0.08693993786692324
row_049243,0.004702287999155684
row_023591,0.19821899863517087
row_000344,0.004775869996988775
row_027057,0.4525833032709573
row_011383,0.0025696860687287964
row_030220,0.11083283348760463
row_033553,0.010499201885897348
row_026817,0.01140898567510364
row_035300,0.02877771561092786
row_008826,0.8994320620981013
row_033955,0.006902364044882459
row_035783,0.003320218123284706
row_021215,0.1939741880918328
row_025952,0.017010575255536356
row_043864,0.855709085690052
row_043403,0.04296142769436692
row_004191,0.23928983232451811
row_010000,0.08986792334340354
row_041009,0.07619651606428414
row_005668,0.012979658070139963
row_007340,0.0109641788517943
row_017850,0.1463200709771259
row_001213,0.06601387494196465
row_035773,0.032282659239110584
row_022804,0.03393149241209329
row_033004,0.9979465341892829
row_009611,0.005440588120569644
row_029295,0.0031137634632115935
row_008368,0.008336978726812463
row_018436,0.07454621141998809
row_012226,0.10388291723756163
row_008992,0.018795244965996476
row_000203,0.12030150358380752
row_007041,0.05095575642329206
row_022151,0.01971114536990852
row_034718,0.15660042380338834
row_032032,0.031235137444749244
row_021186,0.010350498199980265
row_000410,0.7276703030309375
row_042752,0.9900809123883882
row_013531,0.254027636375114
row_022282,0.009660819223753805
row_023370,0.010433631748626528
row_045383,0.10543221754574934
row_006883,0.014955186150624336
row_009173,0.024984468377362786
row_023186,0.9505110294236206
row_020330,0.05202830034372564
row_034972,0.11193386057669598
row_012186,0.011833838708467503
row_004594,0.3805381277810165
row_006855,0.07603549915219673
row_011635,0.009245854550809772
row_027853,0.014324485022608321
row_036624,0.03783699659880615
row_037734,0.006215384086926631
row_032718,0.293044548785721
row_003219,0.01909917787875353
row_034317,0.03679766533972066
row_007290,0.0011975144813416013
row_040606,0.1451417216593492
row_007753,0.012684192177298971
row_005438,0.7646723408048263
row_006609,0.002694606891063963
row_026059,0.1037548307634023
row_032977,0.02296808194099654
row_033292,0.43581554569613973
row_004087,0.015761198029500947
row_033399,0.03774940718858735
row_007601,0.18154089825490838
row_033816,0.013308114264351873
row_031239,0.0034881941132281075
row_037582,0.003739393235652356
row_017289,0.5417972966641807
row_046402,0.001987350809555579
row_003705,0.009596380335861522
row_029304,0.03296913439440559
row_038699,0.05442727112589185
row_043371,0.41964359619090397
row_017524,0.11052397192785511
row_012716,0.005821335478593211
row_010264,0.00765912220521143
row_009192,0.014564318127782224
row_000550,0.04814836435684969
row_048200,0.0670847018348434
row_010111,0.8521085068024975
row_047586,0.046951560849839064
row_044675,0.03948764235541819
row_007142,0.013038207842530129
row_023046,0.028488329900840353
row_011125,0.033561358904131734
row_025328,0.31440497932221595
row_009569,0.1574817916803321
row_044305,0.227544486527483
row_017072,0.9722016854033722
row_006137,0.050252420734577904
row_001192,0.11262071730789848
row_041270,0.12759660261116182
row_044696,0.01612092445524548
row_023381,0.13794058439930634
row_021062,0.5132281659011902
row_048314,0.004500549103924878
row_005942,0.02270544220725368
row_006704,0.0757170040169092
row_019928,0.10165463728833808
row_000436,0.031614519946971655
row_005780,0.21757363322635725
row_007286,0.024555503681951727
row_008830,0.17100092128883407
row_030655,0.2840316959550705
row_048266,0.22471828908292854
row_048930,0.011868052089098156
row_047120,0.027753734272092642
row_037984,0.02926821823056026
row_019888,0.006862391926368396
row_004031,0.09258124965218364
row_049999,0.8728962201878566
row_001973,0.381096487549007
row_017030,0.004939337765688815
row_017220,0.01610141690685807
row_035266,0.11284220301759101
row_048257,0.7639978288983108
row_038444,0.07340309489563793
row_017374,0.07799384741996612
row_016465,0.046232166844478326
row_049832,0.09395837643157591
row_021499,0.2856024337049144
row_031314,0.18737428202723289
row_027722,0.027700179924714467
row_007310,0.02420891011793707
row_030260,0.056326265888158256
row_038914,0.36715249866067706
row_044989,0.016154100350485864
row_000471,0.07623236017480067
row_007923,0.007494837817027689
row_030073,0.02554923416714
row_041449,0.2077136987310528
row_014461,0.04155568919857008
row_047561,0.052186259505769425
row_030820,0.03986452321985229
row_035446,0.06864057814630228
row_022943,0.06702521817888236
row_028700,0.04988923539403742
row_030060,0.12091558205284847
row_020310,0.03503096976987802
row_038482,0.14452946800588742
row_005484,0.01528539128310571
row_047846,0.4354086029709147
row_013894,0.19562007643941068
row_012473,0.008226478288105582
row_012796,0.03272502165731691
row_024483,0.3651962906266838
row_002741,0.00790097745579136
row_018934,0.05542359532031291
row_017660,0.7300359910843415
row_041931,0.301900196997326
row_034816,0.10313412955443596
row_047734,0.007167505265270945
row_030091,0.010272983440874617
row_009308,0.025807517956403667
row_045484,0.010973590804918013
row_027198,0.005139212278287271
row_025792,0.008336658067124837
row_032506,0.28144204590805383
row_040973,0.02142266110867941
row_040360,0.032695958387731795
row_004582,0.8384751787013733
row_041436,0.8442954161008024
row_013341,0.039632597064368454
row_000760,0.07258483315625916
row_002697,0.6413197072190295
row_030465,0.6675107389163963
row_021860,0.007161322144140106
row_039792,0.04195293714700049
row_047893,0.5810952194404921
row_039487,0.025771857475869256
row_019703,0.013420762545197631
row_021682,0.015872203746941337
row_033421,0.005083971902436534
row_018933,0.039113497732268965
row_043885,0.0036966028353247896
row_005068,0.023875850410983907
row_033641,0.0031200894703023035
row_048587,0.05314458227333953
row_030185,0.1330090788182951
row_031992,0.07101142619819302
row_002388,0.05405275155211236
row_049609,0.02517993258516752
row_011237,0.352477728717867
row_032725,0.30716301410084706
row_013218,0.21061965735275998
row_020512,0.15125879334032533
row_038925,0.1947772056265955
row_008808,0.17106412562751025
row_016053,0.011678264865626599
row_027637,0.001065524760572899
row_010696,0.09133109870462977
row_044624,0.004097059137316656
row_001179,0.024023175036128233
row_029104,0.0013770542229873338
row_006983,0.9568251748344064
row_013802,0.22980090911511222
row_035272,0.019363427285095887
row_043205,0.023229556907856143
row_044548,0.907324517546791
row_005650,0.3408940934812629
row_011199,0.008295717177020647
row_012586,0.8477832331949222
row_027880,0.0020120423907458566
row_042984,0.02322444467139956
row_013191,0.009742436075581987
row_007648,0.04262965019365545
row_020731,0.2150418933840738
row_021445,0.03372242040032369
row_008135,0.14847291082952652
row_026276,0.2545661720816123
row_037508,0.015202564983382603
row_033467,0.08969543461600228
row_020070,0.0032436287828484125
row_025396,0.014069182516748005
row_023827,0.07636595153800659
row_046939,0.17563973500115096
row_006335,0.008327096436038506
row_039416,0.20024508462980856
row_036036,0.006323156145424343
row_001844,0.006041815215116348
row_032301,0.021335112360848715
row_025930,0.02145087508906165
row_002468,0.4719900445275579
row_042877,0.022160923125627605
row_011647,0.02653845175370751
row_004252,0.8942637496605882
row_035724,0.3026176879001991
row_009348,0.003854461200004703
row_028283,0.024227387887997137
row_022740,0.17897236467932723
row_031951,0.04513182775735508
row_046561,0.05736337829074026
row_019844,0.03991349716535697
row_020522,0.027146032355488514
row_029618,0.005030679956069338
row_037482,0.13529769628239136
row_033181,0.0118708463208787
row_031251,0.022024326194155598
row_039790,0.04177978741362669
row_009285,0.136320125947862
row_003542,0.500821473901236
row_016547,0.02485485423943491
row_005334,0.9149839776840136
row_027815,0.5970573579163018
row_010742,0.007750306046060838
row_000417,0.020597766693932918
row_038305,0.00408301936860397
row_029114,0.022153163975834424
row_012677,0.04822109097488338
row_035283,0.008826857066933218
row_001440,0.0020560603500444077
row_043407,0.26006553114067316
row_047580,0.0008759527024454163
row_024090,0.14903079710280892
row_021131,0.49352538027498305
row_003286,0.029317927475504064
row_017979,0.5391376401370434
row_045122,0.0438735768126068
row_028869,0.004718938168256602
row_044580,0.0031717681954253033
row_007354,0.06772801482221144
row_026409,0.11260228290056881
row_044326,0.0005005007610227783
row_039094,0.008892752109072819
row_004360,0.08327145788750395
row_021653,0.011367474761191263
row_043823,0.9981047894345909
row_042857,0.5672094655960775
row_010699,0.05305430400511715
row_003734,0.016004815360589418
row_011777,0.014442069315214776
row_005858,0.0027092685058991784
row_033566,0.8936588000566198
row_028904,0.41900410546974176
row_026844,0.016471906529373095
row_000491,0.004466458825085155
row_022505,0.028578930556352296
row_005035,0.40081376399341434
row_025585,0.015266255439927733
row_030555,0.6294881702541645
row_002232,0.08203877510007547
row_046946,0.03321412328078996
row_009635,0.024801748429171454
row_027713,0.9750890881553836
row_013880,0.009802963428438106
row_011997,0.013575594197429746
row_007016,0.008989700313349705
row_017842,0.012670219018931696
row_027999,0.009623802991899638
row_019952,0.9300206165969774
row_022354,0.0038065430237421306
row_013098,0.061513919244209014
row_021852,0.019144512052337803
row_009867,0.7352455748521218
row_043631,0.7675570216158103
row_014499,0.005228197387139644
row_045228,0.030299741327767415
row_021803,0.022970355558480295
row_039430,0.0060709340345605845
row_038303,0.007125826708303083
row_004634,0.009394717360442732
row_000010,0.9027951972779195
row_017124,0.052999106597414206
row_019349,0.9372171916630284
row_007225,0.9594776451947011
row_031067,0.25615230391687854
row_013567,0.09916347513739893
row_009061,0.13032557615749785
row_021639,0.012399184584856702
row_038497,0.01341454898326834
row_025696,0.6855720325901926
row_025159,0.09289304347880728
row_021946,0.903170892949509
row_035285,0.06875944413956496
row_043104,0.002289113646753445
row_031159,0.010630896528724362
row_021456,0.004079753018837425
row_016609,0.0014924946634120343
row_024712,0.021356293839561655
row_021435,0.013098329037266605
row_040273,0.012361894285336687
row_041616,0.00217941294258213
row_022461,0.8458801802742465
row_032903,0.023602135991592377
row_000023,0.002586189995550393
row_012388,0.018765066732406407
row_012138,0.9953004096440388
row_021644,0.28064884256512135
row_033041,0.2403884737425266
row_018074,0.025272735570780525
row_014690,0.014419315601933285
row_030283,0.007007929427962555
row_013492,0.9820747657378804
row_044707,0.005214884568749341
row_041385,0.04288761310803335
row_029341,0.2465910794758106
row_014444,0.013728252144329538
row_046500,0.29716969127481874
row_032527,0.010714814851521369
row_040620,0.441442784263945
row_010377,0.8235633732332679
row_037985,0.03865087142490657
row_021453,0.5444094854613707
row_028310,0.00901923552695395
row_027059,0.9148374073116001
row_041059,0.010896383191516253
row_023755,0.08010537661670265
row_004762,0.09227727759418321
row_019789,0.11205323870191089
row_006260,0.012842296373434661
row_011094,0.018912596219103905
row_023770,0.22945754176670788
row_048859,0.871908118194632
row_020360,0.04537904800621683
row_017920,0.774566062855343
row_023745,0.013893860901616092
row_026417,0.015519867248476937
row_041991,0.1566280726592611
row_007107,0.23160867652204373
row_049628,0.05149016334458857
row_014557,0.12759061922391174
row_048107,0.02983140062114284
row_037018,0.020953340959354947
row_037785,0.9024712651337287
row_017948,0.28912071503964987
row_032378,0.009913333492513733
row_044243,0.0104372728946848
row_003385,0.008611154324064792
row_002870,0.0062607486655054416
row_048325,0.038236996702583445
row_032570,0.1379402781425985
row_041451,0.3329152339533245
row_001326,0.01804435168109092
row_040653,0.0357022105378214
row_039853,0.012738601433327234
row_014252,0.012384901094793767
row_045826,0.005690756794673378
row_030340,0.30660364153948516
row_014337,0.06277649631698101
row_010771,0.0161996330958541
row_043422,0.001899956060326441
row_033191,0.02648922773538228
row_023288,0.016581061262531643
row_004444,0.004084921753327201
row_028988,0.05714507019578896
row_037243,0.13380754925266852
row_004474,0.03943485847570048
row_013406,0.09297019644013996
row_042485,0.2760976706947318
row_007329,0.2767987740991878
row_005621,0.008167396198865133
row_030725,0.01057117728150338
row_031991,0.39650118986058924
row_020690,0.6843672291543507
row_049953,0.9769821845538575
row_017305,0.01988029291954268
row_048506,0.08934988293922169
row_034524,0.5561936133461071
row_021211,0.5292784276415915
row_030771,0.2773416827791978
row_034137,0.011540218185266307
row_003871,0.02431934369384073
row_005138,0.5822350431900822
row_041641,0.020106321337410415
row_018057,0.04530382279268548
row_039628,0.04166836807535557
row_038764,0.10926589265885193
row_021086,0.2168047803413814
row_022029,0.24352042421311354
row_018490,0.03655860259582988
row_044423,0.002139326191510217
row_026641,0.04409199181089138
row_001364,0.005715842755271504
row_031369,0.2188818096390669
row_038722,0.782672297258024
row_003573,0.031040803306865723
row_020537,0.025921500938162145
row_012898,0.04393614141388184
row_005375,0.048686338432953585
row_035758,0.021336695573309368
row_015575,0.02721953913740395
row_031913,0.00556099598730951
row_004349,0.44647981006293386
row_035951,0.003772738151376759
row_043647,0.21285507466191378
row_012604,0.021633956373418903
row_002608,0.014413780921888305
row_019665,0.004455798877620525
row_033443,0.020584613789658427
row_023272,0.9711749607521093
row_033513,0.015905038740824547
row_004458,0.04491551605228987
row_030759,0.004256618833051087
row_023449,0.760128245862491
row_034697,0.02169068126328854
row_037877,0.03812080522316824
row_025498,0.005113023087657348
row_017693,0.011179629637065674
row_023402,0.00855541592050295
row_026387,0.27080486577445956
row_023382,0.011616604212074003
row_035898,0.07957522510076419
row_046883,0.0043622670552554066
row_015370,0.9585371447981217
row_002074,0.015096571225054908
row_029779,0.12507561513421714
row_003259,0.345604094796411
row_021608,0.022020210335052456
row_026529,0.09782627006799127
row_007439,0.02702883449630742
row_023766,0.7086205958441707
row_032983,0.016259577636160226
row_037119,0.3467971714129533
row_010559,0.0013859536741973493
row_006977,0.033973750519908225
row_000715,0.1409926387051412
row_033557,0.019810219285206335
row_033317,0.023193944013607547
row_036723,0.05772839569821115
row_010642,0.2750563749168835
row_043327,0.024697884075232136
row_048082,0.9291724172089938
row_032086,0.05284143122043089
row_048399,0.002496662512284683
row_034250,0.008259474129845958
row_030300,0.05854918926816799
row_016876,0.038827478304763435
row_023732,0.0010535920311731122
row_022043,0.003409994900808499
row_008727,0.12365557327023743
row_012537,0.007748793109193379
row_005666,0.005027148741644151
row_042871,0.05011445669888408
row_030127,0.8828511262635146
row_011138,0.025507680915862925
row_025384,0.018387359394450888
row_016428,0.009514920767944125
row_036703,0.11069478855304697
row_048355,0.006622257783301507
row_046066,0.12490972524606045
row_020872,0.33128223256276157
row_017567,0.06072068152991551
row_002970,0.003975437991648232
row_029669,0.9293956117280429
row_031981,0.004960953974660064
row_020263,0.0019554986320543207
row_039289,0.0037490310290483296
row_010868,0.1279351932761195
row_037685,0.022495576584238043
row_017937,0.12691130680183954
row_042888,0.015271265607398662
row_033076,0.041156583987257314
row_020816,0.03625700583020478
row_049058,0.11955270029219286
row_009593,0.14744992514285993
row_025156,0.24809996246081065
row_036089,0.3603925988228799
row_013956,0.19272228828990973
row_037346,0.013052335745143898
row_035820,0.030209399544141032
row_047732,0.7011715060309831
row_019959,0.015607089098903484
row_022789,0.13783424013654325
row_011353,0.010320333581288633
row_019850,0.03004116761351703
row_016163,0.005599276199878727
row_046202,0.008010485474761384
row_009739,0.017319785977282412
row_001897,0.047038817136641695
row_032959,0.005767792883176895
row_016893,0.027873087939197558
row_047114,0.21067233340749916
row_031796,0.15191972766903983
row_027208,0.9731660905656844
row_010127,0.007212309512130783
row_023069,0.9854221915641249
row_027551,0.06542666991383046
row_009825,0.2919341814755636
row_026519,0.1207450698530972
row_024246,0.19541369467713046
row_039046,0.6529505931794546
row_043162,0.03368547343395233
row_037559,0.010310839847357004
row_021519,0.0035459657377588105
row_024439,0.3870427128832163
row_018470,0.9696566232007435
row_014693,0.10148215725895422
row_007338,0.011652023119869435
row_015752,0.046469337643182326
row_026935,0.16601168753640136
row_023462,0.01002023164728805
row_016950,0.027456723636862836
row_042261,0.45500291401133447
row_041016,0.0076855852572717265
row_009753,0.0024457610428739378
row_001216,0.9895663596992413
row_011938,0.4666977234562026
row_049957,0.04548500743249074
row_020242,0.021939965587522106
row_030590,0.09614166637979106
row_004998,0.003760707348501241
row_023647,0.038745413593983896
row_027545,0.01445308108340513
row_029887,0.0068249371755818595
row_027164,0.05724298269302898
row_017051,0.016268409366696296
row_012224,0.02292328424986758
row_039758,0.18102575049937558
row_037806,0.0009461387021395711
row_016423,0.04173953264074197
row_033369,0.046397192739828425
row_012666,0.008041585881438554
row_001611,0.056569691081961804
row_028336,0.028441584982303196
row_020197,0.01682818838588325
row_031814,0.44769781937231934
row_022641,0.1517000230828124
row_011311,0.031774533543447885
row_010993,0.020935498972234137
row_027166,0.6372655738626107
row_046922,0.1550478604340608
row_012707,0.20287839993776205
row_039497,0.03410635748505275
row_048580,0.09538660392466726
row_016702,0.028188678222916732
row_021132,0.25455363370644457
row_047207,0.27126827925035374
row_034631,0.5230198662424024
row_040384,0.28230044133932075
row_007526,0.009123506143700711
row_001828,0.009106363821820358
row_027114,0.005753338636161547
row_027265,0.4133334363159818
row_041986,0.07530272109987876
row_027406,0.01246982727954875
row_046007,0.027471871678381533
row_049516,0.014640441438873721
row_001197,0.10531954563637684
row_013361,0.039175564683197384
row_021714,0.02476107334781872
row_040719,0.010260321551081199
row_011149,0.04787142474295995
row_026363,0.263401433532794
row_043251,0.019239372103881904
row_026293,0.0021737421799238963
row_045948,0.01127717657359451
row_010276,0.0023159671016863585
row_019834,0.008116816813580584
row_026110,0.009241428630653062
row_030006,0.30545559161787555
row_037125,0.2766301564642522
row_006891,0.0012125989735594959
row_040747,0.02073756522812991
row_031019,0.0017116585555928946
row_010847,0.011578150091655023
row_042873,0.05440005702723147
row_000444,0.008601725231268793
row_025257,0.005344607908197066
row_026389,0.07065857611509352
row_011059,0.2434276646450436
row_047493,0.02353217002599898
row_037986,0.16498844541235463
row_011367,0.004706335755968691
row_035026,0.002919474422539053
row_010330,0.023724868829158897
row_028814,0.003083660844280396
row_023134,0.012575720865365467
row_038188,0.22647759563076225
row_020667,0.041379644218899156
row_049774,0.05490593438512778
row_049687,0.2696581955930599
row_005249,0.15307428638421566
row_039494,0.005061756563543882
row_049723,0.003712652676796353
row_012205,0.9724252800176315
row_022965,0.026667871182305368
row_049098,0.011062454818311744
row_028775,0.05955487237481223
row_011008,0.0030083917340865424
row_006144,0.021537989673452183
row_015815,0.03456049412107912
row_031819,0.007741074259025501
row_019991,0.9948127188464244
row_016739,0.003908540969119321
row_012339,0.010751919632819627
row_044111,0.12482469295841565
row_044041,0.02859066614384811
row_025469,0.045172080594267416
row_010114,0.07548956522893596
row_018286,0.011590169362102474
row_044914,0.05644359075111116
row_006496,0.22617880528825018
row_030448,0.06860114075658119
row_022163,0.004899341733411191
row_009617,0.10762130689958802
row_021958,0.05609630166718024
row_030931,0.017363530080352334
row_026214,0.006442998242029173
row_017221,0.15864143844106757
row_004289,0.013675001844140463
row_020592,0.3033978774385843
row_027002,0.009956454953579993
row_039332,0.41120290125547776
row_046918,0.014294982517303025
row_011145,0.04340160082189033
row_008902,0.08016140421817329
row_009760,0.3008260497055027
row_014782,0.07432825836175291
row_008453,0.9798592910601464
row_004488,0.18614731264668588
row_001088,0.1876631797438436
row_018250,0.05650443302265272
row_043483,0.10306700900732133
row_014470,0.004044711147005871
row_046511,0.009894140543562864
row_042730,0.013781756742343304
row_023333,0.032932286511132156
row_022195,0.0044131014354379435
row_027209,0.005960578867492984
row_031361,0.006850346495084579
row_047698,0.08310016780137061
row_035970,0.6070746196880525
row_049454,0.017150825134912756
row_024178,0.004917288230078424
row_035429,0.048215589150800445
row_027770,0.03367578004185301
row_012790,0.0715353306212964
row_029051,0.01756873100186753
row_020399,0.15230480077293834
row_032029,0.7093653865628875
row_016528,0.008436567251749197
row_033509,0.2053915710676471
row_002354,0.01013421968027271
row_014026,0.004083802699333311
row_029740,0.006704567876917513
row_000564,0.010976801290603968
row_032929,0.019156252516142936
row_048020,0.20320334925028088
row_037121,0.006996215930680787
row_024554,0.016979059134287988
row_014216,0.2939943252736119
row_047839,0.01750917882132639
row_005481,0.11457892444485289
row_028357,0.036746609466115146
row_011723,0.34366088825430574
row_005602,0.26962187157441325
row_042706,0.0513768708222191
row_016400,0.8430466672636061
row_006505,0.016684742655728727
row_039201,0.14481105849252152
row_049790,0.036024455655214394
row_029130,0.4565089886956975
row_019299,0.016904337297701133
row_032858,0.18885174359756354
row_039147,0.019648170914240287
row_026166,0.9542733246179165
row_044040,0.06555923780688869
row_009960,0.02063421073847614
row_049295,0.04078026477131852
row_008096,0.11021174377822904
row_019263,0.7732498269222575
row_016763,0.34672151208730717
row_046516,0.13047126906966713
row_010720,0.06389041664861594
row_033246,0.0089932821710326
row_007198,0.0021566095050014607
row_037759,0.15080190227953072
row_032748,0.01135330745891
row_018981,0.36696978597693203
row_047371,0.6199524227826149
row_040951,0.6962592595401125
row_031088,0.035649239154583096
row_001043,0.010667938448324107
row_044356,0.4609957772303501
row_034005,0.0544907073595324
row_002014,0.03426515578455324
row_039647,0.005254163519378052
row_005872,0.02060573484545783
row_049031,0.009658877455078548
row_038355,0.020060535673704433
row_020500,0.16624396751398107
row_044778,0.02132141198114531
row_019659,0.009606272291621922
row_033501,0.33468821191213916
row_012463,0.2182996521738709
row_017883,0.03598398047106063
row_037652,0.08568182508308067
row_015749,0.014091628547539509
row_029982,0.09169434106259113
row_015624,0.008592645865723109
row_001346,0.006065147956900778
row_003931,0.17535541249139572
row_000459,0.09022042152025536
row_001245,0.01903661166046172
row_040166,0.05441279739641297
row_034515,0.005029940850898113
row_024869,0.10021289574418216
row_026482,0.08910054010154878
row_049383,0.020909427916343076
row_048802,0.0007062126004936788
row_016772,0.006017295337987397
row_018085,0.7842980376933515
row_008106,0.06882100548298864
row_035335,0.007477359719609657
row_043266,0.08454929834261075
row_044362,0.3802648014605193
row_031779,0.18496248048197145
row_025080,0.012772818700034817
row_018912,0.626185764140254
row_030515,0.9298485092576378
row_005824,0.3792714020718683
row_005498,0.005764105715417517
row_008005,0.04051346829277213
row_008297,0.002533730905528269
row_010415,0.02414163457500148
row_036993,0.03568265477744722
row_037217,0.010526617332393996
row_019712,0.0009750133282352072
row_034437,0.01614204518646721
row_016171,0.01185407222962103
row_034864,0.006910173601731294
row_044293,0.8622248494479798
row_031883,0.0030057302424597717
row_001253,0.13292029645050013
row_030241,0.8875135687278134
row_002708,0.10629090891656162
row_032523,0.7024280843705946
row_019430,0.015843384819877508
row_013204,0.6971439257896506
row_041099,0.019724293359051983
row_041201,0.2965590078066558
row_017251,0.04797216557696299
row_022878,0.0071353381112997305
row_048914,0.015216520640220381
row_022834,0.045990995237235835
row_040758,0.016004012159796847
row_008364,0.08333881016322525
row_045638,0.02186016509210837
row_001439,0.04446137995690301
row_030224,0.01060179829801897
row_047831,0.021385326234354476
row_005710,0.006352087344435431
row_009054,0.3325118452459115
row_028426,0.08633801079694285
row_039231,0.07608952382271283
row_041823,0.7579608449648837
row_018468,0.0035713841484705747
row_049928,0.010094447130221177
row_030350,0.03826150808163828
row_035541,0.08891950959400063
row_001640,0.08963159622161948
row_047953,0.010080316986149612
row_041555,0.01787445103987493
row_008564,0.11168715614442397
row_018446,0.014308689322746143
row_010171,0.001256077836951736
row_000766,0.14495900056939062
row_036751,0.9952115183058229
row_028102,0.005069758230190077
row_042365,0.007406329721871711
row_045028,0.06371884531650607
row_030666,0.27752014143550396
row_035933,0.6843452093948891
row_024210,0.006994921755656382
row_009797,0.010320212880754147
row_023616,0.5304025771959754
row_028612,0.6548094280074299
row_014191,0.0236763146040324
row_027514,0.5474036287371863
row_024476,0.956378704655104
row_011348,0.0030687239772374288
row_002422,0.03461383564270885
row_039905,0.006480838879233388
row_009265,0.9548183578120903
row_024538,0.008634482899248327
row_022605,0.0036987772582508026
row_043395,0.0005693011412736158
row_028196,0.01097090653368429
row_033872,0.1331546530268357
row_028747,0.21138519584604307
row_002989,0.012268740745786239
row_037868,0.6842534033247537
row_036603,0.010358593960383675
row_018166,0.009737162466774172
row_033068,0.03772913695503496
row_032777,0.14613749226823372
row_045644,0.06644551385896064
row_005170,0.6303320584816056
row_037282,0.0022570138404586996
row_024544,0.9609769505189086
row_040366,0.6500523901015882
row_013309,0.009111875148307892
row_014629,0.20252952082605327
row_039047,0.07857179412438806
row_028572,0.004922339081381468
row_018936,0.4145010005240569
row_024827,0.13373653284690967
row_029566,0.031815987061118864
row_000386,0.01855750175533854
row_030287,0.0042940532718533046
row_009641,0.011486382706180024
row_041544,0.0025451482127393688
row_049581,0.06325124054743628
row_038369,0.02782692625937637
row_029070,0.06370654169758189
row_045705,0.02052552677138618
row_017301,0.0041443335379522835
row_024112,0.005308917894108962
row_041219,0.02412972137017964
row_006181,0.04280683563920383
row_038772,0.24746609306246642
row_006395,0.018581297968074555
row_011343,0.1519664028927608
row_008309,0.0024114894546568705
row_020224,0.015316453103532017
row_044623,0.010073855436135752
row_003379,0.05835853511521646
row_000398,0.56441416710018
row_034936,0.00024840797713840293
row_007533,0.4240221885292135
row_046350,0.003607588991560212
row_048191,0.026153205680949997
row_044613,0.2327884307448901
row_014968,0.03620415930459102
row_048686,0.8691313198737185
row_017724,0.07258367868501531
row_020112,0.016153887367315135
row_003448,0.015172155703880374
row_034552,0.07971404210573128
row_047160,0.31356294588231826
row_007827,0.030292880662137978
row_012313,0.0033885915101672065
row_025451,0.0037986485661403915
row_043913,0.0031738002598350554
row_026919,0.013904345685189348
row_005921,0.037976883303942194
row_038371,0.007346309800591681
row_013592,0.26313411397154834
row_035114,0.23027201461767582
row_045468,0.10205616953249108
row_040498,0.002468493525641204
row_030712,0.8372526304357656
row_043459,0.015678790548767443
row_025638,0.02670184564750839
row_033138,0.11800384008707525
row_021495,0.23356301830005127
row_046923,0.0203609576267146
row_011318,0.5374758212952903
row_034260,0.013418388716789839
row_023586,0.9886307789177491
row_044290,0.8478210641151145
row_014546,0.013467793667486048
row_049234,0.027333825813173087
row_000070,0.0019251805141705706
row_007543,0.00985902883019191
row_009110,0.06670969081031611
row_043624,0.23470927038344294
row_007427,0.008094040416287687
row_018358,0.006392728388682429
row_034873,0.012778635531576817
row_036978,0.8139029907244283
row_021474,0.5877796170816797
row_025944,0.16010159317791062
row_044072,0.7606258570315722
row_010801,0.008330123876655698
row_027425,0.08154893405944032
row_046609,0.0038620798255279967
row_028113,0.007064103564447576
row_006440,0.04951216151394083
row_044171,0.06928723825064292
row_014029,0.04940309978957092
row_044400,0.19845829247705843
row_019257,0.1714713922103426
row_040241,0.7068850857505795
row_005756,0.04350813777721382
row_001892,0.1606115194427351
row_040383,0.006253548559068083
row_003310,0.20516296020433258
row_019554,0.00251393172977963
row_046411,0.008083547533924209
row_023634,0.007212711507879685
row_046351,0.013713426871979958
row_001293,0.8276219436462924
row_013243,0.05569261076505324
row_018401,0.9861753321901235
row_041151,0.010118579684726072
row_022533,0.021414024991152088
row_041107,0.0901345959815534
row_007947,0.12390837512205985
row_030452,0.013253761853735266
row_036309,0.014286832335929563
row_045495,0.044804397786494365
row_014354,0.6626982789800074
row_024503,0.33771973617632195
row_006867,0.9658501923175844
row_001838,0.011149966326506958
row_006787,0.04333893478508841
row_015264,0.20602024359945514
row_002819,0.06712512821424935
row_032191,0.0007135442531447413
row_030243,0.020449080518992035
row_025231,0.0318337249098337
row_015908,0.2457184606912433
row_015577,0.006124440250052893
row_001866,0.028220979053187024
row_007229,0.14859586716989603
row_015451,0.17680737928399481
row_039495,0.13350440293945967
row_018807,0.0009338027618496207
row_026388,0.928620497857926
row_042011,0.5210586895488719
row_012368,0.13371485010441914
row_026822,0.004925941941087541
row_046754,0.05785710609511562
row_000262,0.02102462213311586
row_042310,0.0018463097304060973
row_020893,0.029517902838734157
row_018624,0.04308289030661501
row_026188,0.014497092766919224
row_037569,0.014290751281142948
row_039734,0.21689938718539067
row_021548,0.15687952612982942
row_048389,0.8226285346663064
row_034578,0.06821826665162829
row_038880,0.008986373102737805
row_037087,0.07733525729667545
row_042254,0.02968213597500504
row_046159,0.06335277093515902
row_037190,0.036914397578734506
row_026068,0.04652059269385659
row_016059,0.08288299892877088
row_019187,0.03123526954819908
row_047559,0.514660361428491
row_014087,0.05155753993655429
row_019078,0.8967553126683401
row_042076,0.03137472052289955
row_030890,0.35890435629873024
row_020239,0.015352766069211302
row_040452,0.006842098724521805
row_027223,0.07989813435799255
row_012122,0.014492152764563806
row_009613,0.0039732108553046505
row_040665,0.04694248632997763
row_021691,0.005653635442685641
row_020635,0.3859216364590031
row_038900,0.003679232734717417
row_025950,0.016802118407174126
row_039433,0.0045357565132472825
row_048813,0.09530000778739225
row_031989,0.09978940310452325
row_030172,0.12786461509627722
row_014292,0.9515730161254072
row_012187,0.03987775085109016
row_029901,0.6796695493557672
row_035459,0.00253375956942693
row_009586,0.013528185220221686
row_005619,0.3746160311941723
row_010656,0.04945632357534329
row_008408,0.27110890043839386
row_036784,0.0017677858633022322
row_024202,0.4639274868107191
row_049400,0.07260978391982006
row_007702,0.009577685173459605
row_008831,0.004958994229530667
row_038974,0.007831985665103049
row_023080,0.029530256464575147
row_042781,0.8707363005240587
row_033689,0.05488040827201132
row_041576,0.005678332815982287
row_042858,0.015562322351293664
row_017371,0.039790627723442454
row_010445,0.01878000232534728
row_020756,0.017053997516667033
row_021632,0.04762242922680249
row_023213,0.004590255835874897
row_016589,0.03083825915777172
row_008252,0.03623495421357714
row_031350,0.04546531544252912
row_004460,0.0049277736025172365
row_030606,0.14328957410583984
row_012701,0.08009735897074792
row_042412,0.0030101321527090177
row_020409,0.003830228889599104
row_034102,0.04388082094561403
row_041389,0.09563596403378918
row_027660,0.005825501731166613
row_044824,0.7398476201277336
row_026415,0.0380371053969074
row_027185,0.7622831404969359
row_041275,0.007419017381329228
row_032887,0.08628850760910617
row_046468,0.002155100736051371
row_040515,0.9155196350288571
row_008995,0.03010131976259295
row_048834,0.8126284826564862
row_044733,0.010532307647693164
row_002428,0.051926588520066576
row_014059,0.00876066262854065
row_008888,0.5769529374325647
row_041686,0.7649841589236324
row_002551,0.02806177111069579
row_040390,0.01681927937349697
row_012890,0.006557456698583432
row_039290,0.0374343097606665
row_046777,0.10660254567680971
row_010140,0.006752725357424322
row_049777,0.03359440552124611
row_013186,0.004005834520331024
row_005435,0.0499520257636686
row_008092,0.04570622740279189
row_046485,0.3577573825463757
row_032487,0.0077878252911986225
row_012514,0.014049895020499473
row_043964,0.033559440446344596
row_015632,0.314066797468669
row_018459,0.03712962410944301
row_033232,0.806667828279826
row_019107,0.5706778522294477
row_014450,0.01323356375924599
row_011295,0.025366197044772155
row_003059,0.002305356332958357
row_036696,0.011912301490914011
row_033208,0.8976023686775658
row_034440,0.9829100231019328
row_017435,0.2819722715670372
row_029989,0.5283782784296163
row_019885,0.009134588427936534
row_045083,0.010620056066131221
row_040806,0.005976091022560373
row_006815,0.01241842584092904
row_005559,0.2214530895283291
row_008690,0.018659038157066696
row_018010,0.06183374506674376
row_003499,0.07611160649990947
row_038251,0.15769237941834105
row_038083,0.0037058661314455944
row_022768,0.3104340385446332
row_002885,0.06095958994295595
row_005385,0.049270638368168626
row_012840,0.08761879225168777
row_010135,0.0695071703333662
row_012813,0.0013330957424110305
row_001622,0.4110410145375405
row_038360,0.02467284584551191
row_043553,0.09765670555789914
row_040566,0.008392347069163726
row_016246,0.01794520290936173
row_009316,0.2931321609890559
row_033821,0.0029039516525552903
row_009008,0.0035427642100393435
row_026129,0.029916089844878792
row_031421,0.8694013217442564
row_023265,0.5703507500172217
row_037075,0.18855484638140202
row_043279,0.07212467135665046
row_044437,0.003295064091468366
row_041101,0.026253341899319178
row_007692,0.04967056754723469
row_022682,0.019747049408415294
row_044321,0.016624025064847375
row_033950,0.009324856149148231
row_018661,0.6488034473692699
row_018997,0.09839854030577817
row_028073,0.45007792495788695
row_030218,0.9841391567670368
row_042764,0.21464711939943348
row_025562,0.649502051326394
row_005458,0.05251482795660767
row_024736,0.016687196079358004
row_003635,0.0032825350489061695
row_005210,0.03119018145769344
row_031938,0.03130636517716852
row_011653,0.13878806146936876
row_013691,0.4710192616675271
row_015334,0.48720165225017936
row_033364,0.4123156667171619
row_022917,0.12057863731898218
row_000817,0.39799488115071974
row_014795,0.02844080954111189
row_030510,0.008843818291150538
row_016555,0.018827019944174593
row_004497,0.008318468608752912
row_032281,0.7560741874473862
row_037425,0.45904465989719684
row_030223,0.08451721154779339
row_029228,0.022513877355288203
row_037888,0.10058344514785583
row_020969,0.0025706283890749733
row_010013,0.023114279965065536
row_018945,0.006477340811877082
row_016640,0.010563565117757467
row_006884,0.24302302913936027
row_012257,0.6165018453036765
row_039159,0.049723318838305094
row_048815,0.08494512871247606
row_008643,0.01244658373541971
row_049396,0.005762506844542424
row_017673,0.026924984493805502
row_003182,0.40572797414949247
row_040009,0.004521891780390512
row_038475,0.18791739626493392
row_006814,0.0005863293160029585
row_015801,0.014253754527545244
row_014687,0.03190554071202812
row_011290,0.40188820057124874
row_001824,0.06786257793401107
row_043502,0.009414012423433768
row_042938,0.910212533901381
row_040033,0.009351365554625726
row_023132,0.005673475330648763
row_036874,0.0402392031957009
row_033059,0.3891192425879871
row_008865,0.006391457855110039
row_014333,0.08480553548305929
row_017609,0.007558724280148563
row_009964,0.005351053022885572
row_009090,0.025205681910877648
row_038117,0.24206130085052155
row_019214,0.008417710625394533
row_032868,0.024496172278933304
row_012644,0.06231758460545825
row_008028,0.008024869353573206
row_006099,0.017198119557034333
row_016956,0.0996087128965975
row_020042,0.0022889469949320023
row_032287,0.18298331362856107
row_014513,0.009698049153444924
row_035059,0.1310940841206782
row_032528,0.10247004547428767
row_029583,0.0020731223916702866
row_001443,0.1358221634235112
row_039112,0.03716025488064527
row_008859,0.015132674674555601
row_022150,0.13937283223278768
row_027229,0.005664822090947918
row_044705,0.016514743382490097
row_024849,0.2705778401916376
row_021526,0.02926255249372852
row_042560,0.021707787442399894
row_002212,0.9328761049559771
row_033492,0.027561145727884314
row_018556,0.0018146994460839752
row_036019,0.010964458605806363
row_031694,0.07395859158524144
row_047073,0.1488161017067569
row_016875,0.10787765330853695
row_033784,0.0996902294663438
row_034817,0.08384051605264004
row_005147,0.05425909534989201
row_020665,0.002463230316019715
row_024612,0.07480805861840753
row_037413,0.07924614200153247
row_026931,0.04529383618350031
row_002545,0.019914267389127608
row_044710,0.002675005720339589
row_015961,0.018821211516593956
row_008975,0.11903939304775989
row_018700,0.7520197291620643
row_005386,0.023760873231670795
row_038500,0.9010052527788532
row_018707,0.008844091332228026
row_029737,0.0008717992506891711
row_048014,0.022788719315250644
row_003070,0.8212412147648016
row_040486,0.20696775356835553
row_033146,0.1740508061718951
row_035178,0.8417445873755228
row_014927,0.6148935022019271
row_002840,0.006817372981447725
row_002243,0.3408413666548735
row_040877,0.029091332173878763
row_048508,0.24630472069447867
row_005345,0.4239152853152049
row_026473,0.9481563143960999
row_004742,0.9780559583203321
row_044460,0.008731272517477358
row_002730,0.10348432536317326
row_041855,0.04708310347351745
row_049530,0.6108634260985847
row_025606,0.31881398901166846
row_047432,0.015500149137378436
row_049765,0.27272245456837624
row_017154,0.042937395764490086
row_003481,0.9879734068038587
row_020291,0.05739680193991878
row_018797,0.006568429990688499
row_012156,0.09997042940412466
row_026237,0.09263812506004004
row_031044,0.9721468818440405
row_016512,0.055187982314159376
row_007038,0.5319135307322435
row_008904,0.076764775392512
row_031120,0.09238177857845109
row_041279,0.286618809480289
row_014235,0.015791731562517574
row_032610,0.0019104655752451188
row_041236,0.393526889855045
row_035297,0.10129558823324573
row_033842,0.7875860985748971
row_005726,0.027071147149172206
row_008680,0.09835690112560959
row_047526,0.08582516140994575
row_022154,0.15298377689129078
row_042438,0.08733799464527998
row_019864,0.014590600846746248
row_040573,0.00601889120903857
row_027310,0.10074773367937248
row_036146,0.006254979157187993
row_026243,0.9175988706150509
row_009178,0.050374557777048995
row_028762,0.07215466560754252
row_034191,0.12109071567033228
row_007610,0.021383127365391316
row_033856,0.42824124887446074
row_015034,0.6269752132517334
row_008641,0.013254673574595293
row_049145,0.003386821811316352
row_020434,0.0007204061695301337
row_027398,0.0346838026057077
row_049493,0.012623934928689982
row_038356,0.021809691121779058
row_001438,0.40998774563351753
row_033971,0.029213308501328434
row_011522,0.208636033385189
row_013836,0.009862668557552088
row_041242,0.16153596535089976
row_032521,0.35414688530812954
row_042634,0.002534472118843411
row_008994,0.12231079672634071
row_030165,0.1423937638641979
row_020599,0.0029518100756273113
row_013962,0.19570112850565874
row_022265,0.018967005174951493
row_023419,0.17605139588689597
row_019704,0.09352574340591835
row_046389,0.030037415752058115
row_012535,0.08878467239816584
row_009419,0.7256058863135975
row_031586,0.0072031709986730315
row_001540,0.8767619539587139
row_011638,0.48467184665937363
row_029024,0.005888453328632317
row_003002,0.17105532198483273
row_002667,0.003862245138909276
row_025164,0.511028960468568
row_033608,0.0020830489527842886
row_031053,0.02155699440696754
row_048165,0.07692681725318522
row_047533,0.0010726008431654992
row_000255,0.006607964432953187
row_048503,0.47401633071001203
row_013323,0.017139346507914398
row_018244,0.1804891596083765
row_027201,0.1964985321226512
row_007026,0.024408196612496137
row_012074,0.830531201726501
row_020627,0.025900769793879494
row_005947,0.014091394358317954
row_009915,0.01768109187905678
row_043686,0.9972895994933535
row_040835,0.004611817342288221
row_001716,0.026600413155291804
row_037351,0.04517138134343246
row_000390,0.005155475852858847
row_010553,0.007767531444382745
row_009557,0.07466990638360364
row_024559,0.05066005181744291
row_042604,0.258737475792841
row_036257,0.1243319443298287
row_047575,0.1725433647884311
row_040081,0.016244723353954743
row_036821,0.008260688017857782
row_014518,0.0016339607484182918
row_024347,0.004221465056700642
row_048510,0.11241480999501002
row_026485,0.02951453345122146
row_012994,0.09602261629092629
row_019897,0.23194954386900732
row_037963,0.003756375335620973
row_022270,0.7411950566121702
row_012656,0.708604205578646
row_033766,0.05018575838547927
row_039777,0.005754660750959398
row_048926,0.005445829064910311
row_001457,0.031670071312262946
row_014946,0.006331963317949779
row_035490,0.026213732749621667
row_022610,0.03603996152901688
row_040386,0.0019370197151207576
row_016281,0.02524338770249765
row_039977,0.000965222749811293
row_016717,0.0018308706383830644
row_029558,0.005152724121208313
row_030475,0.016028148378030817
row_022535,0.12004976432773924
row_017002,0.0103085476673998
row_039607,0.0037407236844679845
row_041593,0.04797517190786392
row_027695,0.012471291743785348
row_047600,0.09716697509372599
row_002931,0.058360380855416165
row_023290,0.9980170500123193
row_033903,0.020493056632522252
row_009216,0.07639458730616748
row_049384,0.042271674409513016
row_044337,0.06699863912221954
row_017785,0.001883094744959072
row_000312,0.10463975323041125
row_009331,0.09652340235436047
row_044095,0.015045503481296737
row_017906,0.02364679839619544
row_025190,0.013020257693749114
row_031436,0.027953405614918304
row_012883,0.03355747971867225
row_034328,0.001894538624595868
row_002170,0.008001236447039713
row_022455,0.003482431386730608
row_012797,0.048332268754587196
row_037861,0.04979569300046323
row_010705,0.2357770671411783
row_004885,0.1469046816018975
row_025193,0.8597311829531471
row_047829,0.11648779769287337
row_038752,0.8943730417766836
row_039690,0.3358516410292118
row_005820,0.9943205114321579
row_022023,0.08276370273117697
row_033739,0.0045954033594732165
row_012610,0.14011987053854924
row_001144,0.011624671238424207
row_004260,0.026349208775107335
row_018173,0.11412782170872449
row_025641,0.2385495385624745
row_026299,0.07292711807269865
row_032284,0.05423082604186993
row_013012,0.13196863389505228
row_023120,0.6730928726550638
row_047776,0.1154348365105888
row_003792,0.08042892516114566
row_008519,0.01067582807233694
row_007621,0.015345978028422101
row_039911,0.017746544474808376
row_016009,0.013299095800727773
row_039901,0.06449971351344393
row_002235,0.07677461157173517
row_037722,0.8031453293869816
row_024617,0.2838485705760684
row_008351,0.851150284748278
row_045255,0.41916291547516876
row_021964,0.009438319641189259
row_013077,0.03518755326301021
row_049297,0.011874141938014126
row_014076,0.0026464415636727997
row_044129,0.2114484044909242
row_011118,0.01608640631764925
row_001987,0.008886504355353632
row_038344,0.008514004977733048
row_042399,0.02859597337254242
row_032619,0.020266564683270316
row_042740,0.029609784958438093
row_048441,0.01623893270104304
row_040482,0.01582195478395914
row_011668,0.03717321282500387
row_022379,0.10191384846132828
row_018919,0.033984831837328575
row_032769,0.16773143930751797
row_006373,0.12038717752192135
row_012360,0.0021785862827940258
row_048287,0.03066190728658188
row_033116,0.026922630682018035
row_026309,0.010715038948200311
row_043914,0.5307915879349795
row_003649,0.16593696588291545
row_030512,0.0142904862456968
row_021404,0.006129625499964191
row_027840,0.0463558752990563
row_011552,0.006905443681775234
row_023367,0.8238149648141989
row_018762,0.877202922196137
row_007098,0.11833067015505686
row_020186,0.7092650646723571
row_004122,0.8042296417402496
row_043853,0.00954584934305917
row_036418,0.7851569761772081
row_003294,0.3867578598849125
row_049875,0.13919384171335847
row_016028,0.0202197005416444
row_017594,0.009272531519117829
row_017379,0.24633492160723505
row_035828,0.045360029908918756
row_005630,0.6308906628506551
row_040549,0.10907928098795054
row_045964,0.02203038679073342
row_043541,0.06941250745262227
row_046971,0.7472748375836098
row_032091,0.5451595460019457
row_015634,0.4492220353871694
row_037429,0.16086088151343172
row_024731,0.010220838611797074
row_027215,0.1339286820699463
row_025974,0.1825899544568449
row_022887,0.006209331203670607
row_031731,0.04810137865971031
row_036576,0.03199397798214486
row_002363,0.14296643854591456
row_017211,0.01296592641450928
row_012643,0.01947972979901548
row_016017,0.05465731795479775
row_048482,0.032138684520048234
row_014407,0.0645130041690813
row_020283,0.030592529014489764
row_033275,0.7380799886062966
row_027216,0.05803018456844801
row_006589,0.018889438269134133
row_000652,0.21135739612012827
row_037023,0.31225316522829927
row_038182,0.011396934666796237
row_005707,0.01925975300019598
row_019013,0.5570826616153913
row_014672,0.04052749356499941
row_000136,0.18905875965969499
row_032944,0.03150044342104051
row_030615,0.005941684524093631
row_017663,0.007190569231739302
row_020384,0.04735730240997481
row_008825,0.06983749367586994
row_021165,0.3722349499821926
row_030669,0.016270932954219972
row_033981,0.31121366259831723
row_035438,0.3296610470597832
row_009646,0.9018436550834976
row_011283,0.7399232692955233
row_017342,0.006826774238872501
row_015453,0.011425503581511696
row_039125,0.04405613361238705
row_047725,0.05344019356491358
row_001627,0.04707153716784591
row_049809,0.0471896940708299
row_036732,0.04956356006062014
row_018528,0.9924163469204956
row_023679,0.017777446390340883
row_043352,0.9609183493521076
row_049296,0.8916191386685604
row_002345,0.06797779283193349
row_012858,0.007636844310926143
row_026956,0.062029907526034975
row_014083,0.9986705735767087
row_035046,0.04652935731281828
row_044522,0.002910764417007663
row_019090,0.015819187314204643
row_047830,0.009695555478089524
row_042370,0.9547811703408311
row_049606,0.4636413781689649
row_045637,0.04288137972615321
row_002162,0.9890693992398453
row_017421,0.002192921899253567
row_026017,0.08631774284295342
row_002904,0.02474882398410235
row_025788,0.011637304532803042
row_018020,0.024210435174438105
row_018494,0.19052958837694348
row_005305,0.1277954358808353
row_047793,0.9929799545308272
row_047605,0.05103852684904669
row_012113,0.06517876728710095
row_028374,0.36393549532502995
row_046552,0.9946606261678076
row_018868,0.748742658067857
row_011843,0.4711999978345698
row_042139,0.06064688620209996
row_038318,0.2133274622743436
row_016349,0.15277328347010952
row_028485,0.04325585551122246
row_039382,0.018014685345698434
row_002100,0.001498547173620226
row_020949,0.037319211573986655
row_009937,0.9345210089578901
row_033249,0.0014224193826896392
row_019452,0.12907916817238688
row_031062,0.022342682844235344
row_020999,0.0016205570492187126
row_007483,0.0061839970739889245
row_033822,0.015077499524240317
row_032076,0.013490466805369238
row_044048,0.15014777550123357
row_019333,0.06389360887476467
row_033740,0.01253674101456739
row_039589,0.00976686194169947
row_047194,0.02134479491688273
row_031527,0.054877671617512724
row_042621,0.006062026161595466
row_023289,0.04594622285522015
row_012779,0.1870142059459298
row_042120,0.05637519442496419
row_047608,0.0563235191018363
row_001274,0.005014042292764363
row_041910,0.2712927348931055
row_031451,0.06053226805813394
row_038099,0.9294788935001728
row_016081,0.04163141007313655
row_014145,0.0023910747083741037
row_036012,0.6657051408497182
row_020410,0.008626344837759991
row_001239,0.8363817675933161
row_038673,0.04020714163288359
row_006199,0.12186975833990847
row_008216,0.052263754746478305
row_039381,0.12085403028814334
row_022124,0.06438065292538205
row_040095,0.10696137893228183
row_014228,0.8882485536850586
row_007281,0.012755831681742337
row_001832,0.07057629280992535
row_042635,0.17294585180260036
row_033342,0.0712442577200939
row_026588,0.06333235298475372
row_005410,0.0027369698662617456
row_027742,0.8073807532547376
row_009297,0.9359719387308402
row_047999,0.0025869392462343267
row_021713,0.013278118280192097
row_021736,0.022698851783361042
row_000683,0.01316837967063348
row_031155,0.29459596064272586
row_005954,0.03695421726967299
row_023912,0.7861173644997123
row_019907,0.000966317083879684
row_014064,0.05902967192867933
row_001587,0.07848138832492671
row_048134,0.18160361419045884
row_008588,0.0060382378379411
row_002575,0.20563237381762642
row_008181,0.2200179938680154
row_025078,0.014452983484319885
row_019089,0.007233192459677282
row_033401,0.043706464879709826
row_003760,0.899481701208645
row_010277,0.006261009990674326
row_023477,0.050222370302174336
row_030877,0.007328898565345363
row_016325,0.004871385327276315
row_001601,0.028031269270721
row_003969,0.014761706271153304
row_047592,0.6397740718666416
row_049466,0.0212249087549301
row_015112,0.03787991021295657
row_015204,0.06403850304557286
row_046611,0.012587610905766228
row_044908,0.24051389741577833
row_042710,0.338049088501286
row_042521,0.91508633213034
row_036283,0.0056808764731877915
row_033726,0.04620937376939592
row_017638,0.0033600455822350803
row_010292,0.18143281800081168
row_023550,0.18338601725450634
row_016626,0.9661313478817519
row_005975,0.0490922078494138
row_049639,0.02490586227378347
row_025045,0.7031366599105711
row_014025,0.0014664241412708635
row_021329,0.0022376120486474254
row_046925,0.011608036218355426
row_032164,0.035783995427239174
row_028498,0.08898287925190115
row_028979,0.07534635472031406
row_017519,0.9001855290893841
row_034608,0.01657976635419121
row_013732,0.04094113228376445
row_024374,0.8947948674502452
row_029497,0.9271933911383173
row_043269,0.006220503171343272
row_029244,0.020594200904565752
row_045351,0.01736050977706123
row_004195,0.02566216062331171
row_032421,0.19884150376837678
row_045037,0.012643260515920247
row_014075,0.014570846545268346
row_005431,0.010715930633780884
row_045234,0.08508790044650567
row_023471,0.9268203834106318
row_010511,0.007059613750032327
row_045406,0.000696756141415711
row_027719,0.019835623166985818
row_047828,0.037792027744135245
row_008611,0.01883611286517959
row_042330,0.8704830448545159
row_002215,0.0755187089353043
row_045813,0.4833511080295119
row_008540,0.0638115708323135
row_043816,0.13211295529935468
row_002063,0.020085868658479625
row_030880,0.13545385336782734
row_034258,0.961195408842077
row_009086,0.9793698991530762
row_012359,0.09532452826226237
row_018106,0.03830447396311532
row_040815,0.06391768351468624
row_045389,0.6018990583610495
row_040569,0.04721231546411904
row_001175,0.014746741510148511
row_015292,0.016068232927675598
row_023325,0.08881494032897067
row_010794,0.2684016102549946
row_032594,0.435216417873276
row_034037,0.012011193370176223
row_038867,0.013342965494167934
row_022689,0.004940577042856362
row_036539,0.02069367561697956
row_027445,0.034167172865320526
row_009113,0.05961929989544588
row_023065,0.2847552895295941
row_030557,0.028907928561705
row_018044,0.048130843206404705
row_011754,0.020565625570100773
row_017873,0.02011549954157578
row_000103,0.09123873232603742
row_030989,0.22535009399703626
row_013921,0.007350720072852583
row_046716,0.008652702815311046
row_032696,0.08149619221404998
row_002702,0.003754429937823768
row_034297,0.006260359130523385
row_030942,0.28600956274062456
row_029692,0.9477932753257141
row_046088,0.8761629463411467
row_045710,0.07107993108180065
row_029464,0.16238850135318317
row_041778,0.0023820734792149114
row_025171,0.010089735751765814
row_022851,0.047774763199933186
row_005054,0.028737115382017182
row_040899,0.004948291699147464
row_023531,0.007221180126602944
row_049425,0.04275179118869268
row_040125,0.012616932537433052
row_031658,0.11195976371876194
row_012523,0.012924011503746936
row_034381,0.7161052486645119
row_023310,0.006827375192934004
row_015664,0.23767269849816755
row_006176,0.010887998978085173
row_027559,0.049104887961374376
row_033885,0.2492208904953872
row_030194,0.043890321922576296
row_036989,0.02091467114936035
row_035530,0.02617300561997277
row_048461,0.04995761161389154
row_032286,0.008534169934313784
row_035592,0.0014035325410256606
row_020373,0.6619436836025552
row_029960,0.029897938986432504
row_004277,0.1170954780390462
row_008303,0.06287542682899173
row_024587,0.012079320746287363
row_044576,0.09129313468765547
row_044439,0.010897828397180868
row_006203,0.011398332982249891
row_048064,0.03737855450861711
row_005055,0.12021014713773884
row_005478,0.016235770807875256
row_038944,0.007636355174140182
row_005548,0.4719890076721436
row_001182,0.0380700775262562
row_005511,0.10580343566295049
row_031687,0.026117388382643523
row_028446,0.034795384541620594
row_047355,0.0010864150034142592
row_010287,0.03246618151848877
row_009015,0.915318229690653
row_001687,0.044548211859879304
row_035888,0.5150721467773232
row_019232,0.3562995378942251
row_011631,0.008170117270284735
row_000824,0.09993709516260987
row_009329,0.259501202946319
row_027271,0.06871739897710993
row_046927,0.0671625837521315
row_009966,0.0330169947612305
row_011060,0.03841405727972684
row_027630,0.9827899528948785
row_047545,0.027454076642851606
row_020745,0.03600658288576785
row_035934,0.023606386508033296
row_027051,0.080926029979343
row_041916,0.0708227821880703
row_002871,0.011230998572500178
row_017056,0.02691916159698168
row_021885,0.9871466578612828
row_009998,0.01761366417408139
row_009821,0.010431638078095582
row_021026,0.07460969901648296
row_005536,0.35284333510590904
row_000728,0.01872159323130841
row_014148,0.0041858402862939865
row_028876,0.701063481503194
row_003468,0.004103127689006614
row_004578,0.0147776471599971
row_039793,0.0675238887472816
row_048806,0.21282794147456102
row_017156,0.49669902796116594
row_014430,0.005574116526879882
row_028128,0.009766848572452438
row_032374,0.06359805206723307
row_047020,0.0029964275453775273
row_005563,0.7948001938058991
row_040028,0.017442284908710116
row_038855,0.2085317318926765
row_034928,0.3629691317705047
row_034477,0.015358703276534057
row_002719,0.4369103231498549
row_021428,0.010854198490437032
row_030944,0.008923344047240857
row_003412,0.009543137698246084
row_040466,0.06294400556373173
row_001682,0.007941254068771999
row_019919,0.15509289271735957
row_002937,0.11357072726914337
row_047035,0.37000833260128424
row_031732,0.9140524573658213
row_045977,0.17052502377950693
row_045106,0.005508982359046569
row_022228,0.002414288060989793
row_049542,0.009908452529347574
row_038421,0.8472610625646212
row_020518,0.013334555572175732
row_046632,0.6223690534067681
row_018146,0.0012242661634612804
row_023579,0.07440024978095133
row_040791,0.02877469953864089
row_037081,0.0044983174660259
row_013444,0.6184896854855526
row_012609,0.09179204005461196
row_022616,0.09750966045647276
row_030124,0.011979705487273243
row_044997,0.11611978064332645
row_005250,0.04349963137777196
row_043399,0.006240261207958289
row_005332,0.017847195238088108
row_049952,0.034676312998388456
row_030066,0.03622062442234271
row_039871,0.006776180107586259
row_038119,0.003608776039229226
row_009529,0.04644004460926028
row_047277,0.0980335271628999
row_000678,0.7701399061319774
row_011821,0.037783841856937596
row_025034,0.7377634510464788
row_032414,0.02704547044218247
row_047959,0.04337515991287354
row_025256,0.3289087641995837
row_044162,0.0026980727220498207
row_033975,0.0035363695968652162
row_003056,0.07694469492525832
row_007932,0.08125978397366958
row_007476,0.0442084686822298
row_044248,0.07055082313909138
row_015715,0.026091860491125208
row_045842,0.02168569802819976
row_040748,0.14856009815456322
row_048801,0.009170842812981198
row_026352,0.07665516293567137
row_023727,0.011195125856121833
row_023176,0.5281341871507972
row_003718,0.09437117499149364
row_028977,0.08652148380144341
row_031023,0.14463940124500974
row_029616,0.08145395671459285
row_035919,0.06351422446883252
row_006267,0.07875835668606214
row_013842,0.6793460708205774
row_005539,0.3778050747739098
row_010749,0.23006717529787432
row_004141,0.0034350014157593723
row_031094,0.0032480174580581302
row_027343,0.008086161525987337
row_037716,0.14397600889962314
row_005176,0.017550011447872334
row_034413,0.08041185731420755
row_015548,0.01862203869200333
row_003055,0.01760982645384148
row_006218,0.01451931430956101
row_018270,0.004189707345772465
row_008204,0.03227813610855435
row_012782,0.2574016676743375
row_037446,0.3846381709256727
row_015677,0.023229098805226448
row_000891,0.007201318930031302
row_013478,0.020524792161911512
row_013252,0.03126277753283808
row_000227,0.028018458863060182
row_008780,0.005614400990748411
row_042801,0.03638399285937442
row_037290,0.5505869994878227
row_001369,0.016663684086719564
row_032275,0.1707061752532424
row_025036,0.193732136952389
row_011595,0.04675674167164336
row_039064,0.19212633217196792
row_006449,0.17576887101310248
row_023410,0.04149006925347391
row_039068,0.012835121788691731
row_018284,0.00972439338707711
row_022826,0.029906114609843576
row_047617,0.04511941960711118
row_032869,0.006206281225814106
row_011325,0.30489750038094976
row_004840,0.36025974413461553
row_000594,0.010282406903776187
row_018331,0.022967298712916813
row_032061,0.029165840190496183
row_020097,0.10255702007834669
row_026102,0.3697246078744679
row_037168,0.018411505277320973
row_009938,0.0019068841602492537
row_009523,0.0345050185720694
row_034691,0.9579013743160285
row_017151,0.07036992451128171
row_006874,0.013880015214727485
row_005008,0.27553380472615685
row_005178,0.21220886382075788
row_002051,0.0424764576241506
row_001261,0.004550097802071877
row_016144,0.14708300989911463
row_008817,0.006189892480636621
row_019148,0.1967611125642636
row_028678,0.018423941018174732
row_003335,0.01986260545312043
row_006069,0.011113902162738571
row_046472,0.03529154192799537
row_043010,0.13421191894894935
row_012674,0.0009249160803395098
row_024370,0.025669779883096433
row_014388,0.026421515086850755
row_002105,0.04109518993590633
row_032558,0.0360678077946187
row_039074,0.008360501008321627
row_040862,0.07773207292636887
row_041361,0.12331642527420118
row_028735,0.005034142602743295
row_036812,0.013001437701281815
row_047760,0.11366725947818027
row_048469,0.014376271972021177
row_001607,0.16824736934540227
row_043651,0.5735038369066771
row_028969,0.9915198025785064
row_023979,0.0058852989291686576
row_039458,0.06656515748538591
row_022272,0.02159439727481173
row_019640,0.00940487579577475
row_032087,0.36198383083200086
row_020929,0.48967833927518867
row_027940,0.08317826723483003
row_014974,0.6158513302064849
row_041681,0.0021928940444713822
row_014556,0.049008311424375714
row_007193,0.26720860890719444
row_006495,0.00505504987221514
row_049464,0.02870703165350859
row_002611,0.011588275201749893
row_013791,0.05692933195108432
row_039912,0.0044250649264732204
row_042672,0.04370383730362177
row_043556,0.006230692392601717
row_027929,0.009264340236624438
row_013336,0.8238223975377117
row_023585,0.00405107647732776
row_000384,0.9313527789959904
row_042653,0.08220980114230877
row_005047,0.10044611694306867
row_035069,0.013406345694627864
row_032595,0.014661954094385055
row_033045,0.00792626838273157
row_030476,0.024292370372378143
row_007478,0.3001982057837137
row_012892,0.3321591267366193
row_036476,0.003971375416217773
row_006147,0.004136711421494197
row_045596,0.020010266627652696
row_003898,0.015441007811085738
row_031503,0.11137719020863628
row_031150,0.015349123000360976
row_019697,0.006928391897303944
row_005524,0.49336286491002984
row_012128,0.0014433058891346567
row_020748,0.00437871185671338
row_039384,0.1388752263548631
row_026906,0.004115724233252099
row_006763,0.5367729817395164
row_003125,0.003123306967875133
row_031490,0.9937879322098381
row_012558,0.01307588282990699
row_014997,0.009035696991935295
row_016768,0.06536607825747265
row_012324,0.6959469883276583
row_017657,0.024043493233835096
row_018585,0.06629109750649943
row_030945,0.0022263452043421203
row_027798,0.03644908428363268
row_022260,0.006085006008057853
row_018551,0.17778722504026678
row_001836,0.02997215440516677
row_020471,0.007051582476220603
row_022543,0.02365485966984809
row_044719,0.07175453394379738
row_027847,0.00535453699758952
row_041795,0.011142899966492533
row_037978,0.18361198518475347
row_006086,0.09190687644458319
row_016508,0.06348460388500893
row_014597,0.058182584286850185
row_030193,0.8365267971159115
row_035746,0.007665264342397959
row_007642,0.011896428941275128
row_039697,0.09289603892864509
row_042382,0.018882687513484646
row_033117,0.015186895251226507
row_014300,0.02735897886825096
row_033744,0.020799512065578916
row_040074,0.33442746300099374
row_013067,0.11320940056553208
row_011836,0.19662492875645224
row_021571,0.8707100829946751
row_010356,0.022731789778524313
row_023933,0.8358235993764956
row_032278,0.008986477212864953
row_022559,0.017684142706930903
row_027503,0.07807910742397096
row_033780,0.13007113683975605
row_002818,0.04820225219015287
row_008378,0.1378440278272702
row_046279,0.01948825988703175
row_008697,0.0024335878324833063
row_034585,0.03287773818347801
row_035296,0.02545213937781008
row_036355,0.1618993296177806
row_018577,0.020831270874564132
row_031166,0.08740505857477376
row_028445,0.047189741341733156
row_049009,0.4186357657675486
row_043700,0.00561510884887503
row_041799,0.002136609776499193
row_011207,0.027711138581944426
row_042703,0.034271858351690575
row_026384,0.7913677010682256
row_045756,0.1883939140329546
row_011796,0.00924794206411043
row_036362,0.043168026135576854
row_036773,0.014580177201775263
row_007170,0.028749568883801747
row_029221,0.006482706776951428
row_007899,0.24027925758359125
row_010090,0.036658327835666964
row_025548,0.0036141820215408104
row_045478,0.0316715435649669
row_044298,0.4123792397733038
row_042531,0.012433890970981167
row_047230,0.08207561161712434
row_014671,0.013002674201318908
row_010583,0.025156448044882252
row_035248,0.5254666299107764
row_024040,0.3370431053749628
row_011511,0.0022985714873747917
row_036235,0.003301855831536378
row_002886,0.11754193342546307
row_022824,0.06409907847773688
row_017527,0.021285045762225598
row_034744,0.12747982058346802
row_042953,0.10335497164788476
row_041257,0.001221990821550274
row_016120,0.006509539016109601
row_047993,0.11888560365932913
row_013746,0.013029261861166125
row_023334,0.026435878403174493
row_029955,0.0022811272278595355
row_048979,0.008673923457771463
row_003843,0.01958094312018576
row_023501,0.044599122945014724
row_030352,0.010407296109451533
row_011330,0.49478725658119727
row_040268,0.013591877841525036
row_025177,0.02920589232381235
row_036375,0.00821868301751299
row_037241,0.004787404827774955
row_034947,0.013779307777402364
row_032198,0.012805639798301537
row_036302,0.00576616621008196
row_029825,0.23346381818422265
row_044878,0.1249973590552903
row_033927,0.030363315300278765
row_000252,0.001331472524473383
row_049817,0.003371037506844924
row_010728,0.0132391232448956
row_045009,0.08290075245302335
row_044838,0.022105777762906367
row_030314,0.012389818161148435
row_014958,0.7167211697196324
row_046092,0.871146154150631
row_004339,0.04844014200097816
row_009943,0.006383249026345115
row_005818,0.010988172496474338
row_023043,0.9536755725519046
row_002746,0.04914347124808141
row_030339,0.28764686810648693
row_022248,0.014820745285829339
row_003433,0.00581890130042481
row_034766,0.01409431437781599
row_004966,0.29536363649152925
row_004818,0.027480299069748
row_040347,0.03082465121796531
row_036496,0.016498089517537014
row_002732,0.002524519589215833
row_004005,0.0043974025661247425
row_047762,0.0623050080219721
row_042498,0.054471206902475276
row_018545,0.07923325697018337
row_011749,0.02721865115174555
row_017907,0.03492238964579333
row_008873,0.03527036232381101
row_006322,0.6882661537104383
row_013788,0.012281824862572555
row_024314,0.028653399533020717
row_028356,0.030550100180703955
row_023563,0.0034326271969850387
row_031988,0.06952058893411504
row_041526,0.02802920682648982
row_020292,0.19463318424634607
row_027527,0.14711952067864176
row_011281,0.01024235628700295
row_044242,0.1719257693342386
row_033373,0.003764140541265534
row_014483,0.34293098076178463
row_027836,0.10210545449891414
row_032007,0.9889783901883445
row_014175,0.9512013785315144
row_032781,0.07089634801202284
row_008885,0.003948228912887903
row_042374,0.4360852403356681
row_020487,0.008437636977689959
row_013555,0.010835041848283329
row_025168,0.003137319109662484
row_026648,0.2980309105710838
row_030413,0.005210668996685351
row_012171,0.008899800546250815
row_004947,0.004914481957333045
row_045325,0.01818331323578984
row_008607,0.026753464184906733
row_035441,0.04756717708750227
row_012294,0.020762948567267986
row_040988,0.051933331059463156
row_030386,0.04866629609988744
row_031219,0.022515313619442312
row_030568,0.517685549124913
row_013761,0.06878472745569576
row_015390,0.15301412903263154
row_029150,0.009011527691144553
row_045367,0.016042253002672806
row_017130,0.0028826865102909095
row_030647,0.003013296939703628
row_021081,0.7167083323506307
row_001394,0.916565791949647
row_036569,0.4351420761006286
row_008496,0.021679530451685983
row_018212,0.11392106579858888
row_041008,0.0985450944044682
row_004659,0.016409585077021158
row_021333,0.014478575415404673
row_021556,0.043359743172350175
row_007368,0.8474871757593373
row_039090,0.005946233122716394
row_003671,0.007530656125011708
row_030918,0.2233117833449089
row_004751,0.12556826974565125
row_007432,0.06725175973860374
row_037450,0.023802577116719372
row_047718,0.005528215317356392
row_033163,0.01154921695892221
row_015687,0.002512946429489725
row_008302,0.055256060612628215
row_026751,0.10771309008457197
row_008976,0.02594521434876267
row_020702,0.05442367535997011
row_008653,0.0012269177106017841
row_042394,0.2448519171011731
row_036602,0.02556281902164269
row_031947,0.01999229245230392
row_047409,0.6854547160338442
row_007927,0.11026805624715814
row_027531,0.004702410671865796
row_023712,0.0169763439515099
row_033665,0.08909287883511216
row_032765,0.005727782998176619
row_044744,0.015149469149670913
row_028917,0.020956820105072056
row_047402,0.5320074455903405
row_044468,0.9474484659275181
row_016824,0.8144545992104141
row_048763,0.03560413993471574
row_015912,0.054315836795996865
row_007769,0.005716412504237613
row_026097,0.12854550882203383
row_011360,0.2459454010855133
row_046626,0.0007622143411421812
row_025019,0.03373305713404993
row_007760,0.4012564439416956
row_021847,0.08617163550723825
row_007845,0.10491152496733101
row_039508,0.004197164883189266
row_016448,0.02035927483556217
row_031931,0.0706607579495205
row_018618,0.008888884847144746
row_046449,0.031630541357623825
row_040248,0.16218756441555865
row_039689,0.013407611400200699
row_038469,0.4552617900273281
row_015172,0.1735903181082893
row_020652,0.017496643851208943
row_027994,0.0299627035758585
row_017415,0.21785730733858544
row_024803,0.6497932238379563
row_027032,0.005012800023461328
row_024521,0.30761577811952784
row_030341,0.9767110479129401
row_014940,0.1205756443772529
row_016926,0.009308361392128019
row_047579,0.18732958112286113
row_044693,0.16300276784222112
row_004893,0.010385078037695585
row_036129,0.03999181194623176
row_020007,0.015228618927580487
row_004950,0.039311633611722976
row_008223,0.043123712791529344
row_024032,0.023353263274158854
row_047021,0.018808870796774884
row_041320,0.04339184170046205
row_034555,0.09133897515690861
row_016868,0.034721270942772456
row_034629,0.13414098102821895
row_043793,0.0052354565482696045
row_040832,0.11863438499929643
row_023832,0.021524958320353185
row_026871,0.09333648280583226
row_018650,0.9927346005141197
row_021481,0.02869287729230357
row_031228,0.04513005083328985
row_028410,0.013198810466913156
row_021246,0.08378175082631353
row_008510,0.014690709828345899
row_006340,0.02959081277565955
row_021540,0.0028057944306195586
row_030935,0.28141708659332915
row_014616,0.20751298001796487
row_000646,0.3220760759222097
row_008098,0.08510719791226276
row_044477,0.011931672766270506
row_012191,0.149478000882035
row_043837,0.2483753178740118
row_044133,0.021251815064652874
row_045283,0.013813983820800114
row_037709,0.006104209887305214
row_033644,0.02389753345884596
row_027928,0.9738645584549849
row_024607,0.010091959982711136
row_035045,0.010666638652553044
row_045648,0.9182455989880224
row_024254,0.0027291544993660447
row_048514,0.014422455684996283
row_033325,0.033699879645039274
row_005052,0.005629987438753679
row_044462,0.032095735767017734
row_027144,0.8685452437649545
row_020521,0.11541571861986798
row_042515,0.679970871390356
row_030749,0.015304027099310096
row_041715,0.0366652163973111
row_028990,0.10179013061083277
row_033444,0.05616893674895256
row_025273,0.5957344581872241
row_034019,0.021062542786633644
row_014708,0.07242986020271015
row_029657,0.45375750619339256
row_039933,0.0033716346437629966
row_010130,0.004867076166733564
row_023321,0.004245965258437164
row_018372,0.004852776850970513
row_027620,0.056336309302451426
row_010773,0.0034023626009606206
row_027241,0.018384483887976755
row_049564,0.01898589985275059
row_007549,0.008006238743983197
row_026364,0.7136272749900857
row_021829,0.02234314174893204
row_048141,0.9574169877497652
row_046456,0.012246477487551751
row_045557,0.00487675374553916
row_006213,0.11015106402530792
row_039779,0.14993976260479297
row_028393,0.7991002905124134
row_002541,0.043932446875717984
row_040617,0.008767717906877772
row_045752,0.009268217733733907
row_005461,0.021168077171091988
row_026023,0.009461543482400272
row_017573,0.11559280415350456
row_004743,0.9848054545411224
row_032237,0.9180280804231384
row_036468,0.11472263255430196
row_025376,0.14429449281488033
row_004284,0.005532926590016483
row_044768,0.027942504061705398
row_008811,0.012691385831501733
row_019141,0.017039363857913582
row_001363,0.02828211255238407
row_039572,0.031485998953143905
row_007619,0.016202005805842246
row_013079,0.004902891156689965
row_004875,0.021579043888071463
row_040709,0.9760050187349186
row_003538,0.9975901276542306
row_019713,0.9799725415871156
row_000382,0.9348208310007521
row_015346,0.014129795439153266
row_024867,0.1616527659465347
row_045709,0.03348961499495946
row_014325,0.6177817944299686
row_045146,0.23016329370697072
row_037901,0.018630568475265
row_024911,0.4226664439371213
row_026331,0.005437413820645833
row_012341,0.07775692898779712
row_044318,0.3603708389784188
row_047641,0.5392654087920753
row_020669,0.2924799977699328
row_008578,0.008828708422061567
row_003492,0.5104800045092586
row_000770,0.00635199955007678
row_013481,0.006298969948507684
row_038807,0.009542499585498148
row_005394,0.012930355952357583
row_003602,0.0033051419918508225
row_030587,0.13765834013983638
row_002173,0.013414827742794323
row_030327,0.7540634243886348
row_040987,0.03394324981031155
row_005104,0.009881052320377386
row_002187,0.003150056957966523
row_037313,0.05152928187031449
row_026928,0.018956873202194087
row_011707,0.2166205274831991
row_039174,0.029395248270260375
row_048467,0.0029641248181321847
row_034298,0.2744596537854542
row_016828,0.4867023718382336
row_005612,0.03830521052842904
row_036737,0.018140948691495802
row_015236,0.015868223686455546
row_021637,0.018535563158653075
row_012117,0.00844806761133675
row_018979,0.25840671647819996
row_019490,0.011020968435973257
row_030721,0.6326894692651127
row_023984,0.2939850610726239
row_003174,0.4484535516877434
row_025014,0.01710444127215153
row_012165,0.0038953045291572597
row_005713,0.06345855160499866
row_042747,0.03734771131738814
row_021863,0.01993721103763941
row_004323,0.7144960342155683
row_018557,0.00822850841096256
row_047980,0.36654969216596406
row_043300,0.10881867645064447
row_046451,0.010886033567248538
row_025878,0.02766932735263844
row_026433,0.10242911651512768
row_004093,0.13738604756591588
row_003257,0.03634821815967276
row_013231,0.03980280641345603
row_025108,0.026285540402801177
row_046138,0.01587794914121414
row_031520,0.3387858816995135
row_040699,0.05492796297997163
row_048796,0.010889486462334376
row_023641,0.042211489297116545
row_036856,0.4237169369672027
row_021159,0.08642017370604822
row_009911,0.05412452875985647
row_022224,0.006057854180171114
row_035129,0.012118440987164
row_044070,0.03644887336326712
row_035457,0.01684115086894083
row_022180,0.09552591840544428
row_049333,0.9538322448628974
row_049062,0.9728327588899502
row_001514,0.042300419337509124
row_025319,0.10525884102568094
row_008605,0.004448288806591476
row_004134,0.0037430099763684317
row_019126,0.029305085823601227
row_000918,0.15172232804917696
row_041147,0.3312227600234407
row_002714,0.03000394250507158
row_040408,0.12353525131686549
row_015709,0.013428066415666432
row_001785,0.6892969922932088
row_044547,0.06674312707240129
row_047251,0.03343082875157611
row_018662,0.08005560611220386
row_010229,0.029585847130725824
row_035548,0.015835158679750355
row_026556,0.4015352471662411
row_042094,0.04585303718528365
row_028754,0.1444291204841593
row_037352,0.016646574198551742
row_032439,0.0015888123033279116
row_009868,0.018906140188419136
row_003258,0.03434349802492362
row_028902,0.03384931979640531
row_008056,0.5715482197850037
row_001700,0.8866826125087048
row_021268,0.06761977319353409
row_024913,0.08361928282706355
row_030614,0.05928218141599774
row_037010,0.005306974809407615
row_012379,0.8197818524497281
row_030507,0.0315977510662991
row_024282,0.005053006598720052
row_028866,0.015572804983314896
row_037036,0.540357395573453
row_048375,0.02771013278373352
row_005395,0.8052576240889808
row_044125,0.09256049604265455
row_011674,0.0037530691547323007
row_004217,0.01052166240126268
row_005564,0.2517116592665504
row_012115,0.21687237280610092
row_034615,0.09943625260322066
row_002161,0.04588531719385332
row_034455,0.5740367142465689
row_040073,0.547955579144547
row_032950,0.0015613305137449315
row_025755,0.4679743781441841
row_045424,0.07935833278746193
row_012527,0.1569453937153319
row_021681,0.004591571172288243
row_016692,0.06582439937549545
row_025772,0.6346254603733484
row_038218,0.014879857921190766
row_031651,0.005031063459358956
row_046522,0.18219449575856156
row_042433,0.013546712313683651
row_043727,0.010100563982993561
row_043925,0.009853128839504427
row_017419,0.08441997546446087
row_049374,0.3086612609361438
row_031322,0.8904787257675133
row_026257,0.011554312741031747
row_017839,0.4871457870569498
row_020404,0.008018843864698942
row_034787,0.42441214407587136
row_039786,0.012767090097450164
row_036428,0.03347548886584226
row_029171,0.8398498426978088
row_030635,0.0020286216728319633
row_003823,0.029228297713415483
row_009185,0.8824607012936452
row_038198,0.023429767619920546
row_037647,0.017184950825719043
row_010935,0.3808079248781357
row_020346,0.8583302618721029
row_043682,0.002837308805648272
row_019841,0.042519992655320665
row_018104,0.2601146186777889
row_038415,0.6781935586106531
row_038157,0.04188780537927222
row_043247,0.3649409623059701
row_031191,0.2525812784913752
row_044117,0.007773435897412613
row_012235,0.27882138671877577
row_010897,0.00923875704254309
row_045179,0.0033381783450788464
row_049242,0.09965806354884973
row_014874,0.014595412389356209
row_010156,0.07850096368015481
row_041554,0.027285489951793314
row_044368,0.039698239654989864
row_035730,0.012181581499219453
row_018709,0.010144547291646846
row_044575,0.023700525962156792
row_018977,0.006651104353865435
row_023536,0.24570303244556538
row_028813,0.3011144738923516
row_033309,0.1517699972821278
row_003640,0.008570746289773855
row_009693,0.04338310121399581
row_021322,0.017441547422610074
row_013734,0.012815955283257328
row_006863,0.014184876604172439
row_039725,0.052648237082645655
row_046457,0.08350295669657307
row_036728,0.01237631066224729
row_035389,0.009663706406234554
row_018278,0.9404192730851042
row_007595,0.011837709707757327
row_049756,0.015624056560889252
row_020345,0.0055223115116628755
row_014909,0.0339508224850896
row_006638,0.05889218138237737
row_031192,0.0035479027486361213
row_037013,0.2506645412165912
row_049100,0.35398864593860646
row_020298,0.9777974889816581
row_034899,0.03757514868207179
row_041383,0.0711937654954006
row_028919,0.10401285757450367
row_022511,0.6087261745321787
row_016123,0.05572628934681374
row_045901,0.007248455536856003
row_031785,0.8205153792708788
row_013715,0.06764216242209205
row_044852,0.010840627249622386
row_039034,0.9024720644651686
row_011570,0.03532740006113881
row_019964,0.41534731883687703
row_031565,0.3287047118277748
row_019015,0.00459525376096967
row_033887,0.005189099930914834
row_032597,0.08185041718710347
row_000376,0.11514097217738087
row_034112,0.011351663115996596
row_024616,0.17917691902235194
row_043388,0.002290279033024035
row_020614,0.13756895226934673
row_027260,0.014353778940362176
row_009202,0.0035333333677909484
row_005266,0.09822070946404189
row_025501,0.3955228522562788
row_038702,0.02908173393951053
row_046025,0.0052884148845004815
row_046185,0.018451822680411702
row_023883,0.006338743113176772
row_017604,0.045579620547713647
row_011541,0.01057186473051907
row_008665,0.2189422480447596
row_012231,0.03797444908265585
row_039095,0.07414832754000031
row_016634,0.0023548080446385788
row_041542,0.10991590543357535
row_013895,0.025173993189050496
row_019440,0.09420737370702663
row_000432,0.3682009059097421
row_009837,0.032357624038197
row_011477,0.0036199897816137465
row_033926,0.03218815502964592
row_039834,0.014648525019761036
row_028933,0.0222453730080932
row_014028,0.08490690325761606
row_001196,0.2136266151264782
row_003562,0.012386432083133342
row_002803,0.004531712076088054
row_039659,0.008242279913064048
row_039982,0.005073928193198275
row_009397,0.020082805180295475
row_006436,0.0015313511559473833
row_027472,0.026507985867364206
row_025398,0.7158274132398621
row_020103,0.0018311058048277866
row_016261,0.025417860985268492
row_029710,0.04036932388760178
row_047850,0.014343877116164836
row_047997,0.8256359021285994
row_026480,0.007685369771728247
row_044554,0.6602827613475993
row_033747,0.022045499404277923
row_015104,0.2810920237202496
row_006304,0.002549143433400528
row_039038,0.6290234316373846
row_033180,0.1074632134968446
row_044484,0.2839645644616951
row_047077,0.027093317033868428
row_032139,0.07310064939364518
row_026190,0.007134613618836752
row_032171,0.029581694786905297
row_044312,0.0023045916767076902
row_004563,0.11313112000850237
row_045042,0.11625391220006748
row_002434,0.12959657408982844
row_013577,0.028095923164425204
row_020732,0.004831413124158638
row_001361,0.44996392281182945
row_039923,0.008481621112547506
row_046840,0.014048381191342317
row_003964,0.4802453204050806
row_035170,0.012289368600031618
row_038400,0.49216530654255414
row_049402,0.002602115017161656
row_020172,0.9453910584123983
row_036526,0.44926923529479323
row_009477,0.03626780920176294
row_016601,0.03909193379903441
row_027278,0.0050680609769883575
row_002899,0.06682227393455298
row_012712,0.01920343882745728
row_036464,0.04512616239458275
row_029675,0.02356187235077851
row_018669,0.044350112091784105
row_033055,0.0052073041747327485
row_005684,0.07339471589256541
row_033427,0.10815007762722029
row_016531,0.07574540181748882
row_030312,0.2649894855307876
row_007173,0.0030817412474747974
row_013264,0.01762916131131246
row_013446,0.0027521734177915523
row_037795,0.07475423542536314
row_046375,0.537835602398787
row_042872,0.11731520512674198
row_032036,0.01420028899648916
row_025184,0.03316797881659539
row_035169,0.033721266444336796
row_017924,0.7676588978741324
row_009335,0.06485962906847242
row_011243,0.3411678815408945
row_028759,0.0037965727098904284
row_044631,0.008370154277237982
row_011534,0.2890881499698826
row_040607,0.05054464015939979
row_002019,0.02274998324029239
row_019068,0.024376343890885128
row_032618,0.6457412568445712
row_038063,0.06680159585555447
row_042687,0.014756094057822508
row_040382,0.015816264439410775
row_020888,0.0025160606882618157
row_036159,0.002736327814983614
row_028749,0.18347823471766048
row_048927,0.15032641853720183
row_048259,0.1535419580263939
row_038365,0.008531236670262305
row_048654,0.09912883434061098
row_026584,0.010225313928728297
row_022599,0.01263316009029564
row_038717,0.21259155016633519
row_028622,0.0010037697294688324
row_007958,0.01712075520683982
row_035816,0.08059759236424921
row_047881,0.04933572972119889
row_001276,0.07693772915410522
row_049901,0.24253070774356528
row_019222,0.0005251297731440331
row_026998,0.05114780654175202
row_001449,0.042003795200228636
row_007244,0.00773376772651831
row_030008,0.40584510680807906
row_044669,0.5194920392115777
row_005045,0.11440595080425704
row_031714,0.14941946770811954
row_022188,0.03158704564869144
row_005264,0.1297505823062086
row_001881,0.010819832663873614
row_037148,0.9965320782952906
row_013352,0.021455259316745502
row_008954,0.025867684336830545
row_018051,0.05386256187350942
row_009472,0.013713459228393008
row_032863,0.9784743452397241
row_048394,0.20754934182670698
row_034097,0.8572591812652525
row_007464,0.11343998213331548
row_019163,0.03306127095002284
row_018507,0.015197016238156624
row_049214,0.03562426711972613
row_030018,0.23481830963075898
row_024635,0.00262605350168932
row_008799,0.008189481163776045
row_035260,0.020492530078151883
row_006606,0.014412572233677961
row_001038,0.4030235044745206
row_036285,0.06379548992763759
row_011328,0.0700067182149022
row_011098,0.02136790912081929
row_002407,0.036186075756801654
row_015764,0.02506689187449241
row_032641,0.04515411712958464
row_026094,0.0456653006632486
row_042593,0.7714386097440975
row_031553,0.44789480670379556
row_001210,0.33856360954961195
row_006319,0.02634927453376034
row_043555,0.007224905163120867
row_008398,0.0031053134682345433
row_017229,0.5431942565199662
row_031460,0.14697904495397465
row_034556,0.012107613784029768
row_003311,0.007936455886662943
row_023435,0.48735096766983926
row_030872,0.0918408027069265
row_012794,0.008830664458273386
row_032300,0.10835478302343046
row_047110,0.006370859031802964
row_022078,0.002260575369480563
row_029265,0.02976375245150261
row_008919,0.006168831552164095
row_001101,0.0475935868264645
row_037702,0.7928920692964677
row_022671,0.02403111491525036
row_007254,0.14928936880616253
row_040264,0.00706259265995321
row_027835,0.012468816082147683
row_013322,0.0027170304409202964
row_028798,0.025102780329657258
row_014281,0.920230507187512
row_038649,0.5431966796370769
row_019653,0.02127126752275926
row_002787,0.02064561249138115
row_026979,0.15510258626490797
row_039601,0.7765022287227887
row_010523,0.35264706314208766
row_027291,0.013195128495454421
row_035044,0.02459527572675479
row_048784,0.00304944645494057
row_007680,0.0026656102081952186
row_000777,0.053514952009567074
row_048996,0.024968047889235536
row_016425,0.025073279315454087
row_012230,0.004361013623526917
row_027921,0.08878097725402755
row_047779,0.38494562662699106
row_048766,0.014307607195644865
row_020911,0.2674494527892305
row_007052,0.02387457913487332
row_007442,0.015275183040457538
row_005288,0.01275525422742233
row_001494,0.09949776361588236
row_015582,0.008624246761858469
row_021970,0.01975127234826876
row_042418,0.012281000317793188
row_047236,0.045579427963733155
row_020060,0.004617455436239283
row_023282,0.020489272083588812
row_014639,0.05734498071805191
row_004194,0.0054139415593204105
row_030607,0.009070703692629703
row_028133,0.0075420970470553
row_045262,0.775609846664048
row_038205,0.13926718619746295
row_014907,0.06612274420730746
row_044159,0.013582611365086188
row_003668,0.05738945299861442
row_039309,0.005179922900448347
row_034548,0.00790748521443808
row_041740,0.003274905013988131
row_015797,0.006547364134052176
row_049848,0.03288034652613288
row_041448,0.07670986280309072
row_020550,0.17655521466363844
row_007935,0.0030454394902110866
row_002497,0.006648905376672688
row_045789,0.0541139141559332
row_020241,0.020542984248615344
row_015227,0.0043062205636460495
row_033741,0.012452746852790665
row_042590,0.3869198529227663
row_033650,0.045051110020830204
row_041643,0.018374133095123417
row_017683,0.34021307900369574
row_010509,0.31463610748504395
row_045971,0.7309480359024857
row_026689,0.0013077653822828922
row_027567,0.01184131934492686
row_006645,0.006252377922903982
row_029371,0.3719231210630449
row_042814,0.0059321469759155455
row_045805,0.06822759174803458
row_020848,0.013220466370912124
row_000650,0.001676964356987354
row_027534,0.01851963090595178
row_033671,0.015152772687868674
row_040674,0.007992810341594327
row_025291,0.004545332119025225
row_026765,0.1335798943625548
row_030605,0.027904039355126413
row_003919,0.008547068623472643
row_022136,0.058949257044718234
row_021104,0.10542164032180529
row_015344,0.13406326770181734
row_005760,0.9111906307785422
row_002880,0.003885300167797183
row_014768,0.19076016885718994
row_049650,0.024966475105038032
row_016375,0.031153632653586037
row_039317,0.02098687593553323
row_011830,0.02208749229616569
row_004930,0.043403074415226464
row_017411,0.6062769798195051
row_021363,0.10024388244201402
row_045625,0.009869824498652901
row_036005,0.050093275488783076
row_031755,0.10491155810008632
row_012743,0.05852837518507407
row_035727,0.5130683078832907
row_007408,0.4712568963282156
row_019227,0.22909423892113134
row_021680,0.006950078436879982
row_026260,0.0017525247148995054
row_035357,0.04954905407125987
row_046156,0.003698344078436357
row_048890,0.008139120246090863
row_027125,0.75777062631767
row_028916,0.013051767045202625
row_037758,0.0038893219401514314
row_023336,0.8795639833871172
row_003134,0.03769624269794442
row_025876,0.3390902051461028
row_016077,0.056071252181304945
row_041811,0.11744127720799218
row_042661,0.11992608077516785
row_043454,0.007883252136682277
row_030329,0.14706822754106408
row_026738,0.03764919383325624
row_041510,0.040201877972331504
row_028197,0.10245338369844988
row_013777,0.005568320157312728
row_014969,0.00391947117955351
row_000120,0.0028859556056799037
row_006886,0.01079112442713458
row_023163,0.4075168942181778
row_034579,0.02653442230006708
row_006311,0.8574931238445765
row_046758,0.013613690609585005
row_016777,0.029901547375998754
row_025940,0.0782472050360393
row_023135,0.7496999088102634
row_003320,0.7721183316085732
row_016109,0.027687168945828212
row_026643,0.003047801945005063
row_008382,0.012688479312892414
row_024175,0.7643513792932692
row_044598,0.2880781921198866
row_028018,0.009077681323384622
row_006703,0.010334734585662197
row_011589,0.17179479315747942
row_001467,0.036897824082591096
row_035099,0.12183001712578333
row_013696,0.02509253463155226
row_010912,0.030555107038151785
row_021264,0.0012208789625388946
row_044164,0.16040965419385284
row_037754,0.007719235988790569
row_021147,0.007169698037649932
row_043942,0.002345235680997211
row_002550,0.020394943467211532
row_024808,0.010722822344459638
row_023378,0.05291724808977897
row_000962,0.015858030301977327
row_000066,0.036797907238990735
row_006767,0.08415065819862051
row_018120,0.024212507745347632
row_043045,0.031499299897797414
row_012159,0.14664369753246725
row_007604,0.1445308827132101
row_037833,0.00905831479307708
row_004911,0.008791472037583339
row_026912,0.013264338399329497
row_042898,0.00704826277979983
row_043877,0.0025693431289586623
row_035475,0.0954227014098047
row_034518,0.04073343331800837
row_042722,0.008567235311597938
row_002216,0.5669049511873675
row_038146,0.075167095303253
row_016308,0.020624214691937065
row_030573,0.04030426817703057
row_000308,0.0020987608403341585
row_006835,0.004174091488377042
row_038317,0.5189899199720627
row_018033,0.8932376983161365
row_045344,0.009675364878933527
row_031311,0.031255138831351975
row_033788,0.03662726409922255
row_039516,0.12286476960633998
row_028257,0.17447748993988849
row_005353,0.028365138963663765
row_011626,0.05891165430487344
row_045932,0.0005585503175604152
row_024520,0.82603415361982
row_033472,0.19780647099214202
row_039005,0.07654667657563452
row_039658,0.9985814090843573
row_003247,0.07975478826319371
row_030446,0.0388172830534133
row_038849,0.17376026775093506
row_036248,0.664259753538617
row_023547,0.07987968335987454
row_044465,0.18961298919517133
row_009631,0.05861253629622945
row_036549,0.002354414245039341
row_011499,0.012751093088143935
row_038890,0.005808385301268334
row_014741,0.021528543292177196
row_043836,0.18361205168872674
row_019426,0.1569149372321692
row_018345,0.005082277197876581
row_036673,0.033274843722964936
row_041364,0.46104973793441595
row_045196,0.4615710749730941
row_010531,0.1290957228755061
row_022236,0.002893368189682932
row_033244,0.363667178803196
row_014507,0.018537909993059362
row_019805,0.1705745327434652
row_008440,0.02273210459529012
row_033503,0.003167234277583169
row_029688,0.006128822532966374
row_032375,0.36265091977570596
row_039331,0.36380153299943135
row_016834,0.37596137910666655
row_010793,0.04283863109708927
row_013060,0.07761845850797412
row_009885,0.00876968057464499
row_029760,0.006977890587092399
row_035387,0.12665626625017012
row_048365,0.9933496610863516
row_044892,0.9922572343000782
row_028882,0.06030847922839433
row_037781,0.057035784881008675
row_047301,0.9774927588669066
row_014570,0.072520811394627
row_023409,0.15468555618490704
row_026737,0.014103399336976657
row_031284,0.7065566284603051
row_038637,0.09730301279806833
row_009395,0.08278013854899173
row_015475,0.01045969076811139
row_041832,0.034340937574201764
row_016011,0.9797695029320018
row_024156,0.11163464221591353
row_041350,0.28621028670383714
row_002360,0.01011955332360321
row_010117,0.005709872373510777
row_013631,0.00673442662215799
row_009060,0.09449101572207053
row_010278,0.0008311109081053528
row_009214,0.015554764343856043
row_044790,0.1012672578106499
row_033936,0.013705180672498676
row_003995,0.05659508212682321
row_036855,0.011728082020753289
row_026878,0.05043590996347998
row_022712,0.0036648613487307307
row_026069,0.05369744033002672
row_009762,0.8249867958498989
row_011778,0.5540950850085246
row_001272,0.0027550720659836802
row_011485,0.0121204610424234
row_021260,0.020799353404747027
row_002557,0.020428611356326898
row_021225,0.010878372952226475
row_001580,0.07813709814542599
row_047155,0.18373214715562242
row_018362,0.4731938762579581
row_016978,0.02752423932473911
row_031717,0.06813130583599901
row_034821,0.01782045531915714
row_039691,0.015647707944507126
row_018116,0.0018849592466295385
row_025130,0.022189427802009817
row_006320,0.015479072343359778
row_047598,0.016434593907451445
row_026710,0.0015397896578400283
row_044872,0.011480530722432204
row_010198,0.2097940226916545
row_012939,0.023217300512844926
row_017624,0.8531017782252083
row_012491,0.0741944078746127
row_048428,0.15712764909645177
row_049534,0.5741090946388336
row_009443,0.007836419719986096
row_013890,0.5999924302108857
row_020111,0.11736786231225245
row_041966,0.06437867798575292
row_039909,0.059385973419289084
row_032923,0.11661153337047606
row_049634,0.04548433440626483
row_045671,0.00033985856929059807
row_036209,0.16775837573555272
row_041702,0.010659368732178154
row_044195,0.549492683259581
row_001036,0.05080174631257342
row_007019,0.008699643995065906
row_040757,0.018078719719760637
row_033884,0.009306791458123626
row_006169,0.0069941759580661594
row_046706,0.028346488996678326
row_049879,0.012207759761134276
row_037934,0.09566260694647785
row_039340,0.029962181250559966
row_040380,0.09704130846219719
row_046450,0.06197266146790728
row_007950,0.020113206275549158
row_001120,0.27418628338852136
row_039884,0.25847022960596655
row_030025,0.023290729424118944
row_044734,0.004394042951183401
row_026724,0.38108386632662933
row_011302,0.10554654167004122
row_014775,0.2266647780266216
row_016204,0.09098310666425499
row_013847,0.014034143036680043
row_030032,0.013714850881356714
row_031852,0.02931081033882141
row_007941,0.47678169930016717
row_026131,0.05893866200902745
row_032549,0.8394537048738057
row_014684,0.3407577084840269
row_015598,0.1529175076192936
row_040514,0.027421991633268625
row_022061,0.02187949313746574
row_019321,0.05385109952884057
row_007236,0.08317332998729474
row_009093,0.9368784377388597
row_020721,0.1258475958102865
row_022909,0.003125844505208711
row_009923,0.06452247016452713
row_024578,0.004117480037092583
row_022661,0.004980590149869524
row_026422,0.0011308648462015547
row_039386,0.11681129387435067
row_046172,0.012961581864544427
row_049052,0.1844056249969673
row_042742,0.09480831940674161
row_004604,0.5833715166792055
row_012607,0.0008499584840245761
row_032151,0.006902043645037081
row_034327,0.06171102229460687
row_012622,0.0067787729759603175
row_001530,0.31873936368516115
row_015574,0.012411862917584164
row_038125,0.002800989260326865
row_043557,0.19591505262066924
row_029952,0.015249800887270657
row_048879,0.03208671291373298
row_000040,0.1034236907449837
row_011467,0.0028699611731911913
row_040592,0.0036281078803468998
row_019421,0.006385833323234826
row_047711,0.056369755501788334
row_048278,0.058690829368900924
row_039852,0.0015704432648169756
row_028213,0.015119568545495019
row_030468,0.7257081693841114
row_039596,0.056414432645769466
row_034634,0.018775306132863427
row_024785,0.05979970883959173
row_030729,0.009477455549206058
row_045641,0.028461360680054188
row_032330,0.066448297768014
row_010083,0.008773989050995993
row_006601,0.04245576066483434
row_009727,0.16540426642328193
row_038910,0.011483076095010375
row_032827,0.0020367221202761687
row_002609,0.007650580988330293
row_028115,0.03456028636292845
row_009225,0.016146084663761964
row_006800,0.12424040173996569
row_024024,0.09214155186426547
row_040070,0.011640374972665235
row_030492,0.019053778770991094
row_038633,0.04000970702868417
row_016997,0.004995148375347687
row_017981,0.012869525563902737
row_005301,0.005510205100215241
row_022570,0.008260973734647273
row_026346,0.020505400977395984
row_001529,0.022284105159703232
row_013718,0.7072696516884288
row_020908,0.009220686211736846
row_030837,0.4421694219910092
row_008244,0.09317604754155343
row_010483,0.006302702400085338
row_046650,0.07234138165719314
row_038181,0.006219247295195078
row_019751,0.9023295313839068
row_044178,0.0296971653694919
row_027852,0.013758163988516883
row_038793,0.15082616395231607
row_022636,0.08031760224014002
row_022284,0.7501169162514925
row_024141,0.7494014013895784
row_041271,0.019906385917595804
row_025913,0.011597460829237011
row_019513,0.21041837443008465
row_031966,0.16782659084785856
row_035997,0.021765719386754805
row_042911,0.010219049094461214
row_026191,0.0026155394951799028
row_000997,0.07510284100350792
row_002514,0.3710112609366275
row_047048,0.03767990202773039
row_002065,0.3743694395911663
row_048173,0.017191886361718964
row_028107,0.09710654921110902
row_046966,0.006630660339213584
row_017860,0.0032912815603650053
row_010251,0.4196275625187005
row_018050,0.01684853270396571
row_025456,0.015906417299155512
row_042762,0.3233664247228942
row_047490,0.019074738347171976
row_045959,0.6618619738161051
row_049059,0.01530204323009646
row_024253,0.004644568368907065
row_021892,0.06343796728423182
row_008255,0.004084903210931886
row_031531,0.008272188866803937
row_039207,0.10541122701065135
row_043175,0.13240093192607433
row_021839,0.17406730279905153
row_030236,0.012827493899564179
row_001649,0.01588876338513196
row_000322,0.012459067205477044
row_036632,0.6410109967365502
row_003700,0.25428820892666315
row_019274,0.020231794797910874
row_043443,0.1644556258416827
row_043943,0.0028764602781868676
row_047307,0.4948127235099697
row_027392,0.0014607222830992732
row_007895,0.4346108549519724
row_005223,0.022242656035909143
row_021975,0.0031004446955183477
row_004973,0.556385751519545
row_003216,0.017256695022275562
row_023034,0.026770462220598448
row_023783,0.016592237715702746
row_029517,0.011591329351646983
row_004066,0.07471995709089663
row_022643,0.1637309178186322
row_022791,0.004859449833121066
row_040801,0.0014296970240154042
row_033597,0.2561093635104972
row_001777,0.00882561120958867
row_000357,0.19194642344952192
row_034474,0.09289785965219978
row_017814,0.023165767398356955
row_043344,0.00931469778303683
row_001743,0.18342111228222274
row_044877,0.010422672585520128
row_009929,0.0199900878851469
row_017090,0.011640969631547773
row_035682,0.02703925190995976
row_032721,0.07462059036958338
row_005757,0.09635259083077136
row_028724,0.0459789221159766
row_026092,0.0015543137458685805
row_033030,0.01859433536530215
row_019357,0.052740053196404874
row_024504,0.006545198801486538
row_046083,0.03868724724340106
row_000144,0.2340083059710468
row_016371,0.02549150572698351
row_003687,0.003861929272996524
row_022223,0.8967851576945619
row_043303,0.004691803607574846
row_032126,0.00040195886378801036
row_011679,0.13902805300239215
row_038736,0.005160863188418613
row_037532,0.41390215990899315
row_013113,0.05347147768227349
row_044200,0.01716218122435647
row_045525,0.06660813561438388
row_037169,0.024592142592328316
row_018520,0.08166202176087738
row_012816,0.02024799218732176
row_002343,0.06341254981215984
row_047704,0.9278741861422569
row_038087,0.025801242535724057
row_024257,0.07288841862964349
row_021986,0.740856373182107
row_010839,0.015159870173288719
row_001035,0.014517603901343235
row_009153,0.007446080602388138
row_046495,0.005887911679180768
row_020163,0.10958014150525974
row_048748,0.007250789617852051
row_004643,0.2834178347282212
row_018443,0.010649462042202329
row_009560,0.010150550133616633
row_039399,0.15209501286939628
row_029084,0.011998879081550031
row_000913,0.8591805761340098
row_042851,0.004834010370515634
row_030214,0.08242850471296356
row_002287,0.6429312379936035
row_000722,0.029824169376549425
row_022856,0.026318072886418874
row_031603,0.11076886169537797
row_023920,0.04123650113948109
row_043492,0.8977590429877919
row_020777,0.4221335550531252
row_039582,0.9432661930978514
row_003239,0.007015618786019546
row_035305,0.028510089814311922
row_005753,0.9068194502606012
row_039258,0.6595432225774625
row_046392,0.002937122231324759
row_023268,0.0905684173432004
row_035946,0.07961352168000735
row_030101,0.2297674903352428
row_037354,0.013419175397497773
row_048177,0.03813586825656931
row_008009,0.8599193798097231
row_002686,0.04631631358298685
row_004448,0.023945512140132887
row_045599,0.03182046774165079
row_027194,0.022788752401646226
row_039447,0.05656976174100663
row_009374,0.007863085825239124
row_017580,0.04130976145223973
row_013525,0.9274824713491134
row_035281,0.006258675855039335
row_040389,0.013941873356954376
row_025463,0.05281261686945661
row_038046,0.2907786542420259
row_010363,0.044510570723588605
row_015380,0.016744985550566888
row_049768,0.43581337971163975
row_013711,0.0026201724572796877
row_045045,0.015626695773140062
row_043866,0.057039837716918666
row_041775,0.025720830270151374
row_030173,0.0260834996649357
row_016436,0.0024780423797041095
row_038169,0.10025555187609235
row_036480,0.0030092583081893828
row_049619,0.01190418845728446
row_013115,0.003374338415893176
row_001149,0.09530884690166612
row_005211,0.07794136338630801
row_024999,0.874955247176394
row_017886,0.5864801948560467
row_021995,0.2243511801965376
row_041209,0.9926576896367008
row_030054,0.01639881364524514
row_014784,0.36225082180876644
row_007289,0.01798228592341527
row_042110,0.12035689645954328
row_008419,0.1751618144619512
row_018756,0.08809174207981385
row_048760,0.1816231695582043
row_038888,0.15559038154042518
row_036604,0.9731317285533841
row_028830,0.9900693019301201
row_009115,0.2158525194792896
row_043317,0.002072782801887895
row_019553,0.03997419598199746
row_028821,0.00434316300084498
row_015033,0.05961301971554187
row_042318,0.0008781735053275167
row_037955,0.08235776599555747
row_031532,0.15789451907009783
row_001882,0.04943255070124109
row_041243,0.01813625901068834
row_009588,0.026405609307234464
row_032469,0.9905975378534252
row_037948,0.01493849012308435
row_043845,0.010301411041276997
row_017546,0.003231087839463372
row_048131,0.03755351176645341
row_016844,0.055320117498767016
row_039130,0.032450302694228654
row_026302,0.24702831170150102
row_033657,0.05921890832129674
row_031303,0.6742376694897894
row_046463,0.36353254168123056
row_022952,0.020523481452018356
row_013179,0.06341462503426816
row_049679,0.003906338814977735
row_044109,0.7829093521583617
row_015206,0.011450950366442392
row_008599,0.07664544939250005
row_013963,0.0036948882349044296
row_024874,0.017446411409468034
row_022968,0.1323680749432697
row_036084,0.03306289834828781
row_038912,0.05486692387814228
row_027315,0.6762844720275211
row_027997,0.0025862747794034775
row_010753,0.02693312945152075
row_028846,0.4623087095813084
row_012014,0.33052573610187075
row_038939,0.04884027732732106
row_013670,0.004021694776848704
row_021729,0.004421688006248819
row_046132,0.04766920743207608
row_041762,0.019846705249211664
row_014729,0.030709238896981142
row_002768,0.016898508321520466
row_012278,0.07287237364650354
row_041570,0.0525503554930897
row_015388,0.05062371913667283
row_048651,0.026916825806653846
row_038411,0.19930852965992696
row_032708,0.03807486424432497
row_012184,0.3763487685100173
row_035344,0.32154834415838424
row_040770,0.3815589180229387
row_036092,0.005284301055270895
row_047308,0.11057375914757829
row_021187,0.6815027601138923
row_031616,0.015396153583672828
row_046985,0.5518178599201891
row_004868,0.021903705086558915
row_023689,0.07221406556807781
row_018280,0.20084288005269368
row_010041,0.013887343541625106
row_007975,0.2039300897896236
row_004280,0.028233611942351255
row_023527,0.07710807624617456
row_005384,0.03689780393106685
row_049116,0.00821413690800768
row_036268,0.05108008919223709
row_041380,0.009037457721684976
row_036025,0.006383081748670364
row_006288,0.1030755126064951
row_003005,0.5674696647263433
row_010569,0.09306221915100467
row_007276,0.03202176649290844
row_013900,0.002916252562523342
row_034976,0.014017611832862657
row_037681,0.007454285186600174
row_020012,0.9980438472673767
row_032729,0.10722121414124697
row_022122,0.03916867655538991
row_018794,0.004044219303038264
row_007864,0.005423788837912195
row_008463,0.004106861065160157
row_026514,0.9765294262480805
row_037744,0.0036487302829185707
row_020664,0.015244533517339275
row_019161,0.012417494686136347
row_036676,0.6442892042541936
row_048239,0.0072635490189056654
row_017833,0.00912366466320683
row_049194,0.060793306186293534
row_027222,0.012275100337397725
row_036930,0.14139299721235515
row_035701,0.10020277250141557
row_019443,0.007777542251766
row_010265,0.008286762992395709
row_018466,0.01443627734447047
row_015793,0.009671973211054044
row_038388,0.46111366454664704
row_028966,0.35025760508306203
row_029551,0.002708615199790542
row_031029,0.0611042989767953
row_019244,0.013706163927151113
row_027206,0.03961888685442942
row_000086,0.3910261483681298
row_013898,0.0040934443797396025
row_040490,0.8980164820864821
row_029156,0.11316616924712856
row_012151,0.08855296627988277
row_022139,0.6780981273763461
row_040795,0.012816944214525353
row_004830,0.14012193835348838
row_001939,0.026649857284945185
row_036276,0.0841232461540924
row_001053,0.5039404897673544
row_004783,0.13194701072178366
row_012976,0.7511170798382905
row_009076,0.023354956669791406
row_032905,0.9624694728062008
row_000059,0.033225525778265944
row_041535,0.176536602441201
row_040842,0.0357896162544817
row_033886,0.024995051986851785
row_005309,0.1642253891515221
row_040320,0.03600560930549969
row_037305,0.09987513232691846
row_038604,0.04056868298375979
row_011495,0.9641960913654963
row_013621,0.95132145379283
row_004781,0.13415149325043213
row_016391,0.023321900608786073
row_049796,0.13204534677139723
row_031279,0.04191721055146999
row_013843,0.0022148014045240355
row_033704,0.019063023152006586
row_018139,0.26692344089043124
row_034447,0.03935374696981996
row_035697,0.06562677344144392
row_036618,0.010952080251162774
row_005949,0.0025888583796593806
row_023329,0.044479636064357994
row_038405,0.9108368985338913
row_034568,0.14572895975050554
row_048322,0.03298571803307144
row_001701,0.10397252486704099
row_042608,0.5832738402914258
row_007829,0.09749184558965579
row_022728,0.16139363831133907
row_049880,0.00608509305542765
row_033308,0.053163287934683195
row_029590,0.09194778635837297
row_013056,0.016014819848513703
row_004814,0.004765352445553268
row_020877,0.0014825835216838315
row_049862,0.004189925189657085
row_008273,0.006580099952693187
row_019868,0.00802794479150774
row_048519,0.018596258511279933
row_012025,0.20620609522460198
row_014812,0.975933540082208
row_031942,0.13990056784467714
row_020115,0.009215675243541145
row_015552,0.08657705295350213
row_031915,0.0489025984814454
row_015775,0.018025801304621454
row_033452,0.01137487831029149
row_018432,0.008924857196720083
row_027141,0.026415811153560884
row_035725,0.004719448367817138
row_045264,0.010062048132767943
row_033148,0.08727331117927468
row_027752,0.15091543012412786
row_008291,0.002630602341100143
row_027034,0.0021318080826665414
row_009892,0.006010604729240375
row_002459,0.23957338131805536
row_039448,0.01876299050260883
row_008033,0.17272408538237782
row_021874,0.04362479242412262
row_036521,0.025832554417805763
row_001289,0.006125365422250687
row_011227,0.9048384873328842
row_013959,0.02695198947538878
row_006173,0.006362280896556181
row_046069,0.18481965796170663
row_035825,0.0048729863393542055
row_048772,0.003206622939022984
row_031201,0.0046476458348009165
row_010810,0.8838951014476774
row_033625,0.12782774965856977
row_036002,0.020457876073558444
row_027463,0.46963547991099536
row_011359,0.47975427614826005
row_007197,0.016981970768997965
row_030699,0.026815120875632446
row_036290,0.02651038484106077
row_031969,0.01947924551481476
row_040236,0.11369160516974033
row_047198,0.7378772395448129
row_014823,0.0030093420542918947
row_016008,0.019015141363118913
row_017829,0.07296268859580732
row_026137,0.07329067025301343
row_038066,0.014726806769010732
row_027547,0.0010976439647109209
row_021269,0.014001535939158366
row_001605,0.0036731311297840347
row_027424,0.011927586180205728
row_001129,0.049143602423459914
row_021629,0.1298899516888622
row_020228,0.02568673843107698
row_004483,0.02685490233449446
row_038016,0.296743144639771
row_031124,0.09954958787343239
row_019024,0.005449197095798311
row_029400,0.01101017999633359
row_002800,0.013503926085986741
row_026539,0.03271399978284675
row_040036,0.13877673234537521
row_003713,0.039762145301078286
row_008272,0.02622028413723808
row_000031,0.020010400107303164
row_011479,0.13738937410872065
row_003742,0.21311426782652076
row_049416,0.048468618361651124
row_009666,0.9856006771916033
row_045941,0.04125212900957706
row_005591,0.17075848901257396
row_049855,0.006004098257715672
row_021704,0.42098223648076327
row_010954,0.0172549623084704
row_001240,0.08301209651341207
row_013399,0.005437326416200004
row_002735,0.11130670418428193
row_043256,0.11894772940080796
row_016106,0.9214482332223424
row_004819,0.008804797645907688
row_010973,0.7437642427680188
row_001236,0.7026537417976597
row_008007,0.004376576725892039
row_016806,0.056289612758709376
row_016472,0.9885556772872215
row_007611,0.03731422985517588
row_023249,0.026940128631848352
row_024558,0.015889762322904216
row_043920,0.003734065435552442
row_036360,0.017945869551112166
row_044498,0.015202733099821876
row_026074,0.00875855030006506
row_006386,0.0777693393893557
row_044762,0.2130073056831747
row_048787,0.07120963391120066
row_047162,0.8375842081143294
row_000353,0.20712594403503415
row_025375,0.7737342687695313
row_041609,0.03773481719457668
row_046260,0.1440917296901337
row_049718,0.011224776771360946
row_006336,0.00761189499532672
row_031530,0.04190910808669681
row_045573,0.6605634901174384
row_043646,0.5289340627459457
row_020133,0.3852633308768252
row_029234,0.3023254766433083
row_027341,0.010119058476035203
row_046734,0.0038750769945224413
row_032398,0.26851333869923283
row_048639,0.014379270003863288
row_043078,0.18341209240987122
row_037137,0.051565396490992774
row_046662,0.002323201097233072
row_017866,0.06681256701793922
row_001614,0.4094459582709464
row_005687,0.4687243449483366
row_036738,0.0728663093753427
row_035471,0.2530444254804418
row_019067,0.11211347696558027
row_011742,0.0068099240290789885
row_000605,0.9193820139492235
row_021426,0.003237222761517779
row_046947,0.8782892124369182
row_032907,0.06903460715019528
row_026915,0.009861184427191319
row_049970,0.608338323540043
row_032464,0.011511827912961547
row_024477,0.14483055433014522
row_028019,0.08213269465947305
row_016659,0.15031446636703166
row_010571,0.011530459808706777
row_028743,0.008805253561950204
row_013117,0.9889033853078121
row_006942,0.03384811826905322
row_035721,0.374775910913024
row_015883,0.18057132273136425
row_008324,0.6185986019326234
row_034880,0.4779234481088276
row_041532,0.9787534495205366
row_008269,0.3728373926021776
row_049476,0.05522459916772705
row_023891,0.2707643379725388
row_013258,0.03778377772846093
row_043745,0.03187123177961645
row_031318,0.3376529740089558
row_015751,0.006280537040010274
row_029316,0.018995672348300033
row_000936,0.009439738145265145
row_029750,0.008259251058423619
row_015716,0.01421390901024858
row_044722,0.13327753008241508
row_030463,0.00696291748412544
row_031980,0.21255813269118454
row_022245,0.8502488332776125
row_038668,0.030729519650676905
row_044823,0.9175593569454353
row_035998,0.013284561588604887
row_018425,0.023683040471756032
row_046291,0.09832849860456003
row_036574,0.003068074680109819
row_036320,0.25537860057341666
row_017110,0.46457648307558347
row_025173,0.4691723029279366
row_049407,0.12975131095837844
