id,target
row_007104,0.04222304057699139
row_006043,0.00716345172122594
row_007861,0.013158780905160797
row_047137,0.00393734261362415
row_010138,0.007026035907770264
row_023073,0.002090340005258015
row_035683,0.2632593505303711
row_022781,0.08284843520606203
row_009191,0.0032985880368345873
row_032489,0.18934698757119536
row_015546,0.013886216940969623
row_004831,0.0005257142083337771
row_049662,0.09757680111879029
row_002801,0.0018374163449621339
row_018161,0.22521960556693332
row_027564,0.009172735966688824
row_022650,0.9998075835812856
row_022115,0.04127871374000431
row_045437,0.008539370160432904
row_022832,0.0022767637953659556
row_048862,0.0031146228917678337
row_014485,0.00030086595444548834
row_036301,0.00018392200874855217
row_043639,0.03255757056384258
row_010817,0.10763249787574589
row_022126,0.0763576005084008
row_010880,0.02744673590896244
row_012312,0.9485773201591658
row_005242,0.8149595612788348
row_027006,0.0007726439271780437
row_045606,0.2794760893312781
row_008741,0.1685396642072013
row_020854,0.04650346279864257
row_030178,0.00015384274788479618
row_046981,0.0020352038639913543
row_025209,0.48439737063900945
row_024462,0.9533357856703405
row_017511,0.004432677072557392
row_041636,0.0004574311524520626
row_013812,0.8124621966273903
row_005663,0.1027908280890209
row_005356,0.0016083964434624298
row_029800,0.0007116872236551694
row_049910,0.00274373307880333
row_018548,0.0004207217653642291
row_000642,0.6977535559046941
row_030807,0.0027409458318562426
row_024854,0.5908236197399301
row_002522,0.0035156013203286474
row_002142,0.0500555332277839
row_012057,0.27353628662344565
row_040457,0.003347227464594307
row_049293,0.8759425966068265
row_023111,0.9999304215625686
row_005843,0.0017017006891738157
row_049938,0.37660643084346357
row_014835,0.46836130180225566
row_016185,0.007306669601460496
row_007562,0.47161604522683637
row_036421,0.0034907432583393084
row_026147,0.005369658044782193
row_045442,0.06285191438450477
row_004975,0.005121241572377279
row_029879,0.0263910375458813
row_006837,0.0008198922866343426
row_000327,0.00016261029118651998
row_016161,0.0013873478160197888
row_013068,0.24213807156191822
row_044235,0.002210996665624373
row_044023,0.003290881749764593
row_044257,0.5337408601053815
row_042302,0.668406023253173
row_008684,0.010239517512627132
row_030783,0.0319881447640782
row_009255,0.0007172189476886178
row_044451,0.033380405280080565
row_039440,0.12948890614801217
row_024100,0.14130543634881332
row_033299,0.016301848082162233
row_038958,0.0033334775652091577
row_029612,0.21879998858470656
row_045755,0.809220843389092
row_010657,0.004567762658793157
row_003539,0.7494710837737133
row_009953,0.872204547844539
row_000094,0.0019330105832733597
row_000672,0.6513660723625305
row_048074,0.9974205980691198
row_006680,0.9917102745155553
row_024446,0.025463208518763887
row_031985,0.0061805209593475425
row_012887,0.0011676102424662295
row_012454,9.818131054020634e-05
row_021921,0.08296673399768462
row_009619,0.02803951886183826
row_023309,0.0011716727467289377
row_031495,0.0009775824928680175
row_003688,0.8656751520364043
row_009085,0.0026372125371761437
row_020302,0.010569508815508482
row_000946,0.3278828142802187
row_045447,0.32820807548293063
row_038036,0.09164264757751872
row_014204,0.9999191444909337
row_049040,0.005041831681640975
row_019373,0.002483343949269142
row_018205,0.17358257192332444
row_003364,0.0745212434854
row_037797,0.0937081682489759
row_037037,0.997393374784227
row_027438,0.0053240322613188045
row_031650,0.9998578280389658
row_028962,0.0001236677416313327
row_035130,0.0049571639855207
row_007831,0.0648905462539908
row_027355,0.9342544814179264
row_022063,0.34472326800079744
row_031708,0.16501481338035567
row_042602,0.7423764233988389
row_038963,0.7181936018925025
row_021513,0.0036465643361414486
row_002471,0.6188507882008303
row_025835,0.015598082396550344
row_031662,0.0038189922872534253
row_048592,0.08071317661889126
row_013935,0.04493778236766719
row_002281,0.029322500988785926
row_000862,0.012896668682361547
row_033695,0.0049393162571618535
row_030694,0.021047894902903406
row_010034,0.005907981084213506
row_002009,0.007603822450335877
row_004645,0.0144202864124145
row_034313,0.17989597613425592
row_017791,0.0006625736913671177
row_040624,0.7099055462716353
row_013860,0.0034050246941687077
row_036127,0.011140586609552024
row_038664,0.3666400632826813
row_018594,0.0033272897221596895
row_008921,0.0012957906765771506
row_015833,0.06615764371705854
row_020932,0.10439336312969041
row_034995,0.00578707059932692
row_005860,0.6274490294508608
row_010064,0.2051897843022985
row_046230,0.08624852489461741
row_021398,0.0019749311410373845
row_028710,0.05661591218333471
row_011454,0.0012833744726694104
row_036435,0.06315093718279205
row_028518,0.0032037372394763284
row_030796,0.00011608396572140609
row_032541,0.1257853470061823
row_039766,0.20625753522608217
row_020421,0.013050583326140279
row_039862,0.9619342220157978
row_035359,0.0008041782058449872
row_007202,0.019370048938702294
row_034121,0.002450236492944369
row_002483,0.0007821891425992703
row_031221,0.006545071135994193
row_023730,0.0003791521020230271
row_018283,0.0032983631495605683
row_047132,0.051500310854720524
row_021594,0.24408278538501527
row_018809,0.06032889683490274
row_026910,0.002953137635313933
row_026041,0.6363190745934435
row_032340,0.005151577319931738
row_020980,0.23486396301671
row_048279,0.8687903286026211
row_002913,0.0060373468400917365
row_025818,0.9388511291698622
row_000333,0.011081362247371801
row_042882,0.8553372832954409
row_007509,0.08240915039393569
row_019691,0.07970447459411698
row_043901,0.005041495843344393
row_033900,0.0884313676712715
row_026186,0.005313923741870887
row_014454,0.0006551484076946206
row_036765,0.017979701865347267
row_005322,0.019177900781842703
row_034332,0.9951615523924542
row_013289,0.006445483454494029
row_011493,0.00033181826095675176
row_036925,0.00025756357975340624
row_022186,0.0038446167473108177
row_022961,0.4820341552305235
row_030951,0.00904542730346008
row_029339,0.016774238837706606
row_027191,0.8064197767531314
row_006484,0.9874794795447125
row_039211,0.01422393785905179
row_040580,0.003310203116652022
row_038856,0.17118124303277013
row_015352,0.0036171488988509404
row_008338,0.025245438566238336
row_005673,0.05843055913861423
row_022474,0.034140316070644924
row_032677,0.21785100049567419
row_037470,0.00309149486515295
row_018228,0.011308412404366894
row_017346,0.018142936637507566
row_014844,0.0028857837184649965
row_047809,0.0009565260616716448
row_006851,0.3504323230907457
row_034791,0.014619172037012044
row_047794,0.0327407813885952
row_001489,0.3528114272207722
row_022739,0.00411059528678634
row_016475,0.0028537636900006135
row_002137,0.004383003080945605
row_035031,0.009620233073015516
row_042932,0.0007864928238427045
row_033060,0.00616208527226677
row_041599,0.9898731362828453
row_000077,0.08749223442692727
row_048042,0.0074345273805691645
row_005393,0.07087086064705467
row_007965,0.1208375261034082
row_009803,0.0003016395940449683
row_045740,0.0063415596498848535
row_037117,0.008402666318444413
row_019829,0.2766222036933964
row_045303,0.05559542113420663
row_023525,0.5463919984735031
row_041621,0.00028999143980484545
row_011494,0.0026926275804515128
row_000858,0.7822840926636488
row_025819,0.0100224522626241
row_034889,0.012067388741922584
row_005263,0.004804003240499539
row_009489,0.01525432480420701
row_013714,0.03465529581753773
row_001709,0.015493120891917452
row_009382,0.0007226457123749987
row_037165,0.06288542321163093
row_021184,0.19615092966320252
row_036560,0.022587427777888455
row_034905,0.07229789255484315
row_030859,0.026034379098923543
row_041797,0.0007812025137145071
row_021506,0.3691938829526794
row_008113,0.005605479574307125
row_028511,0.21830210800464905
row_020515,0.021441134935357965
row_038246,0.019690920050194793
row_005027,0.0007530366459091003
row_034760,0.006475309535195761
row_029069,0.002529824665125847
row_001910,0.09933163239807588
row_026625,0.0010684885384322606
row_036095,0.0004346685264627929
row_021845,0.03582380327597815
row_046668,0.008459804672394954
row_029761,0.0007420793723247651
row_038584,0.050262656395045846
row_006579,0.1367369670575437
row_031629,0.15146172917897568
row_046809,0.03271681871213423
row_027851,0.0020761718375053406
row_027069,0.14530923145194963
row_014929,0.010970147221155324
row_002531,0.008523570305742143
row_037886,0.25509025201421437
row_006061,0.9082862486291434
row_023649,0.005174077978215235
row_006760,0.45222840982221074
row_025931,0.0014689290253239293
row_047446,0.024884910784037685
row_028176,0.0006826865615852812
row_010155,0.028200852305248155
row_048699,0.03525005625448367
row_019808,0.9998206604781932
row_035427,0.06997599128409292
row_042393,0.08615080037485529
row_042780,0.9968674056535218
row_012204,0.5908158556571689
row_000988,0.00015931812653350252
row_014632,0.019008788417319556
row_031595,0.9491331442647323
row_047286,0.07881153736702001
row_010945,0.0005276289314713592
row_043547,0.8464767861033904
row_025575,0.008397469907114026
row_037025,0.9314053268659273
row_040523,0.0026487343053171715
row_005466,0.01103145270849687
row_041746,0.0005262694768681407
row_007675,0.20996524663620345
row_037622,0.002072371244902376
row_015117,0.4486302800767565
row_017507,6.283227437451012e-05
row_033412,0.0008598782443082493
row_033997,0.11754054656674874
row_048144,0.00028859805084405265
row_007359,0.00394012558881731
row_013232,0.3865385048996993
row_004587,0.021750817077170505
row_032920,0.22798877225931385
row_015444,0.8349055387615991
row_013624,0.0034509772298433753
row_016353,0.00046981102341708716
row_013627,0.020054436854549062
row_024071,0.0028068059458597854
row_025959,0.023682218216972747
row_003423,0.07345018847212431
row_016473,0.9671427923320921
row_046377,0.06923428318631264
row_037692,0.015904981831437036
row_035108,0.017795583334582907
row_010998,0.9357390153909249
row_008695,0.9073698942345716
row_009473,0.02977026599303579
row_021650,0.02234485582414853
row_032908,0.02523898468554956
row_025402,0.7509430739072127
row_031534,0.10469027532424283
row_002781,0.020927284093949908
row_035233,0.014627224118238302
row_038710,0.019137621983853156
row_002313,0.0031593703894119045
row_013960,0.7143618543791456
row_043341,0.34082767526830304
row_012280,0.0006713275048071801
row_037592,0.004603742818285637
row_002534,0.0006137088701712
row_049860,0.042767895236391726
row_013037,0.2845234639790073
row_034537,0.0009618178412426159
row_027665,0.005777925182895871
row_040718,0.0003108978129916073
row_024664,0.0273877160006524
row_010574,0.010995835035490427
row_023215,0.008190809558670522
row_047807,0.00204945078812964
row_003716,5.6629758757822214e-05
row_000474,0.024223561169076813
row_032960,0.013605604462137492
row_037746,0.009993952547872484
row_000669,0.029018729981251653
row_039326,0.9919989239415813
row_047452,0.0008948776472464171
row_007187,0.9978689415672172
row_007612,0.0065183161973067835
row_044616,0.5743371092173057
row_009701,0.01755117588742508
row_014987,0.41286169839232734
row_022038,0.0020336193804064264
row_037908,0.06709341222074225
row_020556,0.08596802962809841
row_028480,0.00028266212600258395
row_042641,0.07449283102753765
row_043627,0.033367662200014823
row_016110,0.002975882046851045
row_027856,0.009861071383088641
row_028129,0.004944809795009732
row_031665,0.026550797029989262
row_013275,0.004626829961587843
row_015588,0.11600019953039908
row_046675,0.040755054134678906
row_027967,0.7217784994673374
row_032566,0.019291965544278207
row_015436,0.11276759465985585
row_017852,0.6184924819400942
row_022039,0.9375272074473475
row_035800,0.004846487801249616
row_005492,0.09274315245224327
row_048068,0.9411206256450968
row_008984,0.11434396285209725
row_032357,0.3840901023728156
row_043984,0.001508131832371903
row_042859,0.13970894423289532
row_017821,0.09272690937584209
row_005020,0.008795535563488395
row_016139,0.13137084141906596
row_031095,0.062377387326380054
row_043822,0.39903224426338096
row_010863,0.005319231264365625
row_048551,0.0019654516526309935
row_041957,0.5005324594586922
row_044517,0.1681463980381021
row_031172,0.0021240013710716456
row_048947,0.33572438789611125
row_044487,0.0033310024675452907
row_001153,0.0002174098153826839
row_024832,0.15397174302259675
row_013249,0.0488431323179994
row_002799,0.3136557549599595
row_049522,0.5314596679076162
row_037750,0.04132664573102446
row_010778,0.13218872905019532
row_004000,0.0009605992726799263
row_024026,0.011049484647032587
row_003469,0.41036527955788576
row_035930,0.4048374878244009
row_048079,0.0005592611108191086
row_015535,0.034450065311348775
row_000295,0.016484158875635625
row_001257,0.008165011176914035
row_022893,0.870920487454242
row_015771,0.0035144650985198577
row_017583,0.0013939216861772663
row_019471,0.6615609000528739
row_018249,0.49467368152403013
row_019836,0.02137181136596996
row_027671,0.014257757742844268
row_000475,0.0007455007714798625
row_033135,0.07183367708510063
row_003580,0.06740998477584251
row_032567,0.009831613185074271
row_029939,0.02328342938126468
row_020811,0.03140381610490265
row_035494,0.0023774618279193945
row_015568,0.679731344562738
row_033898,0.9882269311616138
row_017395,0.020744894335794396
row_016215,0.08565764565802933
row_048969,0.024876525335174787
row_011892,0.726130372658264
row_048036,0.036237204712925616
row_017525,0.03171781096827791
row_021798,0.00017384435224138866
row_002944,0.0012363938595668566
row_015651,0.19849621890066077
row_013395,0.22583570130813596
row_017697,0.1252607604911419
row_029186,0.0006833208815421065
row_018595,0.9996268803079137
row_026902,0.02679420249584834
row_004838,0.2495241803868543
row_003543,0.0013909107482384798
row_045477,0.0058854469943048805
row_021725,0.0004516474054348509
row_048133,0.5852306456554781
row_005101,0.23114147000346397
row_009584,0.00854753632652688
row_019063,0.0140595031360388
row_022488,0.0008290906681052327
row_038295,0.0007804173326063318
row_024545,0.03129576577569987
row_027753,0.0016500580457063522
row_001887,0.004131678250072103
row_008651,0.005454393451638416
row_045111,0.11814714315808922
row_046879,0.2575990306226572
row_033225,0.000597974202127974
row_045911,0.001004050702797405
row_013789,0.06062823933453189
row_010220,0.0399556329444439
row_025845,0.24761849422345664
row_030509,0.17815633623340107
row_020941,0.0011659984140211114
row_049328,0.04113128402532651
row_034984,0.5821025258528352
row_029867,0.7147252441776917
row_016846,0.031917079091969516
row_005649,0.10571383416624984
row_000721,0.05255961898015366
row_021562,0.024861646881709484
row_044212,0.11679755843423213
row_026953,0.02393422432822357
row_043284,0.006844386088225176
row_043697,0.44739510577154457
row_046797,0.0034077820263208707
row_032413,0.0006584044196616236
row_047848,0.08392909116520883
row_011079,0.010615964023976746
row_028663,0.035365271259718875
row_047053,0.006852155544568058
row_020582,0.12415368246770261
row_029342,0.010205623365415303
row_049048,0.5932984593283136
row_022957,0.0470529103025393
row_008070,0.7197912284214474
row_001127,0.015804041408586177
row_005135,0.3875159395481325
row_001841,0.5042187375181972
row_011515,0.01780423667462028
row_004327,0.002665041926851899
row_031316,0.028224022283541008
row_005129,0.24478592992048204
row_031721,0.001094994767061639
row_022143,0.028843678764569523
row_007333,0.9969162586396503
row_032291,0.11586539296724399
row_019687,0.030834396051342697
row_038551,8.202612221973173e-05
row_015438,0.001602565011669456
row_009783,0.006176148193954225
row_031822,0.030468250160244285
row_006423,0.00040473132109785417
row_009524,0.024186098386365117
row_038773,0.0008090366167397599
row_019549,6.700329886427084e-05
row_044333,0.008228458671542703
row_034859,0.00029680214108143796
row_035763,0.011433870190045442
row_029814,0.0625978657267133
row_037505,9.673454625990311e-05
row_049207,0.015348150040259415
row_002553,0.06251408655741171
row_034410,0.0005462239809126316
row_016684,0.021305274033685588
row_029544,0.13668664054695603
row_033291,0.07828658131343512
row_015040,0.0053295554215846315
row_012111,0.9747108219254572
row_017268,0.00019625168472052392
row_021987,0.010259965047311366
row_014563,0.019783251069386616
row_029286,0.3797804719400977
row_012944,0.03755274308136833
row_046907,0.8962883938544693
row_000269,0.01867518041339157
row_018685,0.005577895250404443
row_021735,0.007166489447542954
row_015054,0.008246030028976635
row_024323,0.04399846342695231
row_017465,0.348540909079992
row_014900,0.0005368624234001261
row_032068,0.0013766340937229706
row_021234,0.2959740639289947
row_004732,0.9803940896042991
row_006547,0.017849748181967696
row_027257,0.0025183478948130793
row_046836,0.010087141062448872
row_027944,0.12171263128285328
row_048711,0.04027736099166543
row_034283,0.06940115883712909
row_030899,0.058697400740672284
row_009675,0.0017199740467421353
row_034924,0.41782502239870245
row_009369,0.0004564999579868014
row_041126,0.9937744280339653
row_006028,0.07600743883188017
row_016317,0.05769754665939583
row_044944,0.00047679794271380735
row_028148,0.02040557233343602
row_007860,0.0009763593157164506
row_001863,0.02760306844383755
row_025123,0.8386310560290529
row_023242,0.31957819662035225
row_018305,0.601727569941293
row_024609,0.5487253685731892
row_048543,0.0005852820108159229
row_007182,0.04780624867199253
row_004550,0.03376870429710256
row_035782,0.201335513176305
row_041396,0.041454859628326346
row_015705,0.577576149181432
row_001604,0.06173371591015518
row_037520,0.0014166186383862724
row_025276,0.0025237046100199025
row_040697,0.0010534557369437261
row_048035,0.25810897512578046
row_026574,0.01081498819481472
row_016822,0.42961191501809615
row_013454,0.09588184801513132
row_018768,0.024636890973054368
row_049215,0.03306706486992046
row_038124,0.028633296469545703
row_021044,0.00019775482465076005
row_001378,0.14525487774831647
row_010016,3.7989934715415994e-05
row_019101,0.9937764513976418
row_047253,0.000590706444124016
row_029463,0.10941093193730911
row_035521,0.38516954299050765
row_042078,0.0021015462788722145
row_011400,0.40860007752693694
row_004262,0.00024126362711036106
row_030971,0.5798665384609468
row_001633,0.005793473215229977
row_030758,0.002280176129201325
row_045233,0.0004288540590137335
row_040313,0.04198752834743535
row_007463,0.003077295101253535
row_043056,0.2278438939465618
row_035259,0.08505042850318073
row_026591,0.4995108759509699
row_034382,0.01792549766085033
row_044928,0.28546797909762184
row_007795,0.044792254604444
row_026526,0.10861338048102563
row_037842,0.0004618366142403411
row_023839,0.008513090123190141
row_007588,0.0021344586489298843
row_003613,0.0009046792618810106
row_032694,8.871378566813079e-05
row_024397,0.059690648236290555
row_021606,0.06909328302302194
row_019234,0.1446987297488958
row_035868,0.01719709844907663
row_005640,0.6510820090434382
row_035016,0.029054878588788996
row_024378,0.0021728290371248347
row_027817,0.010692585731971436
row_022385,0.004911166964207689
row_038494,0.14056074393834556
row_020733,0.04745193607575297
row_015114,0.0029053870874902344
row_036459,0.0023347482966038714
row_001344,0.016942476565394635
row_009994,0.01753473117380075
row_023150,0.006274528150062196
row_026597,0.4833021566787773
row_011071,0.004232294123173926
row_019411,0.0035830946791711874
row_033463,0.0006141832250229233
row_015600,0.008094884882710318
row_035343,0.00178070516760041
row_023522,0.007872281400676152
row_004051,0.10055151764664429
row_012590,9.458910030988454e-05
row_025161,0.03967489889035195
row_010360,0.5845490625200682
row_048046,0.029108996529365057
row_012459,0.056379996199231674
row_018543,0.035098763409608186
row_030068,0.0012688354441732306
row_027171,0.0017412791673425308
row_028054,0.0011535190342170363
row_036177,0.00031555449684970115
row_047176,0.491672224017298
row_042875,0.026507390507175387
row_027084,0.4038316282909158
row_029472,0.7112619279795236
row_007748,0.014536360775708619
row_041626,0.09854638733559733
row_016980,0.8866153816230198
row_021636,0.0008372034286567169
row_040529,0.1938042647871198
row_020528,0.9932060962462872
row_023122,0.0042484367476328415
row_014543,0.9865214948594444
row_032658,0.07177747526202088
row_032100,0.11282803387686433
row_026265,0.34353237913868545
row_008797,0.0800144007251503
row_016972,0.00035366076041000086
row_017364,0.622703857358915
row_043535,0.0017214235153457532
row_022806,0.3336434260169333
row_019674,0.6679255798485684
row_019269,0.042695262149387854
row_047639,0.9882138725516227
row_009407,0.06036450515700369
row_030257,0.10424327281961701
row_028408,0.00011541488844475326
row_031160,0.4522491411394789
row_003607,0.00947095095688098
row_017977,0.00044777626388137106
row_004534,0.0007680564540588446
row_023444,0.004512959409723813
row_012778,2.883578012560251e-05
row_048446,0.1115693921495356
row_032700,0.00048415349346017954
row_014176,0.07967116615385333
row_031753,0.05175909221988183
row_026692,0.028117092931054764
row_045750,0.10832370005885056
row_016075,0.2765895501356539
row_045155,0.2306911144952985
row_016572,0.2177246236963702
row_029736,0.05705243644114768
row_000137,0.0023414172120105664
row_018532,0.0018912774056607173
row_000956,0.8593132234627505
row_004874,0.012614473283485347
row_018059,0.028210184765945334
row_012440,0.9984995099809464
row_028826,0.0008603524362037745
row_037488,0.009003967711360849
row_035423,0.09531793747620423
row_013291,0.020012814468395895
row_037801,0.000216615970033697
row_046853,0.029397347789616196
row_032201,0.0003436641491603762
row_043734,0.0012157378454227246
row_030070,0.12021141322139005
row_014953,0.6490213707435519
row_006520,0.725467044667353
row_021894,0.023679130744873836
row_004720,0.005118125024388468
row_022465,0.00264527523995682
row_018209,0.9351609442166924
row_017183,0.013872085237210159
row_027988,0.5841771101815452
row_022295,0.0014725539527464411
row_037925,0.00734186863529145
row_010227,0.8721342840540003
row_048641,0.0008164001005164955
row_042554,0.03315566755363779
row_025349,0.7504863887226517
row_046768,0.03153034523593308
row_039670,9.543877191153983e-05
row_007384,0.002390417491627367
row_007424,0.042484839711303256
row_021717,0.0018215277341497498
row_047331,0.000270558191811779
row_032212,0.203887403140645
row_036456,0.01498641630891201
row_011845,0.26851455522557033
row_027192,0.07154367090787297
row_046993,0.0010717011503450506
row_042829,0.010860070020939364
row_025204,0.2624324173330993
row_047985,0.00039960650549261873
row_026206,0.013621603031652928
row_033218,0.0034638804168917094
row_002942,0.007359306103237377
row_033622,0.7748410416715639
row_020662,0.15478526448486113
row_014786,0.15355770447991654
row_016133,0.006270898827618995
row_005369,0.6367002063046477
row_003980,0.0672406756052044
row_037766,0.14706413536613147
row_024124,0.004584128965764493
row_042102,0.011022738608507315
row_029016,0.03660840621589102
row_013410,0.001094357492334939
row_008936,0.5313453506946522
row_016649,0.0016200878563702964
row_012478,0.062289774857753555
row_013189,0.003172734015659745
row_036661,9.54790705091443e-05
row_015129,0.011960552765424768
row_010082,0.06802154950875242
row_047041,0.009408551074022359
row_001248,0.0009476238630674335
row_049173,0.16888703019820353
row_036810,0.9896093893987198
row_036920,0.022647112227730443
row_017902,0.0010523225483340937
row_014511,0.011372447263611427
row_038631,0.26076138127219134
row_045107,0.005115463265529238
row_003566,0.9228804913780746
row_013314,0.07763190994796344
row_018355,0.22275207396562416
row_010426,0.7894401563602134
row_011738,0.0032728306822577555
row_013268,0.057083936736094965
row_004694,0.16522360839106215
row_041278,0.01682946411830176
row_037731,0.017819381285106493
row_030362,0.2617565255558778
row_040426,0.0687927005247323
row_048034,0.04643674168603356
row_032376,0.0003021133581212627
row_021042,0.0020694974495224475
row_002445,0.24459081705529062
row_009370,0.03184270850469758
row_046314,0.0203465168421295
row_049133,0.3589160060923153
row_038152,0.11102681171877932
row_025593,0.9956493122091097
row_046409,0.003742743722561276
row_039466,0.6599564171316391
row_037679,0.0007461020844350293
row_032706,0.00038902299934093145
row_049428,0.0073871445104004676
row_028859,0.7551362104443861
row_000579,0.01017940445016098
row_030402,0.00044837854572886816
row_012802,0.10325303357607846
row_009201,0.007775358270154043
row_037773,0.008367932835372459
row_005015,0.18662941835641433
row_016074,0.6307153941556718
row_011807,0.11319866759351138
row_035425,0.6830526687833938
row_016328,0.009390566553305453
row_039215,0.11216538041091602
row_004710,0.911428226864502
row_033386,0.059197442361417704
row_012306,0.009347138926864814
row_016255,0.0006089453687112326
row_007650,0.012779863743836172
row_015313,0.0002868229300507151
row_021473,0.6028168640197533
row_018680,0.6362479189390875
row_028533,0.9801092601845904
row_019961,0.03657019329692646
row_029868,0.002212197407790625
row_046089,0.04287712976640014
row_013248,0.0018062480658943263
row_023001,0.009984304453687835
row_004495,0.0718334613145582
row_024623,0.04891122295521132
row_001515,0.026400474297395178
row_043129,0.038478538276509745
row_024414,0.03029015547675537
row_038522,0.016720045057362375
row_010620,0.25546514597320075
row_000890,0.003117461653196088
row_029263,0.7388759657395316
row_046635,0.0056743977838006245
row_034581,0.06124617894608343
row_021901,0.053901388188318994
row_016595,0.3320270070760866
row_012553,0.004398962496164252
row_009729,0.0587726072856147
row_006118,0.268273468775999
row_028316,0.014024065623285356
row_003303,0.040880313118861394
row_039152,0.13612431564096095
row_030021,0.00030524703840820096
row_049130,0.0008497019443803196
row_001373,0.866326421770877
row_019268,0.852267513545854
row_025639,0.06941630294561706
row_002234,0.5098475998157591
row_022868,0.043412924663638636
row_048684,0.0095008064598828
row_005004,0.004564086515835138
row_046440,0.08955415461904888
row_033843,0.03140357438960683
row_029149,0.9996956965047831
row_006544,0.0028845121364530794
row_010704,0.0006568573266973818
row_046410,0.0006931689967094603
row_025837,0.04828500672040944
row_029027,0.7743187326374019
row_029664,0.7693241302350438
row_027262,0.7603836663559663
row_008768,0.9701947214780695
row_032372,0.15303091222882914
row_017990,0.9983054901795885
row_010234,0.0836763922583352
row_026830,0.9949096411212561
row_046512,0.010853380356494278
row_049143,0.9903437068933203
row_023153,0.024154520342576768
row_029262,0.20873084128715175
row_037189,0.541656487200191
row_042966,0.00048926688044571
row_046453,0.1974273679674688
row_006397,0.00011835600323633007
row_021103,0.2358985604791671
row_023784,0.022387608083293816
row_015251,0.0011412018741870562
row_027188,0.002724158779000676
row_032657,0.0006005492003839849
row_036639,0.3343693875553633
row_007093,0.7058139094714948
row_013620,0.0021977562970228737
row_040234,0.11755292709741137
row_040292,0.0004792125374236786
row_016476,0.026626342107736636
row_009744,0.7016445006696441
row_042286,0.01835092429855589
row_025995,0.14760193357235843
row_038220,0.15309364238096979
row_019860,0.9792477901313115
row_044295,0.047054304572161434
row_046024,0.21005093545259165
row_048344,0.2999748299901709
row_022697,0.2642191557024576
row_036520,0.045976382823990455
row_047914,0.0023039215832238863
row_043148,0.02203135285451715
row_016124,0.0011715158372606704
row_039699,0.03665943433148122
row_025210,0.0004474953161426131
row_004373,0.26812217378939207
row_008030,0.0012915520158287242
row_026307,0.028327377301320743
row_021733,0.013853529525442967
row_040172,0.05127084028429337
row_008778,0.9968385649107084
row_002806,0.01323925055012444
row_049764,0.0021215580820778002
row_031396,0.01869528333650542
row_017849,0.08826735700612046
row_007163,9.005734303353351e-05
row_031782,0.18819228888408007
row_039471,0.001837170034101986
row_026766,0.05148387972424419
row_014133,0.0008628771787592274
row_000654,0.9762220717993971
row_037718,0.10722469025184517
row_011598,0.001445963470281642
row_031444,0.013735707548736945
row_015142,0.003676725745494075
row_022930,0.1640514457337765
row_009387,0.07739769533279603
row_039745,0.0007371731519599127
row_017495,0.27539289114541976
row_036298,0.027570071975721963
row_035777,0.00031795881519795224
row_042344,0.8747242783969521
row_029390,0.07850309955051034
row_034554,0.2691370923171476
row_031996,0.6937337201305125
row_016457,0.0035198841642835304
row_003215,0.13770467010328424
row_014971,0.006110601995578139
row_021242,0.8194178626421229
row_004286,0.01889441066506299
row_044971,0.05406909476699284
row_043892,0.001952148655746367
row_027028,0.0785602112907846
row_038389,0.0016447944604149165
row_000690,0.023538267689169237
row_027981,0.985755465218648
row_013507,0.20020093618206736
row_033377,0.001701015366056156
row_029978,0.00010022900474141644
row_000013,0.0024452971465319575
row_032515,0.0034779897554356896
row_026870,0.03154869087523142
row_027828,0.0044726914340917434
row_046625,0.07086901689943934
row_016245,0.9897522748367815
row_020676,0.003046212344855497
row_020105,0.001303316805685596
row_006992,0.8725008149639719
row_010383,0.009311568086897135
row_038731,0.009580734252906276
row_013628,0.019866420977920168
row_021100,0.007855120837137504
row_042487,0.23988660807660983
row_041700,0.027661699412282647
row_013965,0.0013244188426521355
row_045519,0.19430123693809181
row_035502,0.03270218513500278
row_048770,0.0108716015291692
row_013486,0.14991557837110187
row_042404,0.0014726838573807504
row_015498,0.970427652106989
row_018628,0.0007294147056459306
row_017359,0.09746471330519767
row_011202,0.35014775725739933
row_019480,0.999056650078777
row_048101,8.804271020289832e-05
row_027533,0.12854490106939112
row_045427,0.36718967835644456
row_023311,0.0031368477529809327
row_031374,0.001460994264165431
row_010259,0.8985493023823481
row_024465,0.001316571366082701
row_001325,0.0012064404534355827
row_008004,0.0022573572268889635
row_025564,0.48299281480366474
row_044035,0.12467166371575489
row_044482,0.08549999365432961
row_010961,0.46021211781456106
row_005151,0.04646745452309589
row_002572,0.0002302488492257925
row_010453,0.1087509325104708
row_015042,0.12155794229797132
row_021140,0.013208908337638502
row_017696,0.988570585275006
row_024922,0.8728886372994193
row_034133,0.1741282271231293
row_042946,0.043675475131750685
row_017930,0.03863898056799766
row_008745,0.9993163244905945
row_030832,0.05077227264346404
row_025318,0.006066005408547239
row_001613,0.014856742954889092
row_041771,0.06750535616122022
row_037748,0.00061627526491688
row_025477,0.00021353081169128013
row_029496,0.005396975518236509
row_010743,0.0006487311070010361
row_005421,0.04283117781988664
row_018846,0.05750916291140824
row_030206,0.28900851486244417
row_036178,0.0031860671572415664
row_043462,0.0005543084070369407
row_025618,0.005365773648482641
row_023313,0.36265143253465304
row_018584,0.022570968303664556
row_032077,0.008479715470642775
row_012407,0.27068956042707115
row_038593,0.13143943052376028
row_046554,0.0016942186282759846
row_010686,0.023628402988581158
row_037057,0.09779459082343314
row_033642,0.05421283702415766
row_046109,0.11589652828302398
row_022413,0.00461299867768798
row_048726,0.0012488409067979277
row_044968,0.986892541293704
row_033637,0.5466409036295109
row_045940,0.007477643813627263
row_035940,0.012339097468259213
row_033101,0.0013942232049174352
row_026083,0.14910250020452845
row_019080,0.199266725976651
row_018819,0.0004661364865837165
row_036615,0.012140719155375006
row_007208,0.5175224345893574
row_048855,0.525664738520744
row_029678,0.0019509951958960876
row_048492,0.8048863377578934
row_019700,0.0512732931022714
row_000503,0.0049493196131012215
row_042925,0.02101138206491462
row_047815,0.019115803954308924
row_035803,0.3515694507769711
row_047744,0.06986788251076761
row_045844,0.005830569930563533
row_005091,0.11241599812239131
row_037604,0.23609417895950113
row_049450,0.9740184196615983
row_045531,0.8308157936080103
row_048680,0.002158136088205372
row_014965,0.471846774202571
row_035986,0.016521520102483186
row_020525,0.0011027975941536765
row_027079,0.8701829094725483
row_037178,0.8195693899312957
row_005937,0.08831151171896569
row_036266,0.0030403758126228923
row_012076,0.0007256805549002395
row_035597,0.0013971700928726832
row_008305,6.345055954406649e-05
row_018082,0.0010670335444275118
row_006523,0.00027187070617065663
row_030095,0.38459043315202635
row_019564,0.057896296533125446
row_037480,0.8528488793779195
row_027826,0.06144490883367444
row_041465,0.22430204576377266
row_038017,0.38983272871202573
row_016785,0.0025389517983514746
row_035892,0.006671085775187977
row_030970,0.08277469455794048
row_018423,0.049740978138518036
row_046658,0.04866926042978919
row_033564,0.9639499082826993
row_045088,0.7529778085210153
row_001112,0.3181544986574947
row_033899,0.003424426361966954
row_014854,0.02023482340694444
row_033089,0.002975114531113437
row_026502,0.28614966592623137
row_045612,0.16849966321876253
row_010400,0.00871623399192063
row_030871,0.17350699643522055
row_025206,0.0315109448139274
row_020678,0.02276426939454494
row_025471,0.03475333025188347
row_037059,0.007732174249188174
row_002200,0.019771417796421407
row_019505,0.011454494580659733
row_013616,0.14825353405164388
row_000371,0.7578961784293043
row_046220,0.007951376748763447
row_015293,0.0014649834268287442
row_028473,0.6640357515888771
row_023653,0.00259369128497387
row_024010,0.0022034777780489978
row_020788,0.013212590925717463
row_014780,0.02034179835648454
row_031027,0.5953776737713936
row_032949,0.5685002173137458
row_038804,0.015062777665737473
row_002744,0.002866366970984698
row_000388,0.8642682921385381
row_036154,0.8728838662396425
row_012455,0.0004383531587630284
row_003459,0.27410558005413965
row_035207,0.0006290285847095573
row_019088,0.5428820343652604
row_001888,0.7681475154674541
row_025342,0.00037593680639102107
row_006237,3.105889223381985e-05
row_005081,0.8221552081637991
row_027874,0.005712723643617305
row_040096,0.0008453945650370681
row_039897,0.01244950009811525
row_039015,0.8673118743294546
row_014197,0.022267010674144775
row_030002,0.008127009010961408
row_027886,0.030912728352832337
row_035276,0.28908363377781865
row_016019,0.009664677866280773
row_011563,0.00015208905268212814
row_021006,0.17707295017616742
row_026001,0.008040464758029357
row_024400,0.004266653584275421
row_008758,0.004473612323115706
row_020974,0.00019995186805135527
row_009048,0.001644649652520848
row_025891,0.03923690131382929
row_045589,0.014135856280523452
row_012480,0.0021031256763744707
row_035843,0.05538855558475082
row_015937,0.0011111455775118535
row_026308,0.004152721439254569
row_043110,0.008206642896520799
row_048786,0.0017609202396792697
row_009649,0.00593272533399325
row_027497,0.002123957027354682
row_009777,0.019779504813616386
row_000193,0.0011441189431621998
row_041648,0.5934858547742701
row_027818,0.0038501370162072205
row_007573,0.000626533027813901
row_025783,0.1570217025102832
row_009912,0.0010793990976003835
row_040921,0.012807026294094907
row_018151,0.2192365043857111
row_040090,0.017034432050885517
row_024995,0.33609785982130147
row_000822,0.01755886781681771
row_001388,0.0003381836369369329
row_023180,0.004818495287179496
row_003243,0.5166762957588047
row_031226,0.0013632406549481594
row_047418,0.015101574890543468
row_016909,0.0011538281649961343
row_049350,0.06462836699817526
row_030912,0.03181107063386314
row_001858,0.3868667509486146
row_031975,0.0007029561104826834
row_025261,0.00016047451204526206
row_008029,0.0019621996899767814
row_017989,0.002001483286567289
row_026578,0.003709060588941898
row_014044,0.005112842957378695
row_028608,0.0022452939675529906
row_035660,0.07694041142822523
row_033406,0.0021053299401184297
row_044909,0.0005306867219382675
row_043061,0.41107688693574923
row_015052,0.01541284401733525
row_035690,0.0005134547648948976
row_011381,0.026173923686067142
row_011971,0.05842084984829726
row_004078,0.08528934989490991
row_042045,0.002668215118323803
row_021978,0.004003740785469095
row_039612,0.7765950866356301
row_015123,7.220430803940158e-05
row_039260,0.00046755169694291887
row_007313,0.00028713073694500255
row_033153,0.25059412153707084
row_027875,0.037593949762177684
row_030522,0.0022861995674896465
row_028767,0.0005133635037368348
row_014561,0.027407486750804316
row_044480,0.4709474559874489
row_040848,0.11541779670454415
row_013040,0.5685898697386613
row_001044,0.9981172222744803
row_003018,0.03593103245051088
row_000201,0.01015383195163426
row_026010,0.00280866896237998
row_015564,0.0005997218853410728
row_014935,0.00043134831611738115
row_042237,0.002460547794093019
row_014816,0.0772528645731567
row_034457,0.0008016178283018643
row_008511,0.0001005848831740065
row_006928,0.011095506788181213
row_011110,0.023119083630265543
row_037853,0.0627977745338875
row_013559,0.411770198891783
row_027333,0.001080750596679214
row_011123,0.0366683313587077
row_040979,0.90022060650423
row_039373,0.004730833990269492
row_049680,0.05822894251348515
row_046059,0.092381643690837
row_006607,0.013642768552327496
row_012112,0.02153380203555618
row_008488,0.1178245414665608
row_032134,0.060949489332330534
row_017787,0.4358406295531392
row_041156,0.3773313640651481
row_023674,0.025016346361173673
row_033008,0.0003163974597233199
row_032573,0.9987505430157726
row_029291,0.45218518589636625
row_043367,0.0089540276374103
row_037196,0.03820997129657639
row_009020,0.0067890427825154165
row_010351,0.23286445341739173
row_005078,0.0020731346165733452
row_008562,0.1900425685598778
row_040353,0.004206604056615678
row_045164,0.031028954837897964
row_015053,0.0004886317734708699
row_000733,0.5397836445844353
row_013943,0.03488264634105033
row_009240,0.03839685529767824
row_020767,0.5983409464826834
row_037896,0.0022371438742717184
row_018671,0.0015509286207105618
row_021461,0.0008011283264798161
row_048270,0.20140352675698447
row_022742,0.005090740689281637
row_028359,0.9865708925677878
row_049110,0.0030742375967202453
row_046831,0.003181147412335044
row_010904,0.00017259251355102736
row_030157,0.5957782588757574
row_001676,0.018705696302310868
row_049986,0.013032587891570399
row_026180,0.048217891466071534
row_016796,0.6197254158526444
row_006249,0.0030403183623031074
row_030436,0.21184619027244378
row_013259,0.017539088016680183
row_047770,0.0019598686775964902
row_031846,0.02535282565498495
row_045195,0.0707338351200859
row_030164,0.005014379743800032
row_023968,0.010629203184489951
row_035231,0.00999920664649162
row_019064,0.08009963073773396
row_017770,0.8623597255689442
row_024330,0.04268634104144427
row_039608,0.011142005019258187
row_017610,0.8757250303259361
row_048128,0.016802475071246898
row_016456,0.000640444319260735
row_049456,0.8264311274124486
row_017669,0.014272375122517904
row_040301,0.0030400432911187303
row_043487,0.0025621914185635845
row_009928,0.0014587162307998541
row_015007,0.1681769033898436
row_042040,0.0035152977549874663
row_018534,0.17306163816417353
row_049971,0.45825069307993344
row_028124,0.8947191402432317
row_018206,0.0005635039207924578
row_015113,0.0012356785360633491
row_001899,0.9641901078849895
row_047434,0.337673613255542
row_018538,0.016062977886650478
row_043851,0.043795409177784426
row_045724,0.19442746506669611
row_019601,0.5922758566661988
row_039173,0.9964541963416411
row_037951,0.9582887453640764
row_040636,0.05936063538446064
row_001673,0.0009117786096938511
row_004869,0.0004618217679177808
row_045850,0.6150096096037454
row_021810,0.07278404393457424
row_042709,0.6501269386925095
row_001545,0.012121775528741737
row_048562,0.007170834800094571
row_013680,0.5519620248358406
row_048585,0.023257514986531096
row_002477,0.0071067153959615565
row_024513,0.041163768477718084
row_026542,0.3379010909318346
row_023703,0.026666028801535683
row_009241,0.027777090286981318
row_019416,0.11365487422085246
row_034371,0.020226361645042587
row_029210,0.020508254664251848
row_014345,0.500186056928204
row_020926,0.005249211886680841
row_007957,0.0001800786284172657
row_012327,0.2385340624238096
row_002276,0.02057885736867255
row_014314,0.27907575082736547
row_018442,0.0005672370894915757
row_041539,0.22629279327419718
row_020856,0.011751321265560586
row_048360,0.0009368198680857328
row_025768,0.024977970360570464
row_027632,0.04312536488374885
row_028648,0.0010255087488820424
row_010279,0.013630419528398854
row_048269,0.7389231656985213
row_016900,0.0021395162344675245
row_017306,0.2764817055412784
row_027655,0.539119212260973
row_005944,0.009764634850419632
row_003797,0.23765665611521464
row_043633,0.10706417296470636
row_038481,0.3503802386803464
row_047127,0.03830989002483169
row_036697,0.1175924695359421
row_011965,0.14312478715835963
row_034216,0.0005964110822189131
row_049895,0.026876340288277893
row_028635,0.019235537539573445
row_048918,0.8858623768286533
row_022827,0.9731963275611363
row_048658,0.07046941921272153
row_004214,0.9059950451280404
row_039288,0.32430580940976284
row_039621,0.04673840115898453
row_011709,0.0004904925791228063
row_022080,0.00028630699807724645
row_047604,0.19316234696052853
row_009189,0.2562534084090273
row_022672,0.030880914950100393
row_025787,0.011578854061416436
row_023095,0.3223797318056808
row_019060,0.011838447740921122
row_043360,0.9642626025914838
row_043907,0.0002504245665409403
row_029392,0.41156031840171203
row_018785,0.0002925069788005848
row_022263,0.7314663912492393
row_013171,0.19101441645611622
row_025148,0.01757461703872418
row_048263,0.192980373341081
row_004899,0.9977323482807929
row_045165,0.0005122663339079481
row_032259,0.008233525805489588
row_025346,0.24934234542914424
row_035292,0.025170130892675405
row_022625,0.0015715923411263827
row_005067,0.040484342312307915
row_034728,0.006794910847002808
row_035781,0.010431840444693783
row_021164,0.02919244137914288
row_042738,0.0038325385558753006
row_004388,0.6550158735415632
row_049922,0.239499530005872
row_032306,0.009123407110660743
row_035977,0.0038496165446115357
row_015688,0.003430820366698768
row_038097,0.11041652347325748
row_041711,0.9989133997591075
row_043366,0.034956024274254476
row_034561,0.8790324851434824
row_003589,0.0803431144880768
row_027446,0.8350300016706242
row_007723,0.014235389099610557
row_042092,0.2173654846641191
row_009270,0.006610369263129488
row_034774,0.0795877038918795
row_034018,0.003947182985328653
row_022467,0.4470818593861414
row_019654,0.12816870610284176
row_048798,0.007594253921712493
row_036768,0.1236125239410246
row_018633,0.018120491798435102
row_012771,0.6120817512648764
row_024245,0.7399770186364005
row_005656,0.057086334029986315
row_008847,0.00959210937707617
row_026396,0.16858734200516118
row_035753,0.12124797671138396
row_004200,0.03230535950961115
row_034577,0.06475631582281921
row_024642,0.015356693707433651
row_039293,0.19011097990235504
row_035020,0.0021899673965266476
row_021896,0.0063853218779347356
row_036194,0.039234286427109855
row_014210,0.009193022522404143
row_019623,0.36176144182582337
row_042715,0.03256845833870069
row_012081,0.00046046040082213535
row_017096,0.013789877405807451
row_048408,0.9734847450148749
row_025315,0.0008261208573166116
row_002499,0.016234990383277748
row_025567,0.9062653258950734
row_043313,0.3313384950745714
row_009765,0.54947365630434
row_010232,0.0029638877711719268
row_027793,0.035188220718095464
row_025096,0.0038598075535250576
row_042614,0.5321881649311299
row_042569,0.0419921693923405
row_029993,0.0017776963862453578
row_002643,0.04775893365138531
row_003438,0.9354244765835208
row_006025,0.0009349607183329826
row_016550,0.0030496070689828587
row_007167,0.05896391111385885
row_009721,0.008338052181699881
row_024021,0.006875576119734408
row_043599,0.18037988178962844
row_034587,0.8893008918914971
row_014899,0.0604263380984781
row_042322,0.29659344515451913
row_045454,0.03978267622291546
row_013006,0.7165292892616087
row_048176,0.002354190934300517
row_000467,0.00024686907500461405
row_004342,0.08834059296185547
row_048700,0.09637692131622336
row_048628,0.9134747096742197
row_013048,0.03638164837943833
row_018388,0.003301516976862945
row_038536,0.3165766672984113
row_024816,0.0008177054871362979
row_023030,0.206711983635529
row_043425,0.6072616993737447
row_024723,0.002761862093568472
row_015739,0.02126394147273821
row_028740,0.01178970821557852
row_019660,0.04045989884484508
row_029231,0.04876838495590467
row_047966,0.1457045705755405
row_047312,0.0034715625761613756
row_036300,0.014470609314704877
row_002710,0.009747681373613998
row_012243,0.0010143326688997777
row_023962,0.012505567288004078
row_008753,0.0809171364253268
row_036234,0.18819981051653975
row_046826,0.2885621423242759
row_031489,0.046096373678519216
row_035925,0.028157807469001414
row_027458,0.22488840532360363
row_015343,0.012718682827256717
row_003586,0.33951732324428086
row_022173,0.0005555955676507086
row_019371,0.01425041798521127
row_002186,0.20616791906904558
row_020931,0.3356073733298892
row_033870,0.08759019109562105
row_014674,0.27864631542733237
row_030019,0.9078713485773942
row_020359,0.8938569625001997
row_046147,0.112745008059328
row_036284,0.0011435363695344542
row_038313,0.9538075101459382
row_010370,0.00022862155637957135
row_005941,0.025355178636338557
row_001762,0.9915697660136169
row_009298,0.04588095637033901
row_039249,0.012699787519922344
row_003298,0.0003996945490479136
row_044153,0.007725520909383369
row_037336,0.48821372476148683
row_031882,0.9751345714692965
row_004222,0.17536050320254143
row_015203,0.7866219800576666
row_004229,0.0011730730567351935
row_031518,0.09885832388922469
row_016701,0.1406995741768925
row_036469,0.020406886798638224
row_023805,0.000118640155144729
row_041940,0.1107677766707628
row_045627,0.19031702085944768
row_027702,0.012394345765370745
row_031340,0.2609357830378569
row_031828,0.02386063835543969
row_044466,0.0003120778233006078
row_044905,0.004508975919367687
row_028382,0.0007379696493315332
row_030623,0.008890378512493063
row_021190,0.0019762152527186836
row_007053,0.006645479127059614
row_017574,0.9969350044254613
row_013425,0.04246861911898453
row_007459,0.09978489369433902
row_047756,0.008928236142569573
row_031257,0.002876866800330839
row_008358,0.16995500035583402
row_025300,0.02222944017448462
row_013582,0.027620978362717697
row_047146,0.0011325084774701274
row_039223,0.0463474916685587
row_013339,0.604421544524224
row_034269,0.006802489061282557
row_022490,5.68421057152706e-05
row_025387,0.05465314525703777
row_034259,0.5361922865177782
row_025163,0.006644666385280731
row_016592,0.009741560671849817
row_013471,0.05576322833455516
row_024687,0.018653233819408754
row_014938,0.25218316608123387
row_042461,0.030043404542821478
row_047958,0.0101884803849953
row_006852,0.7673941046078436
row_031417,0.7707677124566834
row_018711,0.9952296317870384
row_029714,0.6908430983034674
row_048063,0.9977073793843727
row_044384,0.03850645904499002
row_004564,0.0008351612472874738
row_011003,0.0014228042849654327
row_006276,0.004686946840179159
row_014350,0.0016566844310872356
row_018914,0.0008625768767761555
row_008715,0.10002393027548104
row_034557,0.0008420231854459173
row_011790,0.005660432290672122
row_026896,0.0009756022401972689
row_046267,0.007987479790797888
row_030537,0.4434490284552496
row_013795,0.005009064225969721
row_008942,0.0026151792795796667
row_044587,0.008422398968041617
row_036935,0.00230087600313971
row_029416,0.6694977621834763
row_002218,0.9826941330077625
row_005714,0.02539932273715978
row_038508,0.018709029318810307
row_048536,0.00018181144552161473
row_038976,0.023298336002825788
row_007879,0.8148760208536612
row_029765,0.9709469772212829
row_028271,0.03161292748655641
row_000992,0.3354294063040109
row_020027,0.1327425232519472
row_014601,0.012776371840565626
row_036890,0.05108155485131116
row_006995,0.29515598453367553
row_022462,0.0026984347503862106
row_015191,0.9968022791263838
row_043725,0.020908780541007473
row_047825,0.18219188130974945
row_009320,0.0006953167135712703
row_030585,0.0009163179963548189
row_031872,0.0007969957748377493
row_044501,0.016055348359355646
row_031540,0.0024091091799238566
row_031878,0.018353693517208083
row_038659,0.005396267864562953
row_017097,0.004419031392964904
row_044009,0.42009587895556066
row_006325,0.0021713118476622455
row_011890,0.9437783848791129
row_006284,0.05590603811659779
row_007911,0.35767117883983957
row_035779,0.4636530987598726
row_001726,0.024579542332892206
row_044819,0.500448829485104
row_047738,0.010660122959552688
row_024765,0.15285033244189228
row_036493,0.1090398376281764
row_038569,0.03642337886214507
row_036499,0.9822604259199044
row_016755,0.0002467052664263569
row_015365,0.6210405394197454
row_018083,0.11194816533640929
row_004591,0.0017420950343208705
row_009961,0.5890567691433117
row_032408,0.9999710311984253
row_014628,0.044078581337697084
row_012755,0.006166814134661408
row_012983,0.00039802352414157894
row_008359,0.006054856624136018
row_000714,0.03774627505821741
row_031365,0.3215808800383268
row_038171,0.0003792748884620068
row_046330,0.29101052682999357
row_012842,0.062425931060485856
row_007348,0.2737652813377943
row_036984,0.0012102706789519533
row_044365,0.540918863606715
row_006029,0.005064214834835532
row_037852,0.07008549433784826
row_013328,0.9321934678772756
row_045172,0.0029498542390490757
row_000443,0.4735550313185488
row_047456,0.06980988528331958
row_032530,0.009354621252715141
row_032225,0.012344792456822002
row_006936,0.008507925318774215
row_007135,0.0006164408367953431
row_007914,0.00904016309183424
row_020936,0.6690726026501654
row_049863,0.0031736324777682434
row_048922,0.9884876110378928
row_045022,0.038338773996179965
row_001021,0.0003030403615909739
row_006027,0.07455095088393082
row_024511,0.0017363104892306877
row_016386,0.011527383949643363
row_004614,0.03393869844876977
row_044695,0.020100485700212015
row_007572,0.03049574382428888
row_003707,0.014445303253961284
row_004642,0.1603482263598337
row_048840,0.8366389644120165
row_010126,0.02439825829479851
row_040174,0.138143372478307
row_030735,0.9009900745331691
row_029237,0.005576555931645874
row_029806,0.009888636001674117
row_027537,0.00010789600631147218
row_043595,0.1077568608500325
row_038454,0.009979173594179637
row_003362,0.004448858693128707
row_047471,0.3055162474735974
row_038300,0.005426255302192614
row_016031,0.03490395306344514
row_017838,0.13787281354592248
row_018748,0.02805909005666924
row_007070,0.13001797254272413
row_007775,0.0006869402051880903
row_045819,0.0066705751780459285
row_030956,0.9998412955117355
row_002453,0.8625919614789437
row_016101,0.0003499505171276826
row_003234,0.005566088483277129
row_023004,0.8900224122366127
row_006487,0.009655942038758155
row_039206,0.04095274289770077
row_047774,0.9491409709498042
row_049925,0.19795261612380688
row_015703,0.013124064954125431
row_014843,0.03348573652570814
row_010890,0.0003813872690111655
row_024717,0.11515327373864977
row_002725,0.03427137287425861
row_003475,0.3805208719083566
row_010380,0.015328185229208664
row_045439,0.011030877907851254
row_011497,0.09315110437645248
row_004523,0.43123326389875416
row_014406,0.9670928566862688
row_019200,0.20092086405686022
row_044052,0.036124913946805684
row_042289,0.06089148892272607
row_003409,0.9945130481039863
row_015130,0.11845389999996093
row_030999,0.35270362503043173
row_009947,0.005810644323040134
row_028893,0.9996769206272137
row_037987,0.017425251574846288
row_048115,0.000626265153477414
row_008981,0.005839889839674253
row_017463,0.3521156258645445
row_049448,0.09953183270002733
row_002651,0.009982800828647588
row_043999,0.0006127996859165554
row_042081,0.0068136284584797945
row_021163,0.13774338927386817
row_031111,0.017158320350328098
row_015247,0.26661710730850424
row_048622,0.3478148042762816
row_018921,0.01610525926815904
row_039377,0.9428373903478029
row_041263,0.0007999345745929364
row_018694,0.20221175824691878
row_008384,0.004062797912659075
row_015188,0.01530242495537799
row_006369,0.005378930669712903
row_045079,0.16246335359300523
row_013184,0.25915132835157023
row_020551,0.010539279877710273
row_015050,0.0543935500275712
row_048153,0.9972871847638919
row_047587,0.06925176940714285
row_015039,0.9978861474312355
row_037194,0.0003530500852116107
row_038767,0.015964712174522104
row_034202,0.1627994516640427
row_046737,0.9486450336351266
row_011124,0.23342164097029006
row_041708,0.3205285534374113
row_040350,0.018155481483135588
row_004896,0.9856743006216798
row_021721,0.027468682437291787
row_016129,0.29982795489981096
row_028194,0.03413137832047471
row_025073,0.002368121513681003
row_009846,0.0005594268893478801
row_025104,0.0023917552524188677
row_049677,0.9869210027025136
row_034601,0.004144001325366791
row_045274,0.050989208903443495
row_005022,0.22120964027939843
row_047511,0.015778089545225173
row_007413,0.5035323568332123
row_042093,0.0001643842179926419
row_014459,0.0009712416343986443
row_030188,0.017244370034912068
row_015167,0.05139612544166508
row_018959,0.0029619529667884014
row_042893,0.003114304610092137
row_041412,0.016811854381659084
row_041175,0.0031572064703948182
row_042708,0.0005877201436955285
row_006168,0.05884650803221976
row_018831,0.05257837267084308
row_008194,6.441461621209152e-05
row_003730,0.722869928133633
row_003861,0.0033702021796956578
row_038805,0.8486019152628828
row_019323,0.008139246135974665
row_037657,0.0026087224138504114
row_036910,0.002442977843085916
row_028790,0.7727182644105915
row_019319,0.0031038780160082737
row_044994,0.0011939446774574978
row_041592,0.9325620689070568
row_047551,0.013700806244960145
row_031241,0.00015020105874691543
row_001499,0.007104653227770481
row_047928,0.0024918224727732527
row_010088,0.5333075066591734
row_045501,0.061462012785280254
row_035042,0.12049616459989308
row_038741,0.9954352375486448
row_022646,0.00497678146064829
row_026851,0.0015246411008688647
row_030697,0.00833782543092757
row_007780,0.8621715028226102
row_003146,0.9952529396452601
row_023753,0.2089347980440464
row_028536,0.8216161675481088
row_042480,0.0018646683225331437
row_039692,0.5285649933939878
row_018687,0.0033116869470716168
row_031055,0.10515918018531137
row_031012,0.05168712630764216
row_042342,0.2624575594096125
row_021181,0.016604452981193518
row_048243,0.02309261987819527
row_027110,0.006591502240363036
row_017145,0.00397554063364753
row_013136,0.0022319787888441366
row_044147,0.12638083091668606
row_000633,0.03200119749992621
row_017188,0.004893704478898701
row_028819,0.0039080231730466855
row_023247,0.25334445898482005
row_047123,0.0011212463922373984
row_038901,0.05211158404530056
row_007766,0.018919943438408585
row_014607,0.048950582932672904
row_006510,0.9309698100581544
row_021020,0.03087657854028461
row_018899,0.0023646663085633685
row_003437,0.0028940445150513134
row_020855,0.003808228569633844
row_007696,0.016433576813401927
row_020561,0.028977737867930287
row_042655,0.3119117488528673
row_036939,0.0015362278235771958
row_002322,0.937487464320284
row_048851,0.9992513684758014
row_034891,0.013834933395961979
row_025972,0.1815337867135911
row_038865,0.0208173877440213
row_005609,0.0025335918537503707
row_029432,0.004156272946485527
row_019500,0.012258606782293268
row_034747,0.7491579097116461
row_043770,0.015604625203587507
row_018260,0.20836598741382112
row_045099,0.010235846188418624
row_045974,0.03878724415903612
row_045835,0.013207457645525063
row_021413,0.5215571531512958
row_049701,0.0030958510638115543
row_024469,0.05614628018093298
row_017549,0.6301291000334339
row_029323,0.035362725498157374
row_034815,0.38083640483298115
row_004396,0.9790919947343724
row_008848,0.203118542739962
row_033604,0.06280244378397676
row_042003,0.0008795128637481453
row_049008,0.0008348977617097118
row_038406,0.5830552950276491
row_036225,2.1810360456591783e-05
row_008191,0.9962899963059695
row_006726,0.16822162423622697
row_005308,0.004821495849633976
row_000821,0.1725478278830498
row_011366,0.017003792490943748
row_016052,0.2600799425679768
row_024695,0.0012599469500827272
row_035972,0.24133341206323633
row_024492,0.05641796580986545
row_002961,0.007507496520419505
row_033032,0.0007435348312812423
row_044456,0.014085293319337937
row_003170,0.010988016426505737
row_006089,0.007908405931352828
row_017728,0.0013028879716315274
row_039221,0.06149360797864086
row_034314,0.08556977899288949
row_005750,0.3455716283852179
row_002628,0.16766793550614956
row_039464,0.22641547721870767
row_025005,0.045439108951341026
row_023611,0.12343393708642181
row_047690,0.05066350268001933
row_026393,0.6641502086062192
row_025584,0.31553576333763167
row_034540,0.004958009573505949
row_001730,0.03254769501820244
row_011129,0.023700615702639094
row_009853,0.0003399396674877201
row_015303,0.05889912563706763
row_032318,0.6176270526486549
row_003753,0.33162939541291336
row_021359,0.00039814130683711737
row_012497,0.005022432525285775
row_013096,0.015522476331934505
row_025308,0.04544641598359959
row_021930,0.008154749647907768
row_021815,0.5575827805385952
row_010692,0.3157951407735229
row_021937,0.9998291097239835
row_019150,0.1023817535529951
row_030005,0.0037389249707744463
row_015559,0.35408883751953313
row_048254,3.902942752982408e-05
row_001249,0.02579913501483226
row_031864,0.0005412343509844422
row_010645,0.0015970712671036175
row_016809,0.0007293473083308298
row_030536,0.0004515169754776234
row_035534,0.010690077122719573
row_015086,0.0032371635300881925
row_010435,0.030895654042988094
row_024560,0.24126614027368629
row_011364,0.004202558942568022
row_026043,0.0018637991954178995
row_044427,0.00302767707114978
row_038988,0.9182871757381297
row_000248,0.9986137996866418
row_023632,0.0045972463506139165
row_037760,0.0564339985774695
row_048557,0.015941013597307763
row_024732,0.0025707059651069375
row_035435,0.009293639451663723
row_038955,0.09803440699495748
row_043716,0.15338257262045046
row_002544,0.25332079671935587
row_002086,0.0076760470150428846
row_041155,0.05264574702338216
row_024294,0.04195923561958432
row_020038,0.006377665622421874
row_042969,0.6967858643786586
row_010664,0.5708952027754498
row_008739,0.44879839697485874
row_013482,0.04744418637439158
row_026440,0.7107523989681894
row_013445,0.00902376399656101
row_022484,0.006787236772412469
row_019185,0.007606947245263466
row_013554,0.11210729644406776
row_024843,0.7675664245501328
row_023436,0.011283270930504165
row_013194,0.004376508165642607
row_045089,0.0033888716592378127
row_024595,0.12668155415179927
row_048411,0.25842946097483754
row_003036,0.0003040125168274741
row_047530,0.013034013954827176
row_032435,0.0007103019057501704
row_016919,0.07996471364347182
row_041154,0.10956424051764704
row_000762,0.0007959502347196846
row_021327,0.009285838166986995
row_047367,0.002182293770789981
row_037968,0.0012823319286543132
row_013450,0.999722531254543
row_022433,0.0024656426356567253
row_012830,0.12535924738625037
row_011967,0.023294533344617112
row_001596,0.9963766698427338
row_019113,0.42355887520128255
row_003782,0.026281836135375318
row_015335,0.00027374199024417635
row_035382,0.001686267055301558
row_033133,0.0029649793370984
row_013678,0.008006500623452385
row_043850,0.6019823501458357
row_034818,0.4483256043833498
row_007422,0.0015122398455482584
row_046058,0.36831022646643263
row_008922,0.003754207573435386
row_017152,0.10102318752421868
row_005541,0.1701345016373568
row_029204,0.021820988871200587
row_036957,0.17392998852570615
row_002385,0.0036014273149277253
row_028270,0.007153867493998798
row_014580,0.8885722293882962
row_015028,0.027004878656230316
row_044476,0.01966807619856544
row_036261,0.016934424202891776
row_012403,0.9302677606156652
row_031336,0.018313624277545966
row_011604,0.004549406322077487
row_049319,0.17145789369428585
row_039720,0.008693791253464957
row_006508,0.024444025786561747
row_006298,0.21936266723575362
row_026468,0.7787339628452594
row_026573,0.002590276763662557
row_039696,0.17003116350403932
row_048997,0.0001797038680707836
row_041879,0.8616680822238252
row_042892,0.9256331566479251
row_007894,0.09254225485487841
row_021627,0.008349254682098354
row_013574,0.00020363965796680022
row_039876,0.0031028203528344765
row_029314,0.0009001213278572689
row_005812,0.0981918063206313
row_016192,0.18006043241452258
row_043438,0.010535444429160308
row_038697,0.024241270214144336
row_029770,0.19130705573119877
row_003988,0.00888017864023808
row_025117,0.0008597435397777241
row_015931,0.005894667645381144
row_004144,0.0009694797448323978
row_004095,3.036919496599126e-05
row_048471,0.00014484325220727958
row_046219,0.029096977164536412
row_041478,0.04422057735668344
row_020092,0.0005212727925519712
row_018972,0.007808462715185472
row_007410,0.007697937139511635
row_038049,0.24269629055325
row_046321,0.6021597587149183
row_027207,0.005029952974728533
row_016569,0.007262666353931012
row_000867,0.7476865586616428
row_038499,0.000667214242867842
row_034120,0.0008159362294141638
row_041515,0.0010263209931110383
row_035035,0.005196914622219855
row_010207,0.04453096841691618
row_004227,0.0020863272415368645
row_018792,0.7740791094713817
row_045774,0.22095115068464863
row_036511,0.06435901927242327
row_037550,0.027623482434585
row_042713,0.3937080277977661
row_022325,0.021263562584182084
row_002682,0.007129436075441068
row_026461,0.005552311443385426
row_017445,0.0013193684647802202
row_036026,0.004602808392754165
row_043601,0.0027034046781878383
row_041085,0.7128409212787622
row_008949,0.001484624897933725
row_041839,0.029648201612063357
row_014807,0.9919733311073606
row_000827,0.000889392962778286
row_028634,0.0067025213457834205
row_025983,0.0012310108822003749
row_001306,0.12646939357024323
row_002465,0.011070755604940733
row_003599,0.0007259191896621991
row_028779,0.0070705142180188755
row_026185,0.002254363739365872
row_047370,0.0028582501341033093
row_012603,0.020199982881310887
row_004502,0.0352284489050394
row_033914,0.03646667906651233
row_036977,0.9730364699600693
row_008376,0.037122721156855124
row_043238,0.29768924432070687
row_043187,0.9867691429292651
row_033106,0.02250127501438635
row_027286,0.00836032590333682
row_034070,0.07304798519328738
row_024926,0.6476101715007715
row_048571,0.002009188451579341
row_015336,0.0016373980627430223
row_016324,0.05484439745800054
row_002207,0.009040740580268766
row_026255,0.0012941520244428796
row_032830,0.13644394089652084
row_034060,0.018409990520886748
row_000526,0.7420674459880151
row_019816,0.028728748338201222
row_048188,0.04145912586377638
row_022169,0.0131269478364536
row_001961,0.005993713975498353
row_020320,0.06132227876703788
row_007296,0.025693455152402664
row_036727,0.8662067859891399
row_021120,0.0019490620019765154
row_019761,0.001217226715820102
row_021091,0.09384198337831286
row_042509,0.001206491686778296
row_006516,0.012306868389041135
row_015322,0.0018505777104416126
row_011378,0.010163181413868731
row_000583,0.00040238632941858954
row_043259,0.002055970598946151
row_040710,0.0005640328926792526
row_002197,0.00016605556763786772
row_026125,0.1554270946775962
row_012686,0.03236758960021907
row_000175,0.03631780922199614
row_027876,0.001130465551075134
row_016357,0.0009431041330191245
row_045488,0.0019248025428769515
row_042939,0.004651077448694955
row_025363,0.0018353677693000482
row_045899,0.006279149428116471
row_037105,0.0008652862161679271
row_031270,0.05404769323344785
row_014328,0.005428373961886479
row_030626,0.18412615388692127
row_031999,0.04594209903176954
row_034865,0.0036685073925779156
row_035823,0.1028013769548195
row_035168,0.6142888107361646
row_024363,0.08531776120549678
row_008558,0.46573810769150964
row_046252,0.059358598747250926
row_015455,0.035426102013826566
row_013585,0.028272282707349584
row_041333,0.007895569095160374
row_048630,6.962627013016575e-05
row_045651,0.000386468257412495
row_027905,0.0010013678613908592
row_002530,0.9925158958549546
row_021968,0.9985201017499543
row_040412,0.01352381409275994
row_001379,0.004256669891524437
row_016915,0.7896301937036545
row_020934,0.0037740615013360543
row_043622,0.00023454682952019255
row_040856,9.196746567587337e-05
row_007522,0.011888933553386338
row_018208,0.14373827286198318
row_037721,0.020343783826454437
row_035861,0.8572870061343465
row_016455,0.0006974823111534199
row_038279,0.7333134725949756
row_011794,0.9639375175967665
row_011453,0.7739392039327807
row_047315,0.002813534119847417
row_000234,0.026852911765202325
row_023617,0.00018309615289384426
row_044149,0.9636397623780979
row_015125,0.06223797370157726
row_032233,0.002239206449626641
row_046272,0.021216099626559674
row_014381,0.19013368738145145
row_024271,0.012220838933992065
row_030930,0.08241946236651113
row_011195,0.016790189981334608
row_039765,0.024348043098216643
row_009475,0.32946316903063155
row_014945,0.002069086407363214
row_002163,0.00043890473099339483
row_006636,0.0010996199838158515
row_005667,0.0004527233086616956
row_016488,0.9996323013979513
row_041662,0.002235327528027281
row_041549,0.004518905686859995
row_034934,0.010086737661762376
row_017853,0.002787469677850553
row_002723,0.030550128778406814
row_033708,0.00012391005029528313
row_012036,0.0640287709152821
row_031868,0.8959001669166335
row_032033,0.8618165679386769
row_006087,0.0012166319648014166
row_018241,0.0036711807832486877
row_036414,0.0016194205410605326
row_028878,0.051993853260144704
row_034322,0.002023680391682554
row_029046,0.6011388912763812
row_022980,0.7184860537490787
row_025495,0.038487637834593934
row_031510,0.0029511744517234173
row_001712,0.0006773472222897951
row_038676,0.7900744074627097
row_015242,0.8443113959499122
row_039241,0.0014725268176701478
row_016716,0.9988952703219691
row_034311,0.01404572593949318
row_034281,0.011096686142893072
row_009268,0.09593589255703644
row_024336,0.06193273205377105
row_034663,0.8088229477368727
row_001537,0.000986370749749924
row_029111,0.002939280833994456
row_019364,0.25370206253808564
row_045132,0.5444525614850626
row_003863,0.05725646559335667
row_026981,0.8389554596881503
row_028897,0.037291991041031314
row_001995,0.008734054853421658
row_026248,0.29933495096114304
row_037606,0.41795290844010236
row_043322,0.003943388502737675
row_007069,0.6316214715735978
row_039812,0.21795237813274648
row_001775,0.022796248547069513
row_012351,0.024232831426894585
row_004235,0.008613773617340417
row_019690,0.3726395009805542
row_000661,0.0030715607227517145
row_049912,0.0007782933320124905
row_003271,0.0865117553505146
row_047487,0.06485933916039957
row_040552,0.1559845132225821
row_028659,0.480928959710114
row_017202,0.6838107555928632
row_039873,0.001604657336124437
row_014007,0.06139613925054056
row_034431,0.009485603966528162
row_017184,0.013048703869238783
row_018911,0.29204223866191265
row_026957,0.3056031730122759
row_005328,0.04570803264968148
row_034350,0.0010266216874535322
row_015469,0.0015710040574135648
row_037131,0.5962039648712922
row_038827,0.006706190841577239
row_030152,0.00949469873042319
row_031458,0.0019529833107819604
row_010470,0.979387823243955
row_019940,0.865376481889404
row_009193,0.0256500994588119
row_032794,0.22967990314268805
row_028142,0.020267247336387535
row_009847,0.13773213506936133
row_024704,0.01750039406020745
row_014872,0.0006582775161647751
row_014972,0.014635086753863841
row_001651,8.442066086454468e-05
row_018721,0.002927762848337013
row_043510,0.022281324436937488
row_033767,0.0025667702436169464
row_045905,0.0009513860243822922
row_034153,0.9990830418889286
row_033156,0.1558388017321541
row_016651,0.6645098144526158
row_028224,0.30335151906290814
row_000413,0.7404011691607043
row_000591,0.0005562065270480707
row_046828,0.0020996153243798637
row_011050,0.005331302595522233
row_044103,0.002047449493902018
row_015732,0.024878198618759773
row_039426,0.07460477469179401
row_016614,0.009593062449424442
row_043351,0.005671193015673752
row_003489,0.004015788707243676
row_022946,0.0011948126398601527
row_022988,0.036236104622485346
row_023198,8.43132488953665e-05
row_003004,0.2085926988355829
row_047562,0.11584997675241895
row_006624,0.004391860087584666
row_015064,0.02013102585920065
row_002412,0.004190851388040567
row_025679,0.008043611586231406
row_026372,0.9925677480151653
row_037395,0.007929398003017549
row_002848,0.09030560949912939
row_016047,0.19656868196065974
row_006657,0.006312308669601804
row_036267,0.26242139830111166
row_025370,0.011231825006969946
row_014770,0.008947154967963982
row_007574,0.09277519565851261
row_038235,0.2477076081958282
row_025124,0.4827522977168521
row_034114,0.0974255578973637
row_036651,0.11398665691963192
row_012675,0.0016655892375486425
row_038800,0.10490348745455289
row_003561,0.13767606503498428
row_044890,0.007514887219015781
row_041703,0.0020741611023744385
row_014640,0.6458669909048493
row_013284,0.008416106588271157
row_000704,0.0025581553961413744
row_010350,0.21666047848884804
row_034055,0.9849553339366575
row_021418,0.2597664614860347
row_008491,0.0019465198729296267
row_042610,0.9091490793146355
row_029451,0.23216703301628547
row_028702,0.40229487069536285
row_028514,0.006635612595343895
row_031452,0.681543415594097
row_007983,0.0493509621032855
row_019593,0.0018570434557019083
row_021056,0.009226674772007703
row_032205,0.047721573132745485
row_010050,0.6799895732712035
row_048327,0.0017787646765875078
row_025614,0.004841308501186021
row_033413,0.9260448976843223
row_008054,0.0008485407751473032
row_007123,0.01682192512195132
row_043938,0.0029559083327218303
row_029289,0.027003370785522375
row_035131,0.04563352081794478
row_039182,0.8894096350390391
row_004535,0.006755508107420259
row_021514,0.002505540387460149
row_014316,0.1103400745550677
row_039321,0.3605031751896437
row_047467,0.19201746428844413
row_035623,0.9235150967024739
row_024123,0.022987314105810966
row_026973,0.0005426392133283894
row_026847,0.19970727607116925
row_011426,0.15063327841582813
row_000419,0.9851429612023983
row_012757,0.08080288754788736
row_001728,0.0019103836620104377
row_017529,0.14344443287618402
row_013853,0.001191165592500899
row_043212,0.02110367170512107
row_014205,0.005324473779923197
row_002021,0.016785260964911976
row_040834,0.0026639848353197937
row_007224,0.01051361952100606
row_039242,0.004069394359081348
row_048666,0.8772543075968869
row_019655,0.000849439341762137
row_007249,0.009404635930650954
row_042138,0.0005666091710876851
row_033420,0.01780317730726095
row_012839,0.8647656308625782
row_046868,0.02992763236877474
row_015640,0.7062213183259844
row_030744,0.001346607432569875
row_039179,0.01089680597158917
row_022555,0.0022473073386499783
row_031163,0.0002756666390186452
row_020428,0.021422139032845715
row_008594,0.05410999228316468
row_003553,0.006035726612017721
row_042995,0.007339096044173061
row_035529,0.06881423599043136
row_005810,0.8454752874596241
row_022719,0.2268222977794382
row_021761,0.015895318608169298
row_004412,0.21718854749588645
row_017985,0.05267113584380724
row_030602,0.009275129824143594
row_010181,0.020570512160485957
row_013101,0.009346964027572145
row_048816,0.9500140851558512
row_048566,0.030552840236018907
row_028628,0.9965632871904003
row_041684,0.0001680366697346763
row_012504,0.015554086513646495
row_044829,0.0038256372728706686
row_038196,0.06615024213335
row_041091,0.2232199832378829
row_010999,0.005659373211141511
row_043169,0.003178509456657957
row_031152,0.00697800187852466
row_026446,0.0017480418833069247
row_009896,0.002518378084960608
row_008973,0.004969722871647993
row_000771,0.02929397196526566
row_045675,0.08320459597922666
row_026647,0.20533093871700592
row_024784,0.0016649501975453933
row_013813,0.010427636176573543
row_007884,0.008624941194578939
row_009621,0.3750709587306743
row_016487,0.0021173707314271475
row_045272,0.003655021360548916
row_029388,0.013388903763050401
row_001870,0.13510842737721607
row_022731,0.3497739900538934
row_032614,0.9971906340315961
row_035367,0.017194480257699624
row_027613,0.00240609237734175
row_039868,0.004927877447626511
row_005117,0.007420676938404027
row_001780,0.00018013479064343178
row_010546,0.010168684746672148
row_046852,0.0007139713982109015
row_040364,0.039181983459513264
row_043270,0.0018825995480019366
row_036982,0.0009142306796914366
row_020771,0.0007313809475586722
row_036383,0.009557524661089787
row_011150,0.0006869730643872232
row_010094,0.015955561492261513
row_001626,0.26244811209816005
row_040790,0.31813987362823004
row_020740,0.005086711243926815
row_009681,0.002654276163446444
row_009024,0.003001051429663809
row_010987,0.011046901795904526
row_038357,0.040194963609848804
row_043723,0.0006223313961364635
row_030788,0.005231475202893795
row_049172,0.06390211862435216
row_028961,0.0019719278959090506
row_031612,0.028599656365194525
row_027250,0.017413482790545953
row_009108,0.00456099786226467
row_028040,0.040636902942559484
row_010238,0.004389131055666613
row_046080,0.0034273185185297386
row_049224,0.006913713599048889
row_020833,0.015937426509231526
row_040510,0.0031846402778402732
row_024847,0.9257939538184115
row_000015,0.0054861065140578095
row_033850,0.2674066763665886
row_001258,0.4240934624105581
row_024643,0.016294109012335835
row_044084,0.01931456389097374
row_026718,0.08196358522702754
row_005864,0.7787815986985211
row_026048,0.0005009785832950064
row_004524,0.0005715449580831864
row_011001,0.3241209981983584
row_042903,0.00044108216378676375
row_007396,0.0005214610035979303
row_046498,0.0029268746220231854
row_018849,0.6697081038671224
row_037637,0.006531160362576656
row_007371,0.03383143217189725
row_047761,0.0059419245703923925
row_043564,0.015517760902892249
row_002107,0.00013373663892704497
row_048521,0.004558694090492903
row_038302,0.9221965329547159
row_039604,0.0030760077334900464
row_025574,0.9634332069054193
row_037463,0.0058870688199957905
row_033069,8.704176915811496e-05
row_019908,0.0003296753925611079
row_007658,0.004704274839095031
row_007456,0.0007324215287474371
row_022106,0.01078098735597354
row_015633,0.00012642565535019048
row_003615,0.005678273377494224
row_040833,0.0024286034995939956
row_048602,0.07245298203792991
row_040680,0.320690731085478
row_003057,0.00031527760241810464
row_028244,0.07140912588268751
row_048527,0.009721896012140496
row_017986,0.030561834310414898
row_002857,0.040122571035127244
row_020145,0.040420285573414365
row_046197,0.5354504558922882
row_032598,0.974483167792045
row_010049,0.8520960047332468
row_023327,0.0035293972596407105
row_014801,0.4990101405216133
row_046077,0.011164994876760669
row_005316,0.012956766278775305
row_000260,0.0012282570563198136
row_026159,0.021197134969038016
row_009003,0.060449396016166425
row_018144,0.14061179884586938
row_043976,0.9957480246034062
row_027977,0.0018985885783525114
row_026946,0.09677287746846568
row_042852,0.006916758636738978
row_009653,0.007385874581466091
row_032586,0.18352272057023256
row_000280,0.0011982935127247032
row_020859,0.9262336762983925
row_043142,0.003223092403215552
row_018113,0.0007480278080662292
row_028068,0.03850611575511487
row_021497,0.0011305305063221834
row_010770,0.3040489104750277
row_021463,0.027964924820461694
row_024445,0.6476059048777123
row_037439,0.010807492513250687
row_049065,0.004625655134875531
row_040181,0.012869015950438802
row_018682,0.05272097564568237
row_029727,0.09160622486261755
row_039598,0.9951730666553548
row_035893,0.9517673836145877
row_013727,0.013250053797603656
row_014285,0.002323984760929759
row_005910,0.0019987383604259997
row_025789,0.9658698342728156
row_021785,0.16894126109401028
row_044245,0.012189760202863446
row_035949,0.5073281424263814
row_039166,0.0005946883527421253
row_011897,0.12970956130800743
row_012833,0.0640903457271351
row_009785,0.012289053586551866
row_019966,0.027011422246051065
row_010462,0.015062214436222958
row_038645,0.01331212801713255
row_002054,0.02147429198175927
row_026362,0.0012039121201481747
row_032845,0.01910972300809252
row_019769,0.6957342981728312
row_009893,0.0017043757637148715
row_029209,0.004016880692529111
row_006261,0.0438387338075958
row_005046,0.39005345197075314
row_021931,0.002167033267398316
row_019953,0.16825579866675203
row_023855,0.08694697535728803
row_026132,0.0034699213385659382
row_014171,0.09234437538242769
row_010078,0.037470429974099655
row_029189,0.08967062762354752
row_005198,0.055321012809081284
row_034904,0.0001351742452340552
row_036704,0.03245798032482245
row_014135,0.0024190844778089744
row_017345,0.013141548577458508
row_010031,0.0015534229975041473
row_041491,0.815385305581879
row_005929,0.0043614721564729005
row_042176,0.017470493956898793
row_004942,0.00976875795841893
row_001867,0.0055845228735008235
row_045809,0.0008953345146069864
row_036711,0.003408217649930721
row_000559,0.0009325888092159802
row_033025,0.0038632676505799537
row_017502,0.1408250715785574
row_005873,0.03445047006520069
row_013996,0.07905085939847233
row_043930,0.9952211681689753
row_011827,0.06095996303015076
row_015590,0.5671967090855616
row_038734,0.10503116587649242
row_024362,0.9649273356150612
row_043544,0.5474202042935794
row_012854,0.023651399703940052
row_010716,0.072692354205937
row_020660,0.00035976597089858485
row_027282,0.009078181335506948
row_024392,0.04881297202930043
row_024771,0.009216076333172733
row_038852,0.01775266888359298
row_045961,0.0001361669552662925
row_016816,0.0008447956876630236
row_004453,0.04507523516544985
row_014318,0.019972153491826062
row_039028,0.040474234119525075
row_010293,0.013277513803323208
row_045872,0.9779141528510701
row_028943,0.008532496264864962
row_030500,0.36968787938373204
row_000513,0.20149828833515193
row_017012,0.1504162324286473
row_042407,0.4831960246744257
row_030802,0.09657394838974848
row_041837,0.0028947654825169197
row_038228,0.12108062241769792
row_040266,0.006625065528547592
row_035243,0.0008434015052300012
row_040414,0.01837682553210413
row_047267,0.4168012498879985
row_048099,0.005626830044830909
row_033231,0.0027308804264750694
row_013971,0.0008468596769859275
row_015414,0.22960512481566928
row_020558,0.04302270614166708
row_021880,0.04876795494312801
row_020412,0.02383878035994247
row_022589,0.00014422544577482138
row_003531,0.0076848285493878975
row_002140,0.01358128862480364
row_046295,0.025717573564661443
row_023524,0.05651535301638239
row_011448,0.12155803764759522
row_030853,0.014864918625042535
row_032852,0.05031720883089108
row_031494,0.0009355757661595391
row_006242,0.33588330021772794
row_030366,0.11282730366811891
row_023413,0.00297469982738034
row_048436,0.19960796947465012
row_000572,0.002126142095327619
row_038184,0.008696146664594022
row_001695,0.002106448744637493
row_048180,0.06684441509800974
row_000886,0.7802633274183859
row_035510,0.0010576207636837176
row_031968,0.30949581825408246
row_019158,0.0009154481934137489
row_011226,0.029011736869786094
row_024207,0.0011572838577717226
row_010913,0.0023528405744488506
row_007720,0.035028918762195584
row_029173,0.11235050775953276
row_036204,0.28717545342187667
row_024394,0.028641595691232664
row_040818,0.0408783281007672
row_007949,0.012708528356129619
row_005892,0.0003051130197562252
row_048573,0.0019649278265724485
row_000879,0.9093067587234391
row_029260,0.13822506504420898
row_032656,0.0011901980393549754
row_038820,0.9961993469376873
row_016565,0.007651242021639823
row_034802,0.3118458017125519
row_019835,0.7345617287716701
row_042343,0.008270675023313676
row_027979,0.1278450007334428
row_014163,0.0009427163255015027
row_006005,0.0006100943270845471
row_041606,0.6404527563349576
row_028729,0.2668212490928299
row_047108,0.0018811140828280505
row_043445,0.021307248544361685
row_004303,0.19427805501483464
row_017155,0.00017625909805066156
row_027914,0.07594256884826761
row_035312,4.442616911788697e-05
row_049772,0.0006330688086388086
row_048952,0.6687142040824664
row_044221,0.2657606888091397
row_049570,0.05793475413128569
row_019054,0.36869781733598905
row_034109,0.02810320253117663
row_016633,0.001166169821237599
row_006156,0.005540326183301922
row_025102,0.1425314361221628
row_010909,0.029309811231976856
row_014492,0.02480892643320439
row_011058,0.03677578032193946
row_001916,0.001275480465374969
row_030053,0.14292233836377718
row_029180,0.0012666518827258255
row_044596,0.06775545021197805
row_000875,0.045759728777445344
row_049323,0.6043015105268055
row_028350,0.0007944926879271423
row_013316,0.026360064323072016
row_030417,0.4252276056459393
row_016566,0.9590582033071969
row_021057,0.3120262437766743
row_049943,0.08059773831422545
row_043140,0.02807491738007198
row_025286,0.22224636933503622
row_037941,0.014982854944626625
row_034029,0.03634291644247
row_023996,0.0009682014172382562
row_027094,0.5507362252790846
row_020074,0.046854482225261035
row_033904,0.010949625846703183
row_011758,0.0059983947604657925
row_007376,0.005158835113792774
row_005315,0.001507587123937503
row_027505,0.004125352951066745
row_036478,0.032389083495755235
row_026453,0.003429411756658538
row_011234,0.0007496015731650605
row_006183,0.00905524990046432
row_044589,0.005952737191337026
row_026328,0.0007307913208159874
row_036996,0.38820345762410124
row_016001,0.0045132219594870866
row_011851,0.009909304244240458
row_001133,0.014172233681125804
row_046301,0.0012284257879396933
row_039362,0.001432479992631003
row_020554,0.02286769495453204
row_010366,0.12598575110838564
row_013315,0.004848237207762093
row_013933,0.005929324479114711
row_029742,0.17979209082247233
row_011839,0.0029913064323090193
row_008894,0.9722302323788587
row_006091,0.31862227693312917
row_031519,0.026375640497574675
row_042430,0.818239407192926
row_009134,0.01983809676267255
row_033479,0.03204115113102104
row_006615,0.2717539845315818
row_042290,0.002359655538484407
row_021397,0.032807987806516344
row_043475,0.0011489660373700612
row_027897,0.0023737094399296976
row_024791,0.0012779842148798503
row_042151,0.5251005472424697
row_001063,0.002763994748115091
row_041679,0.9768154824185835
row_013353,0.07109851501758334
row_006266,0.07544379035625638
row_005038,0.19851299213542514
row_041748,0.9873452851298283
row_031151,0.024854819290849442
row_043513,0.006267567994494193
row_032797,0.0037226436521877494
row_017453,0.350910025886489
row_009561,0.10182246340906026
row_033445,0.0016886892989300948
row_034622,0.0005848276367483593
row_013367,0.12022946248952346
row_017237,5.4126827134873746e-05
row_016940,0.9828205004374411
row_005042,0.2311320326470423
row_042401,0.006510340064384097
row_047747,0.030681274491706805
row_032344,0.0020529936485052195
row_045575,0.003365242711558165
row_033132,0.1681467979748879
row_015655,0.038788110533607124
row_029628,0.019702403178640686
row_019689,0.022879149762433965
row_024144,0.2488100753174804
row_002603,0.0017172255034151895
row_042211,0.037838306511057185
row_017540,0.03062601092295624
row_032790,0.11825714390641473
row_028200,0.010209550880206681
row_030969,0.056109553938415734
row_039533,0.03394881550435479
row_038314,0.0004247543246169576
row_012809,0.8935121015870533
row_019305,0.00033363375233907283
row_006022,0.016561591280701112
row_007754,0.018920676337781116
row_021367,0.0872760266384264
row_018308,0.0018473052803394015
row_041408,0.002138290698199238
row_028453,0.0010966885163525958
row_046261,0.0148925555230573
row_037304,0.016801615622428587
row_003816,0.11340384457049905
row_034400,0.971177459712103
row_016346,0.6889457958001237
row_013038,0.039941373052712566
row_026481,0.0012761582079121256
row_023237,0.010812197070523291
row_048740,0.01820595695584287
row_023210,0.9985852013454228
row_012599,0.24827942762433497
row_035621,0.003980747365902881
row_042950,0.0031179877623276147
row_030014,0.0349097622955654
row_044348,0.0018107951800650844
row_042657,0.08781625781987712
row_037399,0.0008041825564282191
row_027955,0.7430215770703026
row_011682,0.6163229388995362
row_023895,0.006323435379039646
row_041654,0.9912692917341499
row_029849,0.0014750817265197368
row_027090,0.009728635994017645
row_005260,0.09844998633684536
row_005066,0.05323339320860684
row_025165,0.35899256477037766
row_038782,0.00846410972840437
row_006279,0.002965846879934814
row_005759,0.019073926569564796
row_013702,0.7316907025059636
row_028425,0.005124868405860129
row_045882,0.01810446976510057
row_018047,7.457931641605809e-05
row_019144,0.0014707660223466246
row_018180,0.0016429761099732978
row_029326,0.018223307502188507
row_016832,0.008496936949208476
row_017388,0.2890967580672878
row_047696,0.10805766268886191
row_005157,0.004400536298575116
row_045416,0.0035848802169081285
row_037242,0.8038719141999342
row_021909,0.3263804482623102
row_010469,0.004857379268028482
row_013437,0.008174414339423633
row_009663,0.09945828005956717
row_030634,0.9742206823206692
row_022018,0.022456384943104913
row_037107,0.002252520005199073
row_042958,0.9259886079404704
row_047695,0.012459334097058081
row_021827,0.004891606361810989
row_049981,0.00461832676113024
row_018469,0.05724929514356921
row_035633,0.22717552684523795
row_031740,0.2443176657431697
row_032821,0.026237399362115277
row_015479,0.5539750440505125
row_016247,0.0010153493183385543
row_010152,0.12308154554978423
row_042632,0.0022479061824386545
row_013134,0.006574835348905518
row_002251,0.4184970959445877
row_011930,0.5091861612153399
row_006499,0.000302508000984121
row_040792,0.022918323247126615
row_032075,0.036495057013061036
row_001347,0.5501133528098869
row_001735,0.016426204332790156
row_008085,0.9382804693979443
row_048863,0.00023838843595211628
row_041731,0.05593946050389505
row_007955,0.8611077110987003
row_021924,0.0010018742143779718
row_021071,0.09096377695973568
row_024600,0.002371471928215468
row_041118,0.22344275030967803
row_034719,0.020001754098626014
row_032333,0.002094056510613762
row_027846,0.012948021076687908
row_025666,0.0037274045633317807
row_046643,0.03150324888886187
row_038366,0.004357798601104765
row_043762,0.10252340198676829
row_046667,0.020617946006357572
row_011407,0.024503469004836985
row_015318,0.4127928974866799
row_033867,0.0006753038169498543
row_033456,0.01465541369720471
row_030107,0.001185928177584454
row_023295,0.0014635957807346348
row_000726,0.026882271965774675
row_030306,0.20986916130945768
row_010841,0.0014218980863272977
row_024217,0.5419323603175941
row_010964,0.0038311272726271398
row_001745,0.044099714302819996
row_045070,0.00671393025440885
row_020511,0.9996191920749263
row_000199,0.09905390550265988
row_036692,0.0014040197749966695
row_044156,0.6938935750828263
row_031429,0.0046733569699639104
row_005778,0.09099390110464478
row_032707,0.0016535457697761805
row_023085,0.399462679940075
row_028727,0.2528997234408786
row_044965,0.5589321608499858
row_021043,0.003495677751038012
row_001679,0.032765502707476545
row_045453,0.04107507159667842
row_006293,0.00423778355690959
row_046837,0.0020287809536427203
row_017334,0.0054140681588171775
row_013720,0.00883759939615479
row_022250,0.36115816393104383
row_008927,0.9531693494591167
row_009869,0.0014714971827468986
row_034658,0.005704682824498442
row_041069,0.0037435496414956314
row_041084,0.0025317643205043884
row_047387,0.05786971092209229
row_014077,0.004387390248429147
row_006081,0.001129152318238208
row_040196,0.0004704749818509163
row_005603,0.1723561753506886
row_047433,0.511826970416746
row_039735,0.4668315199780073
row_036231,0.008143541655906033
row_007260,0.10471183472996676
row_015447,0.18819758473040402
row_006960,0.00014088237988129826
row_039803,0.1387679314189374
row_048483,0.001762188243894236
row_045733,0.0015192622283531638
row_045530,0.0026466492313385976
row_023144,0.05417574890299648
row_011597,0.005236115711497643
row_015503,0.03499787139693714
row_020004,0.28710750722906275
row_042036,0.0018642350217982855
row_008851,0.007115402437366088
row_041137,0.12072099379281927
row_009942,0.00028708946423840827
row_038730,0.00011994726642047415
row_036652,0.20021689627842446
row_019250,0.006006054840240543
row_028870,7.940235795044313e-05
row_009360,0.021966414980167194
row_037872,0.0002604811798023792
row_000878,0.53557048451108
row_023379,0.4804598709442029
row_033909,0.6407946378846192
row_034616,0.02032159027707984
row_025417,0.00260978735117454
row_041418,0.00026688317665694947
row_023945,0.6506186909443501
row_000375,0.36836862983494106
row_011893,0.005185907761589773
row_033026,0.09422496409847426
row_039762,0.00037397848905805926
row_005007,0.16751183788146357
row_024464,0.0042995476416570165
row_012950,0.012360590412160135
row_030631,0.1913879945101008
row_037378,0.4881774429795581
row_011590,0.003639915270630266
row_047659,0.4972163728496177
row_032400,0.24686707741204822
row_020814,0.13010621104447734
row_001527,0.1550759397457821
row_012331,0.0035514360474255186
row_040294,0.01030087979676679
row_009263,0.0013509869235877464
row_035033,0.0012891132501568548
row_046941,0.08331641858047814
row_015744,0.06026904387862962
row_047489,0.17626154209603975
row_042470,0.020028396522107028
row_032024,0.07072885653697257
row_012773,0.005582494416798194
row_002520,0.9946813916667683
row_007378,0.00965301941789656
row_029821,0.03359042956418065
row_028406,0.00011798916996998637
row_017626,0.4755595775670296
row_000525,0.0029456030367735254
row_020051,0.1774190439031593
row_005574,0.7071370990378855
row_040265,0.3967488097454937
row_015461,0.009274012002587557
row_028078,0.2832770232467734
row_008912,0.010803826923588333
row_040640,0.0027660350936321663
row_029145,0.013159926758106674
row_000056,0.013308227306475845
row_030009,0.9811610610349268
row_009084,0.000381585143070844
row_004532,0.01331807262638147
row_032480,0.0027170105211603212
row_019638,9.103153736001978e-05
row_027717,0.005142247013968669
row_031096,0.0015883615303486302
row_036991,0.03716102020131296
row_009195,0.007579868054565948
row_007394,0.9968601770065939
row_041486,0.1111185690064844
row_017955,0.028518861182565986
row_008015,0.22386957145690006
row_022991,0.9348403741435984
row_037073,0.08740822314007707
row_014304,0.00089122873379828
row_026990,0.021830250277458003
row_032816,0.00681347893964671
row_037646,0.36963607432892276
row_027938,0.012977708543416774
row_036667,0.0037306610671420277
row_038272,0.052419044303623444
row_010654,0.13470197903656145
row_032991,0.008467429240587021
row_007699,0.00034486993138707953
row_049897,0.14950647581110954
row_013773,0.0004033944393149522
row_043332,0.25105191835446594
row_014748,0.0029902085547315327
row_029925,0.0214035180757591
row_000428,0.041730200176674725
row_049171,0.015371999332626462
row_045186,0.004785671141918358
row_010286,0.00469887000493077
row_034643,0.0004519186583801625
row_028349,0.014960754100066226
row_014146,0.6170704561479416
row_017447,0.004132063339758935
row_049919,0.5788434652042267
row_046248,0.006275043857546859
row_037659,0.023793897112309455
row_029649,0.010799216357263188
row_000849,0.8083449564378333
row_018039,0.05470699631978246
row_017969,0.0406299739179454
row_003513,0.000851147262787873
row_009415,0.02100639463018389
row_048582,0.02089431792737195
row_029995,0.1571308848692614
row_023182,0.03816461999298738
row_020017,0.002736523190621173
row_009125,0.07951983925384051
row_013924,0.8327274535463411
row_040284,0.007198245759582464
row_040672,0.0035432872078908647
row_048779,0.010077959949056997
row_000535,0.013580152853338783
row_014128,0.1288433108242995
row_028442,0.0043195284875210405
row_014859,0.012904215522608058
row_007307,0.003247378027644588
row_035926,0.9074932719595936
row_037056,0.5106432873919937
row_010786,0.9347705142356384
row_041682,0.0007060503822820662
row_025406,0.0025758405619621333
row_017812,0.0302440147931435
row_024726,0.06696983412868153
row_042326,0.00033453963385313997
row_025953,0.0322534696120394
row_029904,0.006717479165541946
row_020445,0.019543881978530856
row_016719,0.029821344808883654
row_033078,0.0033691181984120524
row_040638,0.03841357143578032
row_004976,0.3673083264546273
row_038342,0.9294112885337925
row_035388,0.0233246097576936
row_034460,0.5057070274129958
row_009852,0.003848375117937765
row_046062,0.021197223267860815
row_044788,0.4268197035721988
row_014704,0.0036049936088651327
row_018597,0.008379712331864637
row_040671,0.00566040089720598
row_048624,0.10052246987220861
row_034700,0.004759677633673791
row_025444,0.03981394650981916
row_046488,0.002576398806299152
row_000785,0.004807922554913928
row_004268,0.47414408388471563
row_013018,0.0023815894831998117
row_012298,0.2544255596823666
row_033532,0.019472406175926136
row_002171,0.03211127522142078
row_042981,5.7589445114186775e-05
row_000446,0.04924578468387264
row_015492,0.0018711619817006803
row_046628,0.017456644341916322
row_007433,0.015563924952585942
row_038821,0.006302077480968614
row_017884,0.03466923832175522
row_014949,0.10506134357089394
row_016211,0.6726855945144619
row_042897,0.03660576980807594
row_021850,0.0009075076130599616
row_007767,0.11544435261231574
row_022217,0.05639322302186883
row_022438,0.5899845472019558
row_019072,0.5470930814781808
row_047213,0.005844110274441497
row_006478,0.0002538685784696387
row_042269,0.1198329978973448
row_008569,0.08830760887911417
row_042297,0.04372102207811272
row_025722,0.934782853045325
row_047116,0.002356572648692371
row_034193,0.00040036587433614696
row_032670,0.0025103950515839536
row_010316,0.012766511854075825
row_041025,0.01586780889776916
row_012086,0.00029932353589898935
row_022070,0.20733478331188204
row_027676,0.008688625096093102
row_020755,0.02094227290660519
row_014119,0.005385422520768913
row_015695,0.021738044720278234
row_039144,0.6237866604575861
row_031910,0.08477691625497827
row_011975,0.03660124199692885
row_038966,0.05896842737356986
row_002113,0.002826171450196077
row_037442,0.130441529849153
row_038787,0.6719817839668144
row_033786,0.1061198249179092
row_023571,0.9819768198417278
row_027993,0.0029809669720338465
row_041289,0.03600856370211668
row_003140,0.0032183723645696025
row_003930,0.0012821686228746169
row_047920,0.0008669990205485119
row_001382,0.0016138110394331793
row_027822,0.005654142109641177
row_049524,0.025084228989665197
row_045326,0.263440932918397
row_000102,0.7330663587755561
row_008760,0.01831635906050054
row_040022,0.06661079521722471
row_013911,0.005347682379115404
row_030577,0.2589471419846171
row_004776,0.24776521246693078
row_022420,0.10223468254829521
row_031958,0.06249374688834286
row_000860,0.0018483274460682462
row_040187,0.003909206657031563
row_036163,0.9565864882670281
row_011985,0.012792133743541765
row_033139,0.08458676098647139
row_045895,0.024690743424908408
row_014824,0.044959042240633205
row_000629,0.22701335888825325
row_021388,0.2172051608089713
row_006285,0.024035645039841666
row_048452,0.053892430275035506
row_032998,0.00048251266591783454
row_039906,0.020729402648268388
row_041928,0.0009974953137082227
row_044769,0.0015978850749913168
row_019336,0.014582872422588006
row_012293,0.0002879231185817716
row_023888,0.050393186024123265
row_005897,0.0462178724315421
row_032466,0.03679605662390373
row_039383,0.044199192823003434
row_049823,0.0017541044813842535
row_043980,0.6655502824625497
row_037187,0.028662795477932948
row_003520,0.005397141574207003
row_009973,0.03788946310624004
row_021781,0.999798366123392
row_044656,0.08674418177821326
row_021622,0.15190188555753045
row_018153,0.03413165286128196
row_006634,0.002328271139736729
row_039200,0.0014982240756071011
row_048673,0.576308878234193
row_034169,0.06051671898660349
row_014893,0.00508060272381582
row_035706,0.0007294698273403482
row_028230,0.9997569495984588
row_035503,0.0051944995333292774
row_016582,0.09060670715031324
row_010421,0.013059021456086726
row_048496,0.6905455790672883
row_026056,0.0010166302640185556
row_005233,0.0005610272892635187
row_003407,0.012109757109642572
row_005787,0.8509969196506647
row_010992,0.006929086280418193
row_047172,0.8019364510077774
row_009583,0.9612537244048818
row_035703,0.8793910661699427
row_020909,0.0003884937193385093
row_012088,0.39002107772041933
row_004009,0.0050449572942694206
row_040555,0.7595234617535117
row_034647,0.015320403107505202
row_027123,0.01825323725937799
row_028297,0.021628752673303806
row_021846,0.0005465103437889067
row_033992,0.6958422160277706
row_013741,0.0075821577814392475
row_030986,0.0070347263324502
row_006824,0.003859914214347517
row_000681,0.025757026082287394
row_003118,0.038958349036477186
row_016960,0.013981993664777478
row_009122,0.010236508669620533
row_016398,0.03321105733854449
row_005705,0.6535231688496259
row_007893,0.04475568889671616
row_008812,0.14696293923018994
row_023842,0.008828604398848045
row_000894,0.0011624101246593785
row_040926,0.93862349713709
row_016083,0.00013941901282367236
row_005938,0.000720734805697206
row_034480,0.5406226530338147
row_033713,0.9207740737341683
row_026448,0.07577895325233029
row_039540,0.0069195157636237434
row_048872,0.5290533772009305
row_013569,0.6653882411999309
row_021819,0.054727630013767584
row_010023,0.009614076981585434
row_018826,0.07531464801872795
row_024015,0.5760030211328299
row_018335,0.0017312842150985365
row_013240,0.0023456919246147246
row_000153,0.004702830684800658
row_006110,0.0007056366014328578
row_004920,0.024938234762192778
row_023168,0.0513359334546545
row_037012,0.18935898395096823
row_031903,0.0002305893682190914
row_017496,0.01730977756664282
row_026478,0.002854134097954602
row_049543,0.0033923431371241826
row_026252,0.0050099645334252116
row_016689,0.00022971460412700797
row_047056,0.8729206924115457
row_004506,0.003133990718441961
row_005340,0.36643888516036033
row_029395,0.0006178461657350194
row_028392,0.435999779661453
row_028833,0.00026138939353640496
row_024690,0.41226868202396016
row_017590,0.0965832847070128
row_009446,0.004740914992312607
row_011639,0.009199769956888596
row_013779,0.004595150679509753
row_025199,0.016556783467402227
row_014813,0.1534071482953993
row_047934,0.0006251133573801769
row_006297,0.009538118863045222
row_021053,0.0028036435104361454
row_016753,0.0003449077691467374
row_018152,0.7275792011442435
row_014472,0.006565183414357667
row_025566,0.945934035793399
row_023627,0.31584537698994686
row_036160,0.0006236089642594001
row_018230,0.02943226099671243
row_034358,0.0004753996828328689
row_036700,0.05703082927033796
row_006174,0.13190404350757784
row_049667,0.005029805956000999
row_010724,0.01798217688286205
row_001860,0.17093029623676567
row_039998,0.2004809550774659
row_046283,0.00022990019558540617
row_017104,0.17849314804789396
row_044931,0.07794215131450734
row_048768,0.0009529762806788406
row_019138,0.8849419969687651
row_028273,0.003625995974651569
row_027941,0.06014718675245439
row_027607,0.00024899502106254717
row_010883,0.0017787731210866958
row_039472,0.644018304831842
row_025908,0.010813428860817877
row_006331,0.3395354039090165
row_024122,0.7989181976585422
row_006391,0.006755310164371196
row_033727,0.014345429916169473
row_031330,0.07171843046265419
row_044634,0.15750963887983813
row_015175,9.882399262938095e-05
row_039796,0.003703155154966791
row_027577,0.0007964227546843743
row_045695,0.9764525197514877
row_029135,0.06469491266214913
row_002685,0.1252389839728016
row_046371,0.020269521013620603
row_040942,0.0014070095709096953
row_045110,0.001656148295370603
row_029578,0.011563240455518962
row_020654,0.029671671399704017
row_043748,0.0035645952366764205
row_016674,0.5399475198747463
row_043694,0.3408872510542907
row_000081,0.39824256307420614
row_019727,0.00042766667999481116
row_033363,0.01138454169048744
row_022007,0.004462948627008311
row_041637,0.023671574566765656
row_021667,0.006505557991249368
row_038403,0.7985630290403107
row_014150,0.9933640165107258
row_046268,0.13172992881862344
row_013733,0.00210882785205926
row_045313,0.0009442081689720319
row_038106,0.03009585271572327
row_025250,0.07378201454410414
row_043237,0.10470227947921248
row_046319,0.0847059650325966
row_014797,0.8457220212815968
row_038141,0.0014378408426415662
row_010581,0.013419732596073208
row_007826,0.017810801507492077
row_012775,0.010358661768844642
row_021916,0.004730435032760452
row_045715,0.0006865343947351696
row_048923,0.03495558636646493
row_015090,0.00524488422166169
row_038281,0.5824667795499924
row_022767,0.0030931591714863484
row_004482,0.0893091306320448
row_036221,0.2821846269284499
row_006857,0.02319054320303979
row_011858,0.0029806454783125177
row_031040,0.021353558981529144
row_048825,0.0015322096742815057
row_037118,0.9267147606356786
row_023151,0.0016571942116659214
row_001046,0.00048582825461253613
row_003327,0.0029911820085837203
row_004119,0.0017669177030285785
row_028363,0.019634973510485293
row_022440,0.0029205504302808947
row_002872,0.9396341626770156
row_015724,0.000636869205514024
row_015545,0.3061534332815897
row_001150,0.015492000774094867
row_012250,0.015580866222618273
row_027158,0.318796305142353
row_005474,0.005545212478895861
row_012694,0.0400267959422556
row_010781,0.011218070416119991
row_027969,0.01582860841541987
row_035160,0.07312741327600099
row_032947,0.005323857535371879
row_040711,0.1440929552340552
row_021227,0.0016639685696619858
row_041087,0.6834824247065986
row_047652,0.05843692789728917
row_019639,0.0037440187161572915
row_047102,0.0003704085979602484
row_023640,0.025184273168440394
row_026014,0.015009331759490749
row_045311,0.019350962315469407
row_042087,0.036273894189469566
row_019326,0.14490978376565153
row_025581,0.01262641189170985
row_046723,0.008639350788764079
row_007528,0.005237537538553756
row_038074,0.04626810454426452
row_043404,0.9885284111793893
row_011556,0.04514850937824964
row_027378,0.00012399052245895006
row_001014,0.6363120307672061
row_024195,0.5728682874838077
row_033194,0.16129944396874785
row_024621,0.013212373131425852
row_027673,0.08239495862361174
row_028912,0.8106335094258404
row_044564,0.16414791291840017
row_049939,0.6988255333598707
row_030426,0.033207770354952225
row_006008,0.012198768179465061
row_036423,0.0026307761731934336
row_013211,0.05201209869201171
row_019466,0.9917571861970715
row_009515,0.0038905173921067915
row_019346,0.005805600699367793
row_045254,0.0008709339447807848
row_003008,0.911143933613606
row_020809,0.17854687708519992
row_002344,0.06255883584481046
row_035268,0.42780834757391967
row_049199,0.9848885462919077
row_044449,0.015165626726097649
row_018175,0.021517976341674
row_024680,0.0005579595514567608
row_001783,0.7989091079832258
row_000457,0.0012152014441782334
row_027388,0.0016502386736800046
row_049250,0.4559688491739944
row_032767,0.0030857946944930865
row_049390,0.012328617559803252
row_022294,0.0008739300290904733
row_047219,0.04168448509713302
row_020670,0.0010181649485296442
row_046390,0.014914819581534637
row_018949,0.09190948996203542
row_028703,0.24607294724863954
row_032948,0.00937014271847927
row_004450,0.05673617709478776
row_034868,0.016516947185013727
row_045970,0.17509923189774246
row_010874,0.011006082498300956
row_031705,0.31662542351056244
row_008287,0.0004963580333804946
row_008782,0.23709303861256414
row_013966,0.30085108652599857
row_002309,0.07063271682532118
row_007768,0.2171705981656366
row_034793,0.006478730216469671
row_049845,0.005413357969984748
row_048366,0.009191837122241775
row_030003,0.01814034203753622
row_021508,0.002930996151260035
row_008428,0.08204142965937028
row_004617,0.005011133498837399
row_014031,0.997832551335531
row_025734,0.0011041143402812006
row_005590,0.0310071548522754
row_019945,0.004747182925772672
row_010777,0.023535112342215503
row_003127,0.9369907153470061
row_000815,0.49935972040459886
row_028275,0.6804141033684086
row_049649,0.03527871042316866
row_037068,0.005744209763006717
row_025394,0.02930489697345614
row_022611,0.007459050799814079
row_017910,0.173994455760286
row_027220,0.9948025911065326
row_022949,0.12720877666762048
row_033082,0.10186335967806841
row_044088,0.060343094377326184
row_049027,0.051986606799841906
row_045915,0.08718994832766071
row_031002,0.0904484744188547
row_032037,0.10060430198351819
row_033331,0.0024768791655411953
row_036046,0.003120722411541028
row_049054,0.29485843221027813
row_015302,0.03701291775156436
row_022291,0.45146025282878344
row_032565,0.20502469550121818
row_033658,0.2310721066701243
row_004624,0.011411753162098526
row_014259,0.010052486617592917
row_035006,0.0001286848331328416
row_024458,0.12369765385167529
row_021903,0.011282150720789924
row_018630,0.001341942263179032
row_021600,0.01345527315648328
row_016709,0.03137182214574551
row_022040,0.002125043103951016
row_038249,0.012552489732681511
row_033865,0.05134164539979816
row_047813,0.05354671665429387
row_015224,0.007794341311260209
row_004994,0.1812182310233852
row_006135,0.028088405830165447
row_020142,0.7208599614470257
row_035963,0.020947067334966016
row_019736,0.031165249360859737
row_036625,0.0011384859346350268
row_025743,0.9835191496647802
row_036858,0.13662675177305358
row_025622,0.0018575577034243961
row_003768,0.03463229838479846
row_001022,0.7191156510439329
row_005061,0.4003954567860519
row_043485,0.0014396936927034793
row_037905,0.026198071921238512
row_022071,0.534692115922156
row_036514,0.05208158236541911
row_034639,0.00038543819389073473
row_047964,0.003478035754081959
row_003442,0.9770281692536438
row_013343,0.33166894662153223
row_009361,0.0008869232674189436
row_014383,0.0181801804555889
row_027925,0.0012204723964772894
row_028670,0.62555254957738
row_037264,0.004114253517453399
row_012559,0.28181390408119567
row_011998,0.43261374963042576
row_007064,0.00017065114425789273
row_022746,0.17805494308116016
row_043495,0.005251424492757532
row_039872,0.0001667039128681059
row_024344,0.46709125541005997
row_009175,0.026689254556566542
row_023857,0.14517450027147305
row_039203,0.7089826308115719
row_042869,0.000262464674017156
row_010473,0.07784515055203729
row_027456,0.006948690602121849
row_039694,0.0006031598082747085
row_006705,0.00037842659567991437
row_036587,0.0023381415782611215
row_046207,0.10468623652550439
row_018847,0.04534236921989089
row_028883,0.020067006509069757
row_036392,0.005407827090301607
row_039643,0.005373684364539153
row_049991,0.0025499040157551675
row_016840,0.30067930185927616
row_027644,0.9994733143284147
row_012347,0.27905430522812597
row_013463,0.7616462504888621
row_026449,0.19055553877655745
row_012695,0.7323928736563451
row_031666,0.07977912780026344
row_038156,0.0038446756143563137
row_014539,0.0018192206294695545
row_043501,0.08241136038160532
row_039534,0.8324905798649334
row_032659,0.07383628001308715
row_021228,0.00021014906351731432
row_001146,0.001386136745449306
row_030284,0.0703585694013751
row_037301,0.004957389973621449
row_033490,0.05661672957929895
row_020299,0.6622191863205424
row_009082,0.03703158382094612
row_030043,0.0036601438768134476
row_022857,0.22800793388938728
row_003026,0.0013018410020167706
row_004479,0.00022680934876774783
row_036512,0.0012321279025764781
row_039135,0.6758485192044636
row_034360,0.42681348442053346
row_044238,0.3069944655722437
row_024957,0.0012208865168760095
row_028487,0.0018490002618168273
row_033813,0.35852443351470126
row_039866,0.00047900930646572353
row_032308,0.009880176519927952
row_030080,0.064525418051982
row_032292,0.00961423971043438
row_009448,0.011550875001711338
row_014851,0.28593389352961535
row_018440,0.0083365130757789
row_029200,0.001368185735527747
row_013246,0.0013830153749538332
row_040771,0.010339028285061273
row_041104,0.0009446064034747432
row_024564,0.7303849222715435
row_034341,0.16726860056934545
row_000982,0.0005793330324712696
row_017299,0.05001267798259386
row_038207,0.7683315189229998
row_010089,0.014897131683055842
row_035794,0.5201680805614539
row_033316,0.08997165624402459
row_016126,0.007915037810563776
row_020157,0.004302041552496604
row_007316,0.015050916794403298
row_026833,0.8750864343134416
row_002564,0.0009529275707766795
row_038978,0.0055906589526222485
row_015211,0.0025356053787239734
row_034804,0.0033400025309568058
row_015296,0.00039761068052362867
row_001292,0.9751611279430807
row_015397,0.0009406666664492612
row_048283,0.006199490130018117
row_040038,0.06721424454130694
row_047791,0.014994977319511438
row_045369,0.0306625056767289
row_037796,0.0013913506359299961
row_039815,0.0010535758465547583
row_031142,0.9997313614845702
row_036380,0.0015633542199058508
row_004226,0.008440854401754405
row_023887,0.07793846634520418
row_023872,0.0244899550060961
row_018558,0.005461019306771804
row_005802,0.31100858074152554
row_045400,0.025876228701029326
row_041680,0.051371401432067094
row_045214,0.046103223801213414
row_038012,0.0001786523197786836
row_009931,0.006241770757013178
row_042510,0.0153359651505127
row_043909,0.9994888455090212
row_004138,0.9592811980865902
row_010862,0.12237575801488697
row_036956,0.0011307561339432212
row_035709,0.00796303368247292
row_000307,0.9909007295320115
row_019428,0.0006148414949753551
row_022408,0.00033050421420320093
row_006568,0.014318438167172872
row_014553,0.002663043081654043
row_024074,0.01616058091111341
row_021715,0.013961304801347114
row_017482,0.0013858088066529741
row_015943,0.9832944639172324
row_005397,0.08942504428669515
row_045452,0.19467383241236597
row_020039,0.0019716458959621844
row_006066,0.5739377762184019
row_006813,0.055274725100702735
row_012167,0.0036991292390507278
row_045771,0.0019470558577999553
row_032443,0.3523758465252873
row_027526,0.1126535237066088
row_038705,0.013012631178884642
row_011100,0.0032530958733942477
row_005781,0.002576074375041585
row_024311,0.08411628748936537
row_008565,0.6801393728143094
row_024427,0.8483283972400494
row_008617,0.0009695255254316243
row_049026,0.01116249897079274
row_027698,0.016073898876228638
row_029878,0.009312612808287551
row_021072,0.7207602075134405
row_028799,0.0013165359535703188
row_020056,0.00031372902554156756
row_048912,0.0004382204618232587
row_043947,0.04887954857240329
row_001454,0.00450140341041994
row_017659,0.7753883669468266
row_000961,0.8597558342368294
row_009311,0.3466270426285911
row_046166,0.013287458508496138
row_048410,0.0603302184816104
row_009636,0.03509349996881434
row_041983,0.7622768959582975
row_001812,0.000279390368800417
row_002811,0.001740218845720705
row_006493,0.022277103469542744
row_025109,0.0019196433743598256
row_010411,0.3536198798047707
row_040001,0.01573249623546903
row_017665,0.020202710753704993
row_005310,0.05427617440443807
row_007988,0.0013233999185829621
row_047708,0.3382593466330761
row_016661,0.035518762842501536
row_047228,0.003580783469296
row_033297,0.9788081931588521
row_001711,0.0037509956847229845
row_046322,0.013237277089373863
row_032385,0.23100722145557756
row_024022,0.030629799233038116
row_003003,0.07441094233886443
row_045133,0.00046755123688220035
row_041909,0.928893293161686
row_013615,0.0005953222420856815
row_014791,0.0005165612518803903
row_042231,0.05448879539923952
row_045902,0.037673627840633966
row_023426,0.148714062807309
row_045086,0.0678124513342921
row_048207,0.4620663885327405
row_020447,0.0961012095666827
row_001047,0.018745299363474938
row_040203,0.03315595246502255
row_003775,0.20881853994829452
row_039039,0.01505716871539717
row_012817,0.003395204652347233
row_006754,0.015315756224801807
row_008026,0.00017075856193644556
row_005558,0.015223253990668976
row_006785,0.028735722027900007
row_024466,0.002781062572541385
row_013125,0.0022271603083791223
row_031794,0.02618122889034985
row_008356,0.1528431125448241
row_026533,0.07489041730784735
row_027703,0.0003716151143093514
row_011927,0.07113848408739004
row_008529,0.00026032008481956335
row_023305,0.014599481083859648
row_000266,0.040283807309433414
row_043188,0.002228371331797481
row_020861,0.015317923205007215
row_024506,0.435673201988904
row_019447,0.08411911873173705
row_025227,0.04582331239129271
row_038136,0.053391440543176086
row_025705,0.4692604734802262
row_031213,0.9972619983285036
row_001354,0.9622082156428355
row_041989,0.8611055171751052
row_015280,0.22308892839804084
row_003045,0.12357016995340903
row_008280,0.012794418991251418
row_036391,0.002850016123476333
row_009700,0.0014389751501990354
row_031739,0.33089099979937503
row_029137,0.029300433325436817
row_044474,0.017022416433527074
row_003943,0.0028251807338359634
row_040328,0.0565007116640634
row_046889,0.5977627925805985
row_049020,0.0005685533042579135
row_031756,0.38787827899099153
row_032471,0.009988018693746808
row_030964,0.9963763450703987
row_012038,0.2379353101981086
row_014022,0.06543793672393142
row_035990,0.001351827240181002
row_028056,0.02903532582108591
row_029797,0.07894999518917302
row_017193,0.005206379867747434
row_032553,0.03604784911139301
row_026714,0.006603344938663108
row_019584,0.012870388432408373
row_026420,0.009578729775631576
row_040590,0.005482191503636007
row_016014,0.008318792088898753
row_019448,0.03246095153244772
row_020879,0.0008717879605606985
row_013922,0.008713493972235219
row_048520,0.13165258748919562
row_013046,0.00329463233226146
row_035647,0.001160087721714238
row_035241,0.22339069675617512
row_044130,0.06142700142310718
row_035838,0.003972400604823552
row_009823,0.140162313541132
row_036485,0.007981086767841873
row_039819,0.006158537840589843
row_027756,0.004820378650981449
row_028247,0.6491968844264033
row_005297,0.0409758304384021
row_008556,0.003694270348605001
row_045988,0.12907933949291817
row_031220,0.03865044213934789
row_044196,0.007923035169949138
row_019990,0.2631311010864455
row_017684,0.3346247234440318
row_039065,0.2853999865199693
row_017177,0.0021605171015904126
row_029194,0.2271546489137982
row_020496,0.9499063536875085
row_010600,0.4513839263425723
row_030347,0.002857982934124574
row_035775,0.05263563324162724
row_049833,0.0010499310682767081
row_041905,0.04840526042525503
row_044185,0.33347398722333604
row_000998,0.03702559534240105
row_007797,0.05664190443769365
row_002160,0.0027955670864290754
row_040171,0.7401489824006233
row_029781,0.0009216167453015156
row_035499,0.938206976162159
row_045192,0.010389939253082433
row_028060,0.017408822038287124
row_030354,9.328274762645903e-06
row_047686,0.0238078652105001
row_010530,0.10726414770776112
row_020711,0.025098351351315464
row_039679,0.14071617123736774
row_002668,0.0008614658765349094
row_047601,0.0004215029334188389
row_008566,0.0003537444540811787
row_036775,0.022218579884742858
row_036254,0.0391124409415621
row_039190,0.019471176172702928
row_039270,0.5693287679322665
row_006528,0.0072349513566464674
row_049546,0.038332267137636794
row_035881,0.010864279387079706
row_045280,0.0008892312470946852
row_026045,0.001222683463775899
row_010741,0.33359490587899443
row_002764,0.26649771607521405
row_048959,0.0038647707572622694
row_016277,0.005613520218731834
row_046605,0.00041606450675484144
row_023693,0.08271854902280594
row_034572,0.45462034423680164
row_038511,0.9877832271799835
row_035450,0.0011889556353592528
row_024688,0.007309652297148697
row_032764,0.009066834664150616
row_039072,0.007556065423106927
row_013262,0.17878165523650663
row_043203,0.0009659311512951322
row_020117,0.006443617026871401
row_031613,0.004613149974361694
row_045000,0.0477309834261056
row_031788,0.0015543039211616278
row_030309,0.001407011294040458
row_026212,0.5059435520894315
row_040762,0.8908167023258952
row_045851,0.002706444607499402
row_029461,0.0013604495206326899
row_019589,0.0064802503243736095
row_000751,0.9712437856158025
row_025979,0.1881894946972979
row_000799,0.014249377215856658
row_024938,0.0011091853940218086
row_029651,0.9979531311734746
row_044263,0.011495249269214539
row_001461,0.007580647905382717
row_029525,0.018745590604567555
row_006567,0.0010206502737808544
row_005573,0.0010150643508119077
row_044694,0.009688379175723114
row_002437,0.1881152922671568
row_009064,0.009932148827966785
row_031876,0.00246926960270469
row_008802,0.007426513570621206
row_037433,0.9749447382198447
row_013730,0.0029428268916333183
row_043463,0.005278270330294979
row_005093,0.007867244551659902
row_035983,0.0015194679360356267
row_034759,0.0013819519715919046
row_040847,0.0327174519829719
row_003030,0.021681191983941455
row_029346,0.0011832718749137925
row_039693,0.025201368197121946
row_047706,0.09656519570553754
row_006920,0.000733024124474776
row_005213,0.23810550335135547
row_029709,0.17402581912074447
row_001211,0.000890348209307659
row_015202,0.02478208071110135
row_010756,0.011176567315954677
row_048354,0.5404732215135643
row_045246,0.9175321555613374
row_029359,0.9657277235614732
row_044562,0.9955630833519149
row_011855,0.0021606262430490355
row_030916,0.022266918177895518
row_011701,0.0027128638069066503
row_024250,0.016387690366952607
row_032894,0.0007986840467355978
row_043033,0.040926113147726345
row_046954,0.00036008171125389866
row_016811,0.013659782912759719
row_018738,0.40742555060309765
row_019636,0.11856874890251515
row_023081,0.6714858257125225
row_038044,0.004614679917110294
row_027160,0.01100126969678389
row_039527,0.25493643007908856
row_025369,0.00012840422347707044
row_023286,0.015426855893172619
row_017687,0.202667394134948
row_008219,0.017017350145835497
row_008821,0.00026124175234782754
row_019824,0.05672476692327667
row_036022,0.024682346461785652
row_010877,0.005088525454927781
row_040534,0.005317951125582972
row_027653,0.004254993732329935
row_011873,0.0030316055734844515
row_048847,0.00048575700511134436
row_042922,0.026839296824043513
row_001450,0.017699418696421866
row_039996,0.009308804854220816
row_044201,0.0007462204634151482
row_000991,0.018177650726272452
row_040105,0.009851672730738777
row_045764,0.9957105037288004
row_037658,0.05786405782156479
row_024945,0.069613384258923
row_011322,0.02016879831350646
row_038386,0.06227677244539963
row_004542,0.02323889252559761
row_027204,0.002136406553086016
row_042817,0.4760315153169597
row_037045,0.00919831438444075
row_038952,0.0022056103328944934
row_033332,0.05956228435884231
row_019610,0.35820484091989313
row_037469,0.07441381981528658
row_005436,0.0004244528338053574
row_018810,0.1510744106846214
row_007353,0.012995147205833495
row_015995,0.5316236115751931
row_049032,0.0018038219508394837
row_004208,0.0015607947036532883
row_014504,0.00426561297916555
row_020583,0.001794600322955539
row_028959,0.9984568277692656
row_023384,0.2790077683802183
row_011087,0.012354979730700929
row_016029,0.1540878833443122
row_010179,0.15632123267841264
row_011708,0.0003320501023611345
row_027478,0.0034423788741330527
row_043577,0.0021089783709777074
row_013967,0.029895512392736037
row_049124,0.0006686537418618026
row_023104,0.0011380049880897677
row_032650,0.0027759361190169236
row_006009,0.3437220667855959
row_006410,0.15531672101719338
row_032975,0.01140666109836645
row_018954,0.04312917628050413
row_029866,0.0514234941914154
row_049364,0.004309155927317096
row_002285,0.0040668183566326946
row_021522,0.9719228928675798
row_029492,0.333551790377437
row_001395,0.10857021009980511
row_049085,0.006480753592184151
row_042935,0.372914326718233
row_004175,0.02477879605322475
row_017114,0.8689827081464543
row_018925,0.03019075431755877
row_038433,0.43502309449670135
row_012431,0.02189500343462052
row_030662,0.011806880484629342
row_018337,0.004433543669320007
row_014271,0.012187730090338689
row_002521,0.000560639351426879
row_014037,0.06960394914221311
row_010431,0.010151185500456048
row_034025,0.0026900705426971603
row_027098,0.014260134941729265
row_025670,0.1568590686156105
row_039395,0.8400177565989999
row_025610,0.008551303220935084
row_037221,0.0036341004616411094
row_032253,0.0694196975869641
row_025293,0.0005201395988956993
row_048007,0.04393971947279429
row_023440,0.13280687309492129
row_046481,0.1277773991975285
row_014086,0.021323876945471065
row_012664,0.004179120798903095
row_046996,0.028571004120860964
row_038122,0.5177862852870655
row_012039,0.20146234829533716
row_040185,0.06987596626739881
row_014876,0.0012005973719101258
row_032099,0.0003176950859315068
row_028863,0.03209081551029742
row_005605,0.001285704981383339
row_033964,0.00989497012971307
row_007513,0.0014959696069717122
row_029802,0.017670723682563196
row_017449,0.00017420573967090366
row_006376,0.00042397040975209957
row_033307,0.00032928501631067185
row_029640,0.003727290893262695
row_025472,0.06415166720586823
row_008857,0.006636245960900698
row_003710,0.15036958873250653
row_014130,0.0562726340068081
row_029163,0.04201186091703219
row_018743,0.43508775056813825
row_000676,0.041173330456896355
row_025410,0.000646886307962077
row_000222,0.9924513612195159
row_024027,0.015018053372212303
row_043343,0.9984416429968752
row_007701,0.2766569984964853
row_025122,0.03306928363001114
row_014700,0.00014975298304483554
row_042967,0.03086313524358404
row_000463,0.04566468744443291
row_030756,0.032148245375928905
row_027663,0.03694116059091532
row_016282,0.0013839324672975252
row_025865,0.002938305883491434
row_019694,0.0012326862281186151
row_008779,0.18666082941758771
row_018990,0.03616684941150031
row_044718,0.0013643765918997066
row_049376,0.07993491931547253
row_003336,0.007673341336116517
row_004433,0.005073477697502258
row_029357,0.21075166688400115
row_003111,0.0004080359150197742
row_041584,0.007125667157384214
row_044092,0.08802634929818264
row_039879,0.012321075912090312
row_021185,0.47163160043303365
row_030491,0.016110282217362975
row_031777,0.0009676902529635027
row_048938,0.5091127017132633
row_048489,0.008439807516659351
row_041076,0.8135758729853202
row_008067,0.007274903127283879
row_043959,0.005080125868539639
row_017965,0.01294950526808223
row_030132,0.08067645106293204
row_021542,0.00019104103128982097
row_025403,0.0032089649852128175
row_012978,0.004585925836445789
row_038101,0.0005754610536601593
row_034318,0.0015987223825050197
row_013132,0.10545023090206707
row_046529,0.5742483949281336
row_004065,0.46859620943373465
row_036733,0.020469361280513156
row_017274,0.8168937820435678
row_043198,0.10964032116325678
row_004233,0.6414956044574678
row_046480,0.20372760371777512
row_003504,0.015461118547323483
row_032453,0.050419457695514217
row_048321,0.0040530398987091865
row_047122,0.0319521664190173
row_017725,0.009384256789519393
row_043350,0.0016348757105310403
row_034223,0.34393345817906196
row_004192,0.002499163818020484
row_009562,0.13061251309240351
row_004475,0.970259715432531
row_031899,0.958437357047835
row_038399,0.09802987473185176
row_030336,0.007166220306639588
row_010535,0.018227316514672832
row_041765,0.028771196750426782
row_003117,0.04342352467727398
row_021331,0.012604683459662503
row_014229,0.013325451840947439
row_022797,0.3194558464756503
row_026375,0.08704686369974712
row_035586,0.25840157228736726
row_017522,0.2634262422152133
row_049160,0.006213933959618639
row_049480,0.4846379407238263
row_007892,0.00779114331914047
row_002925,0.06802875594974173
row_014101,0.000464384630494429
row_003233,0.0006987402873655989
row_038370,0.00031183676549159694
row_006039,0.9724650993642403
row_043179,0.15583283597209466
row_006784,0.023697509401730196
row_048749,0.05413430322795522
row_012891,0.003065233079042903
row_028467,0.00098778338115692
row_029454,0.0035385919825459654
row_029990,0.27574453180003067
row_011169,0.3456755997537765
row_018824,0.01791373329012877
row_016805,0.840220760261267
row_023989,0.8408692816423765
row_040823,0.0016137947322598855
row_028302,0.0015003295174202543
row_005094,0.005182676038876585
row_014443,0.0017184726010573035
row_043863,0.0020731461922805557
row_035434,0.0003438541744117397
row_033724,0.04996562898811131
row_036665,0.02647194725793696
row_003449,0.002355266430700968
row_016967,0.0034023455886529417
row_000317,0.007436408619580838
row_026434,0.002641112884032741
row_019767,0.1324603363408137
row_031125,0.040369531388171204
row_023785,0.2358737414129049
row_028338,0.7272108022694035
row_040689,0.0013931405784712366
row_018698,0.017438781615715226
row_028875,0.022761516835645597
row_015337,0.00020798754436249478
row_005118,0.7711270753030464
row_015719,0.0023215943861446763
row_048390,0.01631951217402743
row_007029,0.00031931050380396356
row_049399,0.00290713120357208
row_007495,0.38583110504603535
row_025266,0.014585410007647346
row_032472,0.871757131027772
row_016116,0.3450612411859517
row_034483,0.8933519331362019
row_026873,0.017127208617722822
row_038022,0.001231823062276009
row_010660,0.13653874480312617
row_003424,0.009626950256872402
row_000290,0.5790332452155109
row_021061,0.3261656582843258
row_023847,0.00151969646033409
row_004986,0.07666899941597821
row_023584,0.00016638726559247923
row_000258,0.10687764863209634
row_048512,0.6083760645656043
row_040658,0.04582705261502327
row_038419,0.00589502596892414
row_008127,0.020013624287506394
row_035795,0.0005451301511094373
row_038414,0.19459234145741394
row_036395,0.0044411373854116205
row_048431,0.00017513904748029638
row_038686,0.15269282580670554
row_037640,0.007089137494129748
row_029758,0.14683188536404523
row_028344,0.3427635971989702
row_001304,0.014377035281872522
row_019213,0.04850489040705643
row_012676,0.01282842274577588
row_018938,0.0014643214751466588
row_019867,0.0015806880722480084
row_034376,0.005153096060874195
row_003821,0.01478889903008463
row_017750,0.8095665456482939
row_047710,0.01885232928793722
row_027454,0.010672010006641709
row_003793,0.014708452143517039
row_028360,0.010216443262670927
row_035051,0.00484728362683071
row_019451,0.0031788463754339243
row_010458,0.642414545451778
row_006840,0.011671740882934444
row_015984,0.6924210564164042
row_035815,0.00824550173076968
row_030438,0.0005802858999368302
row_029997,0.9984680316191161
row_032269,0.01864688840414719
row_028684,0.002664510367828551
row_014650,0.0017464903018382103
row_014132,0.000624031011895206
row_019391,0.021796736595911453
row_023450,0.0009328508394411244
row_001556,0.00011494406139234046
row_049644,0.16704204743853923
row_045465,0.027967860567846982
row_023969,0.009803154908010711
row_020683,0.4700161508226951
row_010646,0.1404395791230466
row_022301,0.1391435283385638
row_026264,0.06977996462108817
row_029168,0.5358082967021021
row_037912,0.005747602670162498
row_028071,0.6266644367891505
row_039033,0.9550515641710271
row_005049,0.1307297702221932
row_013153,0.010890881528846041
row_017709,0.046291665592342546
row_028526,0.12161230993888233
row_042778,0.6889375566117717
row_014994,0.5620659846375914
row_039711,0.8055983322214606
row_021582,0.007378357332175395
row_036844,0.02163865555916567
row_012435,0.437273620896566
row_036864,0.01084346160922452
row_029424,0.0304658811664796
row_028527,0.011100089942874961
row_027133,0.005103912583879873
row_004142,0.0007269744654157812
row_021299,0.07659019807688275
row_034059,0.006033737310617544
row_002020,0.9600366208191293
row_049491,0.8396317949001153
row_024965,0.08506923706829139
row_043484,0.015418637291530491
row_004738,0.18156148566369704
row_026824,0.0008481616398845304
row_034458,0.01040614247797593
row_029831,0.2053967615685473
row_023074,0.013938358342461162
row_022722,0.004490989517649761
row_034267,0.1077044019393128
row_025925,0.009128527445426965
row_025675,0.16065030893741636
row_009712,0.008559854850498122
row_008404,0.026596310811847344
row_017206,0.00025053524369338185
row_035707,0.0037367157130930913
row_009338,0.00026655450837798913
row_041425,0.006563115467514433
row_045403,0.013754456708779006
row_037050,0.4368965471359332
row_046422,0.0017914485715775225
row_022800,0.8508752301881737
row_020417,0.00028237217421728516
row_005999,0.4655001298177217
row_007841,0.009222887921470769
row_035716,0.46775995077323695
row_000816,0.06182356386200343
row_033061,0.0017394111424549503
row_004038,0.026419912065537867
row_031761,0.2370968409719854
row_036432,0.00631408132612294
row_039058,0.03332554798200581
row_021990,0.07263944144097836
row_017870,0.13685000829534494
row_003619,0.008634010356508182
row_019183,0.04893194199524427
row_047303,0.0007878145451947316
row_008623,0.01251280213109802
row_040961,0.19807493766065654
row_018448,0.14601588036227017
row_019048,0.0009673874124536419
row_038261,0.048341697038074685
row_009247,0.018709534274858948
row_041534,0.2331940882471333
row_025661,0.051198430315260196
row_011046,0.0021749350565603144
row_037150,0.0002438670337300171
row_032568,0.9998406231252666
row_006961,0.02274023796964724
row_029690,0.5205323850129735
row_020433,0.05533950961922254
row_002826,0.00266583424424952
row_002617,0.00011809552475398571
row_040949,0.24379273699164283
row_004187,0.08509656501587377
row_030649,0.16631179611890212
row_026947,0.05355419431868867
row_017459,0.031587853002499514
row_008887,0.012497915187331357
row_034874,0.004258435299922406
row_033096,0.0007114205258697707
row_030997,0.3622696182810236
row_014852,0.008753005423443233
row_042222,0.8082899976818751
row_045814,0.009761535235687591
row_027335,0.0029976734036531076
row_027193,0.5736993208716736
row_022459,0.16872880255842418
row_010899,0.01666496697301098
row_020124,0.009376488099084776
row_009340,0.0025549759184680465
row_030806,0.001960249275635269
row_003028,0.00206725287719444
row_021001,0.03311336468498278
row_048636,0.6776031119095691
row_018943,0.00596637270596571
row_047075,0.005724015361989453
row_028868,0.0031393033368590203
row_025688,0.08833886226150993
row_023110,0.0014208455422652943
row_017556,0.4940590937222745
row_023959,0.002075320981638176
row_006388,0.9731094585509474
row_004215,0.0004383306817166879
row_026081,0.7101082780569181
row_029322,0.006795242810581251
row_018613,0.9352309188461521
row_041292,0.013168915268663112
row_047778,0.07406422221465436
row_010578,0.0037863397920617874
row_038650,0.00018869242979371978
row_018732,0.05784486276981013
row_027870,0.24339914991681133
row_013320,0.10438863942869507
row_029274,0.00017457558414328865
row_027095,0.1240723551263945
row_021391,0.021298751370148316
row_035370,0.0058423573672331825
row_047691,0.003485619249675771
row_022411,0.4668112989781421
row_024572,0.019319534254541255
row_049597,0.0018870402848584129
row_008331,0.0009506589343881695
row_000362,0.006482777971655938
row_037625,0.8586299110936236
row_027276,0.0011689102387143616
row_023995,0.2164584973721141
row_040002,0.004782828880310822
row_043306,0.2961384453619347
row_030196,0.04381914362601247
row_026969,0.13201677870405107
row_013029,0.02559215571991358
row_013601,0.0028782020495977585
row_015413,0.00035173652329985544
row_018928,0.5315651956734315
row_046772,0.05561014212535595
row_035509,0.02008854965334949
row_014415,0.003214886241464292
row_044419,0.002958257060201609
row_039838,0.14468408523203366
row_011991,0.9911628353072934
row_039562,0.018169191269100913
row_021612,0.0008646934786011706
row_049933,0.00020865523413769532
row_046013,0.0012604528373555209
row_032743,0.0552712357771533
row_041100,0.044114782231557875
row_000254,0.11152576255652782
row_038574,0.2846220913957726
row_049769,0.006403602511224974
row_032763,0.00840783188542
row_044632,0.0004356724972667754
row_032569,0.27160322570896145
row_001945,0.04685965264747287
row_034196,0.0011550354562903254
row_019265,0.9852559746019565
row_010682,0.44146301108208336
row_026686,0.07211345863920876
row_005026,0.0038217077590592596
row_038822,0.0011018626178366695
row_017493,0.22231624981858422
row_016337,0.030718341039436735
row_034938,0.10786942923688413
row_018800,0.019156380801318887
row_020052,0.41504847004766454
row_005886,0.009735020722173093
row_048215,0.10922707373919611
row_038895,0.25225896245186163
row_026219,0.0006974041891074988
row_029560,0.015578330317651348
row_005189,0.06837488679318496
row_019770,0.000422998510172768
row_009000,0.002472078244779089
row_016503,0.5164466102126993
row_025773,0.3461649539456151
row_006967,0.0007324206644736062
row_032179,0.0019688356077938894
row_041858,0.001448276764673984
row_030198,0.14885994939990402
row_025833,0.18799649144557457
row_031625,0.010814499578028484
row_020295,0.003176526451256878
row_032425,0.006564704167903239
row_006219,0.31151985027596285
row_002648,0.1802606078797053
row_034810,0.30537893879427513
row_024104,0.0030509366206986008
row_046545,0.5396147187374614
row_026768,0.7842659685583595
row_030271,0.007670383846451862
row_024093,0.004910226188168588
row_037289,0.43821609104231907
row_040786,0.07415151923012381
row_022345,0.0004158222787214896
row_020597,0.0007000266991658804
row_038225,0.05598097256336626
row_030444,0.005202972754416937
row_032288,0.17981563641935874
row_007800,0.007427635670450566
row_017841,0.02008259958168265
row_024910,0.08944106418171385
row_005977,0.013017138810229988
row_006021,0.03690177661428157
row_049205,0.008053761953673681
row_040898,0.0006530865995232589
row_043002,0.6633148122682403
row_003655,0.0035345201432768424
row_047926,0.018816494265041842
row_012103,0.004365368389975624
row_022069,0.004169911712460058
row_009679,0.22083977646407946
row_017437,0.055369931353321834
row_018428,0.006517624158338475
row_037684,0.11187205426213734
row_036980,0.005487531001676484
row_037906,0.3087415836314596
row_004848,0.09428163895682973
row_045564,0.14896060934876273
row_049237,0.0006891868894847404
row_034761,0.10483787662995186
row_020548,0.3071080079628902
row_024030,0.003038636783411283
row_040077,0.007657545501468389
row_000768,0.00043012634797661315
row_035931,0.024362065528649557
row_008685,0.009995555859940948
row_048803,0.49231874380598367
row_044961,0.004894869739520776
row_020590,0.00020212430152144754
row_025132,0.9378544650085479
row_007080,0.005007060488170177
row_018257,0.03351613794688086
row_014662,0.8002192876381298
row_044122,0.025287049525224287
row_007392,0.538508892535952
row_039150,0.09285809108573212
row_029478,0.003078168546599211
row_042169,0.980143979590018
row_049571,0.0030005426672104845
row_023497,0.00230563672408204
row_004881,0.25185198603650427
row_027767,0.0005316611396883801
row_007647,0.006802967610777299
row_012488,0.2703995556599085
row_039674,0.0019840605891009136
row_037055,0.11905626079311044
row_003453,0.0481163724774286
row_002046,0.9883717584855944
row_036106,0.1025976712952587
row_014489,0.15228006064016072
row_023024,0.57698499030999
row_046251,0.12828725631693486
row_007243,0.8138304949525423
row_030586,0.06263400385603402
row_026709,0.0013628310340654847
row_049411,0.0004245758520173297
row_019776,0.000588954704898703
row_041013,0.035878972845392314
row_029950,0.02492801530225535
row_016761,0.13061748077834445
row_017392,0.10319880009875057
row_016034,0.9335884001372774
row_031070,0.0024282899062667103
row_012826,0.5908472174742222
row_012751,0.0004080487172116044
row_040768,0.12947980814625076
row_027266,0.031188403971733152
row_003752,0.03233131857898952
row_043966,0.008056954949909313
row_042142,0.07774292352650825
row_037329,0.0006836866494847637
row_021193,0.8618476695774668
row_043358,0.02037767662440368
row_000996,0.023764530282810538
row_007200,0.2511671876739475
row_018569,0.9058353990319756
row_017552,0.005165682296439695
row_026688,0.0063472118443695155
row_025321,0.0022044288265657967
row_003128,0.14009104034664838
row_002426,0.019292944100272467
row_017925,0.00015145067486738942
row_006441,0.001150537836378399
row_036540,0.0003565779240656871
row_012010,0.047064321192761535
row_020802,0.6911854923796106
row_028466,0.32854150275318433
row_020858,0.0021157501226936417
row_038790,0.9268304818783898
row_040533,0.999463718141429
row_020277,0.22049497480637129
row_022870,0.0007642672376351053
row_004633,0.03093122780434298
row_008934,0.9601666072995347
row_011782,0.015411097542964533
row_002080,0.4646176049589043
row_033014,0.1613099736651089
row_013100,0.07137006755432872
row_026521,0.010345788209768815
row_047103,0.0009391643713522739
row_027399,0.22367671873519193
row_039940,0.015839448410642283
row_029965,0.010782659867765144
row_046076,0.01770542982485785
row_021442,0.00028200147349524696
row_000331,0.6850035630521323
row_046470,0.1411626397687773
row_016497,0.00044482776211665826
row_007502,0.011017937792427875
row_006581,0.005438692141436937
row_024671,0.10279347460783983
row_041876,0.9480225125509908
row_042841,0.2414745005064834
row_038429,0.0015538254751644158
row_048638,0.7008327304749582
row_029608,0.0018146657435487927
row_036436,0.00033178356689485874
row_012571,0.006209333181524495
row_009333,0.8881456640756793
row_027643,0.7301868664059721
row_039633,0.0001874710497570505
row_008743,0.04395411118995633
row_014773,0.17687378894806394
row_044075,0.001645619970065006
row_000138,0.06339318316811249
row_031422,0.03765387187993282
row_016434,0.022394414664494187
row_021379,0.24559288023448841
row_003662,0.07909942435649195
row_030873,0.032606257268374995
row_021609,0.00032234329050661616
row_034386,0.38475161340652186
row_041417,0.036577753216755785
row_036541,0.0031988252195993445
row_037140,0.002734902145896356
row_004734,0.9736302114656366
row_000184,0.021952254010802072
row_025636,0.020353634738435353
row_034187,0.08611399053620312
row_046308,0.0015140110250379617
row_019985,0.5308091907740641
row_008044,0.0035880340403159185
row_001241,0.1708631022194223
row_010273,0.9451993158491916
row_018564,0.0034329328081594227
row_049378,0.03548305545715396
row_014655,0.00020157094470359233
row_037246,0.8295014794312767
row_038573,0.717273455918779
row_044946,0.9914500737511701
row_033019,0.10962208383156831
row_012193,0.0024090901107521653
row_038107,0.9750003824447282
row_034517,0.05905241638149936
row_033544,0.9752689752191319
row_019382,0.021508086116367654
row_041102,0.5519676719247903
row_006943,0.015981860386847613
row_032780,0.04463668515653192
row_046871,0.08640744486152441
row_049693,0.010625180175428375
row_011880,0.001509295823016055
row_003223,0.04019283440192563
row_044161,0.0024983204047506077
row_029820,0.40764430548895747
row_009650,0.008475979078546905
row_002540,0.0011271251793179035
row_015858,0.006422122867043987
row_026386,0.007926708251514545
row_035071,0.16766806906109694
row_005988,0.27855448692570467
row_025393,0.6796650020936168
row_047910,0.0017673179020683476
row_022623,0.21317099400754314
row_043185,0.0099198935643263
row_026726,0.03665373882015514
row_005582,0.6608127253936165
row_022391,0.07648441648475918
row_026443,0.002062778042634205
row_030252,0.38779516195940006
row_027520,0.00034350471882538844
row_042818,0.8997480860211372
row_009462,0.0620814561998522
row_041387,0.0027306141686386717
row_001800,0.5654087444284452
row_014530,0.007107029244228335
row_015733,0.00031374719165560075
row_013978,0.0010932567622983721
row_017194,0.00047609306436940794
row_015136,0.025031193442575806
row_005680,0.005326552962925301
row_008177,0.01468567523512926
row_012555,0.2017395205307696
row_049014,0.0015541504577836062
row_032407,0.010675538698903066
row_000664,0.2534250732043638
row_039936,0.021766676925410424
row_027465,0.08583836044949444
row_046360,0.03380938105607582
row_033157,0.14665790270348866
row_034266,0.3426730817741421
row_038002,0.973845039130961
row_013986,0.001953619449507899
row_026968,0.04259806215904209
row_023400,0.006780432900748975
row_013008,0.5240044127509984
row_037603,0.01745538306725752
row_017018,0.007251546120893336
row_000393,0.09871206346445618
row_022100,0.05166042968869015
row_041487,0.024373347058603133
row_046636,0.038714887702389324
row_043989,0.6686797968427647
row_029512,0.010868501640680723
row_003869,0.06321172563947695
row_031880,0.0011075279802984363
row_013676,0.000288664239721317
row_045358,0.0039733569208702715
row_005797,0.03709599102508581
row_044862,0.2817222784358144
row_038549,0.9953312266108346
row_010109,0.2856781142655594
row_012924,0.07446175759899377
row_002323,0.02071948553371084
row_028581,0.9184404437425098
row_032540,0.29341886778336934
row_009431,0.0027120830514817704
row_015539,0.0010837131574551666
row_047365,0.008262935333978028
row_033179,0.2489201902064001
row_013703,0.007033360378118355
row_000097,0.031639000856564695
row_031605,0.014286277956268446
row_000656,0.02794314179793904
row_049166,0.0007106790744601165
row_012474,0.26637242982141135
row_030232,0.015570369393052938
row_021440,0.011592841595023894
row_015618,5.925540310036589e-05
row_034676,0.04429461649709727
row_029232,0.2648931283921317
row_002552,0.13478800209942585
row_046020,0.0021053798282150097
row_007937,0.0012089233866008342
row_022974,0.0919731664576881
row_006205,0.6758068102725945
row_048338,0.04941315727949197
row_024321,0.0009791818957246901
row_017473,0.9597190559190538
row_041362,0.0050131347750295655
row_018825,0.022866770102243677
row_007369,0.3113145149781803
row_004110,0.0013759164328107057
row_022012,0.08333010020621162
row_007407,0.4867414549026703
row_017917,0.001193152855403899
row_034592,0.007797710157441527
row_045766,0.9889555276543834
row_022452,0.7695296327780887
row_045377,0.6941650768247558
row_049914,0.0483307613504841
row_006866,0.8176854835450855
row_031117,0.0032293118006861935
row_031170,0.014737824640138805
row_034939,0.1374604184599349
row_012228,0.009387005882171725
row_040982,0.006823156175183991
row_005075,0.00011205895264733861
row_023026,0.0022377712415273298
row_014966,0.000155196819369011
row_011324,0.00019723918643985844
row_029819,0.005381106265543537
row_008282,0.9592705952143096
row_016463,0.03563497320757201
row_019366,0.025571500499862395
row_016175,0.03522621809700362
row_013116,0.9417209434060371
row_045528,0.0002970328547735108
row_042890,0.590699406031973
row_031929,0.012881954893696933
row_016975,0.024019780067277972
row_037047,0.17121152632277614
row_033729,0.015221389774474268
row_034324,0.0009082315028234543
row_018769,0.12395232321888078
row_049208,0.005772065925623536
row_008365,0.03206947015747279
row_031263,0.14322805720029155
row_023503,0.2199746526945363
row_019402,0.0019954887428540475
row_027050,0.010504370233415987
row_037171,0.009315139643056941
row_001162,0.017896902479095474
row_049429,0.04410303841009
row_028817,0.16809039379517976
row_016023,0.01933858348749419
row_039987,0.6986273143010523
row_041247,0.12395036196195915
row_031102,0.00043561675397508614
row_017517,0.0036497377290623436
row_003999,0.004233162614953422
row_025609,0.009734108128581831
row_019360,0.004219699959466368
row_006885,0.9361588796823394
row_020626,0.0004220693921124927
row_012011,0.9738780293603246
row_000502,0.006781701764057133
row_043597,0.10936310929605642
row_038628,0.008432123493876089
row_015000,0.003258874527789999
row_038863,0.03577530569489389
row_020091,0.07753475913169267
row_007045,0.015232329780246955
row_026401,0.2996968892652685
row_044114,0.11361332396225896
row_015445,0.017547981923419227
row_008396,0.011362191980351582
row_039115,0.08194284921487996
row_021039,0.08804925589504581
row_018654,0.0071296973060133075
row_023590,0.0034280685521582877
row_036839,0.9941365766348792
row_049218,0.019676631331725508
row_026223,0.9630692088622674
row_012152,0.009438036373024192
row_027960,0.005443832470113234
row_001318,0.002596865714560607
row_047932,0.5810692393647197
row_045336,0.11345157942622017
row_019206,0.0014079420326488432
row_022880,0.02664162255118322
row_009615,0.000869444700332949
row_017287,0.020387634576257314
row_039462,0.0205358083609574
row_021823,0.13492380527016162
row_001322,0.0006046379951147294
row_023631,0.6645714819455529
row_020304,0.01879028391673481
row_017300,0.002785022571692578
row_026437,0.0032701690317740364
row_011857,0.251571519043338
row_026380,0.1815596156448101
row_048190,0.08690605962405874
row_016243,0.012500551890069746
row_025691,0.21327545147766497
row_045395,0.01880854259126361
row_042183,0.01674493792070253
row_015267,0.010730633425590908
row_017370,0.06066747857395134
row_024225,0.17578891388645243
row_032832,0.9991060816206152
row_037919,0.0022533718773130634
row_037215,0.5935736603099574
row_041006,0.03755903691892241
row_005113,0.023454541969241044
row_013359,0.0002219503850350357
row_033700,0.8707214058816508
row_008929,0.5349029180431288
row_026211,0.007838996252103454
row_035413,0.4082703871740896
row_026084,0.0012688833593654473
row_022592,0.05354644208310649
row_016532,0.22881955725385655
row_036371,0.01596706234137456
row_030262,0.06453115760807016
row_048799,0.19514619995635996
row_037319,0.13706088719635018
row_048511,0.018755232805920646
row_033664,0.00019511157229159132
row_008095,0.013641346597553866
row_049942,0.00847419099597813
row_010480,0.9508786921252492
row_011989,0.0008873909339617357
row_025991,0.0014557674653066406
row_028475,0.24868136014614553
row_026621,0.17622063451278983
row_031734,0.0006008132826870287
row_042182,0.017721049836946764
row_023775,0.9835672989034039
row_041490,0.0033274679856082953
row_030289,0.9502933216011696
row_049270,0.07817766748105906
row_038757,0.004679921000096199
row_008188,0.002494425594896853
row_021646,0.016288525725445875
row_039953,0.002711669726036864
row_021963,0.04045590840863976
row_010395,0.5085147416096514
row_044690,0.057783237133877355
row_003488,0.011473667962200118
row_027107,0.009631232951898517
row_032770,0.08738842770128276
row_016362,0.0025585638202628327
row_003086,0.26899940306018055
row_005437,0.26455352418508776
row_045335,0.030348526781339057
row_040367,0.015705305785750766
row_030393,0.9570260152317787
row_044661,0.0013565612371032787
row_046891,0.8768264201737955
row_022869,0.03453446308276724
row_033499,0.004233190831846362
row_008264,0.009823820484273185
row_005108,0.24743939348459693
row_004162,9.147348796342114e-05
row_042605,0.9988467498836576
row_034785,0.019216770626080806
row_040008,0.001998906267362043
row_009162,0.0034438488716767163
row_025824,0.1322437167360791
row_021972,0.9058546291118419
row_013882,0.0007254342622178742
row_024326,0.0399314031060227
row_036513,0.05289826095089177
row_049995,0.7379144793851506
row_009146,0.8958460446218808
row_000927,0.05299995682505405
row_001017,0.008921043145966038
row_002936,0.9992270915567953
row_049113,0.34136268502282163
row_010498,0.017822338095565163
row_012302,0.0037191467822045576
row_015813,0.0006371672412945999
row_020462,0.0007218070173343129
row_031259,0.3598004725365906
row_042068,0.005503620314551882
row_001422,0.2591054093565134
row_035258,0.010944110182095667
row_038723,0.0019753205859066396
row_006023,0.00268463082660816
row_020279,0.017035822138829166
row_031964,0.007137999789817156
row_037574,0.022070960716802562
row_017434,0.7711701657455341
row_019562,0.06591345587222917
row_022191,0.006623784295316128
row_001787,0.677623703520779
row_047469,0.321260955739312
row_021408,0.00649863302558954
row_019983,0.30701146298918286
row_044766,0.004135751675553009
row_043012,0.0024804866558564218
row_005754,0.025396865897553685
row_023581,0.00031014129125632076
row_047464,0.004427373145746103
row_046741,0.004957900717113925
row_001578,3.1561933074075034e-05
row_024645,0.05889581584738465
row_011507,0.03985124605796181
row_044110,0.017422525174708457
row_017490,0.0021533004835255737
row_004282,0.025039487212073448
row_027898,0.0014813766240895005
row_004004,0.041845389313690064
row_043396,0.1418273583700492
row_028395,0.26365910457420527
row_032915,0.009828787905191809
row_013633,0.005014066801426728
row_037976,0.028412124922617566
row_016115,0.9257654970735738
row_004541,0.012494870380462273
row_001667,0.008531597409116423
row_021330,0.12876697737876955
row_020484,0.06624248510335437
row_044319,0.4004004328815741
row_027862,0.01003371938653625
row_041024,0.00048634954656244256
row_042227,0.004886010253694493
row_025071,0.010118661401684737
row_007846,0.9847273387843369
row_048371,0.07012819044290393
row_013907,0.11229420676906161
row_001128,0.0025654626602543574
row_004354,0.34922413934056534
row_026251,0.0005006990085527296
row_045544,0.018233705847782167
row_002637,0.43606516215801694
row_029567,0.30849293684889023
row_008016,0.059887637707968726
row_021082,0.0022601089321964084
row_042836,0.6678496044147045
row_025676,0.015928989627398846
row_011548,0.0010064813998791385
row_037279,0.0803250849485919
row_011818,0.00427488084461849
row_049310,0.0090747249410346
row_000510,0.5657725563936811
row_004788,0.0008264059508917101
row_002827,0.004199271876184378
row_013694,0.024525739988897517
row_024744,0.9964003727021815
row_018736,0.012308302914230233
row_009796,0.003264962390687521
row_034247,0.16597119523575166
row_039254,0.0020326212410138275
row_031874,0.035148413796901375
row_003432,0.0005460630328070852
row_023023,0.007314752847501825
row_002183,0.9316162414732037
row_015753,0.0026022266029770034
row_048473,0.00026507874134493284
row_009463,0.00040699575090840745
row_009499,0.01276657032451566
row_016238,0.007219889922487945
row_035791,0.8238582013090419
row_017109,0.04665182018114542
row_010162,0.00020893288687522213
row_006641,0.009502413508982815
row_032793,0.01523415122287025
row_039542,0.6439061464924146
row_042161,0.012075410001615824
row_010910,0.0843474163975542
row_002206,0.0011078533686749387
row_042901,0.28010011604271395
row_005831,0.006784170866920852
row_002918,0.009823249739048695
row_002917,0.40902437193358493
row_046079,0.04353983074902831
row_028037,0.12436719077638207
row_008899,0.9428570547548405
row_003990,0.006779988166692785
row_005354,0.20671316404876883
row_000422,0.010743796327868703
row_031773,0.012161327074524175
row_033334,0.005568832063774544
row_048615,0.016076975384768946
row_035048,0.01015218394307639
row_047832,0.29382689439062826
row_012110,0.009986640476828975
row_048964,0.0005449030384064009
row_023735,0.47358815097303664
row_033392,0.4211094409984969
row_043401,0.7390726655303768
row_041456,0.027308242749332648
row_025212,0.0007774934107039851
row_023828,0.01942634293431149
row_034135,0.042695577798954346
row_027334,0.004785861433028614
row_047406,0.006329357110810605
row_033534,0.19516945820486306
row_020876,0.8151608203576272
row_030096,0.8353106752679424
row_008505,0.016790205226764394
row_012441,0.3314737109993315
row_029743,0.47972650361176306
row_003456,0.03590634460133286
row_029707,0.020864227435538722
row_033318,0.002974870612983859
row_038311,0.006132878720795249
row_001266,0.9788962192990134
row_043038,0.005967119560572298
row_019681,0.19049374726649893
row_046890,0.006528160791525241
row_009900,0.28084820083125095
row_040431,0.009747074123430732
row_019797,0.003247358903447588
row_008979,5.6576820932009e-05
row_041859,0.006706545828301064
row_037000,0.02560813393587022
row_034439,0.8631746068617517
row_014730,0.49106931907394386
row_022330,0.07574581271924585
row_024574,0.04922698037587584
row_004408,0.0009690919454554938
row_031632,0.4897139978054769
row_030052,0.9858586255737134
row_028482,0.004345362739198904
row_002272,0.04212293649954717
row_027652,0.8186893960352708
row_048335,0.14609976768215993
row_018941,0.05434563635318582
row_017918,0.20602017677903317
row_042304,0.004195672252088486
row_022175,0.671725107778028
row_041581,0.0039878063740666336
row_030733,0.0015171107213360875
row_023860,0.17958308846116286
row_023054,0.0014161195965361226
row_013765,0.0035663760715961765
row_041036,0.0017922251254679673
row_033512,0.051629784331578
row_001933,0.009865247506745825
row_012849,0.4617480029993686
row_047707,0.09457410600045271
row_030208,0.0029189597772486405
row_030660,0.5437433388012626
row_028851,0.01304818765640304
row_006240,0.007070075861795531
row_014798,0.025471402129353567
row_002518,0.9319054440891121
row_046503,0.1027187795776362
row_009286,0.6136478582635077
row_011854,0.001871595820170499
row_032114,0.7469229018298931
row_027849,0.1221179903861121
row_001401,0.006301821667181044
row_007136,0.003020330317142535
row_008090,0.047457632316311796
row_020847,0.06234719888764757
row_010577,0.20966507515139363
row_006050,0.11593495005836338
row_032018,0.008670977649491865
row_000306,0.3628641933085247
row_028610,0.002490452307816809
row_000637,0.0006963796604966633
row_027923,0.0019500268916359254
row_029556,5.491031446230656e-05
row_005844,0.6178313118566509
row_017896,0.4751562437151866
row_022527,0.14558451858024404
row_026148,0.005262958346791424
row_027738,0.358604244751927
row_031335,0.15640183262959195
row_012500,0.5552697232681554
row_019819,0.011248507743233646
row_012034,0.010250551566209838
row_021380,0.9545369752499551
row_022481,0.002877681454348279
row_046232,0.0025544494821514905
row_035805,0.0059679459518092205
row_041656,0.11276282835342136
row_015068,0.006353339886285399
row_025550,0.44437634901594264
row_017033,0.058617888499662235
row_038583,0.9892070290089596
row_003196,0.0012661876818948453
row_041452,0.11261473625922447
row_008827,0.007458340322020315
row_001333,0.5360157308321034
row_008846,0.1378127176900518
row_024039,0.010066892525608948
row_007303,0.00011998496135556222
row_016767,0.27397925055246014
row_038455,0.019158749379772726
row_037672,0.002990174102077924
row_032654,0.9528390156302566
row_036427,0.005774734809005616
row_040337,0.1604788140218183
row_031618,0.011332204788846906
row_042638,0.002639918068727916
row_036922,0.17942445259182466
row_024584,0.6843475828563178
row_043525,0.0030805911786641106
row_028167,0.0038763703479569936
row_013407,0.2159396630020734
row_032003,0.1417921232994227
row_008437,0.005000249910504836
row_038669,0.03669156970474657
row_002916,0.31389990249842126
row_020464,0.0016402754536092678
row_028396,0.015090627215697427
row_041414,0.16630739678616308
row_007538,0.00246148125442348
row_003181,0.001787173154116298
row_030762,0.005212010979700294
row_012760,0.0036562749375442932
row_035905,0.39102522037794385
row_031867,0.0004873745186148126
row_004468,0.00023923065252884893
row_038056,0.0008082852526546829
row_047547,0.03997456089575244
row_047430,0.017812922664485056
row_049659,0.02011761234593253
row_027704,0.000880482115485314
row_009987,0.2227573989072319
row_047700,0.0003758381670523334
row_024076,0.010457785703803438
row_019748,0.001328156421033312
row_040252,0.0059180619726846104
row_046804,0.275464762441137
row_046633,0.026180364104380086
row_029508,0.04870155629254489
row_020549,0.4792581563892332
row_047703,0.10977888426462126
row_007382,0.002077943982152596
row_028463,0.14771729082384616
row_001350,0.0009568849330238705
row_015684,0.5186001636151316
row_041284,0.0011410629651481402
row_039093,0.023349555643162573
row_008914,0.0034586171985566995
row_001659,0.3323682122539887
row_037920,0.00037290629846333553
row_021304,0.0014348098884364871
row_034366,0.003941507109276877
row_044274,0.009099116587904625
row_035456,0.07598142045522319
row_005553,0.11199276182439194
row_016801,0.2763697326126513
row_017282,0.0013164041320885976
row_036342,0.014216756879000824
row_043134,0.1773623920368972
row_005164,0.4648548513824338
row_013140,0.9934824972840357
row_020095,0.00033231105409694227
row_035008,0.5820386586305775
row_040586,0.027268584485673528
row_028021,0.26526397274742697
row_022226,0.00231327902812002
row_034502,0.0463576367615446
row_036038,0.00020362155601641926
row_013385,0.004815316373065316
row_038439,0.1532565552747982
row_017518,0.0007807674489927077
row_042357,0.004493998942888171
row_022842,0.003710745364702502
row_023734,0.2892532104596512
row_028164,0.0028073882460324336
row_045030,0.11351390551149829
row_017649,0.2908049162873766
row_036578,0.006904167026210663
row_040972,0.0012535896933339426
row_004779,0.004023183697674739
row_007606,0.009572690352785462
row_035938,0.6375861561280528
row_019118,0.032417049906575
row_014448,0.4115093734249451
row_004415,0.3607491944946054
row_045682,0.036639723796566645
row_037355,0.015910976029996346
row_024959,0.9597835238238126
row_015629,0.11573909130332398
row_043027,0.06669993960038226
row_015005,0.9605681618815635
row_029498,0.015925803777289284
row_036220,0.012567897849212317
row_018754,0.05195982580092767
row_026355,0.042497147662851655
row_007485,0.06341289444459053
row_043325,0.015428213969333061
row_030440,0.049962884033032486
row_038538,0.9258842200017883
row_002533,0.030942752579783978
row_046107,0.2654174214475028
row_020265,0.0008759370054893755
row_020072,0.008371399288863176
row_044918,0.007402029732538971
row_044991,0.31191207096158713
row_032774,0.9680466640781149
row_022496,0.1507036185137687
row_007904,0.2153390953676967
row_008477,0.012692911967863776
row_039889,0.0074209055241809
row_002454,0.8427586714003504
row_045515,0.0030352063492078167
row_040864,0.014603893804939693
row_014115,0.06696889157922008
row_035077,0.18172204288426888
row_007587,0.03474031849453331
row_017647,0.5802598145045023
row_037881,0.29713870770949224
row_026962,0.040629763926897766
row_014009,0.002238082076109127
row_025457,0.6676533212945688
row_037671,0.0016530786443831244
row_025067,0.9116560110234031
row_017019,0.038722166818420674
row_029465,0.00010388755810483523
row_030199,0.060195856121190744
row_041407,0.0010790113203869532
row_023804,0.0007349906013308337
row_026227,0.016659084739804295
row_041651,0.017445367138468712
row_040610,0.9456806785271681
row_047419,0.11780578168676689
row_023405,0.09086015193190822
row_012961,0.014925349467967093
row_040501,0.016386661678454546
row_000391,0.8795568112479573
row_030688,0.0022695281289548093
row_043670,0.2380292639678612
row_045587,0.7154541649959081
row_047322,0.8944742944903551
row_030296,0.018898879943096775
row_030892,0.9705725942330263
row_029569,0.011714145998836148
row_028923,0.048339754902367305
row_030978,0.005491643035589019
row_034877,0.0017865430529398572
row_018713,0.042392710010686896
row_003913,0.6143768214182976
row_013550,0.8885069266848307
row_022764,0.001984991378991198
row_047821,0.04357484842292228
row_009775,0.03399263435898867
row_030540,0.002590020966052857
row_027360,0.00739165668846335
row_009907,0.013750283964130632
row_021546,0.006432645723518454
row_027588,0.08273588194850581
row_039044,0.9974986507954147
row_049821,0.002997565860164762
row_022926,0.013342664117922828
row_022421,0.7873398959412421
row_046404,0.0017272285483757427
row_035123,0.00023255271990215988
row_006409,0.004538752944169915
row_012964,0.01891697552829348
row_023973,0.8531285542764329
row_003719,0.014674517271933281
row_002134,0.07984420632324037
row_007534,0.05635688767770184
row_025532,0.010960508903515988
row_012837,0.8627689358468347
row_025252,0.006966809877053228
row_014591,0.08441935889548075
row_026750,0.00013548495605139444
row_012213,0.8364955399353946
row_016221,0.009735423020395019
row_013226,0.00037652567366504736
row_024783,0.680945683483138
row_022249,0.001345561022718382
row_005360,0.3567293968518981
row_036244,0.12296259504397955
row_046161,0.9911152910902707
row_006112,0.031224363927693156
row_023217,0.00014694571912015876
row_039393,0.006215781608523409
row_036621,0.004051984489434273
row_044447,0.10167413339758435
row_048607,0.0002749186730489039
row_014391,0.07706172036040614
row_002606,0.0018084966138221005
row_043346,0.0006884372877636285
row_020245,0.21956845266496489
row_036712,0.21394169817985897
row_021859,0.002661614775669661
row_045797,0.0013894474886346605
row_034903,0.0014919696805670015
row_006058,0.29846926631097964
row_015849,0.0056902430880610535
row_044166,0.1316295835620946
row_035491,0.010858947886826661
row_034992,0.0035524427130502224
row_008601,0.016898988726928584
row_034911,0.002584451423843498
row_001741,0.022708075270355385
row_014584,0.0010862916600184122
row_009275,0.0018523505082298649
row_005786,0.021927686049022517
row_001376,0.0003756204807301842
row_015003,0.015013337294748762
row_003517,0.010994032878370844
row_047930,0.0012382688967551827
row_040451,0.19029430589816926
row_002249,0.17416382711762898
row_025089,0.9670634765925026
row_038834,0.8199464032654211
row_020939,0.0382403651679678
row_018430,0.0453698416617773
row_016953,0.015273385144643058
row_035993,0.0018607359370961083
row_021574,0.004235702441582484
row_025000,0.00800209164348592
row_039972,0.00035051343656731853
row_044856,0.26788670454394614
row_022919,0.10198437812343025
row_022510,0.07342256499971078
row_012540,0.011485896971318013
row_031402,0.002788472464840798
row_022568,0.0007766092276714597
row_017382,0.04751408338893778
row_009711,0.9758846497338229
row_040576,0.017473848719496397
row_031131,0.04086854133228171
row_013296,0.0004987617315384348
row_017279,0.10241708880285186
row_038162,0.026171987782701467
row_037391,0.004694911943000402
row_032890,0.002871402193401342
row_044123,0.198051645983549
row_046641,0.9982923294925057
row_010044,0.008843408176203818
row_016873,0.6920365007154432
row_026975,0.013668238865637743
row_026888,0.048322552842213956
row_002724,0.35694724366016345
row_013197,0.0019078646576812567
row_005276,0.11860501464108947
row_031419,0.019198391802456638
row_006416,0.034774275582016026
row_012885,0.024180491323304073
row_030058,0.008859863408846666
row_021029,0.026079833540716538
row_025133,0.990301607590918
row_023267,0.874070724224783
row_006809,0.9217808320368397
row_037660,0.031044202844370587
row_009813,0.0001645177854090918
row_007471,0.0019729283808610615
row_002339,0.0027472188653623543
row_014403,0.1817242245041343
row_038516,0.04744239463146331
row_021031,0.013468314752505647
row_006422,0.2528755280680458
row_035516,0.000739584188833628
row_016888,0.030485031068589616
row_016752,0.3276263484283858
row_024748,0.020990660322463127
row_033131,0.0018978245729205014
row_001341,0.0014244092273313245
row_034387,0.5058400006904195
row_026838,0.005601830151765625
row_007888,0.15990329326539654
row_020438,0.044730363260527976
row_046259,0.04686365727195719
row_045657,0.5511273635793008
row_008224,0.0013866215147518035
row_020128,0.0009914507403279032
row_037297,0.0013972955318929743
row_040733,9.622946310927928e-05
row_018015,0.6301294735942073
row_038501,0.008227910173163312
row_007682,0.032978563088190714
row_028461,0.0002522800804209195
row_032582,0.00108755631710335
row_042499,0.0029858284117334436
row_023039,0.258121371145471
row_048454,0.002296653701790637
row_015400,0.0009931624133480267
row_012102,0.0035057378417433214
row_039432,0.00010912970363016376
row_045184,0.005261272216335188
row_043077,0.5867062156414775
row_024251,0.022631050878297233
row_017641,0.1326692286573688
row_009421,0.002028742660128437
row_030026,0.0068594856872740955
row_029282,0.6969729588462461
row_033428,0.664158753330973
row_045366,0.9869014929879272
row_049025,0.9942013196768081
row_007109,0.03326369563676058
row_025856,0.0034542188416782915
row_019052,0.01737108159327163
row_044735,0.0011095325974852246
row_008675,0.07144364131623239
row_022876,0.7616145559672656
row_014360,0.49468613926592353
row_012442,0.14350827474057817
row_012799,0.14233392826624025
row_031360,0.007200546507001706
row_017562,0.030212911637376296
row_024472,0.021442391454415226
row_015979,0.0003324279678316767
row_004143,0.0006313888224664023
row_044094,0.36442259977051783
row_017836,0.011753193806646873
row_043758,0.1574475665463715
row_020993,0.5505334971392815
row_007691,0.9968488588318727
row_038846,0.01606020435393108
row_018346,0.4137095357814691
row_038906,0.0678299607991728
row_011773,0.0038417889742314937
row_011186,0.010393311981125641
row_022412,0.0050113057775206075
row_034725,0.15811878420634146
row_009692,0.8166358505301743
row_016951,0.6173333781559625
row_025912,0.0007573379798216934
row_027844,0.0015511326549643672
row_028543,0.008819499952851967
row_005875,0.034872941237075704
row_008694,0.002275233105270854
row_044593,0.004157908710397515
row_004205,0.376927507731563
row_035106,0.4157218888152906
row_018678,0.2942199271635634
row_017307,0.027992877597634663
row_021467,0.1399411933846543
row_019386,0.015854716317858716
row_044981,0.20840782139232927
row_036379,0.020804833826480247
row_040939,0.0006507701424150746
row_043630,0.9455498270026435
row_037898,0.007391761852338424
row_039496,0.03736706661304149
row_010501,0.9908009549124641
row_016669,0.0025578973194950614
row_021105,0.1251398243858884
row_034286,0.9787241868025218
row_027622,0.24372747472694425
row_017895,0.038182218738737186
row_026562,0.0008075870700407304
row_039116,0.23796867508268293
row_038216,0.01471448175907906
row_010015,0.19766541631916462
row_044186,0.9289559659158815
row_027718,0.00819413983036027
row_042065,0.002327364991203994
row_041231,0.009306851946915178
row_014269,0.0010424147336403062
row_009404,0.22440046885105025
row_040907,0.0017287583431171028
row_009019,0.0176279155318837
row_001260,0.3396129134657887
row_018379,0.4254399145267902
row_031574,0.014259746922502104
row_003480,0.41101327045005487
row_018072,0.0002965468507897917
row_028873,0.006028161792641551
row_030285,0.5680451127809912
row_037863,0.01892406816578628
row_003838,0.05203812336696184
row_034975,0.12018242240304512
row_012150,0.9117696755708645
row_013793,0.00933926931557006
row_016022,0.1571887464689652
row_011460,0.0010165810861352139
row_021282,0.03332657158733452
row_005272,0.006957197002484283
row_006045,0.0036235263813251426
row_034749,0.17652239626504324
row_030237,0.09175677447268143
row_023605,0.04468673352198278
row_049859,0.9995357026424442
row_023879,0.004388760238743582
row_010002,0.477796975869673
row_019117,0.024534055121737057
row_047206,0.19192431240895433
row_015073,0.20920498964801926
row_019948,0.2326178889555421
row_033094,0.00024522819897645955
row_002244,0.008418371632246645
row_017333,0.014135596901442535
row_010096,0.7882689287971039
row_004758,0.22162543907033752
row_007292,0.011969242529810306
row_027801,0.004138885374570132
row_045697,0.1661679379398474
row_000933,0.008333232428126407
row_009917,0.04015899265806151
row_022241,0.0016451014279413082
row_002088,0.09597157723187348
row_046192,0.0009701383306694885
row_042518,0.004612929842941368
row_012094,0.21931348421818386
row_021357,0.00881795167442561
row_015415,0.0018730490453505457
row_004685,0.1497473706512213
row_037761,0.8029091796655858
row_018100,0.0017864793696716415
row_048253,0.013327610898071211
row_031042,0.09418390390257789
row_048550,0.02927297277705014
row_039451,0.004400517711611609
row_016149,0.01101490288876689
row_013725,0.0041430615330317715
row_044701,0.016110984679061528
row_033776,0.0038770765741831578
row_006189,0.0020372481650553008
row_017597,0.10626689840975254
row_018731,0.0006923777585061948
row_033111,0.005848570343555735
row_048913,0.0011165909182556176
row_030722,0.00044643238000475387
row_004230,0.000436985074486328
row_005358,0.016685688248078433
row_030937,0.22536035461749737
row_047319,0.043608606250196386
row_015998,0.009311825288182559
row_002977,0.06010041682559682
row_039677,0.0008949403760243718
row_021479,0.0008236838276267
row_043650,0.01827002872607696
row_011313,0.5824219135914892
row_044408,9.123444319790253e-05
row_024742,0.48671684661028186
row_006083,0.03925732412392127
row_003975,0.005570407396272977
row_022334,0.13844242161027406
row_047861,0.012855839543427642
row_033905,0.046387659880322216
row_011482,0.007410034815172623
row_004884,0.9236950566601707
row_032788,0.09395075450806485
row_044833,0.6368827500752137
row_049627,0.0006446388949012581
row_004203,0.07801911554706399
row_024417,0.03297776046187001
row_004060,0.1435693585290729
row_034118,0.002672724754249214
row_025990,0.018866492622336365
row_011236,0.18533327944389738
row_005261,0.0007854178273514754
row_034600,0.00566257561974576
row_029176,0.018111208546427563
row_010628,0.8504484636199189
row_005231,0.0003550016029496528
row_039545,0.019502663706125207
row_018727,0.919612323252755
row_018516,0.7413091061795685
row_001412,0.0029232670260672063
row_044639,0.0008879974894624217
row_032103,0.03377325273802738
row_041664,0.49072326000510935
row_023657,0.07812751831288867
row_020441,0.20526499609525814
row_016994,0.003160064925565315
row_004610,0.030982500628202014
row_029218,0.48717824107250995
row_009518,0.986011790604143
row_027985,0.0046352447198309875
row_017992,0.19288541976703952
row_049093,0.005129409079838769
row_048943,0.001142446114061851
row_010032,0.0027104650867608186
row_017636,0.9637858562556276
row_022790,0.13373925464441355
row_022932,0.005589142432526516
row_044916,0.035200929564206125
row_038341,0.0013518622107267099
row_003809,0.005209141907175038
row_016616,0.009991212650406178
row_031609,0.002246121711456667
row_002220,0.0037880447257723753
row_016191,0.02659549081078384
row_043882,0.1299588460338945
row_038836,0.06984715967253463
row_024179,0.10324847767368098
row_017792,0.025491708474798862
row_038347,0.8354180265192142
row_037324,0.014801795670997243
row_038291,0.026062591305016525
row_007138,0.023037592560304226
row_043611,0.0002483954825986918
row_040323,0.04107415828956339
row_019522,0.01115729460652497
row_039188,0.0406585166991696
row_016617,0.0034826697475006836
row_022502,0.09528852332871494
row_028778,0.00013654766531090342
row_043089,0.007896515261953166
row_038970,0.0023351483236756943
row_018939,0.009118002205103271
row_015710,0.5316893892303931
row_036518,0.7360256167418353
row_045023,0.12435021448429762
row_030330,0.10442154476595937
row_042716,0.0005541773313391436
row_037177,0.011627983009700306
row_002489,0.00074417019072104
row_043522,0.10403214717595313
row_015603,0.5814866851521314
row_022303,0.04567200258592367
row_039157,0.006724310158874697
row_010783,0.03399113753338562
row_047814,0.0707367209760347
row_040406,0.7606414345016403
row_035760,0.998543689968793
row_004423,0.0006425044404131388
row_035036,0.01033031212814797
row_037128,0.004919822135964792
row_038696,0.20184132223858084
row_009083,0.07654971202738198
row_014878,0.0018223901429520275
row_040239,0.007615113292264962
row_035608,0.10654224056488205
row_017863,0.0026245860688602625
row_038898,0.4297792010255036
row_016170,0.013673044981327022
row_033731,0.07045055525541946
row_001268,0.4831402627447595
row_026923,0.0021736434899451416
row_033221,0.03828041859902153
row_008195,0.0015135762763376147
row_021183,0.000458733311020676
row_002984,0.17465688487688522
row_009363,0.022754849240725784
row_005196,0.0032722044950043183
row_010924,0.0004230457778169862
row_049213,0.0006815525373184987
row_003246,0.00013790446458278836
row_032674,0.0010455499234588714
row_003325,0.0055357632534009495
row_036495,0.00024351513623380183
row_035019,0.0013854548670954219
row_036509,0.009740150340145975
row_017627,0.04031617998487161
row_013806,0.010622149288479344
row_036739,0.0025705227367168212
row_007599,0.00024565584381131336
row_045117,0.06096844975392532
row_010416,0.000796278879975368
row_035488,0.0017791356944687584
row_012366,0.0028650265304065396
row_000541,0.003286182633717153
row_042389,0.014426498325819992
row_045486,0.866335972144689
row_027908,0.001407495785275778
row_028295,0.0794865785298823
row_047484,0.007231810170434692
row_048126,0.007163021019344559
row_018245,0.004167164277425098
row_011024,0.993810192741452
row_031325,0.1208401496557279
row_015759,0.002218710769920198
row_005290,0.9755678589809791
row_005712,8.783562562311522e-05
row_020960,0.035846634678330325
row_029309,0.02956753239616574
row_034955,0.41137312932007886
row_028439,0.9986738086714406
row_022508,0.0022258948697665582
row_008937,0.00766938757632295
row_016794,0.001019073156683246
row_005372,0.00036527041504429755
row_048167,0.08521234385989884
row_010218,0.06021252566372629
row_017281,0.21046897351273802
row_032429,0.9602453685276806
row_026761,0.06984845449417808
row_014053,0.0012988440507916916
row_025064,0.018188557728765316
row_018455,0.001196570992000522
row_022285,0.4708258363970338
row_006762,0.20750122148903233
row_024475,0.5036597424433109
row_026109,0.00735238736838357
row_002968,0.0022173491187483774
row_022900,0.0009883316693308445
row_036523,0.7856685640987836
row_002093,0.026803665210089297
row_010788,0.00039904430574095906
row_038695,0.00029663708861334354
row_015663,0.055849909034122534
row_018692,0.00633782512343045
row_023355,0.033341191565466576
row_046287,0.9484489598702157
row_024739,0.0002524644929659858
row_036350,0.0003018146358533723
row_015925,0.014322643553913043
row_049984,0.09004878079059014
row_022935,0.008947180979712931
row_009438,0.7438265220276491
row_040612,0.004086070094859043
row_042223,0.08518895892579688
row_047527,0.001055284015170526
row_027243,0.02529555626405317
row_038617,0.041622246991637545
row_023698,0.010109898029887815
row_013955,0.8392844459283484
row_016220,0.8138321152934609
row_045968,0.10199473552610075
row_006746,0.015759246221651254
row_013091,0.031096927213874713
row_044093,0.9365602684221341
row_042055,0.10438385918646352
row_002030,0.03316350143684127
row_004145,0.044592964886482185
row_008465,0.012029326782631293
row_028632,0.9955628246304893
row_021319,0.034828209630268635
row_029668,0.08095116782978623
row_023479,0.0004489181107860549
row_034735,0.18271703396525646
row_022634,0.09377438494207357
row_012318,0.023414225826437974
row_047268,0.001430080282953385
row_029446,0.016820446984155368
row_029343,0.005478015578237487
row_013774,0.6660542889086549
row_020923,0.0006478571726178657
row_012248,0.05793256418186186
row_018955,0.06874512688505152
row_027064,0.006082049473902584
row_043588,0.0020486925246487164
row_013602,0.03974420335526397
row_026278,0.052106168201959915
row_018380,0.17309258836451175
row_027795,0.1712850876910757
row_030504,0.013606533181858333
row_003693,0.09741358419432705
row_028992,0.00044782299186764646
row_011061,0.11801587987633566
row_048708,0.0010184949633925075
row_035468,0.5175798395573767
row_027541,0.0038785977861661453
row_001942,0.04737581814176258
row_026360,0.01842136742105653
row_034910,0.08713967591580335
row_021791,0.6512639300798408
row_021943,0.005215618483588041
row_023206,0.700522234253197
row_038440,0.007324521249088953
row_018055,0.00252763764246447
row_008596,0.033300084631125805
row_024583,0.0013493751719222203
row_004320,0.017658075798708213
row_015848,0.0003770424625772239
row_036112,0.001547169213706838
row_043302,0.05139764223886672
row_026039,0.7571277808411445
row_005373,0.6632167122585907
row_018396,0.9973821810350316
row_042837,0.9416642155495513
row_039442,0.8938694802725335
row_005363,0.011995019726134901
row_035004,0.4801106069086707
row_001313,0.9969119814048237
row_000658,0.0045680292217980005
row_041503,0.12262076624825166
row_007377,0.011377498473536321
row_008449,0.010619829579550433
row_012746,0.04301587756647284
row_028353,0.9964017862721107
row_039354,0.00010316818344482485
row_025213,0.0010580028766564219
row_020588,0.03753528668933008
row_036913,0.2900380472877614
row_025140,0.5658104906811792
row_014261,0.06802629272782705
row_029683,0.01598407622014148
row_047062,0.036230766058985786
row_043464,0.0024230883799870573
row_016183,0.004286150396099095
row_021174,0.0020520251773748703
row_032218,0.05627986293987816
row_017369,0.3349323007247844
row_005599,0.6642914824232098
row_044509,0.8400981782822399
row_004249,0.0004580064647225201
row_022959,0.010184271644004475
row_035409,0.0013711801739449598
row_035962,0.009914013828090658
row_030177,0.002853620332230672
row_031343,0.010664241479709395
row_016556,0.00325700540920821
row_009512,0.4787891985422351
row_005442,0.0020968394946527654
row_035265,0.0031729580036941054
row_030111,0.9772794026248164
row_032478,0.20732127396216654
row_036199,0.012986015357169804
row_023395,0.002825419690493872
row_035333,0.012811003189708072
row_040385,0.1575847685696975
row_000543,0.14896637888208591
row_012362,0.00834350799427883
row_023749,0.2807931828318941
row_042446,0.005494882698062137
row_018373,0.39390916107052015
row_039126,0.000609530693799432
row_005517,0.14849541793137003
row_032590,0.001664302781572806
row_042054,0.9636570912320626
row_002773,0.180913811148544
row_038166,0.012195342988236635
row_023476,0.33552605969604715
row_040777,0.11197491794873607
row_023628,0.0013784127583359336
row_033237,0.0008575807277236322
row_029141,9.640727072102326e-05
row_024971,0.7544993980848035
row_041019,0.0025914614011862203
row_047566,0.5458471076591014
row_038639,0.02035568527997057
row_008109,0.0004085380748583346
row_025916,0.003553760405939263
row_031982,0.2877986836036499
row_048734,0.04101281343123267
row_018259,0.00014773437015098309
row_002126,0.0757347065571935
row_020913,0.06407869933296947
row_024057,0.0004681040570289975
row_037786,0.9221712079332458
row_044010,0.0009362224359959778
row_008538,0.020686137912612725
row_035655,0.23518492986955986
row_010958,0.9975491764309461
row_024487,0.7852626335455202
row_023696,0.23435643024605995
row_036247,0.030167508903040298
row_015406,0.17160104027003795
row_027672,0.015747136244861952
row_023595,0.43463674586414536
row_039205,0.0001934737248863344
row_046834,0.16964563071330813
row_002599,0.00991819374886556
row_004548,0.0026959168067656088
row_003523,0.0032768031232554428
row_014232,0.0012777439084510874
row_018374,0.015219884261165273
row_004243,0.3405416973551467
row_028210,0.7856962119930613
row_032940,0.160623172099497
row_022469,0.06531020981898841
row_019934,0.06247757373989819
row_028383,0.5418062304859769
row_021805,0.06952582369442124
row_042864,0.8479865904030637
row_029457,0.05369793599166189
row_003820,0.7071550821207357
row_022977,0.0001805135067522379
row_037525,8.039946127541619e-05
row_014456,0.14900924215042366
row_008486,0.00542097155489526
row_042576,0.00018307578076548074
row_035315,0.17533553164630605
row_026635,0.03683716944840073
row_040376,0.0034979356313011058
row_022348,0.4401765992652472
row_015115,0.01473006174601011
row_022057,0.05596893437777273
row_016070,0.44995189640350125
row_016276,0.012298023644695705
row_028624,0.4683816210574428
row_030319,0.014067031307629641
row_011844,0.6009716127611922
row_012305,0.10403114726863363
row_023716,0.00039977795887409723
row_014739,0.6306792818086489
row_034739,0.9954470663740956
row_036243,0.00858174097106201
row_003889,0.5300482308525316
row_027606,0.0022529787154420525
row_033484,0.004120598094612315
row_004411,0.042986524289444016
row_048019,0.005833947943323753
row_021914,0.0004278480234811249
row_030273,0.007448933682685826
row_015489,0.07380842525673956
row_012452,0.004043678148723076
row_040375,0.007276144281482749
row_036226,0.14106383003240525
row_003484,0.014180925409293207
row_003491,0.0026475789475216872
row_006259,0.039656663951237306
row_036774,0.5327203240676945
row_026903,0.5376408668762671
row_003839,0.004142415972902871
row_044205,0.11776717476948242
row_033176,0.0030408968596614917
row_000793,0.00128136128819308
row_032345,0.017077726117907775
row_033707,0.004157577871980534
row_017921,0.0003966530015816932
row_026430,0.8136118989949146
row_044955,0.004041563509680695
row_004092,0.1015617531177286
row_044879,0.01910665226283423
row_038893,0.02138896218474015
row_041803,0.022106419654133513
row_044847,0.00277046115651725
row_008123,0.668192723617566
row_019124,0.002449118690043487
row_035973,0.14917132815239562
row_035642,0.25975656182716955
row_015700,0.23076131807644157
row_047107,0.010732229681238123
row_040388,0.08408402694013031
row_049588,0.06575649993208449
row_008013,9.887920286668611e-05
row_009539,0.0041562264643495534
row_013442,0.4354631698602631
row_031810,0.000495434058717385
row_023796,0.0011708025306474076
row_041206,0.9351589545344099
row_049269,0.0009817890353951218
row_023416,0.2732587619077428
row_040190,0.0018416154618706168
row_014187,0.19843598157088752
row_044891,0.003337214578261912
row_035713,0.027763241513836412
row_023261,0.029571636791934853
row_003786,0.13700313577627513
row_022529,0.014689613939400242
row_030740,0.4415303062232946
row_046751,0.07101497240089241
row_031832,0.06747650659197216
row_005881,0.0030616273140823764
row_005323,0.4233285629314456
row_033549,0.5499375609224041
row_042351,0.002489268362181641
row_013080,0.0020371965701856563
row_040602,0.21064788851089483
row_029971,0.000982793596275885
row_021194,0.5511467621809325
row_034326,0.25606880712409197
row_034797,0.0024597692545046505
row_022747,0.9582927160412716
row_045438,0.4724084924282139
row_009714,0.35017406141974716
row_040224,7.820809417928153e-05
row_028049,0.004848196278554458
row_046774,0.031790939674044075
row_003699,0.0013394283700403015
row_039412,0.0465458511039297
row_000725,0.213105993767926
row_042800,0.06896144534045882
row_025984,0.9968366056375837
row_045197,0.012673246395275298
row_034167,0.0028285432114849205
row_043776,0.0008913285367266885
row_024129,0.0012676902001717899
row_030303,0.0008757035329604817
row_043131,0.0005109953722075616
row_043584,0.3370523728468424
row_033563,0.004850689880841367
row_016010,0.18469237038041109
row_020571,0.009504062545038555
row_028284,0.001108987051571789
row_026285,0.005163857477618462
row_002266,0.000467519268201119
row_032072,0.07559657614931337
row_009834,0.007724529309770157
row_028435,0.07698005201866617
row_027174,0.8653586096170529
row_039232,0.006231205830248981
row_012725,0.010765648357797525
row_031825,0.006823750340295307
row_024149,0.1677929189788932
row_013301,0.14402254957099253
row_011027,0.2958124060074357
row_031087,0.11103073213216158
row_030088,0.0017151197261065115
row_022846,0.0006951928332045433
row_006277,0.6502181056014125
row_025544,0.039946625941707115
row_046124,0.9569236550850575
row_043136,0.042731521749796324
row_028165,0.0011584783258265633
row_027562,0.01016766719111501
row_002568,0.012759492875614398
row_046982,0.5395520043627697
row_023199,0.0018466140702964712
row_049091,0.9260395957650349
row_002690,0.016641866907847757
row_007719,0.011324351281681662
row_047098,0.0003796866571973486
row_037245,0.40605863893470917
row_039708,0.014154584149678868
row_016798,0.0006275993888762374
row_017297,0.26591382354715887
row_023765,6.277357700323557e-05
row_039944,0.009853498931829508
row_043394,0.015998286835714786
row_032679,0.12794187334896007
row_003963,0.006545006784080433
row_012973,0.0001122201024610134
row_008142,0.058876563010938965
row_030049,0.25620426524266493
row_026577,0.5727724285349861
row_032135,0.0066569343069931945
row_011278,0.10626910372944069
row_005187,0.02951097071121111
row_009310,0.018295787630236638
row_030858,0.041941647493044805
row_038361,0.01605884873082731
row_021944,0.8330510263468949
row_013851,0.09821826277740918
row_008472,0.01132958402464781
row_001135,0.0035972725286296386
row_030977,0.0008033069662610351
row_049088,0.005809208523283678
row_020681,0.5940138191192681
row_038189,0.008823034655324179
row_016938,0.0005200158822413846
row_045993,0.00010379340448180623
row_033749,0.020200453207147816
row_010943,0.8310927198219509
row_003647,0.013291135371409395
row_025626,0.20344656332967134
row_008277,0.9090375005937399
row_025427,0.000785043675296974
row_036141,0.012002980282467615
row_045796,0.004258264110329946
row_046832,0.0004004567880356415
row_005670,0.00018180841469766425
row_042691,0.08641929922341329
row_018631,0.096377923615866
row_011229,0.016137687052461634
row_040316,0.012008590586904925
row_019714,0.0007857232417400892
row_015594,0.02879594620081664
row_039724,0.15328983886233066
row_047763,0.0253209603938579
row_030946,0.34373034432133986
row_013265,0.0536442214337731
row_000979,0.1776268549594494
row_040110,0.025945037341484373
row_039968,0.0755886251409823
row_001830,0.9178410769235692
row_044761,0.001789204825431331
row_025508,0.0010538443412388893
row_036787,0.10077211969219513
row_007646,0.1834629955341764
row_012530,0.05114781310389451
row_017980,0.3429574524824027
row_039931,0.0036869068072375452
row_024931,0.6878053193741283
row_038853,0.8261023980113943
row_000363,0.0036576552959819023
row_007126,0.002918422801390246
row_031090,0.0008461807176664638
row_005745,0.21892804778256997
row_000134,0.002794530642272519
row_034732,0.01844382072553219
row_040087,0.07903032884195366
row_025868,0.9461411394729634
row_046759,0.4453280305456436
row_032108,0.0025014774497350914
row_037572,0.0012019459029774244
row_027240,0.0020987813547450485
row_015037,0.11681351861300221
row_042532,0.4661386306126676
row_018133,0.014026326414423449
row_045243,0.02583902187591027
row_027765,0.024382832785776406
row_029448,0.002825810923410287
row_008342,0.00713620153498804
row_049084,0.0013019721024152765
row_003918,0.0010539205390667958
row_007580,0.0045658485534822045
row_026741,0.00045660838774836857
row_017011,0.9997464491397295
row_037563,0.012195529548942676
row_025762,0.0012893363513360842
row_021661,0.010714978887838024
row_029844,0.014770138327566365
row_011314,0.010785119921680991
row_006057,0.33141326132375226
row_021019,0.001991001505678353
row_043076,0.02851531026198069
row_027187,0.00040797905514092
row_036197,0.008903892565321876
row_033818,0.004765349541121094
row_035978,0.013579651475446567
row_038656,0.9230614774989329
row_031477,0.00698933167895441
row_037216,0.0024826412942036795
row_031583,0.13664267870847047
row_025382,0.00020938688428579454
row_046148,0.027076337088419705
row_021441,0.011817556808612663
row_045987,0.3450590502382663
row_009704,0.4566198697387848
row_041519,0.022890228590876957
row_048372,0.00014131016602785034
row_012932,0.027139585869258312
row_000149,0.0131033649271701
row_041594,0.011276794547494237
row_032320,0.007841485538904423
row_021312,0.028345964403513793
row_035043,0.08893688305241762
row_034243,0.00023602460256456534
row_003180,0.5815913019603651
row_038521,0.5612962294168002
row_002238,0.011949950131463976
row_032394,0.34610047281459
row_046434,0.06103809343111416
row_018397,0.017498290628328448
row_027787,0.10211305126095621
row_044531,0.010190538451291527
row_013120,0.12444350597360451
row_043534,0.47274172582420015
row_041395,0.02998616268903731
row_027178,0.16203355563371707
row_001847,0.014245797333583263
row_027797,0.013465024253245082
row_013905,0.05509181541291647
row_030343,0.002888544754636772
row_033663,0.040202626694141416
row_009949,0.003329490842764188
row_006055,0.00030749241389235363
row_022194,0.6655211760539388
row_008809,0.005283666363798026
row_013280,0.0082421771070067
row_017001,0.01943849342165978
row_034991,0.0174352769078832
row_039896,0.2939857204536123
row_007592,0.25964560141303383
row_031645,0.2293228623393005
row_036543,9.38689293133789e-05
row_027791,0.004443039285291692
row_005543,0.0016500128058579073
row_001297,0.08308847530070342
row_042728,0.26090562884459667
row_021490,0.0005561252325463888
row_027888,0.9550132046215967
row_030482,0.005212320859568827
row_012708,0.08161689867597897
row_037034,0.6175493519242277
row_016102,0.9999417508373136
row_042924,0.5367989510446618
row_012578,0.8520762550759157
row_002776,0.0018581757283937864
row_020935,0.8750103996817384
row_021022,0.3561304350167497
row_010182,0.00849291252541157
row_014569,0.0031352152686137686
row_007508,0.013929197766995582
row_040873,0.024138304716663433
row_035159,0.0032759967350852516
row_009231,0.6774638000313227
row_048334,0.05138157024289478
row_039714,0.05548444672458371
row_004712,0.37641263453634866
row_011391,0.016971271268194667
row_022766,0.12008127919803804
row_015256,0.002554336034430727
row_002501,0.045263103099052925
row_007190,0.003406343305579325
row_029093,0.0009497737386568686
row_041268,0.026814637100937896
row_029991,0.02013721930399187
row_012245,0.0025482632181685863
row_039666,0.9862038333890482
row_047626,0.011023767022409363
row_009205,0.04232347622324536
row_048824,0.013446169867064496
row_034638,0.22743093479718174
row_036568,0.12131793149728634
row_010282,0.010862526529478524
row_038288,0.43288278765826704
row_027159,0.038132386253215064
row_027684,0.010466292246603254
row_031064,0.0006865577615782317
row_039746,0.15626340207758524
row_010984,0.0005514579123251081
row_004567,0.048810650126799006
row_046006,0.1601724585868497
row_004795,0.5847033615894149
row_005758,0.0043120047545480746
row_032083,0.056963113723708755
row_012244,0.21369693948861712
row_028222,0.39886501260696516
row_045508,0.001939312948284856
row_034897,0.7183948875554504
row_022891,0.02753571165326335
row_002393,0.005625328905082595
row_009371,0.9742029852648999
row_029272,0.02209071288859675
row_011004,0.1515377389719193
row_004364,0.01527345709638249
row_026619,0.13848201565126617
row_048721,0.004501829126977776
row_018000,0.009307548011864262
row_049681,0.0015567437757257933
row_035832,0.9732673445970328
row_033353,0.0006175182519199533
row_032064,0.008389281429720594
row_040473,0.016746294597853408
row_033954,0.0006292342817731224
row_014184,0.12166107039262337
row_008261,0.47987157134375685
row_030972,0.7782597744466118
row_018258,0.010691906150907971
row_000122,0.08816223456400132
row_039841,0.30278777766872766
row_024140,0.0005863118888904905
row_004059,0.002767372999150189
row_019871,0.01728326863909081
row_004343,0.004232188375219844
row_020795,0.013884602129254357
row_018324,0.016159264616966658
row_018744,0.016226965636667184
row_007099,0.12047912429382987
row_025769,0.0013401956387765626
row_023278,0.026711524727407447
row_000865,0.006774461190336489
row_045134,0.000235257831464674
row_037062,0.9976630737029893
row_034251,0.0009677388689803655
row_015554,0.4969211366070715
row_028574,0.0034808657237440925
row_041127,0.0012091358090770027
row_035536,0.04520988916068139
row_015106,0.2245733751310641
row_000019,0.0005495889843110098
row_034001,0.004634091629871183
row_009400,0.5811576846861568
row_042125,0.009791000688389123
row_014126,0.00022235363313581432
row_022874,0.0008017340577730894
row_003099,0.01995630754925934
row_042241,0.004738097341469296
row_003591,0.020189835200011132
row_038980,0.13192503139073783
row_047972,0.0004174082961723468
row_009390,0.0006448417362783657
row_011648,0.01847645731674661
row_004803,0.0032131314722898194
row_031207,0.17738651838491376
row_023003,0.20391622968543466
row_016096,0.010134459837973278
row_013846,0.03979333834418007
row_011596,0.010533619661625986
row_023806,0.06947473941538435
row_009157,0.10070694414793845
row_032458,0.30270936671744464
row_038518,0.028832607147041465
row_031331,0.1268830468851527
row_017091,0.6390709947305735
row_009106,0.02730148004656309
row_041540,0.02365481624031316
row_022225,0.0037930106813816936
row_036868,0.0001306180041009441
row_008017,0.2937927666723861
row_003291,0.0031910805770865996
row_037565,0.0014876350272941532
row_032467,0.9760316839667198
row_002192,0.6715152906488847
row_007770,0.10839648500645246
row_031175,0.03999219812675706
row_038897,0.003145256959980836
row_017553,0.00014273606387817057
row_048675,0.0009674629501221783
row_041969,0.019302918753628447
row_017541,0.14993980301023807
row_031386,0.0019617234205213476
row_018128,0.033340699992135826
row_024348,0.1746376823734499
row_002634,0.1413174906679518
row_036503,0.0024777187839126703
row_024699,0.0025001617364004596
row_041498,0.42944231718932396
row_031266,0.013813206616414843
row_016800,0.13935143778705883
row_023306,0.004485770192695291
row_005776,0.0003266504061636568
row_040738,0.006906812211716154
row_021038,0.004894201091430875
row_025499,0.01081781848830787
row_012581,0.0020793755450573366
row_025929,0.08802251654047327
row_035172,0.015788655082423594
row_031457,0.32624194099554393
row_001224,0.049366902497982555
row_032756,0.016803012021155108
row_037218,0.003461214872730479
row_010479,0.5784801135454865
row_028400,0.03344919927418117
row_042051,0.007670846556797988
row_029283,0.0005235123452235959
row_015578,0.0029082551160700483
row_007040,0.011379768925455124
row_002688,0.0010606602155910421
row_012948,0.016692543407926308
row_033371,0.007545889565966674
row_045064,0.01770863344156156
row_026667,0.17521655532838298
row_039611,0.003563149421018613
row_021233,0.004856920424217563
row_008160,0.08387749168757382
row_048606,0.043731289989404676
row_042647,0.047707854854815185
row_011689,0.09629506764275905
row_033450,0.0042008182485676416
row_048898,0.0014473326856803692
row_042074,0.05219521348855729
row_014296,0.9941746146020838
row_001641,0.631590325250768
row_018061,0.472264907932114
row_043243,0.01928849039406412
row_043041,0.044307263998446075
row_045066,0.021457791477194642
row_031961,0.21606608818257414
row_046190,0.05639189899174954
row_010618,0.004319015350484429
row_014237,0.12666188669792444
row_019664,0.05213518506834654
row_033424,0.004023282678594509
row_035448,0.7724656826315457
row_006115,0.007520142060004335
row_043035,0.03871108717717592
row_038203,0.0008986965892538725
row_039651,0.015241361875140361
row_027524,0.18254063405950488
row_034182,0.006310711482457343
row_045202,0.005771589649066316
row_001229,0.019751327926007634
row_006494,0.008311381357630404
row_049468,0.020471584097686114
row_017481,0.02395801256497254
row_004646,0.8307716808663906
row_013158,0.0011653521369204027
row_010997,0.0032945120300324473
row_033288,0.08801833460653302
row_020008,0.00599270564815682
row_010687,0.0006441251095642593
row_006987,0.0014572409596382992
row_038416,0.9306003209887445
row_009905,0.00017190482766042122
row_038139,0.004028338033857801
row_029071,0.0062050550667596925
row_012917,0.9300192439244434
row_017564,0.0967887930006041
row_004817,0.8663415643072476
row_008247,0.06338820023071215
row_010248,0.0013293488421744117
row_038858,0.9928684935320823
row_031582,0.1273169585535219
row_042392,0.002225855539183609
row_025766,0.01970407950604538
row_013207,0.008658754248286814
row_026880,0.003794778548050274
row_005604,0.8490379438806335
row_039298,0.03763383376622031
row_016189,0.025439087073362406
row_002148,0.034170532285238045
row_002034,0.0030946161901013367
row_032094,0.005048506884556974
row_049538,0.0007468440360425454
row_012330,0.04398833277813119
row_017526,0.99431878561714
row_009722,0.792966326868602
row_042535,0.08218144926787985
row_044049,0.708678149590988
row_042154,0.0184690443622993
row_029746,0.005041770630264651
row_046766,0.0019274743640741668
row_046359,0.007940062088076025
row_049739,0.06634529555567363
row_034636,0.0023515490466792907
row_022178,0.011791936144805969
row_020835,0.007411787830804194
row_008069,0.0010495692425624495
row_005100,0.03241034339539581
row_024402,0.12987614113419785
row_035361,0.012591696814470749
row_035818,0.01458149720264628
row_007059,0.002080519535226581
row_004790,0.20746713828127514
row_037687,0.9307672774784902
row_014480,0.020518719476131396
row_015067,0.019147233136221783
row_031529,0.0004589628622612163
row_047827,0.0017973739613249752
row_029213,0.020354002843267573
row_041167,0.015513489381583905
row_036445,0.012252395277795718
row_013583,0.6134793019501275
row_024275,0.1536132760385691
row_031736,0.042787206588629764
row_040914,0.09709328386027481
row_028098,0.003972039719713575
row_034583,0.0018513161454504095
row_005935,0.9705783424142369
row_031560,0.009952796527647478
row_037612,0.24271825757741688
row_021314,0.08147436678938057
row_031856,0.017331113908328102
row_030789,0.0036135921077274716
row_028423,0.0028654168342277905
row_021386,0.0022589432167037394
row_043977,0.001280124764344998
row_025271,0.019962352274148484
row_002248,0.010230427720434691
row_022819,0.01033713346271131
row_003189,0.0005825247037384542
row_026076,0.03128770343428164
row_025316,0.4659998106475124
row_016265,0.9957407260256651
row_024125,0.8243070344883139
row_048416,0.0047255624254532395
row_017754,0.0006331171485104163
row_024176,0.00031009773182362276
row_029655,0.47305707624065074
row_002328,0.003935427063814896
row_037966,0.002069427650444812
row_021743,0.09346566202202194
row_046781,0.03158313919686005
row_005379,0.18022829124481032
row_024145,0.15581838196411105
row_017782,0.1594126895277192
row_029704,0.038176253098322836
row_018094,0.010049637669670658
row_040170,0.00954397525601813
row_038967,0.0029600014281762547
row_009353,0.006426114690819657
row_007765,0.07960063932881829
row_045324,0.003045059674253183
row_026646,0.029325928598798623
row_033645,0.06352110266110592
row_031547,0.0038951223058831235
row_026310,0.281956279381863
row_001513,0.11882048342213819
row_049412,0.006187970598608369
row_029948,0.0008110283558079513
row_003842,0.04234948640051936
row_024059,0.012386564886823333
row_040272,0.012426083549896681
row_049741,0.9213708280649218
row_032089,0.012663636340655555
row_018223,0.01051393913923867
row_030501,0.0031622787561850097
row_034293,0.1996391436243786
row_039617,0.06785958909941624
row_012765,0.0007084457863760859
row_024868,0.9910804112484657
row_032441,0.008430773801932669
row_011022,0.044141916181411694
row_026832,0.06489592514273287
row_035208,0.00235068185377596
row_047063,0.7425089600825425
row_033197,0.0001038426678783397
row_030382,0.019526081498834506
row_014085,0.0002983857223530083
row_046494,0.04763923396723062
row_015196,0.8958236959409167
row_025650,0.028822426514575138
row_010603,0.0033871775664116232
row_008175,0.015683320753305238
row_002754,0.06343772754122382
row_024260,0.0008038093102357828
row_030145,0.016055615497706757
row_022907,0.0022674841518215334
row_026231,0.2799026728165781
row_026262,0.006702387988837806
row_032924,0.004205239670711746
row_049582,0.004553934083483811
row_008737,0.06903423463929148
row_024638,0.07207244306150634
row_030137,0.02314480857382114
row_000548,0.06855120134222578
row_049120,0.036298378269340036
row_004856,0.006161778199171045
row_048486,0.0009181358313592125
row_044614,0.003635837584207921
row_047068,0.6802859911366457
row_007928,0.017088000623781078
row_021841,0.8630702118323531
row_026886,0.08228435270419285
row_041341,0.03388645118186437
row_009436,0.002480875021069977
row_049553,0.0015500517791685832
row_012777,0.008353571401459679
row_006187,0.0002745429173596838
row_001137,0.9657847374590864
row_048030,0.7870374657383598
row_028603,0.30268318849466497
row_009658,0.015009843289827586
row_041644,0.02230423960047868
row_041057,0.02441408385320496
row_042077,0.07287533006053114
row_044962,0.005839361707694644
row_003799,0.30769081912307067
row_040363,0.4238449141730496
row_013466,0.4261313702735741
row_047658,0.7095142989744728
row_047812,0.00011560750065807958
row_021799,0.012256475485022063
row_022473,0.00543258757468346
row_001994,0.305640965665431
row_046331,0.002394400781390281
row_038485,0.015481957467826029
row_011190,0.002643025723375596
row_048041,0.006196457119111251
row_019506,0.0023696832603746104
row_003175,0.561243406829667
row_009863,0.0015748080509637753
row_032148,0.9991369601572377
row_024527,0.6588890871554868
row_014419,0.9232895427724384
row_015501,0.9882717820789397
row_040422,0.7226285256973244
row_037015,0.02082753131574537
row_030012,0.16073356975946
row_011355,0.0005517229730805298
row_031407,0.6526332516478908
row_025311,0.005268227370138212
row_039459,0.007686770287991824
row_010873,0.0004076092702350674
row_049192,0.02963601026864296
row_021210,0.00539973473544855
row_045143,0.0032327286332179267
row_023502,0.02462629655875428
row_021801,0.00966457646084808
row_007716,0.004243272507067818
row_040075,0.00041633768762063396
row_035911,0.014972068687219498
row_036365,0.9916393272224167
row_029916,0.015144151353714108
row_024835,0.06377147116010577
row_031224,0.012276542236866746
row_043195,0.0003852687082107066
row_034206,0.007437972747780437
row_032162,0.9888940787758448
row_011135,0.03828859752850822
row_026976,0.02980135318281591
row_006565,0.0028703573786160374
row_030302,0.30255906149556233
row_031043,0.02796729101004826
row_010490,0.2795734411259838
row_024229,0.07720322412269637
row_001478,0.0412856357770795
row_002355,0.11654472800985999
row_032065,0.0009157465641572028
row_047083,0.010232771038243535
row_028324,0.030617232839609956
row_000910,0.9995389146689662
row_016267,0.03767290220545565
row_045494,0.00026665192126208226
row_040333,0.009427218080123976
row_037322,0.1996416868844052
row_035743,0.011102056440538346
row_017516,0.023080378515488983
row_016244,0.0014695887373467756
row_047180,0.08114084749434707
row_033290,0.03598955341654207
row_037040,0.20273624948383578
row_008941,0.3143695037985499
row_003936,0.0017756337324787844
row_040502,0.07973711946681394
row_017432,0.0814184440332361
row_007438,0.32533966371050393
row_032153,0.01096133761080194
row_039476,0.002625090323255968
row_029873,0.7201258185642576
row_043656,0.001431106209803418
row_028949,0.0002037601015395019
row_037376,0.0012834621552840922
row_005216,0.01888930491621419
row_049206,0.010466239792477591
row_004353,0.04445975557159414
row_029734,0.004150976981777734
row_037473,0.025612568992761126
row_031962,0.4411385055933914
row_011811,0.09472444368764638
row_020685,0.3988683718036541
row_033361,0.07252950545890735
row_014243,0.0030153953770565185
row_048230,0.01648643270515337
row_014615,0.09029533413473007
row_018741,0.14933272465567188
row_007973,0.131183237975902
row_009166,0.015505736342759835
row_000168,0.007826700975417229
row_045699,0.008943113250709168
row_025822,0.017820662339069912
row_033398,0.007242268794172739
row_031346,0.7253248661922741
row_048820,0.018982015793810585
row_020928,0.02626320270613538
row_045071,0.02831582258341102
row_047472,0.0003726810845887411
row_042251,0.8077248680642051
row_040997,0.834251458569423
row_005995,0.00016049926094395555
row_027176,0.02276738382334051
row_008274,0.0004296158439907012
row_032736,0.1135155876024801
row_023115,0.22379709772866596
row_035658,0.11102340404432678
row_006138,0.00033410916861387663
row_019130,0.09104778262174006
row_002670,0.06609393767966454
row_006255,0.029538534767776826
row_005651,0.023051478191105944
row_043855,0.4099500943627195
row_007423,0.0009748806857049713
row_015812,0.5449291297126427
row_020155,0.00021601433655315941
row_033097,0.005284056827091493
row_015553,0.15048106896512164
row_022704,0.5787637510807006
row_003426,0.021994868574259897
row_040870,0.007727628313735727
row_018277,0.0017611442110826974
row_012800,0.0006105655174296698
row_022376,0.9527149044485793
row_020749,0.00899578071022407
row_031281,0.05508223539119403
row_006067,0.4180872598380806
row_021638,0.8481466184704098
row_018006,0.08856549993034513
row_004970,0.6595667127575895
row_030920,0.7995311611694684
row_005158,0.08185874777969773
row_018533,0.017472925132242748
row_031675,0.054507344286302634
row_045182,0.15824564021128415
row_016486,0.013141038319307151
row_027619,0.020013887323132466
row_011940,0.00035056958873196065
row_042795,0.7693180134932007
row_002718,0.021875576844867115
row_001909,0.0014341275111561978
row_023271,0.05477085692185521
row_000197,0.00011645003694599601
row_029271,0.0023624670956399734
row_003093,0.00014200064372964113
row_008884,0.0451316454143623
row_036034,0.15413249793508665
row_046581,0.1979416713753362
row_049370,0.23565782205825558
row_002929,0.43841845991988343
row_024213,0.1358702923077464
row_026438,0.00017447444420304832
row_037866,0.01170317519695689
row_043730,0.017631760932584457
row_017971,0.00010058902343800774
row_029192,0.0006864331592377623
row_031987,0.0011791005333714206
row_044627,0.017865728470697725
row_001416,0.030981529697427148
row_033596,0.9991941769075761
row_043986,0.015107708508847354
row_023233,0.9286011871615772
row_025624,0.8214964544940035
row_038402,0.08597393282509994
row_039922,0.9877842736979394
row_016911,0.14467454512537478
row_006437,0.03507178932061348
row_017788,0.2943519014364654
row_000518,0.4435989867506507
row_049258,0.08042692333909546
row_026702,0.00017620569408103402
row_036532,0.2545242566349899
row_041475,0.07738680757080171
row_017901,0.0018822823448731048
row_005041,0.007040172614612835
row_017480,0.047122388232855826
row_010454,0.935693630720593
row_031554,0.0008462097498653394
row_011551,0.044160573757185496
row_023087,0.2589048916095801
row_017085,0.0004051767453437258
row_044985,0.0010884835280869957
row_049408,0.7848473491516416
row_012875,0.0008029032502066694
row_003885,0.0010146062720892122
row_025956,0.11088568657658968
row_045329,0.13726391409522504
row_022840,0.9900153548636892
row_038293,0.24696410064369406
row_038364,0.001997887112546466
row_039924,0.0015327989721305238
row_018092,0.138540870168358
row_047486,0.008073218556222828
row_048318,0.06252357750126875
row_035464,0.3032344936461303
row_011393,0.003172542186367775
row_044376,0.9836899165637978
row_006264,0.048726517150143214
row_032892,0.011743179479123676
row_019527,0.853492462335498
row_022161,0.022024409409349955
row_017593,0.007822984435200084
row_013059,0.0014617879305711574
row_047037,0.008999430026366514
row_033431,0.9745897302367588
row_010242,0.00013680909344027873
row_031348,0.009113020256594604
row_043752,0.03467939662574304
row_037028,0.011697393686223783
row_046779,0.9977354748892044
row_047488,0.556369416632447
row_038067,0.2774171546134304
row_025445,0.001038202395665563
row_043994,0.032482900459875536
row_034065,0.9961720348798053
row_037651,0.06842354960332939
row_016351,0.10028252740511745
row_036263,0.007096179525665117
row_018233,0.0812983363351131
row_023403,0.030225400087126805
row_020605,0.7584052715028374
row_048717,0.019284811667665942
row_043740,0.0007316985801183837
row_043320,0.09231169897523647
row_038274,0.0035388975156049936
row_009194,0.4175842784735816
row_045462,0.9920277794370473
row_007738,0.010952067869668694
row_046763,0.008037365192257043
row_036390,0.00040080046778964094
row_041286,0.46521724299249717
row_020952,0.22618915999624625
row_013245,0.002386884423634493
row_025075,0.023551977959095843
row_026675,0.2552905234664627
row_030484,0.006063611300627881
row_011347,0.008454013581802422
row_006986,0.12142674823862537
row_020134,0.8989674188386179
row_045693,0.0009499352650332611
row_030525,0.11698516433440126
row_044383,0.007842982954308086
row_047840,0.0016164709202627562
row_009196,0.003327808399741234
row_010005,0.08763026456853956
row_001020,0.041368621963091295
row_011535,0.025148635936537822
row_020547,0.02478407986571801
row_015806,0.04364258113159093
row_039973,0.9998303854043359
row_038932,0.9149652428406936
row_006020,0.0009080600114367459
row_003915,0.01033861795594048
row_021113,0.0012703521248044252
row_001214,0.003758136883275237
row_032509,0.010390521533419827
row_041833,0.011410132993224218
row_031310,0.6338508829816079
row_016857,0.0024317038083770393
row_044818,0.9189684746832271
row_027058,0.0038585418274994995
row_010782,0.009410144240424474
row_041732,0.07793657418404165
row_023867,0.001154251015501181
row_019249,0.014052650707977666
row_036213,0.00026900952922661957
row_017014,0.0007355633465043086
row_033874,0.013591505038485843
row_014033,0.00010042880053379969
row_031934,0.009797281075259533
row_039397,0.01596781768150642
row_045829,0.00016364584683390283
row_032888,0.0020064535694512176
row_025504,0.44058125221674616
row_041872,0.0010873584391356194
row_014131,0.06580057267525481
row_017209,0.097737183724777
row_000531,0.0011191585473290314
row_008034,0.581274426773992
row_014236,0.027418912322314373
row_034858,0.0018151663667574235
row_025233,0.0001322125703024857
row_044302,0.001419166563322298
row_018998,0.9975239792778152
row_028258,0.68597038230918
row_008289,0.035035188133613795
row_016164,0.7490000067158837
row_003091,0.00715281268960076
row_014390,0.00039466399024181586
row_020763,0.4670599416730984
row_025189,0.9151692331487793
row_011346,6.484364036289977e-05
row_009713,0.5166151056557886
row_023116,0.00032478233292574846
row_032979,0.014569999297161176
row_026942,0.035549701825002764
row_046474,0.9311156179123629
row_032613,0.0012281865138602799
row_027128,0.009207179948185696
row_016502,0.21877013618949542
row_012065,0.041512286973293996
row_021996,0.016238320256756342
row_035290,0.24514989167485546
row_037883,0.9861958544980629
row_038301,0.40012653489793104
row_016097,0.0005926389898374942
row_026952,0.02893531857486005
row_005095,0.43836804636622606
row_039530,0.00723298762252733
row_036307,0.0005117330975326737
row_022783,0.31051253545957114
row_018354,0.0013957940775571691
row_023427,0.06965418546016558
row_001934,0.0016047052554131634
row_036778,0.04951840577581517
row_018318,0.005532497523140119
row_001889,0.0015484105520878434
row_046606,0.008377381793748485
row_020394,0.05913513997186353
row_001447,0.11394773795362884
row_027377,0.006848641213516329
row_031723,0.8026169336136686
row_035531,0.007859699948360712
row_048043,0.2428994687291019
row_013932,0.07612227001226038
row_046962,0.001994433772483746
row_033893,0.02670921445287835
row_048302,0.31767343427052736
row_007948,0.7439580178661428
row_026905,0.9903672263588845
row_014263,0.6908806717719671
row_013431,0.00032117199734676223
row_043264,0.017788634201525558
row_013293,0.02643416745740115
row_047398,0.3412501708031984
row_003983,0.005732796579492579
row_004130,0.007836760800419548
row_019853,0.7804609252805275
row_040436,0.11936698857625613
row_000284,0.0013714562726286472
row_046748,0.011352977542141377
row_001362,0.03401788289821148
row_002037,0.3484875273783947
row_012031,0.0022035151265982285
row_021394,0.000152754464278777
row_045524,0.10537059349425223
row_033847,0.19705964394423317
row_022501,0.0024094301081898587
row_025338,0.004858803003579284
row_004753,0.014334985738923643
row_029667,0.5283033289217978
row_017637,0.060761334051639845
row_049674,0.16597177535895752
row_042850,0.12400624951204153
row_039886,0.018399419511254643
row_036139,0.0010353805282232727
row_033201,0.0020144681521597225
row_031762,0.013200416015965414
row_044373,0.007624554082801958
row_002783,0.01237154035404363
row_030381,0.004721537990340889
row_005568,0.3732814562690259
row_039772,0.0034390608670328776
row_031377,0.1269991337513473
row_024780,0.017497207243829284
row_045130,7.062668665882245e-05
row_025680,0.5091424732520222
row_028927,0.6668824911820621
row_044684,0.0006871651777333549
row_026921,0.029986705716238786
row_020168,0.01782444974651936
row_008231,0.0704844704550488
row_044213,0.0005969918612292386
row_042282,0.006374297308619947
row_029946,0.9981760448577054
row_036505,0.011689265668552197
row_020160,0.001246186560935966
row_013864,0.20320349662782988
row_013899,0.0872226149724311
row_041537,0.03279210537673711
row_007205,0.9962352803941459
row_035126,0.0008703749964454584
row_004588,0.03819373896705707
row_045702,0.1676051662361013
row_014957,0.2038013136513974
row_005404,0.1690707505083633
row_024315,0.0019900825254052213
row_002841,0.5034873448337082
row_018553,0.1362741718331561
row_026612,0.03237740514479813
row_033020,0.008272846243736576
row_042373,0.9931580956754555
row_046170,0.00461424869847237
row_011082,0.06952743075476452
row_042225,0.07228222303570514
row_029066,0.9980720951098719
row_042679,0.0009710470886538904
row_006699,0.02717786326312375
row_031836,0.21775069605328695
row_028633,0.08009722368658265
row_001810,0.9608575619338502
row_017075,0.013544777328319001
row_036172,0.4141192502245368
row_016236,0.014270123741722353
row_046199,0.05116747984571924
row_031568,0.01792811112737998
row_009633,0.508167144619982
row_033924,0.009116048599063177
row_020991,0.814430095444892
row_029151,0.010646840049880632
row_029385,0.010759674032793431
row_031617,0.0025870240355755506
row_039178,0.03664034512459013
row_016091,0.009060943872769532
row_040423,0.011721170504108768
row_021712,0.9631422229390758
row_022341,0.99752673010488
row_028132,0.033881898536517255
row_035107,0.2244896296007901
row_021961,0.17354261385725178
row_013357,0.019274501625996983
row_009367,0.26906224084288144
row_035393,0.002462391312714081
row_026569,0.21712019770271593
row_041709,0.009064955133185412
row_024552,0.8117528675743515
row_039162,0.13122169143485182
row_034538,0.0019831369711831312
row_021130,0.032861975450619293
row_010442,0.26191456383676304
row_001411,0.2606435077532449
row_026305,0.0773502068898333
row_031362,0.004182535138429138
row_002035,0.027163043122316696
row_031541,0.005068462054233138
row_044044,0.0005967167439201703
row_049424,0.14447387959627483
row_026087,0.05084449027982448
row_016445,0.7345958551792764
row_024737,0.36337215980381055
row_032843,0.011374488601178082
row_022933,0.015934387508479825
row_044927,0.0020747866970637946
row_026040,0.7989792425252844
row_042249,9.185233572768902e-05
row_032741,0.0004149940667020713
row_019525,0.9276991993823072
row_000608,0.9600494366539176
row_012895,0.002964183985620699
row_049851,0.012252584756663923
row_007665,0.03748399674319414
row_031557,0.0009229354152404611
row_008476,0.4296825561838745
row_007519,0.000431622205746734
row_021865,0.0029471750544421563
row_004049,0.025870759857814396
row_045732,0.05831545387005525
row_044448,0.00040903198499014855
row_033993,0.2409949483250332
row_018052,0.006683818442429195
row_024721,0.1551909691286656
row_006001,0.006904480860724448
row_019590,0.0023109717173414764
row_019370,0.0035928310183862564
row_013535,0.10319938591113181
row_022123,0.010604924051576184
row_049841,0.006018816656959053
row_011546,0.017214560231141172
row_021720,0.0031241391460622597
row_031134,0.21124178167951418
row_043761,0.08119756950356452
row_014827,0.11539772495688475
row_006131,0.002865789025423057
row_014776,0.14360199246165267
row_034402,0.05695676312951158
row_000921,0.06096757780532318
row_013369,0.006599105864791723
row_006864,0.00420634547109176
row_015722,0.0018625325790067077
row_017241,0.002544349125695663
row_026169,0.5356001640287211
row_046822,0.01963515795294366
row_013563,0.0006966996104942752
row_027134,0.41607693850856486
row_007643,0.00019207374464415668
row_006201,0.03696347868227719
row_031320,0.848216154578605
row_014865,0.01623529722332439
row_045623,0.9944200083472847
row_000730,0.0015528394725720601
row_024489,0.04583293622204569
row_043057,0.7853461747934813
row_038585,0.21300556004147184
row_044077,0.02498786120457414
row_021820,0.3891006752211209
row_048293,0.003193400935403424
row_012744,0.005760120058670977
row_012886,0.0007788077294435287
row_005854,0.02238685025897845
row_015056,0.06952420649483454
row_034367,0.0024685900489110706
row_039061,0.0009302267280465195
row_019492,0.08754591024127592
row_022838,0.003136476141382726
row_000716,0.1040572211176642
row_016339,0.0038454369581263923
row_038894,0.03973729525074024
row_013072,0.01119112521591802
row_033851,0.3364897220795765
row_048111,0.01644996947172581
row_003772,0.9124036042185183
row_000133,0.02216440660404869
row_018304,0.7067841918296858
row_028484,0.6933918306901034
row_015776,0.01698622517523933
row_004322,0.0025874674836231268
row_008523,0.0019135365066289688
row_020697,0.4031690360166056
row_002101,0.17696558277179963
row_011329,0.07976689454370736
row_041444,0.004017268712948365
row_001065,0.0834429158226192
row_027100,0.003743264927489079
row_010280,0.6405901989553822
row_029637,0.0027600057380128334
row_037250,0.07745633224453695
row_030881,0.008101889352996355
row_000748,0.001588853457506745
row_013087,0.28709906740019464
row_032584,0.050200483855239855
row_049561,0.588228088065393
row_006596,0.015030633286696526
row_029164,0.9544058727302164
row_043392,0.0005590071949675056
row_040554,0.20255984334347063
row_001332,0.0022921425314504622
row_042101,0.023516876103491027
row_019405,0.004983692263438054
row_021154,0.2385559718983454
row_045690,0.973066281555347
row_016853,0.0009986201854003712
row_036886,0.15558019559615577
row_024236,0.003301520662948783
row_040522,0.10899139729642768
row_038571,0.0014157308642033283
row_025389,0.03888280204194435
row_034095,0.03931219511776324
row_008484,0.05763607128793942
row_009029,0.6163547041269972
row_044827,0.0002303946953310437
row_018210,0.002073135104714389
row_014508,0.006389619824735772
row_017946,0.9965607397687715
row_004455,0.03990440532856336
row_046659,0.06440123550376245
row_047906,0.010428163463289326
row_030588,0.5948194076094191
row_027600,0.6801490726632251
row_022196,0.3032496950504717
row_028144,0.5592941128655345
row_001594,0.025273082102039938
row_011729,0.017273107305301585
row_029836,0.017232509202114894
row_017112,0.0036729337347086994
row_001140,0.13637044470678317
row_016350,0.016340077445289248
row_002703,0.020425766628666464
row_038480,0.0013898716274236616
row_033696,0.115058677291163
row_007627,0.2442486877571378
row_009745,0.37990105537535807
row_027821,0.05771598828401551
row_043026,0.0870398464824893
row_046588,0.18763769192458796
row_017947,0.0017568903830567175
row_033559,0.003205090119856193
row_027602,0.0012938018259059242
row_035591,6.827011195372087e-05
row_039683,0.003619391548598232
row_016042,0.21426273980298888
row_022343,0.1987024083262029
row_038744,0.19612682614586513
row_033998,0.000910381837809512
row_036899,0.024986362215918708
row_048598,0.004460432680655739
row_037777,0.0003477066014614499
row_036216,0.032837756478511365
row_027585,0.00563244584869189
row_041468,0.0006610565961175088
row_000906,0.025389497510392732
row_015856,0.28998637034117936
row_033073,0.36735067109423325
row_021554,0.0037928222365126328
row_039800,0.647163443373285
row_048466,0.00013806634189821802
row_038286,0.09099694184082803
row_024741,0.007189798018932816
row_021888,0.008077691117190975
row_043967,0.09930744445116393
row_025907,0.002920187982020989
row_030419,0.0010991759968149194
row_008583,0.3938198733611521
row_046068,0.04972019392020465
row_038674,0.0007014823084702815
row_038972,0.011962310860464615
row_012517,0.2561548272074038
row_003037,0.06767417497652072
row_048725,0.11270926170251289
row_029064,0.003176542783592998
row_045010,0.07469794524962686
row_026283,0.29102053068539674
row_031011,0.03422565401249265
row_042514,0.7381205856560982
row_001725,0.006019637509489943
row_018790,0.15244379294655258
row_037038,0.1529458718811605
row_025205,0.00319940156935884
row_012846,0.0008704261822763608
row_036385,0.06464731561203091
row_025901,0.985199973925045
row_002032,0.7026476315267549
row_003552,0.0014657477179197023
row_015540,0.5905748193437891
row_033017,0.010482581566852505
row_018036,0.9516641446148504
row_005508,0.1236667448410115
row_044261,0.0027522075355347164
row_012705,0.007772110116936397
row_025969,0.3539047342405297
row_046452,0.0005232530741227585
row_003991,0.005856135849355296
row_030456,0.1538433273559841
row_015901,0.006747642717250644
row_042685,0.04083067484201694
row_012164,0.0027361101367057894
row_032127,0.0011156138101393663
row_046380,0.13855270146250573
row_031813,0.00011127963259831577
row_044496,0.0007249033724925476
row_042671,0.0004755767670292377
row_011372,0.06433377928467386
row_035166,0.6290557637865941
row_040377,0.003839058595333856
row_017835,0.039685682341045934
row_046756,0.0004016065152418306
row_001952,0.008189707493327331
row_009627,0.42864366550893523
row_025806,0.002641558900863301
row_047510,0.016891927682291034
row_037337,0.03289710788526902
row_015176,0.058199872601879185
row_028112,0.026527890336799406
row_041580,0.045444590349646895
row_045712,0.0016645579745303183
row_031178,0.002016625479254265
row_036609,0.02209104590404047
row_041470,0.11085537060138714
row_015630,0.002759925790666834
row_017578,0.8848915632019223
row_005905,0.012453342838445989
row_043583,0.22280811882963714
row_022637,0.028515421337117937
row_022363,0.004751764924959146
row_034630,0.018816619397891955
row_023824,0.03605223215148008
row_025431,0.002191819475738814
row_015532,0.0440032490787229
row_018220,0.002728183963052519
row_038359,0.16940051268197798
row_024973,0.002359453065568595
row_011255,0.260238214423155
row_043523,0.000704355374856061
row_034166,0.005014584608418684
row_041078,0.0017770010537576544
row_005144,0.0033388978365207957
row_041755,0.007594064764216283
row_029078,0.0015671947324369306
row_018660,0.03450029973986368
row_048608,0.4479876143605389
row_019701,0.9985219744762783
row_027843,0.004241098393701387
row_022176,0.005816378925275154
row_018099,0.3793240741174447
row_013095,0.001851146402773661
row_024422,0.787343831801316
row_006795,0.795227888276763
row_013064,0.6001229539563813
row_042934,0.05691811548733215
row_014103,0.40443777337733544
row_046225,0.023771388326097414
row_027764,0.0036932905971414844
row_037389,0.02694221331228241
row_035511,0.059527402891137435
row_032174,0.5195686869444875
row_022521,0.677036741205177
row_042496,0.00017750287257434815
row_027308,0.4598112773496842
row_027599,0.14759031108576245
row_032512,0.00021086908074960967
row_048693,0.3189514836045807
row_012723,0.33271195175240786
row_017365,0.0003597570008959297
row_002998,0.1353460731021478
row_045646,0.9521785228038572
row_011055,0.49192781230973115
row_046091,0.017945022781842138
row_021245,0.0030529060380737
row_027061,0.42156404068787273
row_024390,0.005580034763084482
row_027855,0.1205532084549801
row_032896,0.1763972204875286
row_010700,0.28696001511047914
row_005834,0.0062830917814938325
row_024747,0.00039948811748020545
row_040737,0.005716173661390344
row_037126,0.1407078352929681
row_021998,0.7474832775776723
row_043708,0.0725778470415887
row_033054,0.11331160337550672
row_031569,0.12959450333890676
row_040960,0.162913516102107
row_024724,0.0030023525332708253
row_045567,0.00909724426916927
row_040242,0.0025108953015620435
row_032271,0.0006490904081074519
row_015948,0.000675286613099926
row_004372,0.0025570642169545897
row_005412,0.05593633065722056
row_000472,0.1074562673314983
row_026634,0.0005770595250032698
row_037175,0.000480728498153885
row_025016,0.0009952190273363228
row_019680,0.01551265099118379
row_018431,0.04071139584384292
row_021015,0.0008155245865736809
row_006489,0.00015038450154725212
row_024261,0.0030454868755616345
row_016335,0.9926143604590154
row_033772,0.2280644313816699
row_032969,0.004550728438773353
row_041142,0.09673732205595664
row_029050,0.01646991848541842
row_025646,0.9999056952260592
row_034393,0.12345982252673557
row_008065,0.02516351057195308
row_026668,0.010949310613215588
row_018454,0.8138231188643699
row_002057,0.6395247269557466
row_024147,0.04601339116779531
row_021656,0.002825775021256351
row_002188,0.35654675633590843
row_026172,0.09965591338574725
row_012444,0.617805609099234
row_032535,0.004072982074322471
row_029375,0.00201593857891547
row_025059,0.0001861891809099169
row_037697,0.004420457647074964
row_031121,0.11521297257149875
row_013084,0.7387151690597278
row_016812,0.12849304204627227
row_000808,0.06715198725325888
row_025388,0.3942051441277191
row_030563,0.0026914814490478804
row_015950,0.021893386416361175
row_035916,0.0015573091656392412
row_048650,0.0049036710139847145
row_036767,0.9195021593528176
row_003172,0.023318126633664796
row_012522,0.0010203556320010914
row_032409,0.06780365740756311
row_043496,0.1365236357285546
row_023736,0.0008730539089795708
row_018788,0.8309752854357992
row_007698,0.0017286648687626516
row_011865,0.0005238649524456863
row_018310,0.0010241119572883548
row_034871,0.008046656898494754
row_016985,0.0012171978748350995
row_015985,0.018090576921212482
row_001804,0.0018754941686109261
row_036755,0.885384052309415
row_023556,0.007496017884105667
row_020130,0.0037182516893942263
row_025746,0.02219384635635656
row_002047,0.0005843078222324556
row_009604,0.028215110294202414
row_009401,0.0036240179275040954
row_043830,0.013548577624887754
row_007128,0.02957033451997937
row_026874,0.0040551119765187115
row_033932,0.049037407429400624
row_030983,0.45551997967706226
row_020924,0.0006423105880673378
row_039053,0.0019458683186676842
row_003119,0.0024661419440528388
row_033021,0.002442519665844658
row_026290,0.0005277859396274595
row_040520,0.2001987795300026
row_044150,0.002631879500349223
row_045251,0.003835489083352667
row_044503,0.23299659371424702
row_049635,0.00030481467713036267
row_040335,0.006367624228919166
row_012665,0.005096727609690019
row_023997,0.14050119509198677
row_006371,0.001081611204239111
row_013027,0.6622173128943565
row_025351,0.029746833799574726
row_008668,0.009260153628779256
row_032250,0.049730521957314165
row_042588,0.9507074228339136
row_009040,0.002716605399656474
row_010736,0.29411733314430366
row_028523,0.003626504685330432
row_024358,0.004838842722882045
row_022181,0.3627053139566937
row_020910,0.03374986743441316
row_000438,0.021661277061572056
row_022576,0.3815010875940996
row_006656,0.02676593855082525
row_030532,0.013441141525092943
row_018102,0.07797822006342824
row_043531,0.11223173837418807
row_020275,0.18377198105190656
row_041927,0.0004798067917585415
row_009922,0.9326173922124442
row_025347,0.0002569888308486355
row_026557,0.08360136370782854
row_002614,0.09183760187513886
row_044544,0.0032652090393827916
row_023146,0.019454550856879832
row_012940,0.001704957217598551
row_022544,0.01222835212764872
row_005302,0.003736083684287501
row_018755,0.04934220349675846
row_012013,0.0007895530467653997
row_028587,0.0017599427959509749
row_011771,0.0484080942158204
row_030097,0.918506190057552
row_024060,0.037063786435305585
row_007079,0.008683187056727368
row_045001,0.0003351406444356176
row_023690,0.018570112794627367
row_045565,0.2576515083370299
row_001199,0.03497780949768249
row_039305,0.008232124977084254
row_017914,0.10076873247067986
row_033482,0.8925497141551479
row_009496,0.7319789027814949
row_031234,0.24225338607688512
row_007974,0.0004796753094226055
row_020687,0.12343497900957737
row_047040,0.4524155172111187
row_005433,0.002019654820290943
row_032143,0.2126902331228337
row_039089,0.7870417389003724
row_015788,0.030884813747179142
row_015298,0.008229109701149536
row_003349,0.029582943636099923
row_023786,0.0040984940272272945
row_000917,0.285191348449907
row_005467,0.002517253074773352
row_005936,0.09301194193870409
row_037623,0.00847011715238485
row_007179,0.023172608768907595
row_019221,0.0013425270156952132
row_028980,0.0009899558591540307
row_028051,0.010499130915242735
row_023431,0.1913567359666438
row_001958,0.0011477030919778745
row_001471,0.1356536796699831
row_030637,0.005011877417362425
row_036078,0.03687222648333575
row_013300,0.001335413208147145
row_031741,0.015586506747181976
row_036835,0.03872347940209134
row_023454,0.00043551517585481176
row_030158,0.09875590583628527
row_035135,0.006511219415017771
row_000790,0.2516601685814167
row_017751,0.0006080119509087527
row_036654,0.007183263507862095
row_012046,0.07565977204025653
row_030118,0.013568248142873237
row_005724,0.06848049781805095
row_042287,0.02007518492260875
row_049483,0.0050684616955587805
row_008495,0.01142141138564732
row_024946,0.0014707714975138115
row_038688,0.018027396537967696
row_034227,0.028209484535422394
row_039105,0.5726680064690433
row_031700,0.056375194705902014
row_002038,0.007082406243733363
row_013669,0.0053264065806416985
row_022504,0.08175303784009792
row_024234,0.04889498711180815
row_028642,0.042421180055520986
row_041110,0.20931100467253466
row_020032,0.9610358657615806
row_035991,0.7748767049923992
row_031434,0.06334775509082041
row_003485,0.014774005504568772
row_008771,0.03455696862656729
row_026390,0.370718750490423
row_001868,0.004547229292139598
row_008664,0.7945747680134527
row_013330,0.587621207435387
row_044438,0.00782671576255249
row_043995,0.0007718849774975094
row_008312,0.01997595278411027
row_027081,0.007238888012056804
row_028553,0.12133451253169844
row_022476,0.5579915558576269
row_021281,0.00027373331080743764
row_028261,0.02557222575954133
row_034788,0.7717129798723923
row_027292,0.9234058243371015
row_028235,0.006299342776814902
row_036138,0.0008373077013785922
row_025021,0.994083854673008
row_004919,0.0053519877536170445
row_045708,0.02774518561360275
row_048516,0.19555519329659393
row_013565,0.034381831830018625
row_009710,0.38793857505601614
row_028266,0.08549730748645015
row_034145,0.05113943855207665
row_019649,0.005236939114119253
row_031859,0.0976232131835206
row_011587,0.5668257436137392
row_045301,0.023294111372391096
row_027674,0.0007590222643350408
row_027009,0.028729977142819187
row_000082,0.004077351850335021
row_016727,0.004986739497046415
row_049387,0.009527576845970418
row_048162,0.017409750701245532
row_025524,0.011243870446876253
row_020712,0.15554825067835776
row_043687,0.0033191948146779645
row_004913,0.012717277774852898
row_005076,0.02918185607324091
row_018447,0.0017658631258868694
row_034782,0.009827287129893806
row_008100,0.2530075619670508
row_026993,0.017399614071732863
row_017505,0.2518624261643274
row_001086,0.052503430296908585
row_000127,0.13929334276106942
row_025914,0.0013539777318796636
row_043364,0.10236204010572966
row_033777,0.0007277046745660273
row_028909,0.3723894759352987
row_010871,0.298275996061671
row_048924,0.12157495047961063
row_023429,0.004738992477614021
row_049490,0.47068632807867167
row_005597,0.004719348447046085
row_040931,0.024581198933003194
row_039294,0.03804410322037369
row_027668,0.10337483141568767
row_042162,0.38725595990749295
row_039420,0.05229526996654187
row_014657,0.4293193959749805
row_034444,0.023135011486608147
row_006157,0.01534787122138322
row_048706,0.10430998669331328
row_006394,0.0009325250910047178
row_024241,0.2372459223072561
row_041559,0.11610584255583836
row_007207,0.018407544581934915
row_009234,0.007823418118142095
row_041111,0.015727235460489937
row_016048,0.012116114953029099
row_025385,0.4201821785446156
row_022428,0.7727821134073758
row_049873,0.005210085615119418
row_030488,0.0017655580362872382
row_008749,0.0012105569481202605
row_010084,0.13443731661999056
row_014016,0.2044753275716829
row_027739,0.0006484611450649842
row_046849,0.016682304282715922
row_016269,0.8531437566309377
row_007151,0.030536491784333906
row_007061,0.7602393707871924
row_006251,0.017308741268191687
row_004955,0.0022068330237731493
row_032462,0.004576992652693936
row_007381,0.007445122184834717
row_036528,0.02971196543214335
row_029014,0.002317251301767148
row_026682,0.0004409439255578802
row_036907,0.00037662702078181066
row_029744,0.83138509776015
row_039964,0.05871549670035743
row_049621,0.12395837548030068
row_041531,0.007440151576754549
row_022103,0.00016220866484921374
row_004852,0.007036129560340377
row_019465,0.9999592479005606
row_021593,0.030349696009144438
row_028227,7.433830424946611e-05
row_010556,0.029046051656732283
row_004438,0.9907520747994931
row_011678,0.05486174515981403
row_038832,0.8427933755887701
row_045204,0.000297521730028915
row_036135,0.004368378266152263
row_011559,0.9674162879540582
row_029776,0.0009705989969380328
row_005497,0.00023425083561010772
row_047974,0.03540327995123629
row_009838,3.444658903199431e-05
row_041150,0.222501731301815
row_003764,0.05729872676886532
row_010587,0.0034113519059224546
row_019909,0.004200333005026076
row_026351,0.035555950192634744
row_043417,0.0008595518737524643
row_018066,0.11574707080357555
row_015878,0.004682442606540009
row_049690,0.03759878404161034
row_008284,0.06242568181073645
row_041530,0.7383649911937352
row_029096,0.000682866097519202
row_014923,0.0016625966452763763
row_009103,0.00934599359934062
row_019273,0.0005884743458693034
row_046864,0.09705575916380997
row_030554,0.003297843533068014
row_018640,0.0007454696223865859
row_011120,0.3817860276323266
row_022954,0.04847885498299816
row_007589,0.9905667453369539
row_024431,0.012226044238006835
row_038262,0.020878668361157347
row_025197,0.16747408322768498
row_042524,0.012247153712639755
row_042239,0.01415594666590928
row_035653,0.01660932256318353
row_039890,0.025164222164129686
row_014477,0.006345022079316944
row_032559,0.9334479384862757
row_005485,0.5368964758752814
row_047463,0.07084198954682985
row_035751,0.16043818577150254
row_022327,0.031397252358492424
row_010970,0.9361919484575143
row_017380,0.004844470132137872
row_028430,0.0017206672427406329
row_038681,0.003624543645858132
row_045681,0.9818107647125978
row_011756,0.0018068625208010453
row_028291,0.4855656017089035
row_023568,0.08071456460029436
row_010828,0.18129885603148777
row_045799,0.01580284428753481
row_036214,0.017305927678318175
row_036553,0.0013167562527072684
row_049778,0.04192149340270447
row_033935,0.986948407293925
row_037132,0.016810679081493952
row_027027,0.0012529091619625941
row_045808,0.9194890138569178
row_044006,0.4409064932732552
row_047560,0.0009524880369274325
row_028120,0.004725272447014577
row_012018,0.27143914045899104
row_000014,0.18348495844615903
row_001650,0.04284579060782612
row_007551,0.03163866335750596
row_028267,0.0010873456248239651
row_001524,0.0019164718688219088
row_017551,0.05832641161790486
row_032539,0.034632159599637904
row_012959,0.011625724853807968
row_004075,0.0008405835301978615
row_012863,0.08521489698793029
row_009249,0.00011318987674822554
row_011428,4.634253065763655e-05
row_043820,0.00046931615736979277
row_016446,0.0005210125961232135
row_040581,0.00465316973683212
row_007370,0.0017850184084618119
row_031764,0.07664222239630628
row_020104,0.0001380028569303874
row_002965,0.021869011753279793
row_024505,0.8006105745331571
row_043910,0.0015098724605697444
row_033496,0.09387710344154995
row_020416,0.027333664172567735
row_048282,0.14753766668926604
row_010221,0.5761051119289479
row_010804,0.08221761724515474
row_022525,0.0028736729264177228
row_045779,0.03046978023446608
row_008839,0.0010698963372965048
row_013200,0.06899838694575619
row_013769,0.0018400844903723084
row_024064,0.0050839801801826935
row_045282,0.005547734669233919
row_030246,0.02166595476928912
row_041398,0.0017542061100106528
row_015059,0.4187242813674799
row_024817,0.9758206080848791
row_008132,0.20117333761581918
row_049158,0.9999700796244502
row_035076,0.00943966311313076
row_039434,0.0038960010130732227
row_040567,0.001297758650133376
row_010423,0.19235843871707078
row_034628,0.05058468863775363
row_042368,0.07450927200330046
row_002926,0.95712390974623
row_013349,0.006227503123529966
row_041314,0.9814684330020709
row_029421,0.0006789313231479782
row_009176,0.005364075589487779
row_021405,0.008299489431237601
row_011645,0.0064044924855852624
row_040716,0.021749349528441545
row_035052,0.013729388035937536
row_024451,0.822176770481239
row_039818,0.02323970172209123
row_020761,0.04553345878134229
row_015679,0.0003972373316796518
row_021470,0.0142941061363904
row_044420,0.04489186567845942
row_001595,0.07672527041567764
row_025690,0.003242489487610339
row_019120,0.005926103877197169
row_039220,0.034119852390844196
row_022045,0.07771441983325271
row_011848,0.012882147187831497
row_047882,0.0075637777477210386
row_029133,0.34468720730606395
row_040657,0.012547964012609901
row_011792,0.0005494906819104826
row_018991,0.00753655198885907
row_013435,0.08664664589275638
row_037135,0.028984793106043443
row_001861,0.06930182652051799
row_014262,0.1943671517311073
row_019661,0.0033135498109597462
row_002380,0.006085798824461364
row_006247,0.07343409111952827
row_015873,0.007244756502556658
row_040766,0.002211454945370137
row_023795,0.0002661010421090269
row_014651,0.000288912154766961
row_002602,0.025155218092461434
row_041541,0.0019923696685138852
row_006740,0.9010965361161267
row_006120,0.2249632521625316
row_043756,0.008212200113308688
row_008464,0.011894994363378188
row_045539,0.013676886914703751
row_029979,0.0022517271500780396
row_028502,0.0002656777369916956
row_045649,0.06700336840019441
row_045151,0.0388910947840999
row_046424,0.05437063333081982
row_023216,0.005630154450825132
row_013415,0.0014113431740432382
row_015297,0.045921249617727984
row_005874,0.0013577058911732717
row_003737,0.3828115296154896
row_002666,0.06594994970342014
row_015221,0.16447269109514284
row_046510,0.5563580654388106
row_041259,0.5874412102586826
row_014670,0.91289329455084
row_018983,0.46059211641196873
row_016583,0.0026002077758708678
row_032922,0.001224302450297351
row_024888,0.026876590141839303
row_046600,0.24291257258308394
row_034294,0.9881609242379296
row_040749,0.021642628679031196
row_000948,0.020674799324581227
row_004028,5.7789546780501815e-05
row_012129,0.012346908700769758
row_005058,0.003180977690481262
row_032141,0.0017609344260595303
row_038812,0.01322150905380557
row_014305,0.4487367770157533
row_029160,0.0036514606869843666
row_037591,0.5489993957059649
row_013354,0.7168369421988898
row_036710,0.0005621513568973957
row_015918,0.00391912509841749
row_009105,0.002620205052280107
row_011730,0.9987198001352817
row_024697,0.2569925508513155
row_003135,0.04222155119877805
row_026603,0.034526611547626186
row_003528,0.16509107922058214
row_006068,0.07157636919262654
row_007946,0.0002254970590467184
row_000643,0.002161246548184909
row_003441,0.7521070872622734
row_036250,0.00880436285903382
row_037162,0.017849021281544888
row_014829,0.01403653134365294
row_048873,0.012418392391677559
row_028159,0.00826079612560989
row_004959,0.0004054195289080669
row_012428,0.0021354613652009094
row_000079,0.05300568907834113
row_003372,0.012274960229273392
row_043444,0.10033971677133206
row_000274,0.342171887908171
row_012805,0.0017429270727486582
row_005569,0.12166871482265179
row_022269,0.007866629690423859
row_043537,0.0033614680815273077
row_007822,0.013615541156804705
row_013755,0.02651255161116741
row_025628,0.04916580477528949
row_000389,0.1547147127049514
row_006917,0.43651817062640413
row_042247,0.15908677728189163
row_003288,0.0015694526047106939
row_005278,0.5934139437270394
row_020259,0.002209160036161047
row_013520,0.6276447707134072
row_000486,0.0040294254687071665
row_014469,0.001931871316285919
row_006301,0.03363018742052135
row_039553,0.2807866945328194
row_046644,0.019813868962793
row_025175,0.12358644946555843
row_028047,0.9528975037188573
row_018733,0.0007216683958418284
row_017643,0.35602461845616096
row_043498,0.018841613585697664
row_008773,0.0796243747960543
row_006185,0.27558264151145073
row_010163,0.0013191148603233487
row_036945,0.02823868198595851
row_007918,0.9956829028825538
row_011250,0.0008331251021335583
row_040775,0.7950773131054231
row_042879,0.0004609937690148233
row_008170,0.00892661814862397
row_037737,0.00487973644720154
row_004129,0.01334664924583221
row_023810,0.0005621353419433975
row_022218,0.015557705431344817
row_030041,0.014321121646740664
row_042320,0.0025626689160634496
row_043328,0.13369499138078142
row_017856,0.006061866896196493
row_033667,0.5204730384870244
row_003646,0.00034814425497438166
row_030914,0.004753759570609434
row_023597,0.006362114004543753
row_010885,0.028985430709721427
row_042136,0.006528054367266439
row_028847,0.0011504512515342563
row_046760,0.4193140265379722
row_046469,0.0043227740374002874
row_040605,0.9992141568288151
row_009437,0.010237708064434052
row_027280,0.001451830620073068
row_039713,0.005970197924491387
row_034072,0.21646729290065825
row_029087,0.00303585059495447
row_035921,0.027798043651709056
row_041995,0.0014111638304272073
row_024875,0.02499185236452436
row_022715,0.008363844309684943
row_031479,0.0017815520344171662
row_024419,0.05378620192500436
row_020376,0.00930036751027594
row_042849,0.81636270419932
row_006479,0.00039144409505623997
row_038240,0.01686800350310692
row_014476,0.007089611714175707
row_008835,0.007957537420160747
row_021465,0.006738218473661881
row_031845,0.6422857025417402
row_039291,0.006009732336384929
row_008630,0.9683933217378938
row_023200,0.9923684562995303
row_032957,0.019018535928345348
row_028835,0.09511720339156515
row_040278,0.0007145098866279488
row_047719,0.019742564654492208
row_003696,0.7313601061277735
row_004281,0.0016076945179204854
row_001993,0.0015903999834658645
row_033852,0.02956332693833063
row_027662,0.0031649271619281537
row_014484,0.0025815094543272703
row_013823,0.06367387381501655
row_048631,0.22301381070924609
row_032898,0.00039068914511270874
row_034007,0.8731679860518657
row_008022,0.05516046329631968
row_043767,0.0010477235895747796
row_035385,0.07207629504491395
row_031884,0.8784126017152751
row_002241,0.11651432269149242
row_035461,0.0977936962059246
row_007144,0.4912437457860599
row_043088,0.0020441143677729203
row_013417,0.010439778618503547
row_020090,0.0013226426560119613
row_004287,0.2911847225226162
row_028860,0.13679365316648417
row_022886,0.17492193903871006
row_031720,0.0013778521854680551
row_003390,0.14755591064049273
row_029999,0.9015229562830201
row_033508,0.7563301927028658
row_021385,0.00451160018970668
row_043921,0.0023735023362748365
row_006799,0.002000381375477144
row_043383,0.03225259268820613
row_037624,0.010001539097647717
row_022127,0.008398356135744705
row_041577,0.7120534926356047
row_030367,0.002525601021987981
row_005939,0.0008549493784515359
row_043166,0.1582163354914058
row_009934,0.0005524885910723529
row_031854,0.9653757876996967
row_001737,0.1853388313049361
row_004721,0.0045591649597862514
row_016173,0.0018661153828853794
row_043804,0.026833919996787692
row_036345,0.18407170374626958
row_021678,0.004738003831910926
row_014287,0.006093599838232725
row_009091,0.8330744990019279
row_024387,0.00355478098827363
row_001040,0.0007386081930465735
row_030305,0.08287579574076409
row_025748,0.00026876459950419347
row_006080,9.217789554066785e-05
row_035518,0.30372646466951275
row_045029,0.9414830495040714
row_015446,0.01644981457742922
row_015307,0.30089382839882167
row_009302,0.9990709944050465
row_037227,0.2594368840613843
row_034505,0.027915357002022016
row_031440,0.027643668023195546
row_018942,0.31717565850854734
row_049997,0.0014365021468262672
row_020608,0.08340539035560386
row_037500,0.13528769639832458
row_025592,0.9952262257109938
row_035013,0.013044331638507234
row_019875,0.02395966275201279
row_041120,0.6093778202047899
row_028620,0.8965407447911267
row_002817,0.0012755074362759502
row_021137,0.8881361382878805
row_040829,0.003018297464224528
row_017968,0.025570757872271026
row_028548,0.032966954529344505
row_010816,0.003875191138627324
row_002592,0.128416934334469
row_013945,0.00797426309753844
row_024494,0.020716575109191105
row_007707,0.005016283571446373
row_044998,0.047416844627658036
row_036726,0.06229002930664548
row_002619,0.006586146133482819
row_013375,0.07435154861774901
row_011203,0.07270766687948349
row_009325,0.008063079124288792
row_041894,0.2111597745669049
row_033763,0.03309436439527843
row_047474,0.007169072508040516
row_024102,0.0017814412579709859
row_030469,0.9821184004805172
row_044455,0.035659969443061525
row_027857,0.07916604629264751
row_025381,0.0008111897033514814
row_015527,0.0326993609884185
row_009551,0.9684866284026743
row_046348,0.9210040421972068
row_020793,0.0004899346532683105
row_007994,0.032540936704796825
row_000794,0.03671152809565574
row_005215,0.004102417813288903
row_044317,0.026444088348974056
row_018149,0.4746546877735919
row_034506,0.0064306074316896715
row_033976,0.0502507843049739
row_035555,0.02335721267887227
row_020610,0.0006764843253295404
row_022913,0.01866371901002755
row_042861,0.0023995420965076367
row_002832,0.0048499254662252266
row_043527,0.5156799356039059
row_043329,0.04276075906094255
row_037006,0.034743961152412295
row_002145,0.026051887267537557
row_019783,0.7944027537148421
row_001275,0.012938951764372028
row_049805,0.0001233122761047731
row_023833,0.7747206171387717
row_002039,0.9844786220075832
row_007259,0.06469902514499444
row_042001,0.7589207985545818
row_009495,0.08870923046230635
row_027459,0.0010181095497636895
row_004928,0.005147508323881375
row_016107,0.0066313296539940786
row_040804,0.005960146577107176
row_002582,0.40021537192567513
row_002357,0.03645613284523157
row_040227,0.01627813501197535
row_019296,0.008011923029935322
row_022073,0.015535702179070023
row_018712,0.0007726610686425911
row_024084,0.009715453926908436
row_000400,0.026983565880436336
row_042690,0.9864873803569552
row_034014,0.5082270989295542
row_022666,0.0018205720473553262
row_010602,0.003463167570594931
row_009128,0.4207602959920042
row_041923,0.9958640680423714
row_044640,0.010473296184870796
row_009690,0.007133966974000729
row_004293,0.007165708451152761
row_031254,0.0036355149613989148
row_027615,0.9626113711137225
row_047414,0.9987177074621527
row_040433,0.08731407297981494
row_009359,0.0010427431249742838
row_041670,0.0008291471819705479
row_007804,0.0005031298884157023
row_038902,0.30208916579522443
row_006026,0.10938461232219422
row_003304,0.00034857901049690934
row_006161,0.874011031180792
row_005389,0.561450594497449
row_014266,0.06242136098003939
row_002842,0.0015816860003976048
row_031750,0.13911328939828427
row_001935,0.4551675096890193
row_018281,0.961385360303262
row_024786,0.011141133427627086
row_029665,0.005291827469231596
row_019248,0.0003818770533658499
row_009595,0.007609201400702726
row_033628,0.010585121933156675
row_014759,0.17995099599682118
row_004625,0.003181217666711484
row_022399,0.9793482690149753
row_046593,0.0007516281329725201
row_017994,0.00970944176788121
row_015522,0.012313462089769965
row_030317,0.007855491302525955
row_012977,0.786270626408538
row_015868,0.00015821528608313796
row_018093,0.0011906645102082638
row_047590,0.00034764172016067603
row_034415,0.00018748454105556826
row_004213,0.001109895796179385
row_037195,0.9663654829209198
row_038306,0.4324918614991949
row_016037,0.9996527955613381
row_017311,0.009702260984120085
row_006770,0.6122810052409526
row_007614,0.018600531851655076
row_016108,0.016126014626296183
row_014703,0.07306268410857986
row_036917,0.7438694224894884
row_003578,0.023314023679364696
row_009724,0.15875523302353534
row_025294,0.003139316510363227
row_037323,0.0014254890601182342
row_028313,0.0016678916905232357
row_014357,0.3082432165097363
row_044740,0.01956276830334807
row_030760,0.0005010845806641055
row_039869,0.05922423746799875
row_004219,0.7492966481814263
row_048419,0.027654664933241604
row_035304,0.0006727770409983751
row_049311,0.013198976610444675
row_026501,0.9179361565314925
row_027768,0.0008157346087700307
row_031997,0.000586466720376043
row_021642,0.9543110132446198
row_020284,0.10259327701839349
row_019924,0.0020722006228122217
row_049807,0.014728154620177986
row_041707,0.23870356354267427
row_042266,0.006948951244660989
row_025172,0.01095093333665046
row_009738,0.009034347462161828
row_035607,0.0015245963517839787
row_048709,0.005602638177175092
row_039620,0.02198322397278805
row_027943,0.12824635844024806
row_038165,0.2781906149851936
row_024161,0.0015265163832544877
row_027242,0.016165823065329633
row_012861,0.002288455920079681
row_003516,0.0069335302067084215
row_004361,0.29138020642667983
row_019077,0.05976602219149459
row_049911,0.014104275295298778
row_037583,0.06054421547440135
row_023807,0.7882600405470743
row_004949,0.22950879715622663
row_034869,0.24880949712427086
row_045319,0.02164820129891023
row_024468,0.0005748103451074228
row_045445,0.00630835823805707
row_037547,0.4086166628317519
row_027054,0.057492836693038986
row_013382,0.015251180260913332
row_023987,0.006141518391994621
row_003153,0.0045559260934546954
row_026543,0.006756395713680627
row_008810,0.9550685256386668
row_034365,0.048911910455794606
row_038382,0.007738161096652797
row_015757,0.004703664501393057
row_037581,0.22408761083047232
row_036210,0.2920407992183004
row_033344,0.007211726913141523
row_038498,0.20645474005232697
row_031901,0.213770337859146
row_042694,0.9784647460681933
row_024078,0.5757599590114137
row_004402,0.15856861321443994
row_028995,0.35177863788899816
row_003043,0.0025870019942034334
row_037432,0.14186237387134404
row_015170,0.7535017390450287
row_018062,0.00024910771411911745
row_014127,0.10487055768701382
row_012311,0.012037681743478674
row_032859,0.9997022924252978
row_006119,0.18275335160154543
row_008117,0.09902845941014687
row_011048,0.08498453342765497
row_012835,0.007919162228619929
row_006614,0.017345178442697333
row_019429,0.00040525745262903024
row_034613,0.2124689411002428
row_042943,0.03127481912172188
row_003017,0.0006497201509719889
row_023622,0.015673192873669417
row_010048,0.012827175756968373
row_014113,0.051251375104854745
row_048430,0.6627812906992978
row_023360,0.01577824412384991
row_020933,0.001510168479148357
row_001165,0.526373365300332
row_048883,0.006805116713493908
row_023097,0.0027538566683334834
row_038489,0.9738599209015586
row_047524,0.01949671040168996
row_019177,0.07143013944916182
row_027587,0.07607133031130185
row_027714,0.001047733895589703
row_017661,0.0066294032214755634
row_023849,0.9897147632236425
row_019327,0.00331852681437691
row_029656,0.9346663918374463
row_045249,0.03637866843642028
row_039049,0.009357012137234375
row_017416,0.022232142836832
row_014219,0.020766895316312685
row_033521,0.30672069183073114
row_045035,0.1604366923402608
row_011358,0.10206266524704138
row_033365,0.11760085987459391
row_037438,0.0010264733166359067
row_006922,0.008431676175350754
row_037099,0.0012672564310562942
row_028184,0.025254383534285288
row_001907,0.705059065091771
row_029886,0.5939729951683462
row_049784,0.0022930538069637937
row_049003,0.003915143013870153
row_004359,0.003279430928742743
row_016410,0.000875153986469865
row_006274,0.09382650832051961
row_045457,0.015445794726223861
row_002981,0.06578406485413131
row_026436,0.1357337868938342
row_029511,0.5498785400110527
row_037139,0.08377243437794724
row_036702,0.29281470685741745
row_032522,0.0003136057002180774
row_049632,0.7404790261100458
row_008943,0.0145685017144895
row_031119,0.0007821984499548423
row_038552,0.004062432683554774
row_007903,0.008921542278801627
row_021529,0.05692101128424801
row_023993,0.006364018883023981
row_030397,0.9660374106593639
row_004981,0.00671869025687498
row_042750,0.03942748420544839
row_017319,0.03603421079154433
row_036470,0.004124007180311959
row_017103,0.001983767475082244
row_032602,0.00903166197552124
row_017385,0.00010042204409157232
row_019374,0.024437087198945145
row_029614,0.18445121859974153
row_009346,0.02708261280705885
row_025174,0.8756011988652741
row_008430,0.8391148283820233
row_008600,0.0033327531665008738
row_004839,0.3208436898059871
row_023022,0.13045894892627005
row_026333,0.0006001858687229053
row_037027,0.020939400070743668
row_049789,0.006663596797083926
row_044325,0.0003847165250849054
row_009742,0.0002841824230265244
row_033379,0.3160575967108899
row_011871,0.6001169758013517
row_043540,0.00110565133825714
row_023064,0.1394390745898879
row_000405,0.9920627676938343
row_014465,0.7320459547990077
row_047275,0.9984634697343656
row_008407,0.010599906911487442
row_000723,0.008583245495052506
row_034783,0.7625568111575302
row_021064,0.032359612711428745
row_012557,0.5585667200413942
row_001100,0.07050832793840431
row_002780,0.00023096990651158967
row_012649,0.015421677590796407
row_021261,0.008777830395214108
row_007654,0.6716012950579464
row_043988,0.03803681486102893
row_005230,0.9151643273056599
row_043267,0.012027908044350692
row_024966,0.27197886052220804
row_022810,0.00394527294164759
row_009811,0.07985083835384585
row_015936,0.021547986617641512
row_017607,0.003183479812144206
row_023107,0.009222051634727703
row_000068,0.0010928977521542517
row_044703,0.005849786227886453
row_018813,0.24385587750537735
row_014727,0.06617190423793552
row_032020,0.347040852521564
row_023161,0.10967346082731735
row_047924,0.0017651947608688708
row_040703,0.7572969275323129
row_014933,0.45200415660744286
row_035313,0.04270643418983177
row_024355,0.003997800517026022
row_027859,0.08515435969292791
row_014366,0.09796296957076024
row_035811,0.9779765754532743
row_028255,0.04189912055226108
row_025327,0.007779480022989765
row_034349,0.00014899012349292107
row_028245,0.1499235090994579
row_022652,0.004375723947181362
row_014238,0.3071853566708871
row_043779,0.00031661545847680005
row_012077,0.0060281562154845016
row_007883,0.021638397459496903
row_042796,0.0157461517975207
row_007718,0.04359528007060749
row_000873,0.02767020583911578
row_013551,0.009384613906912932
row_046017,0.11470026135537814
row_024028,0.010103602131518407
row_044650,0.024908850174499432
row_036695,0.027148259382650572
row_023187,0.044063423428473636
row_043744,0.0017432721371219415
row_022922,0.9068031897908653
row_011789,0.11446696199188293
row_002361,0.11195158010038204
row_021427,0.0015305100859098833
row_031072,0.0025405157053472217
row_036898,0.016749376950713605
row_004170,0.0382935515922682
row_046302,0.006553474205892926
row_004001,0.0365189922490832
row_013982,0.002279117671280624
row_020962,0.3974210458742302
row_044737,0.2305645488494995
row_002846,0.06457434113117114
row_001113,0.014519825446244278
row_012640,0.005032391412039431
row_014363,0.8915555206645343
row_038587,0.12194356693074279
row_029588,0.12104946716911866
row_029778,0.0031670919468571724
row_026471,0.36690276186177717
row_039623,0.15874216675430994
row_037001,0.000599138854856579
row_040800,0.002196185396300183
row_033624,0.19082155421466013
row_048613,0.9778728897429252
row_029494,0.004838228956518828
row_016378,0.5168855565083574
row_042253,0.21703647095068085
row_024087,0.012865595589410096
row_029321,0.08821100875065835
row_004157,0.004566904402594395
row_044426,0.025070843913244545
row_047149,0.9942458607244222
row_039075,0.0009177089112792411
row_036147,0.0008290134062481207
row_037545,0.038705448289254596
row_042285,0.08155992337557258
row_014956,0.0075438653347571424
row_003653,0.006087810469191655
row_000011,0.0013052740864168443
row_033169,0.06204336574572597
row_014894,0.0002880638496259078
row_043450,0.02879452926144027
row_013784,0.13613405887128655
row_015245,0.0037393890974125573
row_039791,0.0012236240200733254
row_036473,0.0023581286946541364
row_010144,0.01407579542834486
row_047431,0.06415632856110084
row_010275,0.08402410489941933
row_012135,0.006547224945170089
row_022552,0.03259135597927832
row_024778,0.07119176996329077
row_046712,0.6647755085144522
row_031349,0.02684666029424103
row_040416,0.13995287734419648
row_014609,0.034698920177262074
row_039661,0.001172806766923644
row_045588,0.9991427355042205
row_004393,0.011826943382596669
row_023139,0.0114719619518523
row_004749,0.8204314636078804
row_030541,0.007792784596581845
row_032611,0.35880241333392293
row_016323,0.0018568316630004993
row_012901,0.01818819633193578
row_031081,0.02005532890038051
row_007480,0.7638471284135726
row_047072,5.3008180609292284e-05
row_041697,0.013001785044600526
row_045692,0.01552880202923735
row_027353,0.04246665061180319
row_001034,0.37498837923802425
row_038230,0.10819336538929644
row_039958,0.005415511541027849
row_034315,0.02967228633503053
row_034486,0.0030698996014533507
row_008037,0.014412391586201757
row_014774,0.005218541197282102
row_037571,0.014689838376906085
row_025834,0.577126196514004
row_039016,0.37690608144886995
row_038738,0.02367943091605854
row_033104,0.7681179295147564
row_033894,0.010988145467665033
row_040270,0.0033502556814332413
row_032194,0.0013792755703530167
row_024023,0.0019798071396000243
row_000135,0.4954821444990972
row_009087,0.016785037340445785
row_030695,0.13237395362841148
row_012349,0.8792620216672364
row_000680,0.9079105750644986
row_041979,0.4996382363687437
row_042880,0.008215117677980752
row_008832,0.0003867073575069811
row_022010,0.001183777321411302
row_037492,0.0031417578063215016
row_014242,0.029514201666793454
row_042462,0.000515722821371023
row_003312,0.7676808455390305
row_046444,0.21271147020536046
row_041895,0.0008052052315705466
row_034876,0.029419075803661078
row_035377,0.24122878999275937
row_032847,0.9010902542646171
row_001582,0.06357117533039336
row_021196,0.7699996001736809
row_012963,0.16055143010876188
row_028036,0.9431676432054803
row_042902,0.0008115929934903492
row_036538,0.010676040509589818
row_023729,0.007571737082217936
row_002820,0.0021476385386823677
row_007715,0.004241189176737519
row_009654,0.0004031177633190657
row_011592,0.30554133995678845
row_039282,0.4897974924302556
row_007706,0.2990802941070401
row_033396,0.017606289374632926
row_018674,0.9870376818155374
row_039848,0.009699897437921332
row_023725,0.12333289569768649
row_040130,0.0003538534245287472
row_022335,0.0160544006657452
row_032295,0.000283265084077976
row_030752,0.02962575283182596
row_030315,0.5677977999113011
row_015378,0.02838754181520579
row_036198,0.2515607097872738
row_010452,0.01619511005541733
row_012075,0.0006071502946152867
row_036030,0.009010381145516496
row_009525,0.48569181905091463
row_018317,0.002295839723248802
row_029840,0.00063817987118031
row_020314,0.021661955371531903
row_032836,0.04604974973946298
row_042143,0.5674043421647544
row_026744,0.6648777150210321
row_036120,0.10306797302367945
row_003905,0.033638608596432765
row_010608,0.005034328094843528
row_004385,0.16590136014982407
row_045947,0.02046300182429377
row_004882,0.0777838247847758
row_038132,0.019842192425019868
row_045626,0.001292491964683493
row_013929,0.006446464228072437
row_041959,0.0009034582569045289
row_007088,0.008450860646163773
row_018453,0.999805846083234
row_001406,0.014180693888709647
row_044653,0.9325951908779488
row_001479,0.0029088992796201096
row_028723,0.820163994834114
row_019004,0.9911519868347045
row_031420,0.1982692916240075
row_007902,0.02955406964299393
row_030617,0.8308339459085341
row_041358,0.14956436692798547
row_044859,0.32218149050098793
row_019740,0.01206624156398468
row_001171,0.3350733269546723
row_029020,0.003386814799203562
row_006877,0.24510387304664366
row_016784,0.0008957727102630389
row_004265,0.059658853474817294
row_003401,0.028005109190882387
row_048368,0.010887070104987531
row_019280,0.5214875014489648
row_032930,0.044384399673907775
row_033252,0.023483511499316045
row_029674,0.00038470034393983795
row_009041,0.8556525502315764
row_043889,0.0029326081104855623
row_003249,0.029534743877043884
row_003013,0.01354408314923557
row_041483,0.0005286693276421017
row_043860,0.00537797938027131
row_026520,0.01249112372141674
row_035573,0.9889275811356333
row_041215,0.005582555570775906
row_046973,0.1438834437533492
row_029240,0.08977115578878156
row_042466,0.053355788387089986
row_031839,0.10681045443871386
row_047977,0.013747840514459715
row_012012,0.2382260622831076
row_007787,0.005099707213639544
row_011955,0.007140569776355565
row_030279,0.9950052838976693
row_007373,0.10418691832625175
row_015249,0.0015024467504744126
row_014260,0.2955627802020828
row_019171,0.0018444530470754668
row_036582,0.00440219891414931
row_000341,0.19797102340540085
row_000002,0.011349928153726327
row_002669,0.6457405934224612
row_024135,0.03845161344709594
row_025836,0.9973134986055886
row_005125,0.28689121652446686
row_040156,0.33647242126195226
row_005943,0.0017559726701190234
row_017235,0.01580389303060123
row_010502,0.06982829502146591
row_003015,0.0011762490095152177
row_044036,0.0005812035847879337
row_009876,0.024390557172419263
row_009812,0.0647800084043925
row_040611,0.08706680483016788
row_045278,0.07817885557589205
row_018884,0.031530326423084704
row_003868,0.00024894971886247914
row_006668,0.036909602255123686
row_005324,0.08326160266748608
row_038555,0.8306257911846733
row_009568,0.1233768601233114
row_044064,0.013575330179121995
row_031215,0.021561757414202062
row_011514,0.025378087683103637
row_025449,0.0009605046158286961
row_016405,0.00437046120731532
row_013163,0.013131467547073575
row_014668,0.2890977169885007
row_030801,0.07893830234234736
row_016421,0.06648281889447219
row_025629,0.03039505283098834
row_037513,0.959493429822776
row_005918,0.021381287355881472
row_003822,0.007990633188623511
row_016839,0.002243596160062074
row_029081,0.03464697091679937
row_016146,0.8445903383282525
row_024258,0.005380186003971942
row_033930,0.2883522451079346
row_031692,0.9081920090862123
row_000276,0.0020207690174897167
row_041689,0.8558601407202835
row_035474,0.06127224272302089
row_034775,0.016326360365076436
row_011408,0.008537899440532452
row_029958,0.11397411051724235
row_026476,0.003224632401717742
row_012982,0.0057445398938075504
row_002940,7.4022407926532e-05
row_019372,0.001758083049685483
row_020294,0.001014605173840047
row_021310,0.005579911917797636
row_009262,0.009160846714186422
row_024226,0.06273556947339348
row_043760,0.8676738314998371
row_003679,0.5159406403491944
row_041198,0.0036816634959003333
row_028444,0.6851807258252158
row_011580,0.00530182052367976
row_004972,0.010639933775856213
row_041347,0.955401560229185
row_045773,0.0030057456207320437
row_011327,0.06581553733829043
row_022022,0.0034182447707237487
row_025282,0.01684615651585443
row_030917,0.014171808690271974
row_010947,0.003098959452270238
row_008613,0.1441350062589472
row_017462,0.01020915806461331
row_021432,0.0014746973389724875
row_043157,0.20145173188869353
row_017218,0.8025292448089649
row_015030,0.4943002902972704
row_042137,0.9951981200757807
row_004228,0.00201639321842858
row_013775,0.03883899077680171
row_000958,0.016937047968722994
row_013617,0.0038274414768329906
row_001432,0.9937116480146114
row_014848,0.8754362841875395
row_017015,0.9997425504358736
row_020688,0.08017630373425183
row_036671,0.004110137310779164
row_025330,0.6533120365187858
row_027827,0.007619640556495701
row_037530,0.0008098303842386076
row_047749,0.7989906073365123
row_048985,0.0038838865740992118
row_015359,0.01947810359986834
row_040831,0.004708834890942466
row_004413,0.1337815297974597
row_007697,0.00752468364372744
row_016158,0.022290460249706483
row_010851,0.008347506600247367
row_048349,0.0010423946455507438
row_006794,0.04678011526836286
row_036045,0.9954259006215196
row_037327,0.07149610767266448
row_013373,0.00062807516749255
row_029986,0.010455649401342238
row_037283,0.2387773918140062
row_031892,0.9854980627660138
row_028770,0.0577500636489294
row_016544,0.36546030715729466
row_031941,0.0015427652702674432
row_027854,0.11114984608381177
row_015737,0.1851656867532277
row_019807,0.3717672408995613
row_045100,0.005091517823648169
row_022567,0.0008453546654253281
row_025027,0.00338789185380533
row_009991,0.04319848564030642
row_036028,0.00016869693648659487
row_009434,0.1254543042130026
row_025280,0.999318087279096
row_033351,8.132383394023832e-05
row_013474,0.10078054230768468
row_048301,0.009366529316202202
row_041174,0.05453778185462403
row_032838,0.04829089889296451
row_003559,0.01364603585197509
row_003818,0.005684519980501582
row_014868,0.0008395783178060379
row_033300,0.1449747920784614
row_042329,0.5627813916228103
row_011828,0.024234712176577848
row_004216,0.048054060463262036
row_048286,0.00290534688947788
row_049595,0.016453917803052387
row_036425,0.48285763686786587
row_049583,0.013555129977551213
row_005998,0.009917678159867483
row_042476,0.38032148568008417
row_006380,0.001739389567753272
row_011508,0.003200100713956974
row_024174,0.2876576474875072
row_042941,0.0007663529474952206
row_043178,0.015625117674947318
row_012868,0.697761780475794
row_025715,0.0005635125932240885
row_039009,0.025852732450650902
row_024603,0.15586156145233712
row_015200,0.030501833220550216
row_007444,0.08994486509041576
row_046648,0.035959916610729045
row_042008,0.388555912350267
row_037379,0.0025103220857526833
row_037084,0.6739036258449778
row_044934,0.5474132028664002
row_012834,0.7146551697216641
row_040011,0.6939528516578684
row_042688,0.34176367329683865
row_011617,0.011471021127109
row_015772,0.013845733678261904
row_024196,0.003428278957762544
row_025997,0.10922902107102339
row_001048,0.006299462470842861
row_040521,0.0005367554631477275
row_012050,0.3185929184854598
row_033605,0.0003959536742063715
row_006122,5.119876783527702e-05
row_006149,0.004739361063756979
row_022547,0.007823406698731676
row_018065,0.0013887975823586556
row_008917,0.17163079116250468
row_034036,0.01014523557540816
row_006420,0.020090916236399137
row_035487,0.20405203355472196
row_039657,0.0009624578077274007
row_013664,0.002495763784535197
row_018376,0.3952863281571011
row_009880,0.01029547463113362
row_002469,0.00013352908940138063
row_028389,0.00036775858902776654
row_044526,0.0002833823877272789
row_024001,0.0004060200290395805
row_002209,0.002125719522686574
row_047359,0.0002761939142973408
row_023707,0.001005599013189967
row_005878,0.008133094375095719
row_022500,0.8366739531171506
row_008722,0.293836341973781
row_000852,0.0008999024009395594
row_013364,0.5101093956788626
row_009841,0.0028089686408442538
row_013540,0.004087023088175677
row_044834,0.018825593968970284
row_008409,0.038123978871328915
row_005691,0.000529000620477845
row_017032,0.9998376815601436
row_024381,0.004438049848026857
row_042175,0.0021129387114728346
row_003875,0.10586444488021199
row_047585,0.12349000577892431
row_019946,0.0034342826120085834
row_024334,0.015443821498495724
row_031727,0.2707886133316556
row_015408,0.28471618601538234
row_016493,0.8492247591733737
row_004921,0.05404609804000079
row_019190,0.039398216201588454
row_029534,0.0003402259542785946
row_028658,0.014476878644571874
row_028756,0.001133354815916189
row_012727,0.003410519165072238
row_006435,0.16673901333250024
row_011518,0.010959465567065339
row_035351,0.004396980460188221
row_015725,0.0001438189627093373
row_019021,0.059320926196648235
row_032417,0.000290984407095786
row_013705,0.12508229183750497
row_017633,0.015282151613781016
row_011336,0.004414495017942631
row_009974,0.03775696407432918
row_044518,0.14845570943769965
row_013662,0.09905925687320902
row_005515,0.3738575111654676
row_047591,0.1422719933544454
row_048895,0.5952025324098646
row_022243,0.005327706397213355
row_032997,0.9856810468213002
row_040869,0.05288138187054592
row_048590,0.005996402364016777
row_037633,0.6704365521606658
row_010258,0.024840337855543435
row_030674,0.0003714492682410364
row_048671,0.7717172280845737
row_031432,0.015737523163412724
row_016079,0.6075438712832859
row_022640,0.010493538594303313
row_007401,0.4511071956344961
row_015708,0.0010697691876573325
row_049599,0.007388050092988764
row_007083,0.03460877758877338
row_022556,0.012088861420776607
row_049103,0.00035808156346914136
row_018138,0.7900979172640274
row_020339,0.12201396709814935
row_017174,0.007124242603100954
row_001938,0.017896831593086047
row_017741,0.9724677315818879
row_006707,0.9665079482801265
row_041950,0.002038024020746939
row_020552,0.010412088516568064
row_043281,0.002423318876897256
row_049273,0.004821787845005529
row_034278,0.006519255490447475
row_048364,0.0033519999735481623
row_000454,0.007702090878568428
row_021709,0.0036411307491696658
row_011625,0.15130215951838477
row_026339,0.1332252874574067
row_041415,0.9974353020641273
row_017452,0.004275243951605669
row_012448,0.0010275589139720838
row_037437,0.006335942828964431
row_011970,0.9998281778156408
row_043221,0.0005825703571449478
row_031244,0.35709173232704594
row_031900,0.00010958895674293713
row_001009,0.17641221960597858
row_028761,0.9947509195976195
row_019301,0.0003583854951254529
row_007842,0.32618159956641035
row_022174,0.03574133135938308
row_021218,0.0002007587626034116
row_044233,0.07023766377985262
row_047417,0.028178960478058075
row_017543,0.008947313796211607
row_044452,0.00617874118344708
row_020288,0.0038203211676562186
row_011019,0.01500334968822437
row_032925,0.16086698075569095
row_018589,0.00027764697903026364
row_041246,0.0025564272962418245
row_038283,0.004185291881420623
row_039389,0.00022928609283673807
row_010047,0.0039884620856259455
row_016142,0.006160232479959057
row_004579,0.35568400537260714
row_014737,0.16033560539332897
row_024220,0.0012201952115610394
row_005607,0.0002383464019083888
row_030995,0.13244727719723992
row_040574,0.3231147681916825
row_029034,0.7932951764118127
row_032200,8.212128223539756e-05
row_041705,0.969607220691654
row_019764,0.11975482350720673
row_001552,0.03138803919451533
row_049751,0.004189424511558246
row_033995,0.14146587949128642
row_018815,0.0006799182453144688
row_000408,0.09154193921426045
row_030741,0.0592375478247809
row_047271,0.004449081550722224
row_025863,0.013270608486208216
row_031657,0.33335706995501374
row_017929,0.008903243184388007
row_001846,0.0010037998207710344
row_017608,0.0018894241051662735
row_041867,0.016288606809473628
row_034689,0.0003893652699206878
row_046524,0.00033411095267277507
row_023822,0.11157115229374409
row_024719,0.9972511296780602
row_046900,0.030729468645418232
row_034845,0.18629958693181817
row_049105,0.9959792187951805
row_007357,0.0030626788380820873
row_024162,0.006940447886945205
row_044796,0.010271579278558197
row_009092,0.03465325532046984
row_041556,0.03934791396621291
row_048050,0.013424494355966037
row_001497,0.06387048119454908
row_006572,0.006617232539479063
row_010532,0.5499335438976719
row_006278,0.00291622464754071
row_029695,0.032232428818587275
row_024844,0.004118281694342756
row_044410,0.1414148206876739
row_007491,0.0003045573443142558
row_030239,0.03620682846151467
row_001159,0.2615560002198475
row_038231,0.1342854532249228
row_004073,6.315776064752174e-05
row_010615,0.023314782914876563
row_048738,0.9531332639158885
row_024740,0.013882631535659787
row_044259,0.010695355245806183
row_037228,0.013689635849730436
row_033370,0.0032133120494357574
row_049352,0.010597471798410443
row_028220,0.004858332444478724
row_038619,0.00045544661077136304
row_046801,0.17348568955674887
row_017360,0.04793629423094208
row_037544,0.003189493807638673
row_036044,0.0013784386332650496
row_011446,0.1322489143039854
row_026042,0.00534167526396345
row_011208,0.2928281859556144
row_035546,0.9572411098140288
row_033454,0.4577772516664462
row_015421,0.6085877739827433
row_047336,0.27625321471417374
row_009204,0.008023141359531732
row_020365,0.013336541513398723
row_045969,0.10560201101894302
row_042584,0.7984340879517149
row_044659,0.0020859953911248775
row_003928,0.0011959003384074353
row_016836,0.053521260715264384
row_003614,0.0009742728817913158
row_048533,0.22451842245485654
row_026754,0.9994817864437999
row_022994,0.049783133995426485
row_006071,0.09876410642889126
row_019367,0.10732560687063819
row_000752,0.023244133193943618
row_004740,0.0035411663419403403
row_035237,0.001387748594102079
row_012172,0.007402836334129949
row_016818,8.706335834410525e-05
row_020843,0.005201201515754122
row_036589,0.16217220732654467
row_022520,0.43291280470939586
row_025070,0.0020702083632500646
row_024227,0.0038983928529859766
row_036932,0.9944433664203848
row_022872,0.001070011936079019
row_033285,0.7603237869126023
row_022828,0.009338559457410052
row_039161,0.07597072353259303
row_023523,0.009418392565375182
row_040023,0.7113542528347987
row_030090,0.0003680455463677993
row_025948,0.14712076573505994
row_007744,0.0031719771717540475
row_041296,0.01129506620769648
row_048574,0.0006885146343735009
row_044533,0.021959385551753946
row_010815,0.4861223241183539
row_049868,0.0046351430697020475
row_048108,0.6518691635525273
row_008701,0.0557737338554098
row_040500,0.04320004567783522
row_017611,0.03227195083857322
row_004863,0.8483853105066039
row_014856,0.08973515319343954
row_048761,0.02536353353040688
row_019579,0.005218461251173735
row_023117,0.0008989894106083004
row_011644,0.27365761333413996
row_032265,0.944499578284161
row_049426,0.007370399150044311
row_018730,0.29284261641962794
row_034829,0.00047904549822350357
row_035572,0.001144557773686522
row_009151,0.05699576418734691
row_021496,0.4031400765383808
row_049459,0.009944586665690982
row_031248,0.19258710795554848
row_009543,0.00625063390286415
row_001671,0.13552095841635953
row_020269,0.09660351455136744
row_021579,0.011351060452364092
row_039767,0.005528971786404147
row_010161,0.0022201678570027677
row_038479,0.004334676596309564
row_021902,0.0016910842586982618
row_006807,0.9972464151677332
row_015581,0.000740856328649186
row_000180,0.02133954498391953
row_015699,0.005982750169074647
row_030959,0.24135039451453527
row_034801,0.2726606941664217
row_018140,0.0016532511741880853
row_036682,0.051851922594308444
row_041881,0.21498270877493536
row_036498,0.23195509392589872
row_004979,0.002004712548598478
row_033254,0.5954733305861639
row_005292,0.06878246936190946
row_049620,0.0016201378455878808
row_022630,0.4744368101405453
row_000514,0.0008881728906191903
row_032468,0.0008828078404579734
row_031068,0.10024528572163924
row_017153,0.0698150205684672
row_008441,0.0019127813960071389
row_021068,0.0033285976600138517
row_048417,0.0965122833970998
row_017368,0.1252242992559635
row_023960,0.8333418525686846
row_028545,0.045340317936652316
row_027691,0.008722455823883798
row_002784,0.04349506668214149
row_009660,0.3553902676337557
row_031326,0.9408054983936395
row_030383,0.0712162876643144
row_026663,0.007608734897576628
row_001803,0.9397805418260375
row_000698,0.04701266076058312
row_025594,0.012864194362671381
row_034340,0.08589874015885593
row_009167,0.06744995813773247
row_038160,0.48961171678977533
row_003115,0.05014741924365702
row_030338,0.007645337961912619
row_034472,0.0013771399946924756
row_012416,0.00603725843593932
row_008153,0.006081296635581568
row_019598,0.028178491045779023
row_031400,0.0016161385617503078
row_007996,0.00019609919876743535
row_043785,0.11664314160760902
row_031255,0.025222716479416138
row_014588,0.006756853799511606
row_018285,0.028092433146079086
row_013062,0.020337086559600343
row_049979,0.00786489002575941
row_006661,0.9895061522482107
row_039743,0.029240226987312185
row_033697,0.027323654771077115
row_043449,0.11246369295979344
row_036836,0.04778313676779655
row_021046,0.022848413500122948
row_035368,0.9111169471986885
row_044328,0.8772070701816491
row_042405,0.3256610908146762
row_029716,0.003725747558088152
row_027327,0.05034731327917959
row_041432,0.0076513854563000855
row_018242,0.029976600530003127
row_001003,0.5762275038291238
row_044345,0.7574439046353376
row_003139,0.9516164397284528
row_030598,0.2358555114344326
row_049162,0.010491935771364461
row_003178,0.056058702491004336
row_014892,0.4792075873264101
row_000969,0.000557675481829208
row_019706,0.15692479859260955
row_015433,0.5044196158568103
row_006658,0.017453573416837447
row_040909,0.07839221689376924
row_019283,0.010827193335411107
row_000636,0.006732152330105251
row_049477,0.004351914135936341
row_008958,0.002313011215491814
row_001740,0.003984928532888637
row_008557,0.00848995671449755
row_021192,0.005945223157245079
row_049618,0.0204507435623665
row_029845,0.02072024472246263
row_012965,0.004899096880094511
row_043560,0.518413708386356
row_037793,0.005186942193852011
row_013401,0.022977403109095546
row_035619,0.06370501560412423
row_032840,0.00602905956453486
row_010768,0.006710767260694507
row_037844,0.009958293588102287
row_004522,0.0034831359387094783
row_002229,0.0006710244932800216
row_032027,0.03628228438399701
row_027646,0.7865373974889407
row_041812,0.0032919003207375988
row_035770,0.0032193126036446844
row_032465,0.0009599304977677725
row_026158,0.003206408159169942
row_004072,0.0016197981315490672
row_045817,0.002716069123530571
row_002369,0.4808206024872509
row_006927,0.02745849564825871
row_023032,0.006043568780268795
row_032168,0.008041168779111998
row_025740,0.0029234353957542395
row_026790,0.0016934376466184852
row_049401,0.0379170252328517
row_006971,0.000955044850012601
row_040751,0.006837535692201782
row_010283,0.0001796327776385743
row_021412,0.001750539806453508
row_037369,0.019639051267203635
row_047254,0.028492144616602152
row_009980,0.00033773217131782493
row_002752,0.07955869370585561
row_034171,0.6303201640126838
row_014720,0.0015200858482417607
row_048326,0.9700455491099316
row_039394,0.0017102827120920746
row_024067,0.0003710803629535601
row_008086,0.0011890758972854104
row_040885,0.13450982450378024
row_021014,0.2683125835011574
row_005505,0.9229571478368428
row_036800,0.006925970400157673
row_030385,0.04070413223204506
row_045608,0.062426272861278866
row_001280,0.07168985591549937
row_031135,0.05178015193602886
row_031743,0.005341558030975328
row_000689,0.005842962675065849
row_001342,0.004458840881246913
row_046647,0.5703001390072722
row_035504,0.0007515412725586999
row_043917,0.2715663457778166
row_006570,0.005412073567354545
row_027395,0.004079711252381945
row_034071,0.1306753004893861
row_040575,0.16333723558247898
row_001161,0.25288655797273085
row_032536,0.0006830330715795863
row_044957,0.039806293844169796
row_022944,0.0019302727180022547
row_006674,0.017045923632797298
row_001541,0.9306928237355938
row_012358,0.015182935816630749
row_043074,0.12200837521748764
row_037210,0.5614505257935243
row_040970,0.41730292510115524
row_028174,0.049430879024029664
row_023760,0.0013694828677734848
row_010714,0.00020784591464899715
row_047903,0.9774947332344908
row_000156,0.0017961847200446785
row_007969,0.08965564217020752
row_015819,0.0003676041800928698
row_033003,0.07697217854452923
row_021818,0.1271110001945011
row_046071,0.5299672608949484
row_005237,0.567858239878256
row_029864,0.004539130348651815
row_044168,0.002370116069266225
row_032348,0.042754085765307884
row_029547,0.01656972497140353
row_029439,0.37285440320226426
row_003832,0.0011820815560602547
row_027075,0.48441751791280924
row_005571,0.8119568447521439
row_027755,0.042050618962778216
row_007813,0.018291117981819968
row_005803,0.1917671594706369
row_015993,0.015748814287455625
row_020598,0.08428028138733996
row_018502,0.9629963614232488
row_008128,0.0012746490024303234
row_024183,0.0094962045909204
row_040387,0.000676203815307733
row_008581,0.0025925833372878264
row_037764,0.012750045054700544
row_020882,0.0010484828347899152
row_033414,0.10280386324489996
row_016858,0.019976381781457712
row_013234,0.003671487958213964
row_006631,0.017726003592120898
row_020958,0.0018968746920540644
row_045414,0.02434807311738791
row_007285,0.002161637076181861
row_040743,0.005031653661815644
row_040286,0.3509212117327009
row_006186,0.0008774100029209485
row_004870,0.001349652333500189
row_045598,0.0035985439298577638
row_022883,0.890426936846562
row_012889,0.00024669989735579
row_038781,0.0076025249576722135
row_003854,0.9888179699548039
row_023792,0.8970260036913553
row_028474,0.039750834612495706
row_028347,0.08733907359922728
row_010012,0.009977492991596629
row_008528,0.0007816803761584051
row_029481,0.0003939742424082005
row_029632,0.030295387917095858
row_012615,0.1859297048899612
row_014982,0.01913406215183203
row_009435,0.0009787221712252896
row_041611,0.9483979488995926
row_040682,0.009747995267470347
row_010374,0.1202312812754327
row_017426,0.32627433056810673
row_013989,0.0007015120863160699
row_010542,0.5687546324795826
row_028308,0.02872265284212528
row_044494,0.0006293238961273837
row_000207,0.07016593513359617
row_002814,0.017162358807966027
row_023398,0.002979971367218348
row_014321,0.07713944379977579
row_009755,0.7331189938229634
row_020845,9.214174456241789e-05
row_026615,0.00036851066882023493
row_016151,0.00039774235289685744
row_033022,0.002608927304746344
row_029369,0.015051445175831873
row_024691,0.040381202867258256
row_001503,0.003903138744243739
row_015817,0.013636106404427709
row_001163,0.02981325258352273
row_038537,0.0015938784975157911
row_003503,0.17070134847037763
row_037112,0.07072522945428988
row_003855,0.9956239178227084
row_028063,0.06579933780869866
row_007469,0.7588667917957057
row_019546,0.96155187714422
row_000647,0.0009524182228255806
row_044912,0.005304227716435299
row_016715,0.18798833220451588
row_049057,0.0006710030475820919
row_029327,0.014296688990302116
row_042007,0.05295539747286129
row_007253,0.011668980479131705
row_040947,0.9518898494242964
row_043245,0.010682426350211067
row_027421,0.0028276576838379835
row_016160,0.0070699655222791055
row_030992,0.8106591384660096
row_016412,0.014417284721712092
row_048715,0.05394373452156731
row_038226,0.00018510538159209462
row_009771,6.378573492507543e-05
row_001990,0.0009814884334778432
row_033409,0.14970795963312059
row_031488,0.00023023848379336189
row_017446,0.013193685633094018
row_006256,0.02742482824885606
row_036073,0.8538804808350325
row_049686,0.06554040192617351
row_042098,0.15788224716838037
row_031132,0.002820949408754481
row_026659,0.000942267366520791
row_028025,0.049276462673698576
row_014665,0.008007387607066995
row_030592,0.024996475171681604
row_014738,0.006294599906827205
row_030664,0.05230425006609914
row_042976,0.0005577368526102015
row_022187,0.9555864575373443
row_019464,0.00224642483107706
row_040978,0.9343702688863
row_031528,0.49546208706584827
row_003781,0.794500534873871
row_025569,0.01761161684079152
row_024727,0.7543839410981381
row_003317,0.09763034112815558
row_032823,0.018447903819787913
row_017961,0.7577762283368684
row_006098,0.0015542377409818087
row_040963,0.09845097385926656
row_023145,0.018836375463337385
row_034051,0.001810644098070329
row_029572,0.24994647018400096
row_029774,0.987961195527758
row_045017,0.8116280657291195
row_048871,0.005421148705138884
row_032280,0.36074603078699935
row_044223,0.7969420202881404
row_033829,0.03974404634982702
row_027640,0.6482989595944875
row_006042,0.9871708343931948
row_005317,0.004683039656568307
row_008233,0.07044612199930793
row_026803,0.03849940678327662
row_011609,0.061140428612272715
row_040767,0.005567747294666775
row_013070,0.15153375272295855
row_001287,0.00043928455735211484
row_025799,0.001320812983213886
row_036043,0.006428646467574398
row_025621,0.347989992236913
row_034362,2.7092626563344015e-05
row_013721,0.029792421122115557
row_033801,8.612731525192511e-05
row_009009,0.00489849121075916
row_048114,0.03948249387752033
row_002001,0.9272272529162391
row_021811,0.0533284112152288
row_013388,0.0005921980068265232
row_027625,0.035983152477270686
row_042724,3.056012322841772e-05
row_045173,0.03519627612862121
row_045509,0.041570735786400456
row_009284,0.09274303336190413
row_038462,0.022680910342379557
row_011950,0.0009562348433683383
row_040595,0.40213638403684115
row_046257,0.0024842916053501177
row_026513,0.007739424713722376
row_014409,0.15238020294140758
row_036895,0.7110227895253685
row_019963,0.07905043264057889
row_004664,0.2788403870002523
row_012993,0.004657978093186297
row_030548,0.012237447286499137
row_042144,0.002070055581088091
row_046437,0.0009785641174110808
row_000830,0.001628165552004145
row_034397,0.5648285364611214
row_004257,0.0003691845473804794
row_004754,0.005379955362151917
row_049474,0.4965309206254116
row_037792,0.009365082682888395
row_032967,0.2762018097828006
row_011560,0.005096977258708627
row_019414,0.0010329772376814158
row_022221,0.09344010341410594
row_004098,0.1440404097605106
row_003970,0.1464359290896315
row_023226,0.0006809442341214204
row_048292,0.008122752938168913
row_016020,0.001595108428551357
row_045945,0.6176504975060029
row_006616,0.07207459242568562
row_044948,0.01875671220932538
row_004486,0.9985816756506257
row_026492,0.08013514970428187
row_006446,0.0070967234866493424
row_017923,0.0002979760241124444
row_015417,0.008100367162763215
row_039314,0.0041411595517700465
row_005686,0.9277181502982093
row_048610,0.03230710401376513
row_024637,0.004765109798863118
row_028462,0.00023604855494624156
row_023348,0.1405715327172466
row_032238,0.45119282470419697
row_044184,0.0073402621317475245
row_045078,0.02342406174164139
row_000994,0.001069388023688585
row_048564,0.20231704625253275
row_008180,0.0009031847651100548
row_029246,0.026478925601817544
row_001978,0.19837407629467724
row_008143,0.5871439239534882
row_042073,0.007196999918475586
row_035421,0.03777408014254095
row_008035,0.0004885804551060824
row_040850,0.003738100072314435
row_000734,0.006387006609023681
row_034627,0.0184849852921139
row_029996,0.010649570825102884
row_049605,0.2047745429706641
row_029872,0.001332078554551057
row_039492,0.35063882999116025
row_010650,0.06961041263154731
row_048732,0.10151512582717734
row_020010,0.02997397780245993
row_025105,0.014324871305520076
row_014062,0.037569411314662605
row_012343,0.07640757990155292
row_025412,0.0001343130868093993
row_044771,0.5443063951099545
row_006225,0.03540515755047507
row_012595,0.041949117921229184
row_031364,0.9673982945474401
row_010551,0.23677571766031294
row_010610,0.006201312282479408
row_018568,0.0017894209897227767
row_025536,0.5266542268307497
row_034542,0.005281433717854907
row_023071,0.9324761471377405
row_013879,0.02516237990291189
row_017591,0.005283398237875822
row_035067,0.818926086855209
row_038918,0.5380336721150553
row_045891,0.255007652805162
row_031838,0.009783602950289617
row_008193,0.026885901480631857
row_006283,0.10599803307893191
row_014428,0.0025974970324114032
row_048899,0.00022520404683735196
row_010381,0.852182884463873
row_046819,0.04341495706079994
row_016713,0.005388109433474328
row_000342,0.011358268961870824
row_045865,0.43258274790520823
row_017737,0.005546403674922823
row_049705,0.0010195077018633134
row_016696,0.09833329955200834
row_023371,0.0029625350449213545
row_043220,0.0016731490365500935
row_031383,0.10024087537036308
row_022109,0.0031096042064878027
row_003904,0.04434967634095693
row_000555,0.26518866130473673
row_024976,0.0309246187176205
row_035269,0.0003910492034310955
row_016460,0.03862954902799323
row_042568,0.980827422093753
row_018875,0.01004066395948144
row_005578,0.0012901891150289297
row_018947,0.0006065062498560084
row_004055,0.6600962859816013
row_044249,0.00020223790031512475
row_030416,0.0013426699359417598
row_044393,0.006520485642837828
row_015907,0.031206333931524846
row_028618,0.010358815556998425
row_010246,0.008261753567992166
row_004771,0.19749708337432864
row_005877,0.04823951658135822
row_002390,0.018517799700497103
row_028973,0.9923975756862955
row_048104,5.921685905186096e-05
row_012344,0.0005040163596543564
row_033860,0.0008004365598514179
row_015750,0.06380665297013093
row_030089,0.0014311244589908403
row_007115,0.009835595583198435
row_007096,0.2167829494103242
row_046594,0.1827291904827375
row_011693,0.015187902553923105
row_018121,0.013031369882993063
row_006108,0.27430250478422413
row_006651,0.0025769882888255764
row_016847,0.030807532753589495
row_034523,0.030499601444361178
row_017760,0.9827537195939883
row_046948,0.010521695845525703
row_048504,0.002416973899899538
row_018375,0.0020929610773151477
row_020084,0.029211991209236954
row_002566,0.13614212025319067
row_028178,0.00015017769351350602
row_015226,0.000532166988273923
row_034582,0.0029652172073030203
row_036166,0.011830890342081384
row_048679,0.0027707744420815417
row_049375,0.449879498800991
row_030599,0.001520798805851499
row_041205,0.01720207695286298
row_044145,0.0188412192376273
row_021605,0.01694321759480657
row_007568,0.003558391746811073
row_035967,0.20526494264843884
row_040677,0.01453032575503304
row_049007,0.03148630133898322
row_023463,0.7553308170866104
row_030940,0.0008287991913362202
row_014767,0.4231047020414095
row_046844,0.18863745152933714
row_012565,0.669228338934873
row_004264,0.2091745674743905
row_003176,0.5053711629732248
row_012658,0.36445222030899127
row_027309,0.23996842182194494
row_017698,0.358589048650639
row_049567,0.01307031121412872
row_037897,0.0010360932789128755
row_020325,0.0017324380027476441
row_024806,0.00892557494498335
row_039415,0.05760466849613427
row_027487,0.22362215983350586
row_001718,0.002250703024807202
row_049531,0.00978346378776324
row_035223,0.36307774482005295
row_044472,0.03519007349899962
row_038140,0.0008009456960027669
row_040080,0.0004930829976129774
row_034511,0.03567985286902362
row_005083,0.4481677060792831
row_012059,0.03462639031394765
row_046856,0.16762171946155732
row_024170,0.0008276714127852982
row_037483,0.002132892933865985
row_049829,0.04389402659743136
row_027294,0.9107491200535036
row_005675,0.23980741081302537
row_030782,0.029952414384438297
row_045081,0.28058768785305066
row_023270,0.11220081117365437
row_038018,0.01774964958105979
row_036905,0.010622875843155306
row_024568,0.0026971036377037693
row_041368,0.00042943903221157764
row_018841,0.0008797129082678139
row_015308,0.005239305140598064
row_005598,0.002364677629337451
row_023423,0.9186365499290932
row_013810,0.008850046439348329
row_000043,0.002271813286613626
row_002448,0.17299731557250853
row_028458,0.005007883859020681
row_023112,0.07258623431627882
row_013607,0.12150732152612995
row_001917,0.014149770769621421
row_016817,0.0914431397907014
row_036333,0.000973425003573693
row_037011,0.0008079304252782016
row_015276,0.01960984067621257
row_029015,0.17278605024834526
row_010857,0.012020143714787332
row_013162,0.040376441215363254
row_013069,0.004694694787006837
row_043246,0.0024711505365344385
row_024807,2.9516129281378497e-05
row_004560,0.9963959254356167
row_016969,0.19808857678114203
row_029147,0.0020549757586552685
row_049896,0.22328903386308951
row_008869,0.03401268737954818
row_040734,0.047397217017198665
row_045757,0.0014841672077453992
row_030826,0.013895099580216758
row_017779,0.0006035141335595044
row_017198,0.0011558077720874936
row_021318,0.881096949872155
row_017653,0.004900400077413048
row_004027,0.08475962341673447
row_021016,0.2302513056582536
row_048396,0.011549338343446396
row_007623,0.0004101165714105061
row_028786,0.3135375655462562
row_042497,0.017900107089525996
row_042699,0.0013102487075150313
row_026332,0.014091081439768914
row_023303,0.9751718315859195
row_035280,0.6174858896524278
row_037368,0.0005533120460884619
row_045521,0.0013269812092042
row_021048,0.9997710615597977
row_049434,0.6917159997205324
row_036577,0.00015612456157997127
row_027648,0.09381570998077425
row_048219,0.5287564638490915
row_038158,0.029302831281134263
row_008974,0.14961696589345136
row_033304,0.43392751881259695
row_039427,0.7228037255039079
row_023914,0.03231196415151419
row_042506,0.04204371243124525
row_012123,0.012245792550225239
row_006575,0.21471446346772932
row_006654,0.6955923549033536
row_012199,0.9967889496184499
row_037740,0.9254543284407342
row_000717,0.6639979272334844
row_003551,0.018142515614752996
row_043476,0.002684053748862848
row_023737,0.0004475925632691696
row_004251,0.49019826179335935
row_048812,0.9973626253449062
row_009795,0.021145862756232953
row_029377,0.0009951847262896526
row_008120,0.05107629180240317
row_000125,0.02868482272894507
row_012596,0.030841420714653983
row_041042,0.236266695647412
row_012121,0.0027650204502655982
row_045542,0.010446860460381478
row_037249,0.000292799819298694
row_024668,0.05929274699542569
row_018592,0.00033192541380965094
row_017064,0.2956942197494043
row_039655,0.06173803339575783
row_028556,0.2916686649942021
row_003784,0.00587556046333176
row_013286,0.003723488269343184
row_039133,0.5713241392968893
row_045890,0.16846517607684186
row_023926,0.007886706794879449
row_023769,0.002543701780069083
row_020864,0.021313248914211984
row_015799,0.23046786146631287
row_013244,0.2617269151326817
row_014214,0.4280413882769072
row_015228,0.004237427461868216
row_049308,0.0006046655348865439
row_038478,0.02616406424681359
row_009802,0.007092704620792557
row_039742,0.250301661052102
row_021277,0.008325897018556707
row_030589,0.004246041654280489
row_023434,0.9968691102140115
row_045113,0.09266006761520244
row_006194,0.021981176193355087
row_027186,0.0020784783301031617
row_004577,0.6903347197332341
row_006990,0.01060266138686642
row_003455,0.03102755085802711
row_040753,0.014694880742089488
row_049926,0.00025767718051998426
row_036006,0.00024946494754886535
row_026909,0.10169881108179565
row_002761,0.08785213792482402
row_033451,0.0006395149127179673
row_013014,0.005744333219329642
row_005532,0.4935236939091502
row_026788,0.1080555847951625
row_039209,0.0014708906243846341
row_000896,0.2704193419573119
row_023411,0.008856032103693231
row_017809,0.018279627763919747
row_038927,0.847754763491634
row_037667,0.8652253756322588
row_031091,0.011651852492717999
row_018487,0.34376380636902537
row_017892,0.00016837983410110456
row_035698,0.0005157080350308011
row_028577,0.007843495625101286
row_006235,0.04577896657072092
row_003890,0.09314016807433353
row_046765,0.006086994483549516
row_042846,0.08126952516212904
row_038879,0.0805851722744045
row_048567,0.0006511124915767965
row_032935,0.17733335276505116
row_047259,0.0014827864371100797
row_000189,0.03099275031358127
row_044720,0.1428096668883714
row_025664,0.002416815798117421
row_043609,0.005095589706369512
row_039177,0.021309663145514156
row_038602,0.00025558637882967485
row_048821,0.0014639127045901665
row_028811,0.004779705521089614
row_000613,0.01463526386184032
row_008956,0.0006663695102026481
row_035979,0.01628422086314943
row_000423,0.0029321548265200514
row_038795,0.005706413647343744
row_033198,0.036271943635662496
row_019573,0.12515063066278448
row_041443,0.12119985366130498
row_021747,0.47564083073539976
row_019865,0.21941942470834458
row_019621,0.03242071927004982
row_028441,0.0004702011144427942
row_004608,0.08510459716259544
row_005185,0.0015462988629054838
row_021626,0.004213631803666436
row_046458,0.03549841451487663
row_002417,0.000874760047627084
row_005913,0.09096631061338964
row_040167,0.3799495830983367
row_039948,0.010508904698871295
row_008738,0.00875694551112916
row_025307,0.1027483794008045
row_000089,0.0016672028116132818
row_044463,0.5082527699001084
row_013021,0.6986066571095684
row_022976,0.0007986593793161764
row_024954,0.004414270326619172
row_024132,0.0008941818814459725
row_032937,0.11735092143258072
row_039593,0.4692859811613967
row_019548,0.004535027529633994
row_003672,0.13744761928944962
row_028540,0.003136433268654841
row_000460,0.3465172943571292
row_000142,0.10999385124848698
row_009890,0.0004957195059817523
row_038362,0.0017204401895247216
row_006731,0.9992486311894193
row_017195,0.0017000806083757917
row_033395,0.996322686328643
row_037936,0.09693107041040408
row_038032,0.026046512080392915
row_015409,0.0005479177071511162
row_023826,0.15977884667197015
row_034069,0.0007859736206266292
row_036151,0.003275096971401521
row_039719,0.6364825323108672
row_033631,0.007948304337736424
row_000278,0.01758432037016748
row_034751,0.015995825553048865
row_001865,0.48117677523115965
row_017808,0.0015026080991003905
row_016537,0.0013100080998973051
row_039554,0.0028768370124207573
row_029129,0.14265986119267152
row_028692,0.015225922775082376
row_005450,0.982366923696111
row_003802,0.0009889879135944208
row_025864,0.2479481389735788
row_040401,0.08919263567748431
row_000800,0.11464670707277691
row_041761,0.32705625227976826
row_022084,0.0007411873526973616
row_014310,0.0005010830834966779
row_012471,0.004384777536169832
row_018347,0.12174834523496701
row_004447,0.008604067439933525
row_033031,0.012125088493850363
row_037922,0.010364791035873396
row_001557,0.04346236664074394
row_032230,0.8423616551753302
row_032096,0.0018655528701042494
row_021960,0.03025020357834245
row_006758,0.02127475204348881
row_024540,0.29035607140365477
row_019803,0.05783615592811894
row_025960,0.9463890006054502
row_006221,0.0013344936840864936
row_019599,0.9722923143855027
row_025918,0.016617695161321618
row_047399,0.010506455349275327
row_037649,0.022472685999602216
row_036557,0.000522453107318294
row_017563,0.012321971029791604
row_040536,0.010874994635187159
row_025602,0.001868368944944668
row_049216,0.004552414090563694
row_024070,0.02859157667397034
row_011037,0.007592045520340394
row_011605,0.015422272624723354
row_022743,0.14047295330824316
row_013180,0.009419856782822778
row_016166,0.009877148840250236
row_028694,0.000783627469369033
row_023624,0.24201919318040213
row_030331,0.016293733275454993
row_043227,0.00010313521879945996
row_047772,0.07369859152382671
row_013166,0.042341174229208856
row_003804,0.005789480868383786
row_037318,0.04828112463101205
row_036472,0.0023122645201158892
row_036866,4.297643612046062e-05
row_012739,0.024193215699102905
row_043216,0.0004668377878117129
row_020354,0.839879252377969
row_028378,0.19351176382366642
row_040368,0.10325192193108577
row_014189,0.04334485970269872
row_037813,0.29652469909601287
row_005273,0.06301642048729722
row_030773,0.28537277407010664
row_034701,0.0015581237790707682
row_041194,0.4158876983364498
row_026770,0.9871138739065528
row_000701,0.20523633981263611
row_046398,0.004837578911347142
row_023350,0.10255297752283837
row_014488,0.00021287123889869808
row_044403,0.2052353774915994
row_031564,6.341630690764413e-05
row_018070,0.03446273360736542
row_038193,0.028573221823134605
row_049445,0.993665890610624
row_044625,0.0032443853913511535
row_041961,0.006608457961793471
row_010500,0.17260211306609546
row_005382,0.07758516905357146
row_042090,0.03725912434523197
row_032608,0.00045685045222582945
row_041403,0.0006796437770080817
row_042216,0.010561345026694547
row_013024,0.0001112910993164627
row_042203,0.07231830723466731
row_029017,0.0003672262891449463
row_001206,0.647639843926086
row_024640,0.05128697407667926
row_041326,0.9632787898327977
row_047167,0.00111794468303408
row_003398,0.047902718898387035
row_002155,0.9309043639136199
row_017855,0.06060345880815719
row_017257,0.0007607117346104398
row_047589,0.000900119199749892
row_021334,0.0008864361607921743
row_023078,0.0008286636716235072
row_041751,0.07592323724033138
row_042379,0.02242487456652088
row_000402,0.568692516293517
row_024768,0.17217104641112707
row_015846,0.65122693203064
row_019666,0.029604786990464982
row_009391,0.4318813026427824
row_014908,0.03100723047393046
row_046959,0.0002986864573827912
row_029115,0.06603198376954676
row_023488,0.4986431430298994
row_033606,0.6750012349536655
row_045404,0.3357279822320316
row_026836,0.9925453507953361
row_034750,0.020016998693593926
row_026376,0.24650555726061277
row_004804,0.00033918667608446006
row_030998,0.008158089007110096
row_028182,0.8163369499382784
row_005974,0.332254843262407
row_022785,0.0033027855265820253
row_021037,0.674620946172043
row_014195,0.010380730063709376
row_032082,0.21772582277303515
row_044770,0.002282220520854216
row_018891,0.003934606804091533
row_019910,0.04941983218880662
row_010522,0.017027803345050857
row_018799,0.020351704782141537
row_009260,0.24319566238608903
row_026284,0.025898475311283864
row_026760,0.3411175226585108
row_020727,0.00737311018845721
row_047334,0.0006385043503035303
row_029440,0.8563065547867847
row_021222,0.11572121978964982
row_022769,4.9192307634605086e-05
row_015317,0.00691726111809041
row_015909,0.015725953673362148
row_038779,0.0013770280583962824
row_035022,0.051299224450274794
row_020202,0.00026900108227134246
row_030777,0.18382104497025065
row_005882,0.5503217018505677
row_015593,0.6791449166927074
row_007789,0.12098374314267829
row_004503,0.00014830186767749896
row_010647,0.9985345371411265
row_034703,0.0056457408321718815
row_037597,0.0025463313694959
row_017500,0.007243212863801868
row_042974,0.4058890742395035
row_019852,0.04573726703517314
row_007929,0.00022354164229866812
row_012750,0.018858999389301346
row_003938,0.019114109156308297
row_016477,0.11993945476642764
row_010677,0.19281028857486715
row_028686,0.0015692971830658252
row_031180,0.0003432613983752719
row_014555,0.24265226127315168
row_014413,0.1266960689486909
row_022111,0.00213766259569885
row_014638,0.04087890710829558
row_006690,0.010278915927920178
row_030290,0.025507809541672456
row_045300,0.18518178750734432
row_005257,0.08378889267704823
row_016263,0.00312158636406244
row_045349,3.957210004390185e-05
row_021780,0.0014356467518110488
row_013557,0.01254353996534321
row_000334,0.7960311073471866
row_010722,0.004004846988894879
row_041947,0.0009879887527715603
row_018582,0.0035273099332990294
row_019923,0.018517994809411503
row_023901,0.028820406096504124
row_046762,0.017660336266929637
row_007796,0.024578447290884292
row_013427,0.061276481942937194
row_001585,0.07723438852769658
row_011093,0.01180094889817894
row_015102,0.6690880026852799
row_027422,0.057647209344498546
row_001458,0.9995425960810673
row_047036,0.016707214985302848
row_030104,0.28019149810963284
row_027799,0.0026423361607818734
row_002386,0.1336359307896335
row_034257,0.001622850048283683
row_034854,0.10814210463707544
row_034982,0.004469452824529505
row_010733,0.004733592022480734
row_025097,0.008184357950114445
row_041400,0.09683514826970988
row_039548,0.01312309803833872
row_042832,0.03184047979588686
row_037106,0.31928614406124606
row_031744,0.9398162350262877
row_031301,0.04908477663511088
row_010284,0.470183522119605
row_032483,0.043171730814721886
row_028438,0.0005029510034863773
row_018560,0.0662953445784277
row_026320,0.04604016326011194
row_043143,0.016597380524450076
row_018852,0.0007525077663395446
row_045893,0.3706457584922954
row_016700,0.01945078021533642
row_010906,0.31665407579234023
row_046789,0.942172287593837
row_043817,0.318592196861711
row_046585,0.7307373236121422
row_008325,0.012725727896522872
row_041337,0.0009257717923382388
row_043004,0.09005282019536914
row_029406,0.002125838315764961
row_040476,0.005711316244088429
row_022278,0.11708561676747181
row_043505,0.1055325206265255
row_040136,0.19631046806559974
row_006339,0.0036179275602892845
row_009283,0.0016764935970328214
row_022048,0.0023827324994272333
row_043408,0.010829209086671761
row_019356,0.014651030209705738
row_013063,0.40016896833024124
row_015571,0.00922188914108658
row_003950,0.9485261091199875
row_008002,0.005045752696538617
row_005106,0.0019247489279422692
row_013776,0.9929527410392971
row_001138,0.00625253409786694
row_044229,0.9973059339244474
row_010209,0.9187918022815564
row_035348,0.919144746239525
row_003190,0.011285496073657999
row_032746,0.03253393679711719
row_032964,0.4865025218264808
row_006393,0.008319877370559106
row_048112,0.19927481003177505
row_003858,0.01629495071955331
row_008292,0.03268615340269975
row_020065,0.7746957398206933
row_006970,0.011481944692757748
row_034867,0.008165558985314915
row_010774,0.09408607526093044
row_023670,0.08446892810645555
row_046956,0.011829992417419558
row_016807,0.01736720970941652
row_020706,0.0011494080574416697
row_034204,0.002126878135006924
row_004890,0.00994762696905683
row_033652,0.018849727457777923
row_012829,0.01584877790077279
row_020059,0.9439521410301261
row_028510,0.011593207477736426
row_016237,0.04801801349590298
row_011029,0.5336548926935959
row_028946,0.009480071513666567
row_025753,0.07221810740314
row_038936,0.01867362761797096
row_012127,0.010527606236424316
row_021789,0.024842087957171362
row_039425,0.1707005555015233
row_013949,0.0006599153560053985
row_019809,0.01694207343322258
row_025667,0.9988815365593369
row_027937,0.006337609530181074
row_003876,0.0027102007506434726
row_019242,0.061356765337110056
row_045205,0.005341837371131157
row_028989,0.002667821592021701
row_040047,0.0011113672807584788
row_045553,0.007363111833852869
row_025875,0.032727445865482395
row_040304,0.003979783462126919
row_023658,0.0007270631984802144
row_003001,0.0014200044043097694
row_037295,0.6787111628356529
row_012774,0.0047282801837665945
row_029638,0.03730705019009747
row_014790,0.9539003439493952
row_036961,0.04508425827595018
row_004378,6.548140250512015e-05
row_025760,0.006784851117710874
row_031101,0.5953466125792248
row_024324,0.0008790411227998839
row_023245,0.0022662245237810336
row_010800,0.009355677176347155
row_040472,0.0005732479722368774
row_008892,0.021774935669805272
row_009685,0.41477646946168323
row_012260,0.0019219617968172617
row_047032,0.22024211666911342
row_008863,0.0019444191823517552
row_042816,0.8635202546462949
row_023312,0.008786803551221196
row_006682,0.002498025274005943
row_023483,0.0003081060376001936
row_010006,0.00317820744929546
row_031041,0.03464236123978047
row_008108,0.22920757028209154
row_032023,0.1654362538179538
row_018926,0.07194995464868913
row_029022,0.8602887033506352
row_012998,0.059082949831252014
row_041488,0.010509801638619129
row_015643,0.020447623690563764
row_003473,0.9593201331849299
row_003173,0.00961328478130286
row_033607,0.06309278922649003
row_047177,0.015627794059480886
row_030030,0.3591234185753882
row_007523,0.22248126966896137
row_029951,0.12744313303299945
row_039733,0.013634632575901487
row_041386,0.0043468053830564325
row_001496,0.0016886438954466791
row_009080,0.9975556170879389
row_028920,0.36707429743513675
row_006858,0.0023211295844453323
row_003557,0.006600589259484006
row_001188,0.0021781495862850287
row_036679,0.8384612214565843
row_002097,0.02262969275928111
row_016862,0.5361627450140583
row_011982,0.0014518998668554082
row_028951,0.10936559888951372
row_018857,0.007664429094132416
row_049086,0.0166179687616776
row_004971,0.004369912409442504
row_033680,0.05798323731347347
row_003315,0.057441938953074693
row_010241,0.10062075004843957
row_008548,0.047219715787478786
row_040702,0.002644192761310231
row_028517,0.053225476156356075
row_004777,0.000793655344581507
row_005071,0.0027190761716432933
row_045109,0.05436137956292389
row_048660,0.11671139857853305
row_004018,0.9214816245101675
row_010357,0.0008025457726247704
row_004471,0.013410894950654426
row_022901,0.2792406724154041
row_017664,0.0032282937063677205
row_027515,0.0784394388287168
row_007033,0.0042488779866223
row_015754,0.08598488975548864
row_011801,0.0008249742986928981
row_035688,0.06297633345626924
row_039099,0.029566747246736913
row_035330,0.0016046513385229654
row_018222,0.003501807035494334
row_020230,0.9678388144423801
row_022587,0.06537663422105823
row_003460,0.0010157418071912265
row_021488,0.0040058793854620715
row_029818,0.26661054099083353
row_026423,0.012982178512254527
row_003415,0.00013757346440581463
row_014423,0.005430536122576262
row_007669,0.040917293279230924
row_003191,0.005678039658914368
row_004699,0.03083310994284357
row_022396,0.00360314508163354
row_021223,0.3175426764069995
row_007851,0.010927423092663622
row_007178,0.017225992543074244
row_033811,0.05739058069415138
row_011344,0.0534457689838676
row_010403,0.0004182250449026406
row_029906,0.0016740192737467264
row_036878,0.9998930133623292
row_021420,0.23614733903212592
row_008124,0.1668550784756415
row_042022,0.003350424677659102
row_017004,0.0053596110019310025
row_017093,0.010259304216504738
row_046318,0.04146508609133971
row_047492,0.004555884428524173
row_012692,0.2586528196784432
row_042215,0.13365192528851128
row_029226,0.0005535291506507595
row_038418,0.997630201558857
row_021251,0.0010164072714677062
row_022628,0.0019348714499108483
row_043106,0.022101320905225826
row_017877,0.9998544150366392
row_006318,0.7979320695289968
row_037798,0.000333778512466211
row_038239,0.038584348792717785
row_024921,0.011853970712858307
row_036516,0.9666737086968774
row_042830,0.45736642860596755
row_010376,0.0054599154981492745
row_013893,0.00826366061494984
row_017170,6.947771186377509e-05
row_016360,0.07635332996632865
row_030747,0.048061534920619445
row_009691,0.960658530886288
row_045526,0.03018514437813789
row_028530,0.9686337874608444
row_018399,0.08282282468476743
row_029074,0.007967761316728647
row_026077,0.0729625887785165
row_033531,0.00640860961442846
row_018723,0.19094685650956145
row_032615,0.6645164287961081
row_003295,0.0003129689333233559
row_021060,0.05492916353753765
row_047297,0.0017158131126121428
row_011170,0.9524595358285166
row_009677,0.00527012960792107
row_019217,0.036397993941120255
row_035202,0.012007001933935186
row_019137,0.0036370275531209975
row_021935,0.2572203031715697
row_046127,0.009727628040889284
row_022099,0.0045445204560194555
row_027841,0.0012498656381804735
row_007075,0.04974245882355836
row_014441,0.01537831126091914
row_003329,0.0046447227323731435
row_038460,0.011818804265942975
row_019854,0.004346779888274777
row_012411,0.006104927014707134
row_000062,0.02200736307083124
row_047896,0.3855045485388338
row_042478,0.004572963110165358
row_009023,0.1779210803033323
row_021633,0.035537303607876894
row_023885,0.00018685368097509923
row_013596,0.023243001155235955
row_009001,0.00018216103064962804
row_046415,0.6189064437905641
row_011099,0.05898842812790013
row_005537,0.002983126397339226
row_016447,0.06762496491021044
row_018148,0.0004198776506131357
row_012787,0.018009184903770077
row_043354,0.4373348960006205
row_046769,0.0199467406909769
row_028003,0.0026100433221835284
row_037753,0.0005434957326121239
row_032373,0.009714242404652145
row_030001,0.2676519017217806
row_021851,0.004214036214462911
row_022753,0.0044654298590630715
row_003564,0.002153614987427752
row_043695,0.0019886646676848634
row_045944,0.0014042771023799186
row_011085,0.21008289112610198
row_034235,0.002905296238390864
row_019085,0.0017100912996611001
row_022831,0.017854886209893443
row_030709,0.0070142596677343514
row_028705,0.7381449768195518
row_044350,0.007634185552862336
row_020616,0.007097625301785006
row_014533,0.0035303120013930045
row_017442,0.00587610205097626
row_007094,0.004566685409758376
row_013362,0.0003108076945417253
row_036999,0.6284394378653714
row_023162,0.19882080079336464
row_011368,0.006791318990914275
row_041794,0.31405574058067054
row_023938,0.0002962109395051276
row_030705,0.0062035763310213255
row_040211,0.0188263073461762
row_001348,0.028525193697994063
row_017757,0.011323497732016262
row_019010,0.006132657587537551
row_048116,0.21648879074238625
row_032355,0.29142109015894796
row_031267,0.16392230007287106
row_003864,0.005604008848500963
row_019642,0.003815215392583447
row_036201,0.12972510256174524
row_000546,0.49793501782683536
row_023031,0.00893765978694722
row_005030,0.017812860716753615
row_039997,0.9787452292830403
row_035615,0.006516316967452489
row_007629,0.09126864091778847
row_018081,0.06788639104601682
row_037461,0.0060125032169824925
row_005917,0.019931477850637976
row_045260,0.0011382215025311135
row_029079,0.017215460693743072
row_024980,0.006669410325160623
row_023528,0.4066891059022121
row_033016,0.041253651452559985
row_043427,0.0196549012534377
row_004829,0.0050879264632212075
row_006117,0.011573233708436945
row_019468,0.17778485634838387
row_028287,0.1693395550366541
row_009533,0.016210643910288453
row_028693,0.0004626388353159401
row_006602,0.021843286042261885
row_002144,0.1944378812086724
row_033961,0.0026992424666489297
row_035517,0.009672363249211637
row_014437,0.9997330080275194
row_026496,0.0011088662883946437
row_024239,0.0028711840610103757
row_033155,0.0012798478502290167
row_020381,0.02276578469164141
row_040043,0.12815439727383635
row_000169,0.00013356686759824553
row_009025,0.8208362895069117
row_000078,0.6656191115771082
row_045455,0.001693466238975293
row_005833,0.18180099106427006
row_010822,0.019077884335411868
row_044443,0.000544021552818133
row_030927,0.038392866563681356
row_012400,0.022127422034661382
row_016804,0.061230105074330174
row_029333,0.9875628818425739
row_044525,0.4948076658117714
row_011080,0.011913204717924734
row_046845,0.005757305111068539
row_032113,0.22853815689158458
row_028793,0.05284631194760054
row_007784,0.007184344221670356
row_044510,0.002993040588316208
row_000795,0.08533005615262831
row_011824,0.045886098003081466
row_026053,0.059271042839976244
row_018587,0.04749612172409135
row_042673,0.006729145849545969
row_042364,0.050625426163719636
row_018789,0.0050180771892203825
row_002632,0.948580343148114
row_039960,0.18444659477686148
row_008350,0.04237848859294528
row_031563,0.059298975541142024
row_034104,0.002279391040954975
row_005110,0.001555600142970415
row_021794,0.01577178761602871
row_037942,0.002283788828900406
row_015420,0.060154722509964606
row_032563,0.22332429882255928
row_019377,0.34148475521810706
row_049750,0.047867762647284456
row_024833,0.0289928145387962
row_001208,0.0870872874647264
row_044535,0.38911699083537155
row_048793,0.2148307038618525
row_017047,0.0002012958020404239
row_018752,0.12155936265853666
row_037703,0.41115445746522983
row_017828,0.01194684071509064
row_005063,0.008013026290591342
row_006723,0.0002856929153754839
row_032071,0.9193322424858783
row_015541,9.261313177375825e-05
row_036467,0.025327830465111188
row_033632,0.5566430919564075
row_022540,0.02483782379030865
row_025729,0.6559145552655401
row_037526,0.021589015409593945
row_027731,0.016848565264197903
row_038938,0.25508496869453745
row_046574,0.005753117191775561
row_037201,0.0023174495475311095
row_043021,0.9992187826163095
row_012908,0.1746333362291068
row_015393,0.09234517521570668
row_036981,0.16768750394759377
row_023147,0.0997204518850883
row_022939,0.10072074622637069
row_016392,0.00100388008877492
row_043379,0.9864364364323203
row_014785,0.0020218425515058577
row_034423,0.9889472170188714
row_009728,0.023816059251709223
row_044105,0.016992689435723622
row_018715,0.0014973887933218877
row_046057,0.00027485734029125154
row_013076,0.31097955320651655
row_018486,0.003259145172269466
row_041264,0.0718598298746013
row_019300,0.026374524076507214
row_010175,0.008326871535105885
row_017949,0.007823583813804694
row_002153,0.8308939676159186
row_016039,0.02111824283863884
row_049348,0.02486929056713044
row_019036,0.0007199242719497615
row_040046,0.0016374946974948834
row_018519,0.028721839394900715
row_001808,0.0021422375916075784
row_001948,0.049640069052873784
row_010621,0.07394561965488317
row_016705,0.510587196127148
row_035165,0.46655056212148016
row_031206,0.8596184008297835
row_019545,0.010165590129044442
row_012509,0.015145177037162016
row_042552,0.0007250837496321615
row_044277,0.005165154538620089
row_049180,0.757476846691271
row_014682,0.006701131063150789
row_042477,0.021793852523596266
row_022346,0.325349353875185
row_013511,9.788136000522736e-05
row_014726,0.07919221104601679
row_038982,0.13612664516354905
row_007358,0.0015719201394260342
row_021793,0.18228348000717792
row_047333,0.0009261497387436292
row_034753,0.8514070635891234
row_032358,0.006033628025667697
row_007529,0.3427078220180715
row_007331,0.006806034206794117
row_019043,0.3050266578896471
row_009537,0.034648674151683406
row_031060,0.9347751890352196
row_007757,0.311647831275062
row_011544,0.006826796923754026
row_023943,0.0032762050002712482
row_017634,0.003511422630892555
row_033384,0.003318658331463895
row_044431,0.38973208629404643
row_025683,0.0022875760651940276
row_020235,0.31705899796729564
row_020212,0.002233343785719625
row_015555,0.0037925638981814534
row_001570,0.38421145503338083
row_009574,0.016155674054177494
row_042719,0.014275924571964329
row_004628,0.7447238163398
row_038809,0.0076473991567787905
row_018021,0.019223024812533775
row_023518,0.001926016450642864
row_040553,0.006779885975594039
row_032901,0.11480421235302044
row_035116,0.9292198726649217
row_031627,0.02581215369542299
row_005269,0.8739701570065564
row_001834,0.006765877955280846
row_006831,0.0030023757421806024
row_030518,0.671995752487216
row_000404,0.004244826077569921
row_039861,0.5269039485676419
row_025825,0.10473691208543684
row_014422,0.8688494736296317
row_042062,0.008411589226853821
row_000309,0.006078096730837547
row_038601,0.00017200411426196622
row_040623,0.0036464495534596856
row_026225,0.025496249215389122
row_048450,0.07653654564654103
row_049815,0.049166121501997104
row_045263,0.050951491305347235
row_035806,0.01833236466956468
row_024585,0.01085343319534028
row_010934,0.41376366925710883
row_043580,0.8551365568800748
row_025514,0.00619484262052707
row_023580,0.03910054012463295
row_038957,0.0050944404835021806
row_005800,0.6272438880965625
row_044590,0.009945021279743022
row_011466,0.05454871670300747
row_006876,0.10130488777963911
row_015781,0.28967487212540893
row_036256,0.8781435102925662
row_028839,0.04055312322236284
row_019019,0.007386078717301511
row_049909,0.021826016650547293
row_046100,0.008970777517210052
row_037080,0.1226783331766364
row_041723,0.004207767589784414
row_004271,0.8212109207179221
row_008192,0.4572104089383783
row_004241,0.006749260009621065
row_019772,0.9991124994945872
row_001116,0.07602595871372854
row_041749,0.0070054531499191
row_042440,0.14057381344862618
row_033978,0.09831489388987752
row_040840,0.021788748085209645
row_029564,0.00415787913105099
row_022973,0.0014878984437820685
row_006844,0.256361538056098
row_037380,0.00734802512178491
row_027138,0.10108890627216584
row_004620,0.06416495801713866
row_001754,0.0008938847647938466
row_041495,0.0006437946798015387
row_040210,0.008717848545983876
row_014188,0.24090021047075982
row_030394,0.9683740174317794
row_045811,0.19662949915296887
row_038942,0.0002680100583452212
row_016384,0.005289221182993379
row_049713,0.6444148124398792
row_005480,0.015010970214294643
row_040162,0.02490876798482334
row_026743,0.031879613711649754
row_011436,0.08041828985038224
row_044272,0.0024225474238267833
row_039079,0.16953476284368274
row_032710,0.9757410290051747
row_039155,0.9446150377940488
row_011142,0.0013960667410931405
row_018493,0.0007491549195341369
row_015996,0.9077551065219747
row_022618,0.0019041669386468368
row_038131,0.0010167288454847403
row_040215,0.00019909686581683333
row_042214,0.8934187677769545
row_031256,0.033623151264457925
row_043196,0.0014805669018341217
row_027783,0.020103117170814276
row_023818,0.0018635377698803125
row_021783,0.920180788132665
row_009734,0.015270849314021787
row_020562,0.0007565246341436926
row_043369,0.00741623099348775
row_024674,0.014172984177311216
row_000080,0.6579812554984815
row_040026,0.4336620377363628
row_032661,0.07070546210290835
row_046935,0.005303777945769716
row_021365,2.8930262385281026e-05
row_006163,0.08307397820401145
row_025774,0.0014209176562795568
row_002743,0.0012122892431635486
row_016500,0.0018393684867190167
row_005119,0.059247480733892396
row_023958,0.9850802447005891
row_015824,0.0054063358564614954
row_047104,0.003086507411230079
row_033119,0.05931517887010676
row_014177,0.002057427034563696
row_001536,0.01706819202476647
row_002394,0.10360237474846773
row_040594,0.0451289343570043
row_012957,0.003101690405069137
row_045584,0.29626638006123135
row_024126,0.0012338525701521665
row_009292,0.007415733705329979
row_014004,0.3646929566239567
row_032173,0.001083401893793473
row_020894,0.9902900595340807
row_005592,0.013966839321573655
row_028623,0.0013595954217763889
row_026208,0.0016338644849407786
row_038996,0.019317149675666164
row_027873,0.10549949056780332
row_028312,0.0905407426280975
row_025920,0.09096468018771292
row_016340,0.009116818479056307
row_035821,0.004293452156915372
row_049734,0.0011366675508773549
row_013642,0.2832882802964807
row_025976,0.06146349449974976
row_013106,0.0498039515484988
row_049347,0.003913737124224232
row_039817,0.0006348586621352378
row_022775,0.005452050253855707
row_016313,0.01964805230969729
row_013287,0.03527489884988619
row_043286,0.017421761573920468
row_003268,0.02103945087075952
row_011759,0.0007470008084768673
row_013157,0.0004521993080904157
row_005567,0.004263540401638322
row_015272,0.5123879380427785
row_021984,0.009683989211689501
row_045534,0.7363405294021124
row_014799,0.339002289706683
row_020315,0.00035142796657157275
row_037384,0.02015111626753386
row_020169,0.11143682284266032
row_034958,0.0007571198239408612
row_028116,0.7841472130587053
row_033404,0.014392994853449241
row_013539,0.004009641586624462
row_008421,0.012454068657484912
row_001920,0.023104729493480913
row_028476,0.00398002984810149
row_034012,0.011802094604684388
row_045031,0.9349808598117184
row_007733,0.010580034306980379
row_014641,0.058480859421209216
row_038077,0.05305748406042344
row_022884,0.7860217088429483
row_028930,0.0003993902048216623
row_022850,0.0025582872198839125
row_017810,0.2445691762597505
row_027295,0.017814219317425176
row_015528,0.004711374981130469
row_031746,0.9742165279090871
row_038620,0.9952641015239414
row_003405,0.004838846857827218
row_030261,0.06749890253271625
row_037839,0.0009955803078178882
row_031816,0.9873764681077226
row_027724,0.010538822844521704
row_013681,0.02911287600378105
row_043293,0.5433780325178539
row_048413,0.014256701829081469
row_030755,0.0016279018523118018
row_031626,0.0006679604997223203
row_043856,0.0005033980054003157
row_023498,0.0021246963509252105
row_004446,0.11673587213476228
row_049944,0.0005297344386985258
row_043713,0.02415729783405586
row_019288,0.014370888584629923
row_019978,0.024192495261795233
row_020351,0.4178778890421775
row_027231,0.0034467259596369804
row_007824,0.9836728061835814
row_046346,0.03344416131960415
row_029308,0.025003799689818196
row_003942,0.04555593469857776
row_000221,8.168246729815266e-05
row_009368,0.1787375780307632
row_015900,0.008616211879438895
row_019259,0.02758887153302637
row_007511,0.0001416403083174431
row_039030,0.0006644786320494359
row_048832,0.008548843060297054
row_003870,0.002322126044762637
row_030265,0.00045331217208027786
row_046640,0.3373440506787738
row_037247,0.0008570469479297408
row_043832,0.028407311359192437
row_016209,0.012552854112189768
row_027920,0.01214724314593248
row_009172,0.0035863521730719883
row_000999,0.887952247969242
row_020708,0.003563781618961262
row_013206,0.02169920457776798
row_004992,0.005422241313849667
row_048238,0.0031040159559729205
row_044377,0.30102870687394206
row_010827,0.004024000201728216
row_029125,0.0007486037087821988
row_022699,0.022624130889483476
row_019209,0.0121173644540401
row_015690,0.001320621161201494
row_009033,0.020595373321830337
row_042788,0.0002686761736773106
row_032350,0.008967705509532296
row_011586,0.6538415334340333
row_030093,0.0024158653216419684
row_037333,0.0011122756516338472
row_046129,0.8271085555505211
row_024841,0.1535908888610126
row_042079,0.013140380468824934
row_000893,0.008232586424017554
row_038195,0.00444491960559576
row_035472,0.04234866423030095
row_013368,0.053458903877674775
row_009750,0.1662641711607974
row_040633,0.010588731079328513
row_049573,0.04417494754202971
row_007262,0.004544872173075657
row_017539,0.0010442958684391116
row_021557,0.05053676364026681
row_040646,0.0017923942837856036
row_029799,0.01913140031042248
row_036389,0.010216719451302515
row_024627,0.008297705218539802
row_048623,0.021964099463377774
row_014030,0.9941705640387529
row_025235,0.0010836018086785835
row_049135,0.0661473774340705
row_039040,0.004985549813274767
row_033524,0.0008650937688162155
row_028809,0.01783930506801161
row_007608,0.0033662457452262803
row_048445,0.9950239714410641
row_035627,0.24005561019837462
row_048539,0.1955154956030828
row_032976,9.575113186290254e-05
row_006349,0.0008219080621714905
row_031398,0.019089943305776326
row_046115,0.0019313360185045883
row_039512,0.006526855858183079
row_037238,0.3231058863700974
row_002755,0.0009873633805768047
row_022888,0.26315575390386603
row_047640,0.11342047522813047
row_013837,0.44666052823716684
row_001554,0.055911044649898524
row_011652,0.013309484255170072
row_015441,0.0006091152959975918
row_022418,0.0003418107043316656
row_015452,0.010223351320242194
row_031858,0.004517251590889608
row_035180,0.21556321470531414
row_002950,0.07324399144881939
row_007143,0.2861338284824697
row_042731,0.003646584552696147
row_008366,0.0557345812810867
row_026395,0.011980260972310239
row_024054,0.01878772038472854
row_001055,0.020382428621969605
row_024914,0.11693950760538283
row_002008,0.003287717886787815
row_021913,0.001156744807914108
row_018860,0.015425725313918975
row_008265,0.019026559719762075
row_016026,0.7599199813379927
row_021089,0.998989285573424
row_040101,0.0015453917714344794
row_029595,0.13547331508134036
row_026510,0.24719111168208874
row_039682,0.6905490824119835
row_049094,0.0044687909671348395
row_008415,0.0014001881506028302
row_011009,0.020941120765790848
row_031535,0.3865711746264923
row_011713,0.4784683112535473
row_016757,0.48400918712781327
row_042384,0.04442923956251294
row_037115,0.029014530205814005
row_016797,0.6477984199502431
row_008677,0.02930306056726332
row_035829,0.009133240279927004
row_007713,0.08954281665967585
row_023948,0.0009172696049409949
row_045798,0.06218738811123781
row_019668,0.012055101997497075
row_044428,0.0035654655252236847
row_031269,0.7222187646938452
row_032155,0.6813271678087449
row_008561,0.028619944497646894
row_021592,0.048272404651865566
row_018714,8.202993236579645e-05
row_024677,0.0002753398249950956
row_046277,0.5078084758967032
row_047052,0.009359999364512976
row_037770,0.0007178284700290925
row_046655,0.002672505693799722
row_043224,0.005172432715518365
row_031614,0.000145670434325669
row_040938,0.0002553852640797997
row_046547,0.004852538410624605
row_009038,0.0005094544129425594
row_000339,0.08722621509957237
row_029788,0.005700143934159319
row_045942,0.007545096647459382
row_027346,0.03168430633042643
row_045983,0.03523783677766072
row_008687,0.01038790733597177
row_037382,0.0013247631794973758
row_037870,0.22823905556196997
row_039974,0.010513386700400421
row_014074,0.09016505929898905
row_015635,0.008882991164889869
row_023509,0.0011233471435843094
row_034624,0.022963098386168765
row_034030,0.14144985220460024
row_048058,0.007237398616153646
row_038034,0.0008304545840851529
row_023986,0.9858924358165515
row_003493,0.05140526240521963
row_011785,0.0002853478334496722
row_032698,0.05212529752198758
row_039101,0.09946885469188967
row_039153,0.919226464919406
row_043786,0.02956110773964767
row_046528,0.04709418108020353
row_009769,0.0029761643728126582
row_017781,0.000491485312661275
row_003425,0.0013662906309263945
row_022288,0.014332064604781935
row_044566,0.021629761428566846
row_021730,0.0005872355693845057
row_003152,0.06288918048865781
row_033064,0.2119510467323258
row_019093,0.002645974572750798
row_007539,0.000657096134850906
row_002946,0.42651235678569654
row_029434,0.0009470355754042539
row_048767,0.004031024077321171
row_009810,0.7715487628773487
row_018931,0.5524391425658901
row_042834,0.010670407698981522
row_035403,0.011228761550499162
row_048695,0.9279530324714602
row_019198,0.0049090471520717134
row_035737,0.426359173031278
row_022168,0.5834722281697057
row_040168,0.00612061598632473
row_034595,0.009114823190980826
row_000577,0.00019454561825444418
row_023359,0.05188349117437975
row_017428,0.0013010055855849053
row_011884,0.05290467640094565
row_005089,0.0011848981726999331
row_041763,0.1510616326199525
row_008655,0.003278783953413787
row_014502,0.8125415862452108
row_022999,0.864899937496924
row_047263,0.7238133167807493
row_021125,0.0001301375316416382
row_000210,0.001223437185446622
row_048757,0.11631714706668436
row_040006,0.06036133960495569
row_030180,0.0035116184903962715
row_014744,0.5115396299777409
row_010896,0.2921736918222036
row_011441,0.006604755514376221
row_018621,0.7944251063680704
row_028311,0.0023005562317074627
row_041529,0.008430437358389518
row_042115,0.002784333605515799
row_029222,0.004096207931253165
row_008311,0.007424153774516511
row_026866,0.0019306658418852198
row_048491,0.0006030544949423941
row_027579,0.09007075639368214
row_022050,0.3929824324780655
row_001286,0.14723654842093098
row_011781,0.008597058896578105
row_036825,0.0031007526544485882
row_033274,0.9401222831195178
row_039744,0.9507915555160926
row_007364,0.03299403959803615
row_010460,0.4044814942187353
row_030429,0.00013628007430643383
row_003767,0.0014043251124975457
row_010055,0.043328204416033245
row_033195,0.4049548978446609
row_034449,0.016982587246518684
row_000200,0.0014029346877987075
row_046506,0.021293944160642026
row_017729,0.009062568196741512
row_030656,0.06619965883304221
row_039017,0.7211472801569185
row_040865,0.9960457858144294
row_025424,0.00937528718592789
row_012681,0.8907633038174413
row_003275,0.004037520175219703
row_049167,0.007385165019582227
row_033584,0.0012425097434841104
row_021073,0.0009034494301324856
row_042453,0.522913299678855
row_008570,0.0018945521516069031
row_001932,0.5709764886335928
row_043729,0.0012033800465470635
row_019397,0.04835909474042052
row_033245,0.5764204813224065
row_048518,0.09906879324595408
row_000985,0.5915926500214365
row_017081,0.12787257085839965
row_012427,0.5151307755352466
row_002478,0.09875607130979895
row_049575,0.0004471151544456055
row_044836,0.0007138961182443278
row_008619,0.0010874912466876528
row_004127,0.00011176991487197552
row_035654,0.0008888276106244772
row_020498,0.010113877824135526
row_034757,0.9368689746369057
row_040808,0.0047566298609833385
row_003622,0.0015977314896096352
row_017738,0.008281747475966442
row_046471,0.3133450650565349
row_034770,0.026638685970532882
row_029757,0.001352433472359886
row_032255,0.11601652440784654
row_038265,0.28280761036520363
row_009844,0.6403467439908512
row_020741,0.05524885119842157
row_049154,0.017824088602003928
row_018823,0.0036643669175082643
row_029131,0.6835322726378007
row_031337,0.5711638444166529
row_047026,0.00311373001790651
row_020838,0.04454626598944353
row_028538,0.00825039851283189
row_007991,0.0063467466094921255
row_020852,0.0012147780681548768
row_048244,0.9291547126986599
row_007436,0.0006376525028639121
row_048865,0.010874848096895918
row_016259,0.5784544149463011
row_049453,0.018684114379342837
row_032080,0.8611408067692452
row_014678,0.08839125306196023
row_039287,0.1447652554102964
row_009441,0.007313833144991887
row_023011,0.907006330495723
row_013638,0.00028606987815230344
row_043881,0.09846135139522699
row_010449,0.030983519761577774
row_033383,0.008593082350522214
row_016775,0.11370745780554559
row_007046,0.009700295322008707
row_028168,0.06837419515027364
row_000810,0.7004804876342504
row_049465,0.003347972726378516
row_011946,0.0032305573659578268
row_040760,0.46105966724785685
row_042856,0.0017049482087594715
row_012023,0.914001849059797
row_036402,0.9948198177801897
row_019973,0.00027693988198326043
row_002836,0.0006001232401656857
row_021659,0.00047336932742367597
row_000482,0.009564098197866
row_027496,0.006456198842726961
row_025099,0.0121187106184583
row_002762,0.0007168078028308831
row_020871,0.015658753242690397
row_003254,0.0035363537686455065
row_026236,0.019389554187944618
row_039507,0.011831825586495714
row_048878,0.02355944960143061
row_020684,0.002050446579316188
row_014516,0.003400033583029779
row_002392,0.8770034188268481
row_045602,0.004996706843427311
row_041280,0.013662760364952863
row_025323,0.000762578796870745
row_041785,0.19712581741630247
row_011483,0.9154424423763701
row_031050,0.0531664037499059
row_031726,0.01430281625765822
row_048730,0.027549976428906157
row_002358,0.01297004131917727
row_015442,0.04446775957502356
row_037855,0.013364406362272194
row_048522,0.9792689182696681
row_031542,0.00022274112044050405
row_005719,0.10062027629392944
row_004294,0.9868709840850488
row_022212,0.18156870040645223
row_041311,0.19577647217536834
row_016759,0.10722507421525852
row_049704,0.9936642230407451
row_023738,0.015765837870914415
row_014106,0.7304656597391013
row_019260,0.0008975969405119965
row_035575,0.020091087945233572
row_037116,0.0033395334149696433
row_003429,0.7705212212500527
row_022492,0.015891983936728308
row_035519,0.0033466015826815613
row_049136,0.29772772073247733
row_035055,0.024919599184160555
row_029426,0.5812561891109193
row_018816,0.022769218797973258
row_045691,0.0013596670800025464
row_042361,0.036919628647760924
row_028125,0.0067597483646216205
row_019168,0.030062698606198104
row_040299,0.001318888612558659
row_000703,0.08585953313951307
row_042057,0.04359199358774323
row_024373,0.9996566910521764
row_017439,0.04758339357369301
row_047714,0.005577168412905244
row_024266,0.0035375785735141984
row_022771,0.4370006758571974
row_024523,0.008021232810889359
row_007071,0.012751877763554612
row_047436,0.06073884909420073
row_033824,0.09406983652646914
row_034763,0.13543510477075607
row_039686,0.028422230165860936
row_013645,0.8291522951929071
row_041806,0.022101879099093377
row_024517,0.05245251927027465
row_047304,0.021581671222811877
row_034830,0.002488669730853223
row_043036,0.7664455595600055
row_040324,0.0033846359960982746
row_020580,0.0028571610839422277
row_034996,0.004220414147611909
row_049560,0.001359879489609859
row_030505,0.0004956400854068536
row_001903,0.015906830598564365
row_033234,0.29925108390119676
row_012991,0.0026317425557100815
row_044415,0.20659406316272472
row_048367,0.0008266791342067346
row_018677,0.12291145463417197
row_028237,0.014251724816749826
row_002689,0.025387770773221956
row_014712,0.730478050350394
row_020586,0.23945582847706956
row_042948,0.3963299712328596
row_001166,0.13145915522096607
row_033685,0.2558585374266737
row_018299,0.06089162547109539
row_023549,0.7717078334681252
row_024285,0.0769234738163096
row_004048,0.00016268745023741835
row_012556,2.6920307557863285e-05
row_003363,0.04075674430582117
row_032492,0.0008004820451371922
row_039444,0.16016078552322782
row_034539,0.014592921980878915
row_021922,0.47287606657894227
row_034082,0.003213684839212424
row_004531,0.5011670281403964
row_002507,0.16407413676022697
row_032273,0.0009443170366806857
row_044620,0.003984580228287132
row_032516,0.054440984125307845
row_048236,0.9974204925979194
row_044059,0.07431604267113226
row_007124,0.0011926898544568295
row_023950,0.0003677058580246474
row_039965,0.017824292219915945
row_003105,0.554151842658152
row_038005,0.0027957081942833265
row_041817,0.10300172483946363
row_035424,0.04166684808139272
row_039227,0.9406888100365267
row_036239,0.05096189931896847
row_021485,0.015870091976474376
row_038273,0.05778362084937934
row_049839,0.0017334794115780737
row_035959,0.26945748574143297
row_038540,0.016851242168787375
row_034008,0.07790878643011553
row_006415,0.9776901708546345
row_030142,0.3255557769170715
row_023672,0.000478989694227962
row_004340,0.4909189881821103
row_003527,0.002545548994122446
row_037343,0.004655050323335328
row_036655,0.6809555383956851
row_035073,0.018645575823720142
row_013097,0.004052490541524657
row_028010,0.0055856903767792405
row_033056,0.40636331620507404
row_049566,0.000723214406755745
row_005708,0.02558366734881473
row_014498,0.004928388696701447
row_025978,0.0018209449642121378
row_041327,0.001571389524942761
row_000235,0.052316784747635944
row_040149,0.9401445130105
row_023848,0.006156651571381619
row_031441,0.0016933091984980679
row_020650,0.04644424647098696
row_002650,0.23903079424757478
row_011464,0.011968281630724647
row_031379,0.5778837605874731
row_034931,0.12961154527153948
row_036909,0.013896532142724533
row_034407,0.36303504397469516
row_010468,0.09729353169308849
row_012501,0.016298593409874638
row_026994,0.03315703171883536
row_001505,0.007417601170061541
row_049589,0.0050327145654102574
row_003569,0.12025611339052886
row_016310,0.015249468867561627
row_031570,0.9421432809650456
row_010362,0.006073167270957407
row_029077,0.12360118861254266
row_016062,0.000538947192171396
row_022573,0.96768198308259
row_036055,0.9680224393847865
row_029299,0.9975663950201037
row_028602,0.003850379096203265
row_033768,0.015996185030784257
row_035174,0.024945887888092867
row_047790,0.003095504061435857
row_001301,0.035623826456170966
row_034368,0.0004171117553477728
row_014432,0.7872712081496944
row_007818,0.003998674577245891
row_037361,0.0023776862706369156
row_030310,0.02564480423778332
row_042727,0.9996398049593089
row_009116,0.05391101369022136
row_008905,0.0003749373689590697
row_016187,0.0839884702066323
row_017730,0.8659705389188672
row_020834,0.025788860595909124
row_018611,0.18919425420644986
row_021483,0.0076070716639694315
row_033572,0.0026874352790496195
row_021787,0.01090911204130783
row_043530,0.999473175074902
row_019565,0.25028086797080623
row_033649,0.016385275091015707
row_035415,0.08278950955475248
row_022925,0.010122909278545898
row_045636,0.5489604789260121
row_007781,0.003325698255284376
row_045769,0.44949360184604004
row_024947,0.006602143515269336
row_004657,0.010569873504889502
row_030887,0.015959890894968645
row_006011,0.018240469055781184
row_005894,0.007911022386770364
row_013944,0.11524937811207675
row_024760,0.01649517433437471
row_042842,0.04222224465392047
row_032289,0.032638373193618175
row_004888,0.00014525387168930605
row_004792,0.0011856256360637007
row_032175,0.017658973584754406
row_045397,0.005598978581497879
row_033349,0.005008193377166665
row_020477,0.1260886281462263
row_030044,0.006741180162263274
row_021604,0.0029798233869261885
row_017331,0.042632190031773626
row_049475,0.8588759228104375
row_023469,0.00039668401564776326
row_034357,0.644810911561452
row_003502,0.005498392851935497
row_023399,0.8269083190586654
row_039463,0.9727171054487673
row_034184,0.04995133406590388
row_020686,0.9608582125378631
row_005277,0.17564754725032297
row_049592,0.00921016814936196
row_041981,0.0718393524589362
row_015597,0.010441501168736315
row_017141,0.7926538311184022
row_023019,0.019977711673901142
row_036047,0.04592798107913741
row_044546,0.47208442475964757
row_036811,0.0010371524732211384
row_035637,0.0002654681538180389
row_006007,0.12533433416080036
row_038145,0.00011274721266686614
row_003971,0.2618269322739277
row_008186,0.6538060507380747
row_000903,0.015354445927744372
row_025465,0.08699516671505124
row_020989,0.001236120576093697
row_014277,0.07063698875708764
row_039055,0.009221888607605176
row_038707,0.18500474629343666
row_006825,0.0006073350970404367
row_002549,0.0010026995740641616
row_005593,0.22048378208275993
row_016625,0.1758961006269662
row_000488,0.03169853566649953
row_037977,0.6474859933494108
row_038408,0.021332695303774574
row_044776,0.02577811670783728
row_044561,0.0038423928403160117
row_044974,0.00221883674768441
row_005006,0.03467854796398995
row_031587,0.009413140618640351
row_002884,0.010061317906553147
row_009190,0.4091210687791067
row_032697,0.0021944811010706586
row_015210,0.2796688613368262
row_010875,0.018438028635460638
row_003956,0.3373738253623364
row_033498,0.02618909109414248
row_020401,0.7864282775839839
row_010554,0.01819360681799028
row_005859,0.05896910097217979
row_015011,0.8837323424899971
row_013988,0.33081589198330585
row_007703,0.24965191962312022
row_029593,0.009273987727024025
row_007397,0.002445903955820902
row_003736,0.031276929822918874
row_015767,0.004974912378198983
row_015953,0.01030525303576623
row_025777,0.14358697142962143
row_037070,0.021301295315919462
row_039469,0.021211886483999038
row_036144,0.002201756312005051
row_002470,0.0013842598781768764
row_031338,0.004551866081641421
row_010472,0.015843260183708362
row_025905,0.16259341626387014
row_000939,0.00011609335736975929
row_004597,0.13169963931301906
row_022941,0.006406044630203036
row_041032,0.003969655403175281
row_031487,0.026511982987097758
row_014200,0.04612355654965
row_013411,0.00018005886489587443
row_041725,0.46198803820567125
row_015613,0.20696385755138624
row_048232,0.028270319313019966
row_047507,0.042611426395977814
row_049954,0.00826848808655948
row_009467,0.0009991898647699457
row_026122,0.006363389665560262
row_030431,0.018262507593853696
row_037683,0.02057642935951661
row_027788,0.006692970002912293
row_010056,0.004357542482096594
row_033287,0.5185796385884492
row_046388,0.008399282505274018
row_037564,0.00404357052261087
row_037069,0.13246560473274896
row_038014,0.741228501738534
row_040905,0.09608083997483895
row_027772,0.0004871945990474858
row_025541,0.23989054415423428
row_026175,0.21407567337962866
row_000217,0.624543381594319
row_013686,0.015987366544349756
row_034695,0.0030875980582011895
row_044239,0.035922362206918024
row_022849,0.06425059251291432
row_003512,0.9829444414668729
row_012492,0.0191538599779279
row_014529,0.004893415954659102
row_040764,0.008640539640886836
row_044875,0.010115689519124272
row_026559,0.0002503003885720496
row_005155,0.04435495342326686
row_046514,0.001470975493456734
row_042160,0.01181433917619015
row_019622,0.9917161219813729
row_020311,0.00017321638543263054
row_014967,0.5726216327692082
row_000253,0.01468755969015544
row_001807,0.15829566872963047
row_005318,0.01172304076655781
row_045466,0.004130297145831646
row_037607,0.9925575185011886
row_023470,0.29127745123001303
row_042133,0.2985571945777885
row_027087,0.09046399569582464
row_028351,0.037895922519603206
row_001078,0.005646475900425403
row_003526,0.000661449989307564
row_043653,0.005285817897678759
row_031153,0.4142335633337118
row_036769,0.06552815795894443
row_033046,0.21824471269482343
row_006090,0.37569296644649586
row_044131,0.003611737196914831
row_007889,0.0010228987652293484
row_034042,0.004286894232830898
row_029324,0.003575544641429928
row_032835,0.02716042081020919
row_020080,0.10193727850431236
row_017957,0.03218438219768415
row_045448,0.2970006270408708
row_042455,0.0007312359882573477
row_012307,0.12601938309578753
row_025858,0.32923640020700723
row_013752,0.0016585171017271328
row_047836,0.0019978828146064035
row_033928,0.004467239842021673
row_036275,0.050117325297099585
row_010752,0.09745125066189078
row_001492,0.19795431759363502
row_007565,0.016422872674882565
row_005755,0.020160185235212697
row_018513,0.06741116499783041
row_014258,0.0259087179111648
row_039102,0.021868752727086372
row_004024,0.19024104542439835
row_016270,0.6847398028183342
row_029611,0.0007868143691384234
row_043226,0.4084603291724406
row_004780,0.0010092734205536297
row_030227,0.10231646242159598
row_048849,0.0005936132053045885
row_029780,0.4277895974627387
row_044777,0.0007247503410822615
row_049275,0.9701296028341289
row_005504,0.06319155247859516
row_018132,0.012039381796956303
row_044751,0.001616603056649988
row_024407,0.002346025036197747
row_034495,0.014762925903028877
row_041727,0.1751666646750782
row_034348,0.02336374491664231
row_012925,0.3054521400318833
row_028429,0.0054589803926388
row_037184,0.0005739508542042446
row_006718,0.0002148101664742894
row_036685,0.001455949719852744
row_022351,0.0006297750043276403
row_006524,0.018353870292600223
row_020545,0.7390094665451302
row_014032,0.0033319573170169457
row_018032,0.000986192104684128
row_002312,0.0485643509851269
row_030231,0.0075913144225138104
row_019779,0.01121181972304859
row_044135,0.3163800365756304
row_031332,0.557160575023574
row_027975,0.020770542504741144
row_027917,0.019300305819709675
row_040910,0.0005973228793856388
row_029170,0.0705211239317649
row_017520,0.0011900494961806338
row_031264,0.9689705859717346
row_010128,0.06146360722928339
row_014710,0.24773616586965697
row_044516,0.0064695306578179766
row_026046,0.4867692191304781
row_049380,0.5054905889757169
row_013443,0.09385777359419352
row_032833,0.5647551138750545
row_040497,0.00012962798212235165
row_019435,0.2401620420368472
row_029394,0.43705157191829996
row_007979,0.0012897886346063432
row_029172,0.0008574608031594529
row_014137,0.01349176726548745
row_038777,0.009289742274131034
row_030130,0.003462670911891769
row_020851,0.0024230889033897162
row_029456,0.02045000773081315
row_031437,0.010327349102869355
row_003872,0.01136826883128213
row_016188,0.05046862322767137
row_035436,0.9975704242858923
row_009865,0.08215003475207108
row_005271,0.006767596803526438
row_046226,0.0232658977346445
row_042490,0.0019644204822940135
row_040739,0.018921778994023777
row_009840,0.5233424926850727
row_041351,0.007770519584697073
row_032593,0.008641410339769631
row_040550,0.0013320303406592312
row_025223,0.005141387955968205
row_037331,0.008209481368288104
row_012763,0.05909893880278342
row_041005,0.053331078930921226
row_019241,0.2224940950920022
row_011960,0.05626146808191404
row_004761,0.007053578476029137
row_002256,0.9996292515639438
row_026145,0.08816925956997373
row_003450,0.04909315643806311
row_003735,0.0005159059949196776
row_025428,0.005535162754097284
row_045656,0.00042946278773538325
row_030467,0.003158397651206328
row_010616,0.0022817168924339263
row_013724,0.4859255380633808
row_046859,0.18419924073423877
row_038874,0.2584001652903654
row_015533,0.013526360348571801
row_044943,0.6748008469488279
row_021541,0.7343423985672807
row_018160,0.11055692775544837
row_000943,0.001294779179529932
row_010464,0.003954360479135298
row_005510,0.0009893878720069924
row_020408,0.785794073303401
row_037377,0.010714972705098219
row_043222,0.09331723600012498
row_027396,0.1308009733987553
row_002311,0.004193187393874812
row_030991,0.006320836016028994
row_003077,0.01780424951879954
row_045084,0.00848345220330482
row_043674,0.7572238725766042
row_006637,0.004475170975521656
row_000351,0.042404039461238274
row_020743,0.013894110950577299
row_002398,0.0052029767699153864
row_025032,0.7147829877711969
row_027878,0.06575420020781479
row_025192,0.0583377863477908
row_023545,0.03605550260732783
row_034860,0.03731245341679174
row_030496,0.0020714909779272358
row_020701,0.6764409256944761
row_014944,0.012975892908946279
row_027385,0.021755380519998032
row_024702,0.045188312965417754
row_038519,0.006247974838080851
row_006996,0.8608331270474832
row_040199,0.006528818620775479
row_031751,0.07850429337137177
row_018614,0.00036219701670760023
row_035901,0.008660600163913377
row_011341,0.018785765855213406
row_017092,0.017067502881074777
row_041402,0.003554519718469786
row_046215,0.00042075626585967216
row_009630,0.014864192896230078
row_045410,0.0014024336209849013
row_047025,0.0032509560665961988
row_040209,0.024834810428173905
row_024371,0.16462756713945473
row_024978,0.09213138121132897
row_031188,0.01239794951056356
row_040441,0.9984635381526306
row_015509,0.8881276534060163
row_002759,0.21472230609261306
row_002120,0.0012018636391131602
row_038060,0.0029648101767794036
row_003933,0.02404598289617111
row_003972,0.0031053069406129143
row_046047,0.0011292828321606291
row_049666,0.12969212804893965
row_010703,0.0011435238026551058
row_026455,0.0053527217802711614
row_018784,0.002027269668084341
row_033796,0.03394769290246609
row_040776,0.002000491037802994
row_025557,0.01332707904124018
row_007779,0.00035144664805365473
row_044781,0.00016112360928422233
row_014573,0.00674099273262306
row_018894,0.0694881100480194
row_007771,0.01071625423435741
row_019820,0.010403195226983833
row_022668,0.002145379069485955
row_027088,0.11542064160401974
row_049101,0.3264425916891607
row_047152,0.9159000666201527
row_037472,0.0001125025149604684
row_036630,0.013033605635683086
row_031812,0.005281303662871417
row_004855,0.005963485450728068
row_032555,0.0013540180374855815
row_037181,0.005332042647569124
row_024454,0.021721340554303057
row_008642,0.022932238290360108
row_039826,0.09411943656283506
row_013229,0.020514626929031072
row_027861,0.15666663896524302
row_049155,0.7887477276028263
row_049330,0.12247707302272896
row_020508,0.009639110201883776
row_045372,0.0005012941400608416
row_047857,0.005708153734613787
row_041354,0.001344136812847059
row_043550,0.030687456066426394
row_029484,0.42350595515822187
row_049336,0.5362992175484471
row_012043,0.0018609382500630166
row_006250,0.0002448010442345238
row_040656,0.005117842865410221
row_004557,0.11575318107058004
row_008326,0.00021249406648538702
row_003592,0.8580796477147552
row_036090,0.011814036996667582
row_010740,0.04605771912341672
row_030445,0.6958189574987819
row_023192,0.9940653246235995
row_016302,0.9775499171277875
row_041801,0.2503036926964316
row_012628,0.31349328447423896
row_031536,0.0007795816313264383
row_048579,0.02121217079793749
row_026829,0.017208080478163468
row_039110,0.06829573241404642
row_015434,0.010075414029700625
row_043861,0.0006435900245456968
row_007817,0.03731674183697221
row_038072,0.31023067855817005
row_039164,0.005222305089542045
row_006094,0.6636263987178324
row_027065,0.09584580271853815
row_001855,0.0011974078787119445
row_023871,0.06067060082865975
row_018968,0.026151593864323683
row_025211,0.0010301142037343308
row_001139,0.0007333247712343102
row_041466,0.034500984518662486
row_005338,0.0004035708685331525
row_040692,0.036125665737329574
row_017783,0.0038739264997901196
row_041694,0.0012499997032764058
row_009913,0.007275460923632177
row_026515,0.006513825826299523
row_004707,0.033093471706955556
row_011776,0.04006500992445154
row_017042,0.04152250525491448
row_012634,0.012063167552928234
row_017568,0.0001255669498451212
row_037111,0.3845743665796714
row_039895,0.025319197451062557
row_035704,0.017957305439048166
row_015031,0.027265204512711777
row_000367,0.002212917858206
row_044167,0.011774291869850104
row_000067,0.0013546699928859557
row_000776,0.003956761198236845
row_030490,0.2790731036358247
row_006691,0.0014830888405822534
row_010424,0.77068172269592
row_011921,0.06919083979279722
row_002260,0.7633335185598092
row_045874,0.11402328446983603
row_011139,0.7969634569522928
row_045734,0.2627284013605352
row_001066,0.4433168780786854
row_021695,0.0043021837956241475
row_020765,0.13448135899332345
row_024660,0.010818486702110202
row_015396,0.006143983032739321
row_007155,0.08088320571874066
row_013805,0.043805190389424445
row_005175,0.0014711348644788444
row_027611,0.23061928358825606
row_019018,0.03741601600333941
row_035084,0.4863688629433903
row_038931,0.6046542796104344
row_030671,0.22748414007863177
row_010042,0.07043499023078192
row_038598,0.015274976608001728
row_044959,0.6257072695112855
row_020183,0.00022385212271617985
row_026589,0.031172918871123785
row_049937,0.00016674225066860856
row_005535,0.006388119123180305
row_043841,0.9380083682764961
row_036262,0.0007784507495613845
row_009418,0.07833558117252569
row_000645,0.7750042980241785
row_024152,0.0017651443737366499
row_009995,0.001294557512279385
row_026796,0.01165226941394094
row_032274,0.08612926392784204
row_011033,0.023026165004289563
row_026313,0.8615712155651982
row_046776,0.005807749220478239
row_044565,0.013508954795904743
row_025911,0.00015500187186157446
row_049482,0.006545456965108807
row_031177,0.019035685070348203
row_014819,0.003518224477005751
row_035392,0.04388915940247931
row_039474,0.05727694666931886
row_045093,0.0035260235438651097
row_043854,0.001876939609999657
row_025418,0.0001558831808746136
row_039703,0.0012553446080436704
row_042463,0.00012457508269304453
row_036628,0.007032891782032815
row_024428,0.00016571555004905
row_041034,0.3497386956953667
row_036016,0.003482174656851974
row_000702,0.0006241973632761944
row_039737,0.08874633926268427
row_043824,0.0938811616270889
row_014789,0.947862440080394
row_024870,0.23908888462189157
row_036515,0.007705692494208561
row_005010,0.6148601882024343
row_041846,0.0968766700163653
row_016387,0.028956905066817463
row_021297,0.0639744533657242
row_020444,0.36329229077134206
row_036117,0.0008808685016016748
row_039380,0.9261219643468555
row_025158,0.17287752806728046
row_012140,0.014970597810894576
row_031758,0.0011803697758184183
row_001550,0.009403649374989435
row_045698,0.022897046200781146
row_001857,0.33361352462615246
row_047221,0.4774671688117045
row_026063,0.004957713012752886
row_011531,0.06759434569192063
row_041946,0.8386635913620073
row_023125,0.03804698002745893
row_048800,0.028643834951018538
row_001551,0.8795163271584443
row_003744,0.0019527652053526598
row_007603,0.006625540310951751
row_041083,0.7976964205884658
row_001681,0.3869776555535678
row_012754,0.6108754407058086
row_003205,0.0003618812570073104
row_046393,0.02768252863932673
row_005451,0.007684219861302703
row_014760,0.10642326143265296
row_039052,0.9510590433996879
row_018591,0.0806046980106298
row_043883,0.003908271435047002
row_015282,0.003524574698616679
row_003177,0.377269657324546
row_006779,0.3372561713342631
row_045221,0.03372162675338455
row_038278,0.09001288694586759
row_042056,0.006243406221900685
row_044806,0.4334935201407262
row_034372,0.03769911971296885
row_013004,0.2596831295438474
row_002324,0.004825326008906981
row_041652,0.010098619717471103
row_006483,0.004875137387734018
row_035648,0.8783200332211404
row_039660,0.010333772382984375
row_017213,0.02903075462705721
row_030288,0.0026120715543924765
row_010010,0.2328395212523796
row_022995,0.018756489236103204
row_003532,0.0017330805429667195
row_024508,0.6638228710883891
row_009887,0.3785348250898275
row_004898,0.0006974020366384782
row_042174,0.011863900444008785
row_048609,0.009990835571903481
row_037291,0.07020799039570633
row_019251,0.9993645644177913
row_038155,0.03304054953503063
row_029745,0.0036464981261569076
row_038652,0.0066003315316907046
row_000355,0.0770790208967614
row_001080,0.011833676203298477
row_014014,0.0022088546651706713
row_031271,0.0027244246630515312
row_041047,0.0766274764889257
row_003846,0.0026206433521066734
row_028205,0.019531756747052407
row_010930,0.02371728363369479
row_035200,0.002038204068817385
row_040667,0.03957763788482006
row_021561,0.05320170620993349
row_042555,0.17994040353085095
row_025954,0.0065368383840305085
row_003923,0.06170361560944067
row_015291,0.006343513524520505
row_037166,0.008730989095741227
row_005792,0.2980734049278829
row_036460,0.004898461577210637
row_010588,0.017016230266500888
row_008345,0.03560151031056599
row_003225,0.003689710595691984
row_032761,0.5694026170566595
row_002515,0.011152005968592043
row_024409,0.042294808441327596
row_033238,0.0008362809200236083
row_035965,0.030445570100923733
row_043387,0.00976969769348629
row_017389,0.021838596047802302
row_039228,0.001940962595774074
row_006604,0.01039449344393596
row_009752,0.014583692874684535
row_029433,0.3770860166079351
row_003806,0.033705636082583736
row_036662,0.7070765230377363
row_035480,0.6150850544754674
row_035625,0.1341078372794881
row_015002,0.009086115339550244
row_008133,0.009656180015616963
row_035872,0.04626645029401821
row_020363,0.006650387086597856
row_048723,0.5949548565493444
row_004906,0.14752595156648315
row_004658,0.001087942776432464
row_039334,0.009640844112334311
row_004772,0.00027315304894307143
row_003094,0.0024855858855817657
row_021208,0.0067279312547074074
row_030874,0.5938438716327383
row_010719,0.31081616896903147
row_018948,0.0007709485038992353
row_039213,0.0021996068214167764
row_018855,0.048775775655525905
row_010738,0.0015298611428841995
row_012297,0.019483368047948677
row_008050,0.15370670708239384
row_045476,0.0013738787004093536
row_014934,0.001352145675291373
row_041281,0.001829786742398615
row_005300,0.04953906751237348
row_010881,0.004935100029377833
row_004499,0.6447994995387831
row_005992,0.018590490281746315
row_047224,0.23953286230617704
row_022108,0.021245117195314966
row_039490,0.0020279289326054655
row_033755,0.0041624287067556776
row_034101,0.06311622116163161
row_024821,0.5849645270838323
row_035320,0.0013960705545949977
row_041614,0.006861483498411782
row_044336,0.004021489232647237
row_009819,0.00123261331838613
row_017982,0.0009307452547480967
row_039513,0.004483532214051996
row_043721,0.01312703920597365
row_043255,0.005447393229901642
row_034683,0.0031278444151958
row_014890,0.0028218207584127077
row_009731,0.011965671522292063
row_022858,0.014197815943692732
row_040527,0.012630120180439915
row_023179,0.01595589994878293
row_040345,0.0019341120855513102
row_025698,0.008937256468550325
row_042397,0.0004363030459118315
row_016593,0.0015919337356602452
row_028697,0.006813991972529271
row_039139,0.00043980173743596405
row_018169,0.06532391607743238
row_014386,0.015935572547171702
row_037843,0.9109659970173862
row_005694,0.00014911235221674377
row_033107,0.004884927315789673
row_042474,0.04577985942973877
row_012246,0.3685940174579296
row_001010,0.001726587418100729
row_011312,0.03361167474232853
row_006379,0.0028102474664661588
row_022881,0.006024897936666795
row_030781,0.6979173276072297
row_025897,0.20499542317089764
row_049577,0.11737338857941293
row_008913,0.0005651672985770729
row_046591,0.14930091239823975
row_039396,0.0157740108389962
row_031167,0.1693833273065935
row_022137,0.43871022066769544
row_007492,0.019094586747050203
row_009725,0.001571423836084453
row_023741,0.002992015984806389
row_005359,0.0011677050457892472
row_037632,0.7987774185903752
row_009101,0.06387262611342873
row_041190,0.011362398619401864
row_032882,0.0021081206932192257
row_025967,0.002799702828678769
row_004165,0.7319822375291156
row_000301,0.07877278804904952
row_019348,0.031347989695027584
row_045965,0.01358960165550997
row_046577,0.00045744178627084243
row_010244,0.01540546607625768
row_048199,0.014144185403161195
row_022437,0.2274275036506757
row_012229,0.9986562980629354
row_025149,0.020889689188150838
row_015857,0.6698938107067016
row_035574,0.062463677943794454
row_037598,0.013779995192542856
row_034205,0.1781760446672926
row_002066,0.23874345236556424
row_027675,0.0001826897036066469
row_014825,0.017535391287064397
row_016516,0.001401194352749355
row_020385,0.13991667049414025
row_021414,0.020988090667234546
row_000096,0.004805145084406456
row_018575,0.34288971927061207
row_045002,0.0033502521160068697
row_000960,0.11256974676539247
row_022292,0.03075725688278901
row_007204,0.0022614005118006698
row_022238,0.0033083789576747193
row_043128,0.016689216221551284
row_002259,0.9982308971485783
row_036479,0.9975959825661056
row_041841,0.3483849973074098
row_002279,0.008250952884835228
row_018489,0.0011586448889454167
row_015864,0.14010429917840522
row_025051,0.0011680521766823547
row_012163,0.002963616862265217
row_006792,0.004568089545492506
row_003814,0.0531693985630374
row_046383,0.0011106297433026782
row_044651,0.0029615365710127786
row_038588,0.00828753370498473
row_040838,0.07332144968525862
row_049847,0.009845540444555793
row_040106,0.0003765814642009098
row_030489,0.021587160995811233
row_037556,0.018742795498579205
row_039814,0.0952330155122447
row_008807,0.210689626637906
row_026324,0.4365403347318791
row_007112,0.005332495254995745
row_043733,0.00019928886888940107
row_007493,0.49210208789572385
row_042867,0.6297289742383421
row_048381,0.008888332018293157
row_022119,0.5417132824457807
row_021649,0.4073590067941949
row_039555,0.8691709601775903
row_024497,0.003380660446885864
row_002616,0.022284709784199254
row_042543,0.0057635522167904735
row_021887,0.9188606727694881
row_016257,0.43385233426717984
row_026381,0.07141611451861563
row_002907,0.968149877409364
row_043073,0.009188857316808244
row_036785,0.05179936512815782
row_017292,0.04562148758069547
row_038675,0.15461289190867294
row_021381,0.6089121228668319
row_025290,0.45732617456902985
row_032768,4.052319419848484e-05
row_024619,0.03493765486585217
row_011572,0.003073994962921104
row_027501,0.05919678962922016
row_035211,0.0035744100867686887
row_023040,0.07108620684093739
row_043356,0.00026519307520928487
row_045047,0.007276745928057186
row_001309,0.01151602506312319
row_049849,0.9926910393978599
row_012333,0.5828699617386665
row_010790,0.08193598400753721
row_035477,0.012933442352325172
row_049018,0.0018575234206634897
row_047343,0.0020727893475461887
row_017361,0.719722708363379
row_001508,0.005159447745027914
row_002410,0.0029362618642706662
row_032871,0.0004791993837080557
row_046824,0.0060041524297593275
row_047269,0.03479687344861006
row_030147,0.43750523187973933
row_033448,0.007959013646047324
row_044748,0.005627868560989072
row_034212,0.1357002603702066
row_032111,0.0021779289784624885
row_003129,0.18300795734665182
row_017040,0.06675349095268156
row_023141,0.3775299276115717
row_027645,0.10026862678861431
row_015770,0.0009953900087622675
row_016422,0.35678478344538145
row_001004,0.1291739207501001
row_011594,0.00167733539233171
row_048189,0.09186543680349282
row_048545,0.35548129726838273
row_000487,0.000653167028356222
row_003374,0.004361831947105805
row_039602,0.006514612660260661
row_036122,0.0040603898957323825
row_049144,0.12122608977284452
row_016212,0.02127448351323195
row_000214,0.006445714889725565
row_001643,0.265149497320626
row_035206,0.0006186345501576266
row_016291,0.25491848027962294
row_010178,0.0722695436136028
row_024967,0.07224931818477126
row_025739,0.030640975617191254
row_008470,0.00306665299824442
row_010289,0.32195598745567877
row_024772,0.6900303075068486
row_044592,0.4803013267622406
row_007233,0.012401630416160448
row_018879,0.0011381019941589013
row_001590,0.0002848218083423228
row_020648,0.1085954058432099
row_016929,0.045188791756788964
row_015099,0.004205097381019734
row_044899,0.8296792707778675
row_040150,0.5782189612514924
row_038213,0.022690335164796703
row_046023,0.049265219979472724
row_022601,0.8530283629224773
row_027466,0.003248648843584451
row_003071,0.0015575295183223568
row_019311,0.820581076170545
row_028941,0.0019873121926199566
row_000397,0.02142723813144218
row_022102,0.012983523572551576
row_036164,0.6584532761371299
row_009466,0.0027540652138453815
row_035307,0.000464991939181014
row_012272,0.008188853010408276
row_017915,0.04855737376479304
row_039423,0.011290230345193563
row_045516,0.21019253247559225
row_048981,0.7673037044198672
row_035908,0.039500284201870545
row_019173,0.0005795735981562028
row_047528,0.008606220758184005
row_009618,0.0006562910045570178
row_003720,0.014209963738554342
row_017912,0.11786604493018382
row_029956,0.0031434150164906544
row_034640,0.21436123657568978
row_035505,0.04212917873735835
row_029068,0.01671507097056448
row_000433,0.005774388224337842
row_028653,0.012838089009107115
row_013543,0.3335112601209289
row_000001,0.019759775917730767
row_022875,0.0006607667327871195
row_009768,0.02641399637981401
row_013576,0.4628089427722151
row_045239,0.0012054285082770625
row_034966,0.0003348218874528093
row_008257,0.9975156427793227
row_032525,0.06364912729313542
row_034509,0.4820516526488579
row_023417,0.025551519606389975
row_022310,0.002831558131593582
row_027285,0.0037724089493379777
row_030884,0.03106951275091065
row_047768,0.15411167988256894
row_016413,0.36047370705028714
row_049337,0.729028410415989
row_031014,0.02756838502935667
row_014418,0.015980153769667403
row_016643,0.05217934417696295
row_008049,0.45729524300563795
row_018718,0.0003194141583594848
row_042910,0.0012084735154140756
row_016874,0.03477129814971207
row_018176,0.07500647042161646
row_011412,0.017672222020759555
row_017020,0.1063565526251134
row_032209,0.551853289327852
row_040600,0.0069728214001455536
row_000509,0.00995707101434618
row_004180,0.030601318234478328
row_034272,0.40851465012500776
row_006612,0.10469863454937653
row_007518,0.09055065944269457
row_014612,0.033499836707602315
row_033603,0.0009888615499425984
row_027184,0.925660271508556
row_037643,0.07001582256394198
row_013759,0.07201619958431871
row_048223,0.03216767860466463
row_009818,0.040579946694022595
row_033333,0.9924567679716014
row_011154,0.0036561451712745904
row_008661,0.02802000527724671
row_042755,0.1754961954314188
row_027593,0.06170401292676937
row_016748,0.3168418993257376
row_019818,0.4206385986356109
row_028657,0.0015171092165361627
row_008575,0.003925632749610899
row_010665,0.831090273994304
row_015814,0.0670723899345548
row_047629,0.980991451027126
row_040616,0.0094457137446905
row_048057,0.05619354628013734
row_002202,0.001697123619153563
row_031959,0.6255814857302969
row_006370,0.38742390914269065
row_029847,0.04298993558701185
row_013612,0.0015280942017554886
row_034370,0.46390967744078837
row_022422,0.003896082630222184
row_045135,0.564742529390673
row_000041,0.0059979441750947484
row_039580,0.38532640606002044
row_019718,0.0006099853989739504
row_006401,0.03263598279750648
row_042835,0.0041922976275977145
row_046908,0.5658061531036831
row_036170,0.1741978454289893
row_049127,0.007458806516072113
row_023981,0.019473952404919673
row_042959,0.027741783454127682
row_023797,0.04796550155297767
row_016571,0.01835718461511047
row_029892,0.0019565319730362103
row_001484,0.0003637429983262807
row_043688,0.0033899956220923904
row_042353,0.003879639218838894
row_031287,0.007867820155451009
row_027732,0.3027852466819707
row_018865,0.0007011136007929316
row_047366,0.022297047706680097
row_033320,0.1719769008098742
row_033725,0.005830726761027529
row_007499,0.002858388719555568
row_044608,0.002074135231692051
row_019415,0.9310950056934892
row_045924,0.0952807193447264
row_020418,0.13253893140478254
row_018821,0.010122292261900288
row_010378,0.9557373355641965
row_019041,0.0181780932766486
row_028660,0.2854091589890063
row_044870,0.005673599201745515
row_010951,0.7490441805703201
row_010129,0.27474914528994115
row_005490,0.1468389096700567
row_010917,0.003110490982669109
row_039267,0.42027024586189554
row_029376,0.00010301863787561974
row_022446,0.2097138105166425
row_020289,0.0022476552913122025
row_036622,0.0878927301584074
row_043545,0.800208044123525
row_022651,0.0031378498852928675
row_035565,0.010246713918004928
row_032690,0.7247684431600653
row_039071,0.11980916777664291
row_030717,0.00493238663146862
row_027555,0.004469500513403499
row_036313,0.1242452845362744
row_039488,0.029251289980702956
row_021982,0.353753440414172
row_027839,0.0011318216793643253
row_030815,0.3215433514312931
row_025441,0.015601890257363145
row_011656,0.0007218968508337511
row_044457,0.0010107606493284249
row_006206,0.0014211275416167045
row_049246,0.17380818046357943
row_037930,0.010453126178893064
row_035083,0.11240391443797768
row_034704,0.0031795376009669425
row_027918,0.19432249749503533
row_037334,0.041814049192444885
row_036524,0.013280678161827245
row_023124,0.002631316820074286
row_043365,0.0013892535125375849
row_032814,0.007434149550187201
row_022298,0.009285007584834186
row_027762,0.0962261975465388
row_038837,0.00456385623726435
row_015382,0.023413139990201948
row_046980,0.0005749311330039516
row_040956,0.00016504212062127416
row_044180,0.009151811272644946
row_024567,0.14892142897802899
row_047888,0.11402773678203937
row_046802,0.002199399268949755
row_023998,0.6860692365911216
row_032560,0.003281593764405513
row_045091,0.1351023059564222
row_037366,0.00015705773632123797
row_042787,0.9965088329584275
row_000832,0.505967140738023
row_033994,0.3531407381319696
row_003463,0.9972095329646957
row_021602,0.0033671058669080653
row_038524,0.00639220935702199
row_018615,0.03829735652917206
row_016226,0.0017271916566606654
row_019298,0.005566407620957362
row_001387,0.0682700215637676
row_028269,0.24009868676226406
row_031802,0.0042936103382816
row_046770,0.0008904355251800227
row_014630,0.6275525685407042
row_042773,0.22022612941140318
row_047005,0.24297002772227352
row_034549,0.8903536637299881
row_008163,0.0005918391807958842
row_004406,0.00022460008935356408
row_019719,0.030874831262473625
row_014882,0.9671983002625937
row_046850,0.017695820952387427
row_049082,0.023494302126424713
row_044810,0.0018053675974129373
row_039230,0.01335124971155288
row_019733,0.0018300442557590952
row_016027,0.00040033309992708397
row_041937,0.004023479658331674
row_045903,0.002106828199483424
row_047124,0.0016139268949814977
row_043013,0.0008245742232403986
row_030691,0.3733004919568641
row_042754,0.03598801381904556
row_031243,0.0074545922386679555
row_016679,0.0007675458256678177
row_010108,0.00734654763308287
row_000511,0.008368035710716502
row_022562,0.07796708840044195
row_030689,0.012466576406170205
row_028907,0.08670299963572871
row_000401,0.000620101265041301
row_005513,0.2525967617937146
row_033805,0.21277178526926452
row_004545,0.009122393222743145
row_020148,0.0017511432934151634
row_038456,0.8757030041215237
row_004867,0.06631031337656246
row_001251,0.0014344003021267604
row_049198,0.02844716183869702
row_011745,0.02327027764783574
row_008072,0.011627132477714654
row_017864,0.006486113889361719
row_025448,0.17368372990405206
row_019608,2.0875961723438072e-05
row_043548,0.8051005255157717
row_035147,0.0118365237036323
row_005729,0.037879933786696185
row_017472,0.22911062013434516
row_034273,0.027794912543390147
row_036305,0.04998222158928872
row_009877,0.3560795027789253
row_042028,0.16816683211099676
row_037066,0.4696903965843037
row_011576,0.004619176917498233
row_033890,0.05165388202935765
row_015877,0.015915259404336222
row_047637,0.6536349898370497
row_018663,0.012631650080602077
row_006458,0.0006640457509660076
row_041677,0.007400476932117237
row_044711,0.5697532021655387
row_012582,0.046289973739850956
row_036914,0.5697832213031233
row_020244,0.078421527481879
row_031295,0.24120397465475774
row_043894,0.06948346171157846
row_048479,0.0013037839410436167
row_045183,0.0040889275267757515
row_044674,0.062318552755728944
row_003307,0.04164745411462697
row_013544,0.05343258472071376
row_044311,0.9982513868782559
row_047408,0.003461630727132277
row_021844,0.01006452393215763
row_032013,0.3218718187622718
row_013825,0.711311260675258
row_043209,0.01825164971722186
row_039367,0.6853782808492515
row_013515,0.005664747511108263
row_027008,0.00047996607843110744
row_047014,0.25527184659222296
row_047217,0.07680793935515383
row_040932,0.25087183503125
row_032574,0.31493566563914915
row_010408,0.017297193543198593
row_034279,0.05750439358211007
row_015774,0.12222670965148041
row_035201,0.011363756058588234
row_036252,0.42581826228213027
row_003297,0.0034094460146611234
row_006152,0.0031967378334693108
row_043691,0.00011328985185283958
row_000025,0.02865959886462397
row_030046,0.02219523671412405
row_032636,0.4376746059981408
row_016959,0.055047774119351446
row_028832,0.06778540035501157
row_014389,0.01731790562564984
row_032855,0.03578795635559988
row_043011,0.05783642497814637
row_021779,0.0036181133663290106
row_033415,0.006154454130646945
row_029626,0.5488842470410691
row_044136,0.02696898507467064
row_031579,0.00014345773326639703
row_032981,0.00038262639253011405
row_026746,0.11048930307829556
row_048495,0.21541502486918207
row_015609,0.0037367000076234743
row_029964,0.020571789536624304
row_000480,0.14627940165687675
row_048192,0.0012663578345341194
row_015366,0.056980651291256096
row_004186,0.0018201779444736177
row_001156,0.0016108374476557726
row_009349,0.07431154100460546
row_037921,0.0028650678274804225
row_025126,0.09215043029770995
row_043539,0.46806629059161464
row_000662,0.08676224471284782
row_017534,0.7264748802811074
row_044513,0.99126018241027
row_040249,0.0008412715446777387
row_032532,0.0007323091579423274
row_041045,0.0006465264071671313
row_021454,0.02199836957212621
row_031790,0.45698535228065307
row_036951,0.012202211248569308
row_013468,0.002659675500696338
row_020560,0.004340493651634187
row_046666,0.5384821135522639
row_034777,0.006746927522759989
row_037411,0.000557701216628489
row_044895,0.08954307027603706
row_047574,0.00044368020577808235
row_014120,0.012089102429807192
row_040851,0.002479748281339663
row_035277,0.17235689979253405
row_013279,0.0742647507625469
row_015035,0.03516853344963089
row_002061,0.06297943582100221
row_005683,0.9949615983075479
row_025933,0.029357967499224428
row_031174,0.15356721255620434
row_014916,0.08745963962289105
row_039565,0.07478589090977075
row_018973,0.0011771591777843345
row_001027,0.06461001837501867
row_027563,0.00043293377720556855
row_033079,0.6715622371699325
row_024337,0.9475195279322148
row_015178,0.005213416466418547
row_033460,0.00046739296041078553
row_020455,0.03343580764411236
row_007145,0.7548272077635443
row_040151,0.0003095515481397666
row_012825,0.15829187333391836
row_037630,0.15755904423008094
row_044936,0.0017614648017822852
row_007828,0.0004553861610129279
row_030786,0.016909991452828763
row_011862,0.015344040678302175
row_010074,0.06265793441410479
row_033173,0.9594156830412832
row_013173,0.03317523692572943
row_023976,0.005681710681569431
row_019297,0.009910789484868798
row_023665,0.01662310411897554
row_018751,0.0034163782541826206
row_006728,0.13843876558324825
row_018288,0.9238330819160679
row_003959,0.006247280726977873
row_011076,0.028612081841740276
row_022721,0.0758346455989817
row_037220,0.002230517886955032
row_032156,0.0007737725087432637
row_004443,0.1837356973087373
row_036176,0.9617715472708361
row_009095,0.2835832155150513
row_040004,0.07691353309611602
row_041782,0.5299612352144999
row_004572,0.6801397291415978
row_007758,0.1958060660108254
row_022607,0.9943692584737189
row_019693,0.27285709172466366
row_029452,0.9448858436500416
row_047092,0.9012675702097626
row_011672,0.00203986874604665
row_046508,0.030072879511353727
row_005103,0.004913539225245148
row_027431,0.00021552476711665436
row_026157,0.01691978596310634
row_024134,0.05595011860340933
row_013026,0.0019095133523503716
row_002626,0.0007185824816537689
row_018602,0.0005590431684963687
row_004417,0.25500301671869163
row_007709,0.052554147701429216
row_027477,0.29437058021317114
row_037856,0.017008940584341714
row_007054,0.005533509907473739
row_022707,0.015675664800023824
row_040471,0.0015131869855589536
row_018540,0.08658256479809834
row_006736,0.7385068012614586
row_004932,0.001628554523599627
row_026181,0.3674760623140079
row_000206,0.00021362730631529836
row_024385,0.00889999812900897
row_049600,0.03476500314905486
row_028730,0.34198206786954666
row_010928,0.0016751277918982893
row_010952,0.03638488026859058
row_049872,0.0028205134169626126
row_031803,0.9884618642623406
row_027374,0.00815134582286398
row_026490,0.6140300717674605
row_016440,0.07247151561141853
row_024795,0.010072143061972428
row_015777,0.1368796228781901
row_034892,0.9964388521212886
row_049669,0.6766107020814645
row_041128,0.22173500780443423
row_021734,0.007474477263569177
row_027033,0.07520499615345114
row_039816,0.26694185311217117
row_006455,0.09522745238052621
row_037030,0.4730234363159125
row_037431,0.007104351177527061
row_037789,0.3428351401010429
row_046893,0.17430581626624742
row_028667,0.025218965164190168
row_002716,0.5731927939399191
row_013845,0.0027928572290566427
row_022208,0.7066131345789346
row_028626,0.040671445294621585
row_017363,0.007716654431787693
row_024268,0.09342019268810181
row_020875,0.0026440332711771134
row_009458,0.001045292822867357
row_042432,0.4407342739532783
row_030148,0.0027243964600359013
row_014348,0.6132680919533355
row_029822,0.10643733119925003
row_021446,0.004404131176631485
row_030645,0.000384150772354016
row_034136,0.9828405445149628
row_007807,0.11193740584568107
row_034545,0.0031641598560418005
row_045663,0.02553649111383066
row_030769,0.45732741378522435
row_002704,0.007935122098226196
row_009623,0.014470790528445174
row_009066,0.0015506543808846377
row_019887,0.004032532214621647
row_007255,0.028041794959175793
row_026475,0.3862046969162105
row_016831,0.0009089715100467385
row_019351,0.9947037295936713
row_046624,0.9497449638608868
row_015391,0.000685411602703774
row_030572,0.00016773820313507786
row_031289,0.029136130426471535
row_030293,0.0020020349098410894
row_008849,0.0005199625819399656
row_000183,0.3789627616398713
row_016121,0.05382157974417779
row_012420,0.19457781459013765
row_049002,0.008844518361244957
row_045379,0.0018346847845924262
row_006527,0.03563977265192955
row_027949,0.00679795182719594
row_029724,0.01894254560764474
row_033407,0.011195617084258529
row_043233,0.02280412008703906
row_024859,0.02817171457756963
row_006234,0.6681996445120368
row_015978,0.5546296637532095
row_038297,0.9378612986847068
row_043382,0.0022296172011702373
row_001733,0.01257529667112416
row_040727,0.12191595681702612
row_011513,0.0027139639864033234
row_004461,0.06608718501008679
row_017044,0.002342924031106524
row_037580,0.00312975625636157
row_023207,0.24018556004026675
row_043493,0.009360344552976794
row_036449,6.299863883567382e-05
row_022407,0.00037481746922592943
row_040503,0.0003130813306102306
row_038491,0.004921221335130107
row_044389,0.0851764813536473
row_002683,0.15602213049465086
row_023231,0.01088787670430109
row_018937,0.03471074250818741
row_027175,0.0035312908048441218
row_003873,0.00034227347054397947
row_010252,0.07107737999221259
row_007437,0.00047366471933539057
row_003054,0.02896871092388551
row_001282,0.0015319416244965237
row_006677,0.024208416719735556
row_006012,0.0012515583573512073
row_022837,0.0007065958110917594
row_015319,0.9189670967857442
row_027348,0.00034081268955179307
row_038470,0.0019019577613528828
row_034041,0.0006860405146789677
row_016401,0.6325312575315497
row_020337,0.014749874355483555
row_039248,0.0013888338681247512
row_028991,0.00023515846188686517
row_009918,0.044529885484266875
row_041459,0.25932499697842903
row_037822,0.011427545493841652
row_038381,0.040409268847000225
row_023904,0.0008247441870390722
row_023921,0.018393010729399726
row_040728,0.00030481550707369895
row_019651,0.025369376780318656
row_043755,0.03276113082172825
row_049102,0.009259719463722851
row_002649,0.0005174173582248149
row_021402,0.0023793074956410154
row_016437,0.0036093470906949734
row_039954,0.007542530011059168
row_005465,0.0031748883303594775
row_022273,0.001426293929619012
row_000118,0.5549898536349163
row_041033,0.007145503401180092
row_018475,0.02440500363423658
row_009581,0.8945341649932081
row_023699,0.04271712734551482
row_026740,0.7994438825649294
row_042544,0.0003444211824144162
row_035451,0.038920065811659604
row_025587,0.013419771823195353
row_016782,0.011648558888634768
row_005931,0.010704835292526747
row_012545,0.0029661106162062485
row_045048,0.003288563715499842
row_039706,0.0030619247602690423
row_028240,0.9265007789527269
row_027469,0.037263677645473094
row_009383,0.002527161572072178
row_038255,0.9940575267328022
row_011451,0.0017089920640769962
row_034699,0.006560074561610348
row_002141,0.004144049500814019
row_011184,0.5023336467688997
row_045229,0.029229140333971452
row_013496,0.022992901539137207
row_043421,0.017101390657866367
row_022829,0.3389416433412549
row_036056,0.46069581462694487
row_009784,0.00186912327506931
row_006207,0.0005004845564546108
row_026811,0.0010018040911850636
row_003606,0.0014958946145227567
row_020655,0.00624694794958611
row_029666,0.9847029622079487
row_038729,0.5146462624455435
row_023625,0.029681436449220992
row_025422,0.002019594124152386
row_019627,0.3134536841835843
row_012378,0.027518741987432913
row_032081,0.008110612789262594
row_048909,0.002023772713923915
row_018339,0.0004998757148577274
row_049252,0.03134694553124495
row_042682,0.2533169368091754
row_012238,0.997852373537054
row_015374,0.1462737316950345
row_016426,0.0032274757486720424
row_008166,0.0007955795730352493
row_021576,0.0012356706603232628
row_020187,0.019534558866370302
row_004667,0.0048189764967299506
row_012371,0.198324443885476
row_043072,0.022531344199339554
row_037203,0.7856133916061165
row_034088,0.007043488740433262
row_044056,0.24700396530979085
row_048438,0.003290157985133841
row_020293,0.0022005143851445853
row_043206,0.004162229229978343
row_048541,0.0010103043045243702
row_043349,0.020889920160336663
row_027151,0.0007023050724627715
row_046541,0.004267904314239933
row_028082,0.007351831749333757
row_044679,0.014029659134159184
row_013398,0.14891453025436618
row_045777,0.0017685726171068708
row_035981,0.7645984775916426
row_046391,0.7914209085308739
row_021116,0.008383618752077684
row_040263,0.009239760870166544
row_028734,0.9142839675657434
row_023746,0.09697030486323299
row_036633,0.004051029689720046
row_001205,0.0038022443645928583
row_016509,0.008737307008469107
row_016430,0.0007154863715246442
row_034106,0.9919794988397583
row_024686,0.8312264345564024
row_043664,0.9937716671575599
row_040601,0.6660495306788738
row_015151,0.002017662489314705
row_029261,0.4327628023298087
row_007582,0.3144238604569815
row_047255,0.09349422210319794
row_004914,0.00634907811885361
row_003908,0.046479048313196145
row_003683,0.05799135204060404
row_031855,0.029030959517710845
row_001758,0.025791722578236614
row_002636,0.05143828917051589
row_041160,0.04336453019343716
row_049545,0.0058683702969742685
row_009626,0.0032411464354694984
row_007065,0.1515418232806377
row_020069,0.00035295747224934747
row_006132,0.9771275545786855
row_049519,0.010085038091713468
row_022516,0.06684309506192147
row_035244,0.44515409325401883
row_032934,0.3158152142354923
row_011007,0.001231503346409281
row_027866,0.3369336792070246
row_038737,0.5143842505976404
row_019303,0.00037211343714465634
row_012657,0.22936856637389752
row_037994,0.06793002619765685
row_043024,0.004221709016453199
row_033639,0.06188720370928186
row_022087,0.0003948362476823449
row_041241,0.00030673161233866553
row_026863,0.39632234942306455
row_033831,0.028752721211880265
row_030247,0.005779492352102889
row_042150,0.9900552908064868
row_036064,0.00032122005765462315
row_013928,0.0007081133237041421
row_003368,0.004820284124013644
row_015562,0.7283232019989438
row_048528,0.6160970474107208
row_023553,0.29708031772284105
row_024904,0.005260075567330816
row_010314,0.00594730048741055
row_039323,0.000553865958886164
row_040495,0.00481702759107259
row_004879,0.7350766102036488
row_010956,0.00020935787406845045
row_020043,0.004846466667213496
row_036752,0.02763232292620744
row_024248,0.000795029887002038
row_012274,0.009684779234389682
row_014280,0.00984188481172181
row_033091,0.005048475871226223
row_021796,0.10616499884349614
row_029520,0.9122854419626971
row_036979,0.9998654572571964
row_005856,0.0017469107702335791
row_023178,0.00403309074154141
row_029459,0.00140090992950614
row_013658,0.9391777999924447
row_034973,0.0016057196335721867
row_025728,0.06987600787853523
row_024052,0.009824968205186801
row_033047,0.1169832151989425
row_049489,0.027090813177961227
row_037088,0.007553170462650658
row_012398,0.37770170229724676
row_010027,5.6448542839779826e-05
row_001238,0.004384480786328759
row_041772,0.0030559840258222973
row_038349,0.14846090179050186
row_042173,0.013899638100316736
row_033001,0.4856087914628971
row_023447,0.0062324194540510965
row_022344,0.009280436021615213
row_047042,0.9862001680196125
row_017377,0.554676903292119
row_019495,0.01782556837708207
row_031885,0.7503493311778076
row_030852,0.18469514513214244
row_014167,0.001394208858253666
row_025910,0.0015166685697475387
row_048747,0.0006632407886986747
row_009036,0.004935288294419178
row_023965,0.0024342202750534513
row_011146,0.010060651026885735
row_021570,0.008628527225895567
row_005368,0.01663258906618026
row_011896,0.001113239907724238
row_039736,0.22376538517338668
row_013378,0.12046514328168434
row_036108,0.0007057783525477771
row_033910,0.021667772748736575
row_046309,0.03445750738658038
row_013751,0.9698967864192453
row_036207,0.004119381040050193
row_018837,0.005862309649488848
row_016788,0.0053663637241130125
row_040420,0.23680896729926681
row_041671,0.8309896537932253
row_038992,0.010471693487686987
row_040679,0.0005715534967806924
row_045684,0.038409563273676076
row_031141,0.6985640248534708
row_031165,0.009732206578831906
row_015641,0.003534591787781459
row_034712,0.00568624204057187
row_027638,0.5879880538333588
row_041925,0.07553753081667963
row_048229,0.004506602089052478
row_007792,0.08219357943603198
row_026259,0.13505550735713917
row_017123,0.004121740207856439
row_032771,0.8173936729430007
row_021289,0.5153646800361591
row_040419,0.04027101574677455
row_012337,0.008000262798530236
row_003674,0.0015721735204077165
row_011815,0.3940449511093391
row_037074,0.8831894567732362
row_035953,0.7127598693101638
row_000160,0.09207459705925106
row_010879,0.003089141847959739
row_009493,0.0011339697159092204
row_007034,0.035586278736519775
row_020131,0.045268823294899486
row_049663,0.11799854707239157
row_049648,0.012539994264577753
row_014221,0.04729577035276067
row_044588,0.026249374581876005
row_024896,0.012670715308947983
row_034843,0.9916343497135465
row_005214,0.00044232596920921433
row_018025,0.007528572295647217
row_030342,0.9714011635347761
row_019044,0.6867497167227168
row_043795,0.022689358246618545
row_006534,0.09695341239343083
row_025337,0.05347697019310812
row_036168,0.01766083224570334
row_035061,0.22759700184098489
row_044945,0.0011589591822869843
row_018645,0.07956088353416578
row_001769,0.014311175890724264
row_037338,0.03257466564319213
row_011072,0.0020678439166845115
row_008490,0.9787080325141343
row_032902,0.0016592488521295044
row_009135,0.0003631550198285275
row_029441,0.0006613619113603959
row_044605,0.0007882936279073286
row_002053,0.16099284138184886
row_042311,0.005640741193949073
row_004390,0.00313495723281851
row_010572,0.7553255751052923
row_018165,0.0006326639257670208
row_034334,0.00011164289097040717
row_002629,0.13447367905522375
row_013144,0.07797435604410491
row_041176,0.0010490354218985727
row_037158,0.01242534466305429
row_035371,0.010928725876216253
row_025796,0.1464462885037568
row_020784,0.003613872891753234
row_040826,0.2686788492714207
row_000305,0.0038128318673330353
row_013736,0.004186162547389282
row_045721,0.01848447309740738
row_038463,0.3276682148709103
row_024352,0.010693168619581086
row_046106,0.03313644494963707
row_039993,0.1729799282030033
row_014035,0.02131331536444971
row_020831,0.9885686905444846
row_031424,0.061499202674768064
row_001429,0.06741719256468989
row_005139,0.12363341538509985
row_027238,0.0776929650115892
row_012338,0.04757299090761037
row_038078,0.0005267115600507145
row_043705,0.012151783005543674
row_048016,0.006208439414791117
row_008422,0.009033067798521725
row_025965,0.0004148306281059189
row_028212,0.9602807888392592
row_019108,0.25856416936192594
row_014560,0.5358577238736612
row_029098,0.40812304864520677
row_024042,0.06910309243417037
row_035261,0.00041087232639395966
row_034490,0.0007102242711201066
row_044723,0.7701977146512116
row_045493,0.014645592362826046
row_028914,0.0013121799400408179
row_032834,0.0017443943620175561
row_018063,0.013885239543366136
row_017909,0.029417668469733732
row_021290,0.007581361842766199
row_041968,0.06285590973777357
row_002556,0.001695230561265172
row_008815,0.0004160088573301079
row_026697,0.2319682541082343
row_032630,0.0005445255084769282
row_022329,0.0027935937404417414
row_006352,0.00942012661568633
row_005251,0.0014124405186764816
row_010067,0.002465197931360163
row_002463,0.008394521704327518
row_034034,0.709852279306177
row_028236,0.010828592209980368
row_033638,7.5154062250147e-05
row_015164,0.008954200562836617
row_026814,0.4725470579039116
row_045080,0.19479241646712803
row_012066,0.1331894442486477
row_030432,0.007468024563051031
row_046778,0.6203172605380451
row_017530,0.9985308966172834
row_001997,0.006402151046855918
row_033465,0.22227852577078955
row_010731,0.09505037945291867
row_025278,0.007595497719127152
row_026938,0.008030013384049317
row_043384,0.2059693178326848
row_021532,0.013733027359551592
row_029193,0.19216664943813477
row_044068,0.002020283464343076
row_047841,0.005043179041049252
row_046520,0.26074264261308117
row_011902,0.09550230505568759
row_023456,0.015891184833185273
row_039454,0.01701987221687029
row_049190,0.042682075783535556
row_041612,0.025244002342778585
row_003811,0.016169839066515368
row_025732,0.9607413594465968
row_034605,0.1006330564257518
row_021173,0.0018078919671521369
row_008110,0.24254879559110898
row_041048,0.7147921924202145
row_015822,0.963774524886837
row_032501,0.012419058701070115
row_025958,0.00022988371766584462
row_008822,0.05530606173653439
row_015326,0.9301427609507189
row_000396,0.150605215642402
row_020370,0.07022044193143559
row_015244,0.07321539972733304
row_049874,0.015743997592693574
row_012699,0.00029122292039459105
row_001420,0.0005881495502462189
row_045910,0.000739134291907437
row_033973,0.0003041503467483036
row_002449,0.011386887560948824
row_014066,0.001057432423659159
row_005479,0.9989343105251771
row_012296,0.016160168199744154
row_001776,0.0015556244159203561
row_024172,0.5865128891088893
row_014396,0.995926396203276
row_015023,0.0031879224670789525
row_036299,0.025683685260479438
row_034575,0.004629665383638411
row_040508,0.9997483362896806
row_017069,0.00486281669517017
row_033621,0.0026770366742249873
row_026555,0.014061331640893585
row_007635,0.43522606543646314
row_014114,0.017718922554711365
row_024073,0.0012206013759290166
row_004106,0.7826309136608608
row_008845,0.22395601913628566
row_046805,0.03851941203539708
row_019958,0.014300472655519043
row_005782,0.0024428312959089878
row_036716,0.0011913296585914029
row_044220,0.004578476536522862
row_011128,0.023465216393105705
row_014596,0.01422382880406621
row_037345,0.24487404484751207
row_038875,0.8604472577711837
row_038803,1.0381298526477748e-05
row_037274,0.00016510756920682247
row_027380,0.006142219121608742
row_011557,0.0005942595536916576
row_022579,0.0010146065858757524
row_044412,0.0011006015043972465
row_039414,0.00042457220931436246
row_029273,0.014364423008690012
row_043114,0.0009216902341987493
row_023620,0.17468914690673737
row_038991,0.006765886978561956
row_046841,0.08329321412674591
row_045232,0.04450039291647118
row_017084,0.9529130071061791
row_032877,0.6137361037987306
row_025459,0.0007453622287165601
row_036531,0.013377990583014518
row_024883,0.05231139030199967
row_015100,0.9213601371494904
row_015680,0.04912068794096729
row_032819,0.011183803372625877
row_020666,0.27129249748540224
row_023911,0.07897172897050224
row_038004,0.01688284987050822
row_004507,0.004126578580648325
row_015315,0.02064559851289834
row_027109,0.15295887577159795
row_016005,0.003193260820032887
row_010345,0.1301503943343357
row_020457,0.00020912959490786636
row_047865,0.05279447867355237
row_015324,0.0006474206802800721
row_038554,0.012083441260021385
row_014404,0.5067604648023908
row_029144,0.030686107972309546
row_045529,0.009065669374579042
row_040288,0.004745654094631953
row_029559,0.8451106172336154
row_006590,0.2361001997932735
row_021396,0.2693211619129289
row_019307,0.0047103037293006935
row_005739,0.25460464688377604
row_002092,0.0011943388211085133
row_019275,0.001613646173333809
row_001811,0.9049195141667754
row_045407,0.019814428449432805
row_025589,0.004060100579062337
row_027068,0.00990519451224255
row_048284,0.3853253244645378
row_038887,0.03769691844499427
row_007501,0.00046802090696253793
row_023934,0.7186233040465239
row_044193,0.00038126309004759016
row_013947,0.35059002870983236
row_022548,0.3326727214641929
row_025812,0.6292438337593863
row_012189,0.716467227262964
row_000902,0.12480891238765524
row_034674,0.07611592648236591
row_033719,7.186857985457295e-05
row_004500,0.00217122621533693
row_046384,0.4735500441481292
row_017376,0.1158505567494536
row_013337,0.014545683087907608
row_019081,0.07789290823463835
row_022756,0.32707012209451813
row_047385,0.011688447070354536
row_026848,0.0007937986737861515
row_029325,0.005259255471823441
row_027933,0.008631848572057059
row_022085,0.05021657891652137
row_017456,0.003163071817154906
row_026104,0.990291323360919
row_006019,0.017519245413263145
row_009888,0.02278014810081085
row_015543,0.14464553721969875
row_023956,0.508523966320481
row_035561,0.0007164911364007818
row_046228,0.5227144864786635
row_035486,0.0064956379315575215
row_010547,0.04277487866514497
row_019489,0.03332342718634261
row_039348,0.005536288970262216
row_016751,1.3772099805778594e-05
row_043099,0.005542281995012109
row_020087,0.0010429956120699213
row_024153,0.997750010351464
row_031469,0.06961343082328064
row_042428,0.04876825203775037
row_002338,0.009408774925149927
row_018509,0.005658278854264074
row_029570,0.12042216274808232
row_006843,0.8176274956775628
row_032234,0.03448814609043131
row_013276,0.5109368920694844
row_012878,0.0121066381788175
row_021448,0.005420573819179299
row_035417,0.060002938956785726
row_001968,0.015850968294734286
row_000088,0.007256148445198253
row_019882,0.9999336073478973
row_005280,0.19610751755704195
row_038599,0.005542125562510736
row_040714,0.2908514771715804
row_014646,0.0007150461597044649
row_002341,0.06261655842468518
row_049312,0.07845682613684202
row_027416,0.015059884468479171
row_016306,0.0001344045997468459
row_027838,0.06887086499026565
row_012291,0.0018922356443349946
row_043363,0.10617946476959123
row_002674,0.7246583096322552
row_001558,0.012544235520761195
row_035500,0.7480734034655099
row_003251,0.0020879312010540067
row_032384,0.00453906781544801
row_020106,0.0017359118991344795
row_006741,0.0010092834798844917
row_028567,0.0008027743003194171
row_047787,0.0018417961001598257
row_048008,9.20551926004722e-05
row_040809,0.00492703087113097
row_017603,0.023833997426647914
row_010762,0.11755479789101692
row_032617,0.25189519113314474
row_048135,0.005269746079656727
row_022362,0.9923415985370958
row_006348,0.039769819692933764
row_007201,0.01421371017224633
row_018708,0.00240682472895096
row_039024,0.1153724677908742
row_025437,0.9707060607813834
row_033745,0.05886363842756213
row_036434,0.3624662215119912
row_039180,0.1428028831355955
row_002176,0.002081918816509292
row_048937,0.04794445879196703
row_001305,0.0016805006895318061
row_012702,0.008424902378483316
row_040464,0.12216652817800226
row_029092,0.9590555709372595
row_023667,0.007623113973088444
row_009661,0.008374022465180594
row_028766,0.20339008508703124
row_019231,0.03651389591756799
row_032552,0.0002532779613690332
row_019615,0.002542650022492723
row_002043,0.00025669202994472236
row_017766,0.8009444640075097
row_024891,0.978787876692316
row_027105,0.16381451533762625
row_017498,0.012371565855361644
row_044893,0.05062776943480461
row_036230,0.00808817935805137
row_028683,0.7995848207649445
row_028931,0.0020117221451439187
row_041416,0.031853286317216026
row_043722,0.0006797012680987475
row_000863,0.006094119853561089
row_040138,0.13554957870718046
row_001430,0.44669526022711714
row_034323,0.8020174111858973
row_007482,0.004447298486675294
row_019184,0.12583045740591262
row_020486,0.004917253089035657
row_040467,0.019354467270060224
row_046256,0.1456257252366892
row_024654,0.3632451580270959
row_006332,0.0012173292918151654
row_047680,0.0006724840782262411
row_032531,0.19940608058380263
row_048777,0.33436946884385244
row_017642,0.999358812042169
row_001937,0.0024618428498770907
row_010611,0.12549719162895667
row_007234,0.0187745765708653
row_040051,0.11214534277388066
row_042472,0.972190766902044
row_043731,0.018071221704787473
row_043950,0.0023272505139922866
row_019512,0.00914879903699081
row_007926,0.0020633675524993787
row_015333,0.00028871958742766066
row_017162,0.015682158298758162
row_031647,0.001005084500817336
row_017172,0.30590684676253344
row_010651,0.9999853899833371
row_019439,0.03546100636489109
row_049608,0.009973151481971405
row_011939,0.00017520845494917552
row_010812,0.0019951532020053456
row_022997,0.15500138183865167
row_004058,0.8588923898451175
row_023356,0.08029478262964174
row_015879,0.0035106126309318248
row_016168,0.019412517650498784
row_001507,0.0005796574618105064
row_043806,0.0016972331810954013
row_043253,0.15209690769208434
row_002016,0.001878526294266223
row_049386,0.00343810255387214
row_046222,0.9296828095643073
row_040483,6.392683562894219e-05
row_003166,0.05577054206731036
row_005544,0.22668785510070055
row_018330,0.0003492943309961362
row_006309,0.03326012157087095
row_016602,0.872675534316364
row_003731,0.9055917269017473
row_002278,0.1097320475734785
row_022681,0.0003775413901952487
row_047940,0.7888591228594323
row_006049,0.44339276670104066
row_006899,0.00021041145141918494
row_041583,0.9776838691279193
row_035066,0.0006238362290140037
row_014190,0.0034999635323251753
row_032514,0.00590867907283641
row_021842,0.012123306425933945
row_009718,0.0014304240184857086
row_001134,0.9738226444438896
row_001105,0.033117124494391775
row_009230,0.09070465176340543
row_028371,0.0007066286024662514
row_037635,0.012120967638959205
row_000099,0.19809429772940654
row_042088,0.34705218171671304
row_044330,0.030669912183526382
row_041143,0.016522632953025335
row_037067,0.024510633663733742
row_036245,0.0015020939704704923
row_045723,0.0011601603889475857
row_035902,0.0013011004952459123
row_037676,0.9312221686858643
row_016880,0.036700962352075255
row_007644,0.013548707079085601
row_029850,0.10962911514903668
row_002250,0.0884443477310703
row_000696,0.11543442477725349
row_036324,0.03496718733070053
row_017942,0.011931585796399219
row_014015,0.0014687185782655177
row_044062,0.04311118523981851
row_007383,0.382777219114132
row_022220,0.3766190962790096
row_005160,7.048643289499396e-05
row_015622,0.09011989380482144
row_045921,0.016579526565691845
row_015363,0.616748467215942
row_001977,0.0034832765883563814
row_048633,0.013487158895610184
row_030584,0.0013157872334754702
row_036658,0.002112504432967387
row_000590,0.0023004976549146237
row_008544,0.014599302538615766
row_046263,0.002052101052336475
row_007419,0.004871927926047652
row_025662,0.004084993582451566
row_013042,0.04447482190701184
row_047595,0.0010625420123021362
row_014102,0.0003025664024992347
row_028041,0.3898720621654262
row_025433,0.6878558396241325
row_011357,0.28099822982583234
row_048962,0.009658994337678799
row_025359,0.004620899930939131
row_037749,0.007678375659441178
row_017963,6.268755249584479e-05
row_008215,0.00614257946081207
row_012979,0.5485126797981222
row_036970,0.003508012014215474
row_000520,0.13026170893235994
row_036952,0.002981346097957676
row_047900,0.03354469290885858
row_020564,0.005956810627362122
row_020107,0.009520603716675364
row_000736,0.3353363969398103
row_029190,0.0003553160652226962
row_001343,0.0003799642612846077
row_048049,0.0009411347559962591
row_031655,0.012090728552810608
row_004965,0.009181330899369743
row_001446,0.42662468318177543
row_005851,0.056155285669334504
row_024887,0.0014942693383522383
row_024066,0.9850040809900491
row_027987,0.040880683298760864
row_049291,0.011567034707121612
row_020691,0.06491142453739973
row_037904,0.016422784560959677
row_035877,0.06756366353576214
row_001975,0.0070391179714298195
row_019753,0.7449945871170665
row_030344,0.0042797638053037445
row_030684,0.053984482968006633
row_026173,0.01156928233144912
row_033283,0.01201977587462836
row_037518,0.004572042235485913
row_014343,0.6139476958751579
row_024051,0.016023457878980997
row_027370,0.06635119827389332
row_049431,0.07414661101943548
row_034626,0.0076943135647962
row_037423,0.12565955344576754
row_030736,0.0009200619543562071
row_026195,0.9880524979027134
row_025372,0.004453032019682195
row_045778,0.13736041276992472
row_035975,0.3301328201663567
row_038250,0.024254876294868673
row_043190,0.0005372179861109455
row_013804,0.2196006725426815
row_021866,0.0072242293933921595
row_026335,0.0012609354028995233
row_011247,0.005893919728309782
row_029561,0.004874715448595658
row_001221,0.04982041262441713
row_019891,0.0030015440216739136
row_000883,0.01455253470071766
row_040315,0.007751645834072741
row_027569,0.6772237666872408
row_016973,0.003672165276758791
row_032386,0.9903154117078175
row_030316,0.10785702298574118
row_043773,0.8573365173320997
row_019972,0.2859008766155634
row_006079,0.0003036637005406096
row_000533,0.0011931961254515928
row_025770,0.00012050090383653418
row_007363,0.0030040000870666453
row_038144,0.02205131382891718
row_014902,0.728862926811379
row_035379,0.04810681585969099
row_016802,0.02805481294568309
row_010450,0.0017353983171910085
row_040897,0.46683602470688
row_011167,0.0032607374324626743
row_037090,0.0052939450802070515
row_001926,0.003610262248226625
row_003345,0.08690448588755077
row_013137,0.18465884700442342
row_015538,0.0043938867757642285
row_032511,0.00968540250914144
row_047373,0.5496740248500375
row_014980,0.03241458118220255
row_040306,5.3833275866781077e-05
row_044633,0.00021975617422482192
row_013747,0.9564322323719809
row_012612,0.0018251440003057397
row_032572,0.0009225253459602032
row_013578,0.0026170495248828297
row_033861,0.024377460522212083
row_002198,0.043484590570037555
row_046055,0.0473966515033636
row_035768,0.002495264672418448
row_045176,0.0125419469312582
row_007497,0.00019522139136979625
row_005622,0.5298197457129472
row_009470,0.11725522933536087
row_047153,0.001556995393860297
row_036644,0.002010396776141455
row_042100,0.357401063109075
row_028118,0.004732908323464452
row_035879,0.029028830204536334
row_023091,0.6493087489563268
row_044192,0.04153747527098967
row_041479,0.25726745659695216
row_030817,0.013042514135376677
row_020501,0.17344043611855992
row_045063,0.9958063909275308
row_009999,0.040433589712382756
row_022331,0.05102872706130194
row_008788,0.01218795332187175
row_026297,0.41364991776543725
row_046264,0.0063702363011188265
row_039625,0.06259129112604653
row_003914,0.3316533279834525
row_041363,0.00017569033052349458
row_016927,0.0020481923461879645
row_024592,0.6494659865367471
row_033921,0.0006187859386976161
row_002387,0.007806763277867118
row_048264,0.001356337908995181
row_022706,0.0018212454297940705
row_021250,0.2548270450573398
row_043590,0.3520808018734217
row_007311,0.02464763935621879
row_030654,0.04815572344011379
row_030487,0.000914167144335549
row_016820,0.01897368296043222
row_032717,0.005254631920391176
row_019511,0.005637128166349287
row_045058,0.5446269355077126
row_049233,0.003340110889684655
row_048950,0.03379241596844219
row_035136,0.0604216804622459
row_002179,0.031715991747475275
row_039208,0.0012263844125842197
row_009039,0.9015177539242336
row_008959,0.5957734580931167
row_010080,0.838632516978248
row_009422,0.006774457183265312
row_031584,0.00013495302242313013
row_037507,0.05092261784851701
row_003378,0.09466942258827038
row_038917,0.0021473299964858295
row_016557,0.00038754688376643103
row_028828,0.029509683735389612
row_003711,0.025992192315827757
row_049655,0.007427770229050086
row_011132,0.007303501954747476
row_026784,0.0030240792328047766
row_010195,0.09624146240358275
row_021737,0.15592985918234326
row_007237,0.01219844969258398
row_014180,0.07762058334734498
row_036448,0.08567860694035649
row_028208,0.03705704111703163
row_011704,0.00658706167298714
row_045481,0.00012911693290759094
row_049730,0.021279936650851056
row_031952,0.0008728428625393058
row_018127,0.007205445783349708
row_016467,0.04924228241003298
row_007507,0.061855769880946085
row_012185,0.005691920282910441
row_040142,0.0052937712763850495
row_002671,0.00566651751979105
row_049670,0.7063347898904841
row_015032,0.22444777907315377
row_020516,0.7805037571111431
row_029712,0.07697734784619649
row_009266,0.06697411308941104
row_027654,0.0005493557618918933
row_020589,0.10765342524934061
row_021078,0.007451441036358981
row_022049,0.037725887245787626
row_028373,0.6627499347820074
row_015428,0.011146087905623336
row_031769,0.46496159352449834
row_042232,0.33701343069274414
row_033618,0.005400368402873818
row_001042,0.3811914728117788
row_022326,0.1556611793990566
row_025844,0.0794765640156139
row_010780,0.018675195825019784
row_034436,0.00143643003474672
row_005023,0.17755691596790035
row_008136,0.0008139860798291918
row_026681,0.02870139214328336
row_018407,0.004371267380652232
row_005149,0.25096068098317176
row_026708,0.18640495222965026
row_049463,0.00021357432756993115
row_001645,0.00015750907443524672
row_022724,0.00022534293451978882
row_049931,0.21751588803599567
row_042421,0.22719985602488588
row_025025,0.05915816735302718
row_001012,0.3598243389185774
row_035075,0.09120157932860057
row_045187,0.036222621036064974
row_046773,0.0039659115704388384
row_044747,0.015045623240042397
row_012096,0.2382884846190711
row_001018,0.14819123033515386
row_002408,0.05492128172227282
row_004326,0.9018676664395758
row_033933,0.0813317757455938
row_026156,0.061928077857773337
row_037489,0.0009243999882630655
row_005194,0.0009231516138305921
row_039385,0.6930732497772075
row_028997,0.19204902727063178
row_026140,0.0035938973954355944
row_042571,0.03759023478043005
row_034989,0.006260730595900049
row_049122,0.01688031467204553
row_034084,0.13895930769400522
row_035711,0.9676044731507475
row_022749,0.9808047995763458
row_001588,0.006095286562210221
row_012414,0.05013794535161671
row_023743,0.23671175518756066
row_037642,0.978825752427487
row_006856,0.01754406348115671
row_036296,0.08488307255972033
row_019626,0.006918022739787
row_024970,0.16148709302463166
row_026805,0.20885852911960628
row_034648,0.031448039815496286
row_008938,0.010894007108500282
row_035643,0.00018161816531919695
row_006632,0.39875260152536773
row_017246,0.08085416210481979
row_031075,0.005390680142153305
row_045469,0.014361409338292573
row_041216,0.5645951173955641
row_030391,0.06086925066939572
row_041974,0.523766820225011
row_012955,0.001314048387295463
row_044742,0.011329547935541185
row_031344,0.0007211838727738055
row_038161,0.005614488582232992
row_044043,0.010814853914330045
row_029816,0.01903905359616761
row_016515,0.001344595950865539
row_032204,0.8894228679249698
row_003762,0.005221535262360279
row_019129,0.0006691587018965452
row_029300,0.7314894383924079
row_042700,0.0004122246755649191
row_042954,0.1605768206819188
row_049617,0.5181308181732066
row_004030,0.0019920512763471126
row_025365,0.005934483458758013
row_044061,0.03436050812176892
row_029699,0.02760114090763375
row_038667,0.02569909436165938
row_022458,0.002718938024397517
row_011212,0.9717943175712336
row_022665,0.007207419980571738
row_010855,0.9896919929285992
row_036688,0.0006182155800222475
row_020211,8.844031676580547e-05
row_006451,0.00010222629734686246
row_040305,0.0008238272195844134
row_036132,0.06708032071666784
row_000298,0.0016473800846966856
row_010145,0.14051693182339253
row_010729,0.7229331332347582
row_012251,0.0065972879745523644
row_009219,0.22349501295635826
row_041124,0.4582801790589351
row_034598,0.00692884187239227
row_013829,0.07349203641887009
row_009414,0.6013847531997125
row_015237,0.00019130714235901313
row_040261,0.9702572170460566
row_037668,0.052959209138738764
row_003185,0.03168112646185972
row_022356,0.009409954793861607
row_032426,0.8060338019652731
row_044745,0.001419485992048468
row_044839,0.846747438081175
row_042434,0.004583366284602436
row_038693,0.621979474698078
row_040878,0.038503498981745585
row_036158,0.0253114172993847
row_046026,0.008159162475838005
row_021296,0.004842207429944147
row_000229,0.0010486447267616637
row_035612,0.02149874344538502
row_019432,0.0034633773684936402
row_041741,0.03228920995243983
row_015659,0.12077029290373438
row_009447,0.00669217802803619
row_042200,0.01982088479846507
row_006341,0.16132923397143983
row_018126,0.008974146464809271
row_018750,0.140217317198129
row_027989,0.10145947821667076
row_005341,0.16748692478927496
row_016420,0.0015354909585055614
row_005434,0.17035670107839493
row_029591,0.8282821754270842
row_041365,0.0386759794593284
row_044663,0.11428630289411765
row_034838,0.0005609948755742821
row_027283,0.03307708688773858
row_046144,0.027014622236047427
row_043069,0.0024783241474968035
row_043847,0.002193146126082852
row_017451,0.0006669328998708075
row_037503,0.9702231066441267
row_022394,0.11544701153961034
row_000989,0.04641149593636778
row_005727,0.0030133058212734355
row_020742,0.0010890685031338008
row_041585,0.037088636181914644
row_038572,0.024579385236898538
row_015265,0.00019393202072071793
row_039114,0.0019072316038011275
row_035685,0.05868810400108955
row_006092,0.010248630480143489
row_048970,0.0006255987205298923
row_044397,0.0738337933595391
row_011623,0.8282616830258072
row_027082,0.030015133831133287
row_021157,0.007567130629653076
row_046576,0.018950350660833205
row_001233,0.002315005067690421
row_015938,0.004657045279823988
row_030714,0.0011640401211478856
row_038172,0.008326230126346349
row_020231,0.0001294403179710487
row_005716,0.0015518563837361328
row_033833,0.004607210893107426
row_045328,0.001791217056341429
row_025116,0.01725985544515944
row_019777,0.047981043190458594
row_039214,0.0008773600552703037
row_008555,0.4166381661773576
row_033072,0.008577934571667716
row_029475,0.049314491050421475
row_036813,0.005757935883057571
row_026877,0.024441056119508107
row_024549,0.021810842240626432
row_035948,0.8488150780870514
row_024388,0.5357582816056821
row_045006,0.0001440289684407055
row_034422,0.01691252389580821
row_014267,0.06549059624011104
row_000506,0.01461201063637807
row_013831,0.04707731942262395
row_006672,0.003162685180439957
row_013698,0.1338154422330209
row_007031,0.01793753223664569
row_027823,0.001470829169785359
row_043466,0.08400538928374753
row_022936,0.23311795195519813
row_010239,0.3398143847980314
row_027025,0.004025918725456948
row_017227,0.0025614558501710905
row_017000,0.015049209106971714
row_034487,0.09499467609100803
row_010272,0.060409566831597955
row_034081,0.00697981815055239
row_041071,0.9995676744729483
row_001093,0.0020186045906741127
row_034941,0.0001612268577275949
row_039550,0.013049596660127895
row_027244,0.25569286017794834
row_041166,0.0058235392476621
row_015057,0.1635935416512721
row_040346,0.3113201155605951
row_012436,0.009589372177339652
row_031679,0.00041375423770808917
row_013869,0.003600953756424251
row_047517,0.0715427180350142
row_040712,0.04201311663745871
row_040512,0.010345552319394548
row_024295,0.012268394424336934
row_026528,0.015299448265432393
row_014460,0.03565498390387391
row_018003,0.09182616810939331
row_013005,0.011579364601033912
row_025982,0.00205856709787592
row_022316,0.07171294815978241
row_034888,0.0418852784111874
row_027961,0.007628058137361168
row_001904,0.0013182858014832686
row_001655,0.005939235024843933
row_000092,0.1183934723160176
row_005709,0.002040508016661782
row_043289,0.051489139352077364
row_009291,0.31417448559557126
row_014985,0.4269426809316834
row_036461,0.4727227972903883
row_015349,0.022656735797505406
row_018867,0.999283303442577
row_037031,0.0020354879215584566
row_001158,0.00680726478701623
row_022373,0.37876052807979876
row_026669,0.8605470133751801
row_048342,0.8324086413096863
row_025362,0.0018427424929061361
row_043637,0.013677962843527083
row_028127,0.0003527654299982909
row_009384,0.012361957193068509
row_045615,0.0587067683585927
row_009779,0.9980563993698695
row_039403,0.08950153475847
row_035749,0.9997625973247948
row_023079,0.004821399776891401
row_033527,0.005913767236946617
row_007072,0.008181450471542659
row_001247,0.5503400422224819
row_047200,0.07315997113269385
row_015179,0.00024324843745348178
row_020624,0.01521533700581128
row_009686,0.00032833574902825795
row_028677,0.006454662703563327
row_035686,0.00782740946163138
row_046376,0.001783672310526454
row_048702,0.010441561475695697
row_008579,0.05437100516560891
row_035050,0.0003473367904249649
row_037416,0.07623900604347923
row_018514,0.0036584534271578715
row_005221,0.027389117450367505
row_038864,0.7662759907108783
row_041948,0.00019745395060803098
row_021063,0.025880376321330036
row_039247,0.007873625827208436
row_017899,0.01133585898105715
row_003794,0.9991603583452491
row_010922,0.0436841174937298
row_039076,0.022174232361429534
row_047324,0.002434031107297901
row_008468,0.0023747094936872864
row_010750,0.007396444844789639
row_041528,0.004805807497965818
row_024263,0.7090559309728949
row_031481,0.14085399416453775
row_024610,0.00013833192195905237
row_031496,0.010259013251996303
row_000850,0.002908149728437593
row_026486,0.006705455403749274
row_028672,0.00023345945334818423
row_019246,0.00027981443905144426
row_022030,0.1380670538126637
row_033946,0.0032259226041066657
row_024782,0.0059346717902803905
row_049793,0.006064871489132555
row_025549,0.0009869226025440824
row_023127,0.024810755815660897
row_029574,0.11084568888187071
row_026050,0.15397859633147098
row_004053,0.31633435491251294
row_014268,0.07233015369419643
row_034221,0.031241099455875554
row_047233,0.7877073426639851
row_039069,0.026368711109846066
row_046497,0.9409568844663375
row_025329,0.20605931711156406
row_020718,0.00839225986382202
row_000740,0.0008260678097084368
row_017348,0.0005965481077582171
row_017536,0.8712504201930961
row_035419,0.00909722327478102
row_015377,0.0009211504761912595
row_044550,0.0009567610355843328
row_046146,0.9477140116450561
row_023196,0.002165871206552809
row_010120,0.8086738389734761
row_030266,0.003043646523502726
row_020388,0.00530339385902149
row_000272,0.0565466293978565
row_004071,0.009292374337877808
row_011020,0.021023943458575035
row_004431,0.5357013143509345
row_046620,0.0002622550354314556
row_002062,0.01612956421927393
row_031919,0.014697252422901578
row_032227,0.007147225159998927
row_004054,0.013149891165688462
row_045198,0.04177962710693049
row_032181,0.003971616572181917
row_046684,0.8826490599350238
row_008039,6.471347954035808e-05
row_025275,0.01141322646710484
row_000336,0.35401028812962565
row_046695,0.00031059081237427345
row_022231,0.002606786910074027
row_029294,0.0060257173058953055
row_013325,0.3688621394417778
row_027147,0.11271219852566905
row_021457,0.17428589686919038
row_024186,0.5204520260204413
row_018091,0.00924297327948309
row_017466,0.0006888568196518697
row_001827,0.0023525009780410713
row_029812,0.013870815017253645
row_039915,0.10688931514045062
row_045104,0.0026144286557325965
row_008567,0.1724651493500884
row_048168,0.0188271052788408
row_046997,0.9997055640651763
row_005783,0.2641984951358412
row_009208,0.9996673865537997
row_015294,0.003563613783066166
row_002570,0.09263397832445458
row_005972,0.0006294269245021521
row_022495,0.020020032953303468
row_039202,0.009934697021761973
row_012026,0.011357967067985912
row_030267,0.059165843065833466
row_048842,0.005065888418687116
row_043952,0.010456946758199586
row_015295,0.8344233632952704
row_018757,0.0009191836968864094
row_022815,0.017569718227008573
row_026982,0.00315586502092002
row_001340,0.08594782330396458
row_037292,0.11026991541855904
row_013749,0.0037714265255373814
row_023063,0.0036334829900337134
row_026319,0.010375087549561002
row_015476,0.05493419054567124
row_027211,0.04936141874688375
row_031073,0.5889103338452262
row_038024,0.8600564562465696
row_016403,0.05959204660030513
row_042385,0.5054588830224542
row_026763,0.005464755806277467
row_002367,0.19313315526807104
row_034031,0.00826724496987773
row_002969,0.10805537692730077
row_028810,0.01635090207354594
row_041211,0.3580018310928694
row_033827,0.019997513702897884
row_029751,0.003141896118990498
row_042516,0.40046404685599846
row_045237,0.0038636023518711393
row_018583,0.0009754198379677099
row_031236,0.6475381017297965
row_046690,0.27083733295815104
row_029905,0.06856412070944673
row_022076,0.8060141592092243
row_013418,0.010197969668575722
row_031850,0.9572898750075668
row_036359,0.5752918989185193
row_035455,0.0013093583016035844
row_029841,0.00041165597232910734
row_008686,5.745289460025263e-05
row_045471,0.672601590417425
row_006460,0.20472285170610294
row_018014,0.5062269737281098
row_007241,0.6261182778202108
row_029871,0.03949846295908989
row_020890,0.04266191235068962
row_029384,0.13263027966405497
row_043551,0.009220754770720985
row_025685,0.5298945213008455
row_025924,0.9315521604723735
row_001790,0.35144446611259517
row_045016,0.00534949417239213
row_028109,0.050554160221242296
row_047808,0.20171947913943888
row_023491,0.0226122673201525
row_031853,0.012827146911390138
row_032451,0.0008278807151473619
row_021344,0.06879565222410701
row_023302,0.3478426089465939
row_006063,0.885493590668635
row_047148,0.023266510368212825
row_044146,0.0021411621138857006
row_023731,0.00045238564556993044
row_009161,0.008033953348851045
row_028616,0.002828656748610268
row_033676,0.10191034765767515
row_047599,0.0022679729232737834
row_001123,0.3043605048459446
row_046942,0.0024210140956145857
row_032806,0.5884187640374364
row_003920,0.024174351797142307
row_014254,0.9980002501406342
row_043042,0.008521800303081134
row_016045,0.974979861161757
row_005059,0.2443289099354319
row_014392,0.00992767346702304
row_046370,0.0015199106786760637
row_001414,0.019344357534131964
row_006252,0.002700544954032531
row_026565,0.004189539933814229
row_037641,0.005482945794004723
row_000495,0.012636948103976808
row_046911,0.33398000263212424
row_011859,0.015411833237278839
row_021424,0.06644369747893172
row_025803,0.9645750363822105
row_037396,0.04604788605811283
row_025131,0.020167388960912504
row_048978,0.011168575664536098
row_024265,0.004894240671795573
row_011974,0.0215332413306925
row_042023,0.003266579967878892
row_018267,0.0022625361995542706
row_006111,0.022925675335703725
row_009684,0.0008122291129018623
row_016439,0.2101068503756628
row_013819,0.6903358046882437
row_011181,0.01934264670589906
row_008946,0.10317941930025878
row_010558,0.005690701209399225
row_043775,0.29737460490793866
row_042300,0.5397036033105376
row_032144,0.0004715172901320621
row_006253,0.007450944169457744
row_039368,0.00010825516272260606
row_022165,0.003230936208200365
row_037357,0.0008703488503134891
row_044558,0.014693454552555043
row_041838,0.004683594813959322
row_021933,0.7703626490829659
row_048092,0.016519922407302202
row_029768,0.9991996484218959
row_036458,0.01090799097953275
row_007090,0.0021906206967344105
row_036335,0.06817050826129731
row_046203,0.047546513529555565
row_035155,0.014071628394288
row_047858,0.009155105144348627
row_029236,0.0011087876636342378
row_025635,0.06556376444822833
row_000286,0.011730932196964432
row_031453,0.9732623730943604
row_029851,0.9017474011290332
row_012270,0.4434819573958019
row_030318,0.06104852398728718
row_006559,0.00019281703890632886
row_033567,0.17879980675397483
row_000685,0.024137867176307
row_036339,0.0023344856993437763
row_011491,0.00046197005254670193
row_012457,0.002481319089250873
row_011885,0.3708540633773181
row_044060,0.012507392341902106
row_003108,0.006671554539640493
row_012203,0.01770215461293262
row_039243,0.19988601736326989
row_004376,0.03640343010125447
row_018786,0.9991608641149405
row_006469,0.0030713770929211666
row_048166,0.02596981225013613
row_024526,0.002165753761982227
row_037287,0.053372439995834714
row_038472,0.04113389693616554
row_012148,0.03545814596392724
row_017146,0.041320063007393264
row_007275,0.0013298844383487674
row_022748,0.03915685824593587
row_043063,0.01656017880899785
row_018853,0.10462980032301851
row_036826,0.024393055234040856
row_008317,0.017222275696145376
row_027014,0.006980451078068155
row_030249,0.8927144635943947
row_027461,0.011349945809657458
row_029250,0.5504402744406915
row_025693,0.998039929343763
row_038466,0.8799263976290652
row_000580,0.00025371123315279264
row_024014,0.005203687041860015
row_012267,0.008440383323488527
row_012579,0.23464998280686664
row_027228,0.0005828903982318874
row_039261,0.22075601084096375
row_039419,0.03272900584614397
row_031861,0.04872784626827811
row_036510,0.017984140774472118
row_022314,0.010209398747152109
row_018316,0.009613888819313274
row_027045,0.8229454019626066
row_003338,0.293829691984796
row_035765,0.005748690399698224
row_047424,0.003541665812392678
row_036367,0.08703360333347908
row_018985,0.475987760603915
row_013673,0.9604402894364248
row_035819,0.5734702855036643
row_017795,0.009537292534002255
row_015888,0.016472576870709292
row_038488,0.004982584221826283
row_011196,0.2048178577524986
row_041299,0.016457587969939257
row_004432,0.09653705250640203
row_032412,0.4070912395362629
row_049202,0.35002232253851534
row_024781,0.00011817457647168298
row_004381,0.00034665843025823183
row_008767,0.0581704292904124
row_002110,0.04200538621306582
row_016130,0.0643861117408061
row_039971,0.055779376008545316
row_026291,0.0019260144430992495
row_009022,0.050441567304691945
row_039712,0.022360713668832546
row_045169,0.004476319901030853
row_004290,0.0028391972077719376
row_008883,0.0003019262262628519
row_036107,0.02257480016659165
row_034451,0.031131593727182827
row_007300,0.00012293556335153758
row_031448,0.0050177182635090176
row_011882,0.0008105380204461279
row_042810,0.6395398858632495
row_009978,0.0004922265926063681
row_031354,0.31601081823590926
row_047823,0.447885401537496
row_028525,0.9893918528695589
row_017654,0.021262161296934746
row_009478,0.861117826006358
row_030828,0.048715895145442445
row_047811,0.008076889666467614
row_046459,0.012473435198188339
row_036274,0.2969125561842536
row_049865,0.0012269052490438198
row_021927,0.002066267746710346
row_024990,0.05167981928333032
row_021620,0.0012433080628301172
row_034470,0.011240333876733535
row_046539,0.03583815655854598
row_016850,0.003131282304240396
row_034115,0.7596346792365019
row_027935,0.001597709903888867
row_005793,0.03150083159805499
row_012620,8.333674247762473e-05
row_041343,0.010524484346603052
row_039978,0.02966096506892403
row_019699,0.32843821326074274
row_040724,0.0033917474540227097
row_010575,0.1356456125290339
row_004177,0.0032600265018011493
row_004168,0.002951679088367905
row_024412,0.029460432491644824
row_029267,0.0038393979537621175
row_009494,0.053478518559220506
row_033123,0.3155860834220365
row_027869,0.0693325475105379
row_022960,0.10774549845816914
row_018897,0.5452564173635608
row_022750,0.010838808935572902
row_006861,0.5129063276505823
row_040628,0.0008321650183360168
row_021090,0.12244043793511211
row_039626,0.0059990579830968786
row_028121,0.09183286588386988
row_036546,0.04323187202628355
row_026950,0.002577945626787554
row_035270,0.0006850260493596881
row_012721,0.0012037691022243455
row_037259,0.041051196049371505
row_002890,0.00684328466371786
row_005033,0.08325604799696415
row_021952,0.003030322472637276
row_017945,0.8080023925896079
row_020572,0.9368854050616421
row_046746,0.003078335697513652
row_017533,0.0031265225400855033
row_007494,0.0490718311206524
row_003952,0.24705360033995494
row_006702,0.00017447282994139182
row_022970,0.0007057791219133496
row_035402,0.02290564077188399
row_036626,0.046762595986779454
row_011472,0.26476364710831907
row_045363,0.8753060029276624
row_030433,0.5341751659710561
row_002992,0.25679954602074556
row_039077,0.033360086683921014
row_014072,0.1691840883723023
row_021092,0.001547760042711396
row_015835,0.30102640199406905
row_012134,0.043258713990974605
row_029436,0.9988347309879906
row_020443,0.002383029561580901
row_036372,0.009519800737066186
row_017926,0.009718000714108086
row_027236,0.6561284440814213
row_016642,0.005711702073989248
row_007341,0.0011631801603193622
row_013455,0.6477100309040181
row_023437,0.14290262253102667
row_010939,0.05245534846994
row_000833,0.042253327566478566
row_042301,0.08804683862686075
row_002423,0.016601371393276776
row_047482,0.00014427065119645386
row_019799,0.2422359227613901
row_025555,0.32219450869618455
row_023188,0.023739164870808245
row_035358,0.9780895699720873
row_006617,0.15426211855083255
row_020135,0.3874429740694884
row_032625,0.8567659526975362
row_048237,0.15013822099932556
row_000496,0.07619555212191845
row_004528,0.09480871966921525
row_000021,0.0653664267879923
row_006471,0.05319944833158606
row_022419,0.20429445267691732
row_016803,0.003453564067814723
row_000944,0.007978993219442499
row_031031,0.007195278505440331
row_007305,0.4898396546662557
row_005976,0.8098105094109831
row_032315,0.11317605217610907
row_023808,0.04831612526370689
row_006925,0.007379869143092289
row_042559,0.0193954101447927
row_032142,0.0261746524462137
row_025828,0.024780218255452086
row_008304,0.00017038462765367414
row_029630,0.1327022551168173
row_009017,0.042842660772378464
row_023592,0.25517734761225763
row_014964,0.022881053850317502
row_030437,0.1398617086825222
row_000324,0.13458507272654627
row_032482,0.05312405988202232
row_038709,0.02760787543306932
row_004042,0.02344336377003666
row_040999,0.7647085504350248
row_017508,0.254775199136571
row_044685,0.9782195069307771
row_030846,4.297855810780695e-05
row_000462,0.006281405265320825
row_019237,0.002336174491219701
row_036851,0.041252723483115636
row_043301,0.007095922546415938
row_027320,0.4546476555666005
row_022841,0.0059701343309524445
row_017148,0.24479264521527966
row_031550,2.413965113744378e-05
row_040013,0.15536758637129874
row_020233,0.011491028385800087
row_047364,0.7638101418127559
row_037536,0.9347975093626146
row_039721,0.03122635108252504
row_012070,0.012975160811589082
row_021617,0.6451790885460256
row_025361,0.049991334762690666
row_037878,0.001229355524927769
row_043234,0.08534670094490121
row_009150,0.40734637761075
row_046862,0.012112068670858636
row_022950,0.009826669997210309
row_040732,0.013848258684516895
row_019981,0.04968316233455643
row_036967,0.028711445916877257
row_038559,0.009096932620446503
row_049149,0.07925896707172954
row_006382,0.18536485930796903
row_038929,0.022545919568043072
row_029720,0.037754137977143575
row_044933,0.3405475984910745
row_029505,0.08845271802703214
row_040446,0.4944342951209447
row_035631,0.9636488159788585
row_022701,0.8726509719687199
row_049265,0.028708187720402543
row_024157,0.09447515858578961
row_035072,0.24999884476985706
row_033263,0.0017838352886839094
row_006765,0.007040835862583789
row_039986,0.016141682765303644
row_046122,0.3671138650046379
row_003637,0.5228439516781176
row_025560,0.07321140157449924
row_039438,0.0006914846717599383
row_049439,0.003941197987979667
row_009976,0.618372361114029
row_045380,0.16559336738132696
row_008963,0.0009860011793367566
row_001620,0.02887315734705375
row_048091,0.5294259499383456
row_025262,0.0030414748783545295
row_008400,0.4469925326722427
row_020198,0.6737396028665739
row_023955,0.012729606149268536
row_026532,0.25615883223035485
row_022833,0.8673240657432142
row_002310,0.022233186482914856
row_000679,0.002450708756840168
row_006230,0.002201458092567783
row_010929,0.03567582756180235
row_046131,0.002128468395147938
row_031591,0.5456228281372231
row_024774,0.5318590360459798
row_032675,0.8088169435711717
row_027239,0.016044180059511498
row_000892,0.0010469856883951224
row_001377,0.0012147514867739914
row_024858,0.13781196905934198
row_030711,0.510197243720355
row_026505,0.00935105553620703
row_013409,0.01416146655683468
row_006862,0.011166063052660843
row_047649,0.11225046112871367
row_035859,0.12243316169927107
row_047984,0.0006975976029651586
row_024110,0.03174879780098192
row_036635,0.05501907207663407
row_002900,0.004092566318026182
row_004695,0.018750441433171932
row_024206,0.7548239613982769
row_003479,0.058292258935060265
row_045355,0.00040123932202922513
row_047905,0.10594773549505171
row_006443,0.0019229895164347443
row_012394,0.5277961988788041
row_012384,0.007961777019763739
row_042962,0.006788978464464694
row_037971,0.2021941046167029
row_039212,0.024868053356386692
row_035156,0.0006319845674734067
row_023017,0.0011370791883345641
row_047316,0.0016835331685734014
row_006903,0.2981300516775378
row_033746,0.008526506000663845
row_048991,0.004641178481289778
row_048968,0.10659331094812938
row_004346,0.9324867315595701
row_000759,0.7688822585137707
row_026881,0.002898964258497312
row_030286,0.001215258608091176
row_026731,0.019674440075768067
row_021941,0.001095944999250909
row_001281,0.012888831254567724
row_012505,0.0015759455212607824
row_015523,0.033276235606708574
row_042323,0.22069230879818613
row_017885,0.006354056329733917
row_041779,0.011257305783964706
row_049736,0.05705685515545646
row_000024,0.008826912694332974
row_046042,0.24131537234171102
row_024951,0.8146242426214187
row_011375,0.050730034417077435
row_002333,0.006238792447514985
row_006533,0.020568140824812918
row_028732,0.20645689154142383
row_018601,0.2694228999280722
row_004690,0.32981510086827337
row_049153,0.07478028691447597
row_019532,0.0021375248184541187
row_036396,0.06379672282084511
row_043978,0.00029169554606719257
row_039899,0.5145298416390074
row_030523,0.002026490313826582
row_035705,0.07372185949865638
row_005209,0.017984485812813894
row_020536,0.02303436533545488
row_021012,0.1606427989152287
row_008139,0.06498847876404024
row_009924,0.10947771042651108
row_016867,0.0001296256042216926
row_025986,0.0037302268954682574
row_014883,0.08262545874443837
row_001391,0.0079885640164181
row_048839,0.9889235576621916
row_036647,0.2569502324484254
row_009927,0.06785746835421182
row_010701,0.0030828658305925892
row_015942,0.8384571394874238
row_011795,0.2008198263513657
row_036823,0.003552330073458357
row_018679,0.00041055333193776674
row_027015,0.7066742704281557
row_015773,0.0069638067940197175
row_023496,0.8260009136594041
row_039224,0.0007963150923385268
row_016125,0.0057234196664967905
row_033158,0.03451729711279281
row_029182,0.0040204493345992265
row_045418,0.03645119345747622
row_015586,3.519352455197943e-05
row_029275,0.006904607272917659
row_005319,0.8766636111274093
row_042540,0.4821924694765738
row_039994,0.12657878615635107
row_048718,0.008164677677339409
row_005463,0.0007962722608514973
row_009916,0.046353365252883034
row_019165,0.0015480114320607645
row_046551,0.014009082935650063
row_047786,0.001866865600602294
row_031470,0.1134498472362648
row_026261,0.0005388237312934516
row_025613,0.0008555840744928172
row_019504,0.00032755562881650537
row_033692,0.5615265395284285
row_041485,0.022529577163379343
row_014420,0.006039019230005644
row_009855,0.14322654122660888
row_049444,0.9855292120223713
row_025820,0.4309611573596567
row_049129,0.6946850418832582
row_031922,0.008791327794430693
row_044138,0.5684298031538706
row_027328,0.003157061861027834
row_029303,0.006889886243779729
row_027603,0.0057079441067950055
row_035251,0.021304704170892728
row_013452,0.026373974259699274
row_009602,0.0643952044672459
row_018398,0.0010468308683388118
row_049077,0.43617369175704734
row_007756,0.7516635922787063
row_038940,0.0010015969869458029
row_042004,0.00043847561788674347
row_000627,0.09499992264667799
row_028652,0.023435626931315973
row_003022,0.0008357170128901086
row_024766,0.0702585938698888
row_048831,0.0029603223742699766
row_014758,0.00045845882170913777
row_049457,0.0027118354618073087
row_009969,0.003567250696838762
row_013606,0.0027113831793605433
row_001424,0.060287904273436554
row_049539,0.011907580244535892
row_018845,0.0070654317667435025
row_029242,0.0009668919203267789
row_025591,0.007219371966900298
row_047309,0.0012529986794571762
row_009294,0.11816582617479664
row_049615,0.0076799214810741746
row_019752,0.021187606983755953
row_014937,0.003157152653076891
row_049217,0.7628309840882612
row_016887,0.42339112504283927
row_006321,0.9994411362300173
row_025860,0.00012890338987619658
row_019073,0.003179384955192324
row_012920,0.9530943279665629
row_011568,0.007516692303541655
row_037320,0.012944978008598975
row_046674,0.0018963103834445244
row_008333,0.3174989691206541
row_019544,0.0027893960675765854
row_003621,0.09716975013832993
row_043480,0.00061226877297578
row_022580,0.30248895331445
row_035890,0.006940085302852813
row_002561,0.9432974644669787
row_015150,0.0009286349467724338
row_029485,0.0014743852331940428
row_044799,0.00023091038392681853
row_023126,0.0007425994112607902
row_018619,0.00029117093902603645
row_001121,0.0009027548001452169
row_018720,0.09884970952741859
row_007995,0.0059654029039943775
row_019325,0.010382637855365862
row_032699,0.048952441601253435
row_007638,0.0786090740063739
row_029902,0.010807836623122347
row_037341,0.9973787837489121
row_008061,0.1326182299459035
row_008432,0.011555041813415056
row_005804,0.11375934485316326
row_015723,0.02266119784898238
row_000603,0.007422562091837538
row_007815,0.01798003934999962
row_026336,0.0008329615003893336
row_020442,0.22096443044613506
row_003458,0.03842986048311479
row_041999,0.004116283605203529
row_048507,0.00047485138534194844
row_018024,0.5590760051529393
row_038666,0.025088798879923588
row_010113,0.009435727854193025
row_017304,0.00036644299933226524
row_013931,0.020717551418163137
row_011010,0.009050313883802459
row_017076,0.016162031708513387
row_028845,0.00024923376934426556
row_020657,0.1476866091523164
row_047109,0.00035093698483456485
row_009305,0.004448823937353288
row_013338,0.0003774062887462419
row_035088,0.007517587165893875
row_018411,0.00934023742097581
row_046725,0.010390282148939264
row_021436,0.0032276726868175117
row_004711,0.03625661740175821
row_047163,0.007334392412258254
row_023020,0.0012065374030585645
row_029313,0.3891067490598968
row_015231,0.07702753304950569
row_037381,0.001492950885900251
row_017933,0.02536476569127685
row_043625,0.0019106032772819395
row_045928,0.07395247935878357
row_035014,0.02693671187999252
row_004003,0.23050667661133234
row_035245,0.0030237674998330804
row_022046,0.03355838427200121
row_003382,0.006147176489334636
row_013122,0.003179324741132004
row_034670,0.02259317443359043
row_028636,0.010141220725842766
row_046902,0.001050731714471578
row_044499,0.0002891986838798689
row_022523,0.002299873659002373
row_007154,0.011057984268390466
row_007014,0.603523614367585
row_009221,0.0028096182801000177
row_042644,0.1346658145638069
row_034781,0.019006802816613117
row_015097,0.0024695333200651075
row_007129,0.01893890599503438
row_023439,0.022776842974393877
row_007328,0.9871900542210861
row_019462,0.005574807613999208
row_037680,0.08809975434809827
row_043252,0.9009630504677344
row_006997,0.003723627830314466
row_037434,0.0244585173522535
row_045823,0.0028487297224623624
row_034824,0.002691235642797074
row_019619,0.07016028899794141
row_027085,0.3541774560564269
row_016182,0.019690622232751365
row_023569,0.10531609182904743
row_021346,0.031245018300335506
row_002813,0.003591328194642302
row_014169,0.014707446682299946
row_033374,0.0007467608714069093
row_045738,0.06476848404910932
row_012396,0.06555661717442728
row_025778,0.04531247793136478
row_041945,0.10979831817663094
row_043503,0.911250620125962
row_044553,0.0010503584394720644
row_014603,0.07251251436019203
row_004044,0.5675817165065127
row_007777,0.009686289674220657
row_018803,0.05057271274538512
row_049762,0.003809956624726752
row_012489,0.0015362539963984486
row_034319,0.0016298228436759043
row_033519,0.011793122896982974
row_048830,0.0015101121170026256
row_045123,0.23097249621681204
row_016746,0.4666838576606137
row_020507,0.06987804317798524
row_014329,0.05934868232653582
row_000558,0.5824853066321198
row_037367,0.0001584180066462062
row_044739,0.12275803902504558
row_038948,0.0004896093410904285
row_009097,0.01883324579720688
row_031216,0.034279427555604876
row_017599,0.00024398543213057403
row_006065,0.005724879843893684
row_014528,0.2033104016065937
row_021139,0.006224685983354454
row_023051,0.682047145156855
row_029661,0.034707811385486856
row_028563,0.23558558583215505
row_044721,0.002457229772908326
row_021153,0.10437030660291471
row_005540,0.003585457353280471
row_045877,0.009015154696287195
row_040661,0.02315157518096636
row_044636,0.36533823341669236
row_036623,0.9883189254532768
row_047933,0.0026603862223436993
row_028748,0.025192466794007627
row_018542,0.9189991635741326
row_009782,0.001980514557183315
row_023942,0.9999773190820056
row_030958,0.10438533583396994
row_032105,0.02306895335440326
row_032028,0.0027991868215792286
row_021740,0.0027684350447117942
row_008923,0.14553336713089127
row_027108,0.29612462598956746
row_023376,0.0015791398910019365
row_021097,0.0006773255528439712
row_046639,0.015233015362264478
row_040859,0.03762471638988067
row_024061,0.011240432113852724
row_021777,0.9078527953007889
row_036948,0.0321410783734484
row_033934,0.005016453092222239
row_024007,0.04122182337727401
row_027498,0.0026014911105082476
row_024313,0.997897963112585
row_045843,0.406058076808988
row_046180,0.09121432451494854
row_042519,0.28988959559813254
row_032321,0.0024013346286840776
row_018728,0.17184615579173254
row_034456,0.0021681220598938292
row_018635,0.02773038519673294
row_028246,0.021814639970202485
row_041750,0.024448236057157013
row_006228,0.3602947526120889
row_008211,0.1471585064301756
row_040494,0.0015495199231757002
row_039829,0.09853420421361454
row_047801,0.23085293132667745
row_021433,0.0011228559635309437
row_011299,0.7241074232436743
row_008256,0.2585241620360621
row_038753,0.08239142808809036
row_029805,0.0007712868299204083
row_027203,0.9315370947747704
row_036863,0.05307596986240976
row_022289,0.0009940594048092985
row_013865,0.09336549816008109
row_013850,0.007919170270307327
row_002696,0.013623705125591709
row_039755,0.0063864089763280936
row_029195,0.01828758412968922
row_049080,0.07295357133497263
row_010225,0.09508925664749912
row_046193,0.03133181895321559
row_024715,0.0026306855958907727
row_037340,0.002390582555589514
row_010593,0.2796738940974452
row_020794,0.000983035954335357
row_027984,0.051463306208495464
row_029048,0.10649440387156844
row_046955,0.0038870461511296217
row_004348,0.012418722378770045
row_029431,0.4454706176938471
row_004330,0.00581617593901136
row_008710,0.001962576516245109
row_008790,0.6636667315830533
row_035557,0.0037414604397214375
row_022368,0.9981475118823129
row_011235,0.0013776052535771654
row_011111,0.04124608233897346
row_011260,0.006084527380168046
row_017295,0.003796448048827971
row_021263,0.04895215848514885
row_004305,0.04489799661392269
row_000356,0.035990617223464375
row_030408,0.33251060045187497
row_015287,0.0013166629426455835
row_037849,0.030359351595338605
row_047043,0.007692735939024799
row_006425,0.02623230049416369
row_004926,0.35383357062910503
row_019900,0.03723430915455509
row_045098,0.0015212475839098958
row_009490,0.0006339948424360403
row_038338,0.017952239714421177
row_034062,0.47677138638508265
row_045633,0.004149910273855393
row_013868,0.10842281799178005
row_043054,0.0828162828646429
row_043019,0.005354047384362567
row_010698,0.000520800736798062
row_035801,0.008527056582549406
row_038118,0.22158183187472952
row_044903,0.01975809147407416
row_043007,0.0019612681657002794
row_004835,0.02272090234823935
row_003658,0.05916403099697
row_025608,0.028941899677778198
row_040129,0.023410293337796734
row_031986,0.01553862216308221
row_048053,0.017492948746091364
row_049346,0.0031111031969989172
row_009545,0.01561167787032229
row_020044,0.5349736326163872
row_016200,0.0004618316028395989
row_029747,0.07061567625226087
row_020729,0.004270617264407953
row_034417,0.007178935379745179
row_036074,0.023888757076695556
row_000843,0.0011466625448151775
row_028760,0.0037381605244132016
row_041306,0.09428494861962124
row_049394,0.594785697959785
row_019030,0.8882657545658026
row_038245,0.055610334998098115
row_018408,0.0018826342026171973
row_044523,0.25455560629182583
row_044453,0.011147273081597185
row_005120,0.013523845241501829
row_002876,0.9926988269169091
row_028896,0.025956841265151305
row_004584,0.0675511930907859
row_022182,0.0027623286354369575
row_020308,0.003957293548615281
row_018617,0.10779028197911711
row_035420,0.00046848370410030156
row_028547,0.13711287714280085
row_023172,0.3436196104708655
row_038533,0.013438603416087113
row_031315,0.0019461685463241017
row_031576,0.44660597846465755
row_023800,0.0018871698841304086
row_045053,0.5174854390973402
row_021307,0.04557861562886328
row_037157,0.002131886882479505
row_045425,0.27136187469705836
row_011296,0.007550076778224303
row_012824,0.2883811757269945
row_011847,0.0008236121216379732
row_048917,0.1420243133394841
row_034116,0.42779143704863265
row_041942,0.2531182861153133
row_041728,0.00023404352502775992
row_029654,0.0013611128525904711
row_045806,0.014395088651845762
row_005789,0.008668350252110376
row_036880,0.02355233887928786
row_005963,0.423856580744304
row_008696,0.27023679644507503
row_048935,0.8575596742463905
row_026425,0.9977681089451538
row_012258,0.12469998182634609
row_017667,0.12786743260382655
row_026495,0.023652764925587072
row_031954,0.06743854805742674
row_002366,0.1279158612485521
row_034053,0.0015769984184003441
row_035053,0.004831712861171428
row_044053,0.017657220901569008
row_041930,0.9479809706093145
row_039687,0.00012962658089832365
row_032723,0.029252104443042715
row_012597,0.041073644162525444
row_043961,0.00037931866442792844
row_030767,0.0015962587826574425
row_037268,0.002366274703483657
row_030348,0.0014451907897574236
row_006031,0.026326565158607516
row_030847,0.3652503904444878
row_015116,0.3015495907631167
row_002565,0.01686513683978742
row_020995,0.0184725863804334
row_007411,0.002539526739348477
row_023323,0.0025306188952624806
row_009109,0.002282570636055107
row_030511,0.08497725828516374
row_019069,0.5466173210699492
row_001428,0.006636508998594542
row_003533,0.15936259189501448
row_004823,0.08756850498589736
row_013833,0.0027978050283605977
row_001184,0.9188407026169421
row_019857,0.5323391594974705
row_015607,0.027933203605128847
row_026717,0.02620177839144264
row_042759,0.06137539390489721
row_031136,0.005901770035788198
row_005577,0.0013554826015759786
row_017375,0.17793793538745978
row_009047,0.3598953799927497
row_002438,0.22335215503611006
row_027970,0.0021976114788294678
row_014063,0.08076061810668356
row_010329,0.03835557747398287
row_043167,0.010554706251115587
row_036581,0.08559659252644583
row_024259,0.002089599956736974
row_026037,0.03937771129619005
row_034707,0.00369604257121032
row_014772,0.04389293394559145
row_041589,0.06565003209843806
row_028160,0.0017052486476996005
row_043208,0.003128193459279826
row_016623,0.021409042896305144
row_029502,0.00012205332657597303
row_013451,0.3445362978366282
row_012020,0.03953047959051721
row_042792,0.00065290649684245
row_005752,0.6551155486184788
row_017214,0.000581004385547334
row_044804,0.668860393073996
row_027127,0.0014713279949492976
row_021276,0.006197081691173969
row_044699,0.9976578108135301
row_042579,0.014614926371292537
row_024984,0.0647724684537429
row_028713,0.3482710460782179
row_003332,0.0007909422854133926
row_015044,0.002396104215492196
row_018049,0.0034737731684603554
row_045368,0.37167565226647276
row_025928,0.27985826470893327
row_009555,0.2278859903276032
row_048250,0.14005048736628037
row_015798,0.019183947438637373
row_016273,0.010328390262704393
row_012402,0.00022374041121935568
row_008410,0.004711068941043317
row_001000,0.020538966157395238
row_031749,0.00043318823615320294
row_049131,0.2402853246346353
row_013223,0.0008326918951593824
row_015371,0.0031457218915766907
row_008836,0.09815222539254503
row_014129,0.001244955211606865
row_035144,0.9947262311587795
row_039240,0.5951220112720972
row_020144,0.02913166726087127
row_005188,0.2604618066289477
row_030275,0.001961291373003141
row_021487,0.0026488831480199373
row_043059,0.004390481353020637
row_003694,0.015684521137835153
row_036351,0.13448375833632037
row_037974,0.005493370365490722
row_013786,0.0031226186434190487
row_008414,0.007308064415250131
row_019833,0.04534323682389846
row_042037,0.48662310288945765
row_011392,0.07088486539250023
row_040936,0.01671482942009317
row_004302,0.740379683004734
row_007962,0.013223477366329346
row_010823,0.0008398810408454559
row_031623,0.03026305332582139
row_003565,0.0038389979242664783
row_012573,0.001878718671299486
row_034210,0.00311189701114475
row_039700,0.0032323233225175912
row_040825,0.0198507754576398
row_005420,0.03172277496563945
row_003446,0.0065044102992021895
row_047899,0.02177135868811559
row_006627,0.17516744877840712
row_029789,0.2881472068309669
row_041522,0.08256195918635902
row_010334,0.0001524937156228164
row_028501,0.009517056957518548
row_023619,0.005240940671873342
row_002679,0.0009168017703891952
row_035982,0.0012169281697477314
row_010727,0.004211066262561738
row_000640,0.26050697680842866
row_041575,0.9454892034752294
row_030123,0.011705241299052148
row_024684,0.5587897043903525
row_014885,0.07558040606135111
row_030975,0.04293214324286111
row_010388,0.001972470417596907
row_006610,0.009541607493897403
row_016795,0.02371633606589805
row_002135,0.574827819060683
row_021301,0.00032774978147563573
row_013630,0.001551716880936252
row_045154,0.05673831864638064
row_039892,0.2563623273455734
row_008692,0.8571569286909437
row_024160,0.3956229068573296
row_013159,0.0056336495864397875
row_013007,0.2038436327418987
row_049810,0.24820463819215466
row_046736,0.00452204606398201
row_022016,0.011869377541328049
row_020607,0.0034111537527063574
row_037673,0.0032592663544489028
row_038829,0.1476346686706017
row_027106,0.008489302258253763
row_008336,0.08676563284157794
row_044144,0.0011949707640444224
row_011109,0.009689734285334064
row_014427,0.9946136205625322
row_026154,0.0017959082206632543
row_047689,0.025279116123180435
row_004335,0.09037018320819165
row_029029,0.45428268571163943
row_001008,0.0006802194634081191
row_047211,0.0008199789823307931
row_000095,0.006573965383710088
row_034909,0.014920998789088497
row_007266,0.022616540575066124
row_008880,0.0038952286660387824
row_022947,0.0009286975054600989
row_029798,0.982240734809615
row_012390,0.0003148795760221134
row_015825,0.01121252868831406
row_029807,0.006603540524183412
row_024553,0.08498068682565026
row_034716,0.0012635169089645507
row_015662,0.002383126427485679
row_038857,0.0012952898158377945
row_007745,0.0033190599474244033
row_016454,0.005996403515765258
row_022009,0.9999301311694964
row_044234,0.022941452199984187
row_028802,0.00959590455864397
row_018192,0.003207793272734468
row_013099,0.1075504665555939
row_003285,0.1922095190638039
row_027423,0.9256923602354383
row_029748,0.005045552197494905
row_008978,0.8407587361023606
row_049267,0.014534424904368234
row_003682,0.9999031445140509
row_033687,0.6695152501837576
row_045582,0.031362041760863144
row_028952,0.5770420561475309
row_027936,0.673866322804102
row_019058,0.0012362854976559635
row_027403,0.012361027299100108
row_016894,0.00039096122633754127
row_011691,0.004591710959069232
row_027952,0.30296253935097806
row_000242,0.28123035636016047
row_022899,0.004962620171876726
row_009951,0.005724909108134014
row_036527,0.012060210539187096
row_013781,0.002029186139662143
row_022987,0.15458133566599186
row_038503,0.001598470553578215
row_008080,0.0803728051178871
row_021232,0.021931020609118185
row_011277,0.007670386430664719
row_037016,0.001572645731346708
row_049715,3.2301890106974646e-05
row_045873,0.24920759023374944
row_003113,0.33493247125760817
row_025655,0.0006734925064249969
row_019111,0.0004572648614822675
row_020139,0.0155960208924875
row_030641,0.013324727757766015
row_017402,0.0025226542737132123
row_002219,0.0024093712675037644
row_022406,0.0008085255039325909
row_026939,0.0013210353045677715
row_035235,0.02200608995252986
row_040430,0.1878667792730362
row_005371,0.13373079395974746
row_001094,0.20330796246168958
row_049987,0.009836663503910346
row_043859,0.05103828245901144
row_016514,0.04895662794706417
row_028352,0.39319861647234694
row_005736,0.01129723326924911
row_008533,0.005960447548783748
row_021759,0.017884503828113213
row_013447,0.018121840884702863
row_014179,3.284261180411146e-05
row_004014,0.004821160736559656
row_033356,0.01347133296114067
row_021558,0.0004277537037660331
row_036306,0.10436108910721525
row_034635,0.0028554326387080975
row_040405,0.037010879184069485
row_000018,0.0005019982717705596
row_028187,0.000357193264915006
row_029317,0.00035468345044776194
row_034846,0.07018045130345017
row_005798,0.007905839284221861
row_018193,0.4744434536560588
row_040570,0.4021028571364019
row_046046,0.5093405265714973
row_019957,0.007228655977618657
row_049344,0.03166770102780224
row_032446,0.5037502320217245
row_019145,0.03167370449529195
row_031372,0.011422406271349363
row_035950,0.013784444824648575
row_005549,0.007444976447034414
row_012227,0.16909534948803473
row_008754,0.013082371922130305
row_038256,0.03450952660518451
row_005483,0.0930974700413964
row_019806,0.009002975093009494
row_001924,0.9131286411257037
row_010604,0.10272691024464316
row_014531,0.5854632451958219
row_023007,0.0006732124333350177
row_041208,0.5775206458948046
row_019695,0.0014883430543910052
row_039707,0.021068434974466838
row_015756,0.02556203507137231
row_032152,0.0037711034273272834
row_032180,0.06294101660444804
row_002304,0.0024479462878924294
row_045981,0.0009688966675150968
row_009798,0.0007576123012633519
row_031973,0.0023933817614930847
row_004565,0.002634667523643712
row_018101,0.023363690923060426
row_016395,0.0020588322380959445
row_009081,0.0020104756238183445
row_002180,0.04361571591239813
row_029471,0.02717086378047484
row_005933,0.04240500783205528
row_012806,0.01880431072257632
row_029415,0.1378438491324117
row_029691,0.43189390381426096
row_017079,0.1573796696140623
row_006938,0.25776655080160177
row_037041,0.08148495172230677
row_035923,0.5916848553910194
row_003245,0.036607502069431294
row_047112,0.19004789895172533
row_003419,0.022237691279660823
row_020770,0.06105752341250219
row_039100,0.019503245621993806
row_038956,0.0214799666305785
row_028094,0.01532923163911883
row_007750,0.24984582484704987
row_028304,0.048454915652550654
row_048204,0.0005159509656682824
row_033393,0.10691711556794803
row_038000,0.9013547602885018
row_014677,0.1788028098371457
row_047544,0.01292797329151698
row_009147,0.005812751985010575
row_011064,0.025751606433194844
row_046255,0.00123617124727109
row_035842,0.019845682203239165
row_044173,0.0067845856279717745
row_042457,0.056559389737022125
row_006532,0.0006077520476438667
row_024528,0.3425762792095276
row_011201,0.11163157699890255
row_041856,0.0003107948988284251
row_048311,0.007163292793223154
row_040991,0.28773030554563755
row_040189,0.01781108762380482
row_017234,0.9661508680776986
row_035373,0.015666681158527047
row_021525,0.04200910883281603
row_005846,0.028829161459664812
row_023224,0.0004934834481340574
row_031639,0.17526169227011346
row_023053,0.0052608810398873255
row_003901,0.006704900697362152
row_030250,0.0030465633713164745
row_046400,0.0014435321162838855
row_031937,0.0696129034900044
row_018164,0.01481190317465552
row_002033,0.0034053087157016803
row_030562,0.003680795864402321
row_039376,0.0038540100875044574
row_032211,0.03140885052144131
row_040807,0.10533917153762304
row_033035,0.5398864048680494
row_014181,0.7812770515604004
row_009587,0.0028352292568381687
row_026096,0.018231071499615285
row_014875,0.11168864525783961
row_044032,0.020392378700858346
row_045952,0.9986035474887955
row_004086,0.5385788816636705
row_024413,0.0015393249759659525
row_027769,0.6131587837394155
row_018573,0.01411214184465809
row_027349,0.06361764417876875
row_044798,0.10616118279727679
row_034659,0.007081533209425235
row_026111,0.06926926006297984
row_030017,0.06009187691752112
row_022591,0.04638914421774243
row_015584,0.00821845901771828
row_010784,0.07902783734150837
row_002024,0.0026336055366199306
row_021776,0.004118024952109173
row_023660,0.7543237087302825
row_026676,0.6636434802757323
row_000101,0.09303780019718239
row_001657,0.03583360046998361
row_015278,0.0029411022652829095
row_043173,0.13931895829468838
row_007536,0.08732955498936132
row_032856,0.0014495606294115848
row_047227,0.00039098504933489695
row_030981,0.014247566752301702
row_024151,7.768755278574217e-05
row_039810,0.0006026766137915919
row_001566,0.015507749843316513
row_033987,0.10282174976591482
row_013453,0.0018583940387487123
row_032161,0.005453905649910641
row_025669,0.00044526831045626326
row_004131,0.017980088447574413
row_039935,0.04511841841829398
row_012718,0.0031968291452181114
row_049232,0.0009929096001294621
row_013188,0.6718385764790267
row_003973,0.005753341739992095
row_022197,0.6487405252595028
row_011387,0.006869171618000582
row_018182,0.0005712003489238738
row_045005,0.001630209207070836
row_009457,0.554591141498054
row_020853,0.0017336463548939139
row_043235,0.00039963275373158314
row_048422,0.00960202503845517
row_043626,0.08795407047993004
row_016441,0.002523308131445393
row_015047,0.014132640475209134
row_032244,0.13812080308355046
row_004384,0.025539599791166545
row_019295,0.036408400799312485
row_032626,0.001380865777644084
row_039478,0.00032976285875899425
row_011147,0.19574183128008918
row_044315,0.011520380616592572
row_039264,0.014411398174519734
row_001599,0.0034234555717173746
row_025442,0.002850446425554669
row_047369,0.008722297836968367
row_038086,0.02320015975588797
row_016283,0.03355003403535886
row_036992,0.8498661911398105
row_006965,0.37992242381904096
row_019278,0.0031510007176454176
row_001573,0.00592191701982973
row_037665,0.0011263307596120872
row_044071,0.008975946871678742
row_040468,0.6600344435824083
row_007570,0.022204630000668836
row_005838,0.6579307290017289
row_046709,0.006890770793952344
row_018314,0.0019189392528559616
row_008214,0.0008025211739462867
row_037699,0.0008034937909097789
row_000763,0.0001156713030502647
row_045475,0.04664482479766913
row_030569,0.006414520549922854
row_046262,0.07194744464424033
row_014542,0.00156628174282225
row_027350,0.0017477713893572604
row_041197,0.13782330001540843
row_048373,0.0009097669717610511
row_024405,0.00020919257532354957
row_049225,0.004706526375245353
row_034621,0.007318541337099663
row_040177,0.028215854912867017
row_027375,0.008392195156710325
row_040444,0.0148923657315051
row_028326,0.0030812717790223453
row_020786,0.5006800534748526
row_020366,0.8607609763614192
row_014315,0.0089082742402297
row_002757,0.1025849092129563
row_033871,0.0415666233059898
row_000635,0.05349414749073962
row_047028,0.566315440013544
row_015189,0.09273685928255934
row_046680,0.002614820015285158
row_030418,0.05013548662606836
row_003555,0.004351835905365179
row_041997,0.002287276718428362
row_002044,0.010118254093624487
row_000983,0.03271079132929222
row_044469,0.06160077861977729
row_013430,0.011512933873920075
row_037755,0.14614598828585135
row_003548,0.016387988806313338
row_006308,0.710563021654404
row_047859,0.04295084258520995
row_018930,0.0069990158806769835
row_002488,0.0417443615429019
row_023315,0.004018825736026406
row_049688,0.0007320754753776729
row_031499,0.005327502415207413
row_008442,0.043985335175837775
row_037752,0.00055564207150664
row_040695,0.007837086828206687
row_030687,0.00199025304856351
row_046135,0.00012417505665430142
row_039473,0.07292540937998915
row_047693,0.032458226771411046
row_000186,0.007950408004321811
row_048674,0.006803801503980212
row_023980,0.2963569951205399
row_033736,0.01177896923382728
row_023300,0.9412552926925601
row_016035,0.010738518765139775
row_024357,0.000854368064540621
row_001843,0.0004725037776466168
row_007541,0.009240514142525597
row_041629,0.15433212109205013
row_004596,0.017768693458960073
row_002822,0.01577319458891258
row_049188,0.038225768934093955
row_033668,0.020150146816974114
row_012930,0.20208208574224207
row_032176,0.0040252483693533694
row_006035,0.0034006514502857308
row_043634,0.006925944385902632
row_036416,0.006581981565657069
row_033778,0.7108670119879312
row_012323,0.01728701624756289
row_004115,0.002663150059644976
row_042043,0.9715454073237038
row_049123,0.9124057197000903
row_012383,0.0036910445436400593
row_021489,0.049955101682321715
row_041673,0.006760264278307208
row_029977,0.012040838875546717
row_014203,0.00024409921855395652
row_028346,0.07588025482541089
row_019586,0.49947920406044183
row_022129,0.0019357176579616747
row_037845,0.4819686408264059
row_043156,0.0015379025930868965
row_019721,0.5073279006696856
row_022855,0.009439449419021424
row_022304,0.1379515657419092
row_028285,0.003379110422341832
row_035109,0.019864940147226777
row_000161,0.005545929812034214
row_043683,0.0038923946990014075
row_025138,0.0001927996169572861
row_037541,0.022404528699873028
row_024539,0.050863102406944735
row_032931,0.03456018022381788
row_046332,0.1788452379726518
row_006597,0.09457338060724929
row_039639,0.17442347337587472
row_022183,0.07850196385207317
row_028621,0.00740316227052441
row_020195,0.016243250552658975
row_018704,0.1010162011640437
row_028318,0.002228629043733744
row_034229,0.0030179993510153122
row_023999,0.05273402817308122
row_005452,0.042096768484900446
row_021685,0.05502785107561782
row_011026,0.025268076750404406
row_027639,0.00470187966013071
row_031290,0.4591606111325775
row_003596,0.8697063329715145
row_036573,0.07059262247453182
row_024181,0.02488705559843677
row_007943,0.1862177616088171
row_009120,0.08564766352465111
row_029102,0.02105490360431982
row_008321,0.2352283012600447
row_039856,0.023162234478026802
row_023294,0.034031233923913676
row_006603,0.25146706155511583
row_003638,0.0009734351011268471
row_023432,0.11889160041659025
row_002377,0.07780588342229394
row_022624,0.06319586890897363
row_038986,0.20572880669687676
row_020579,0.003331638332575087
row_011298,0.0026375195640617405
row_005542,8.48574846026338e-05
row_013236,0.0008125344397005407
row_001056,0.0290940523399019
row_019942,0.008280036574640224
row_025741,0.7465270578369609
row_007042,0.9634055310779804
row_028483,0.029684781361562034
row_007159,0.021499604455668963
row_038079,0.06751882462543746
row_048540,0.0004910992643690081
row_046568,0.0011577073775877605
row_033328,0.8980579101260013
row_027863,0.0028065546472364877
row_010585,0.07763457035393224
row_001538,0.009504590287047353
row_018395,0.021014035316935138
row_037255,0.0063763990474350885
row_045719,0.002126589789282695
row_045718,0.016178249306152526
row_001023,0.04364772916639348
row_000361,0.8758196887925324
row_007626,0.5042329905014112
row_018088,0.00029259426895715914
row_033140,0.028665707816398787
row_001805,0.003669136589405333
row_024033,0.001084669872121735
row_007018,0.018794590170904513
row_015729,0.47532851665009623
row_026656,0.6169501944459785
row_019735,0.9964069345988757
row_026665,0.005227154629534438
row_049316,0.005994421907845082
row_044660,0.020190481047715043
row_031978,0.029010145074799855
row_020451,0.20929557428849282
row_015550,0.133679964936351
row_015694,0.013414725337906087
row_006464,0.008240214803900447
row_012130,0.005948514710348653
row_013456,0.19069919127717908
row_004400,0.13888941653891393
row_036487,0.5888047060185035
row_020368,0.36370688228141346
row_038530,0.001173952820868943
row_045775,0.004249075322828015
row_014199,0.021116931261694304
row_001464,0.023351512086440925
row_041676,0.001828954155490956
row_024106,0.0019979545045103572
row_029138,0.017958650377567175
row_036759,0.37548042970140616
row_013722,0.06702317994897013
row_037197,0.4326342159581893
row_028595,0.0023181920324755675
row_036000,0.001811526441981781
row_006711,0.0933126709704315
row_030934,0.014529830383120092
row_029711,0.0023804893552486915
row_045441,0.6168539640953101
row_021484,0.029374619484659303
row_003220,0.13545026423065937
row_020137,0.02373904995813792
row_014123,0.6437003058039925
row_007240,0.030947028440750632
row_019743,0.005895037631086989
row_023830,0.00997670290922684
row_010799,0.008763717671884351
row_004315,0.8832048049787669
row_009107,0.014643589669985208
row_044385,0.0005769795366174916
row_039365,0.002081035920904181
row_006125,0.9699386163600289
row_035103,0.0029390403322682255
row_017612,0.002136903908315884
row_005448,0.01193951936753699
row_033983,0.004386688619170577
row_038377,0.001810019226975495
row_046951,0.000832315082047412
row_034790,0.01200727200114678
row_035218,0.0028855708044594106
row_036988,0.03822181235197343
row_013335,0.7952586598839597
row_005692,0.012398913050011801
row_017966,0.019068763319868662
row_046895,0.0022611824973111025
row_013030,0.0004886560335594834
row_007157,0.01277600925622223
row_048357,0.9329670753835582
row_044505,0.3538638764871934
row_005285,0.0475462421653626
row_029152,0.0036998341047307128
row_015485,0.42032240703693013
row_030591,0.7574395002805593
row_044557,0.9999585877041832
row_034499,0.8069767276676414
row_040998,0.0017681948551388428
row_001294,0.5285162670702914
row_041148,0.10167314959444072
row_043109,0.0032655227133331056
row_040492,4.793420467425635e-05
row_031302,0.0018212640320365175
row_020021,0.01106052611739717
row_014803,1.1748812105373095e-05
row_027488,0.009759492845307052
row_000841,0.019080043995677365
row_030405,0.0016189260086870124
row_011074,0.9968712067324157
row_047668,0.00984456028421366
row_045480,3.1622192561860754e-05
row_019225,0.3105555353911962
row_034882,0.0011215325086888943
row_047938,0.06256556298044315
row_004362,0.0482893042457184
row_019412,0.0011309154270366386
row_023191,0.013144500131938849
row_032989,0.20441776981705967
row_016300,0.9934238758897445
row_006923,0.03396856808337601
row_033099,0.000436253676789686
row_032987,0.017194263878235843
row_026318,0.03543372239308238
row_025474,0.028035564445538688
row_046285,0.0006848774540713
row_012446,0.0016714264577060841
row_043873,0.9734486338778023
row_018420,0.04817167807500332
row_048535,0.0026525840737970183
row_021419,0.09368037220638245
row_024376,0.010265635784076195
row_022615,0.00628601163708136
row_033717,0.05918258981377687
row_021688,0.009246128525886167
row_030665,0.007306265783986756
row_023368,0.06439527820644078
row_030908,0.00522148316538583
row_000466,0.5230456825852938
row_032652,0.0019450530820098642
row_047596,0.01298138535758548
row_023225,0.0006617398965971961
row_046559,0.0003283803916419324
row_018352,0.02017858195114358
row_007774,0.09856368605310539
row_011642,0.021253612181898085
row_022553,0.005293051795017316
row_016563,0.12443328753559493
row_044141,0.4015055126017564
row_022763,0.004346570930787462
row_014000,0.0032197013298309
row_004254,0.002998980302608599
row_016989,0.8723996768499291
row_038562,0.012363419489268748
row_025551,0.8516096353627971
row_028854,0.1376774828265286
row_030690,0.04095029918723735
row_029855,0.2922071512314967
row_022051,0.003899954113888574
row_011395,0.030728555381048215
row_012513,0.7823991071587861
row_039210,0.0754165860646151
row_022445,0.0005121424751725074
row_003158,0.000523711055688316
row_007530,0.0009645500411966075
row_047632,0.01185248228492061
row_046689,0.04924179950773769
row_025973,0.007608215073906389
row_037818,0.0917476883163677
row_045405,0.007081110557203786
row_040664,0.02979648298866168
row_029503,0.0007173005201229994
row_002516,0.07717086723889188
row_043932,0.007121203740504326
row_013164,0.05314393081039275
row_029279,0.0015455981199735758
row_032416,0.0025884641309463674
row_001095,0.005140379104583448
row_048794,0.01759894968595179
row_018037,0.013653371476957324
row_048648,0.2086964933425248
row_024571,0.9857858020846089
row_024851,0.0788692155354004
row_008875,0.21629193399684687
row_002005,0.0007056184205323621
row_044169,0.30789041636508774
row_001956,0.09198576027972497
row_007743,0.9894965116642362
row_007339,0.6189682460339712
row_004616,0.039777213347994014
row_020945,0.5213604412149853
row_042201,0.0038894181047156133
row_035913,0.21479508479704812
row_009014,0.9987654262917629
row_045156,0.022665980259180502
row_007132,0.005048729725344359
row_019814,0.0008627864127863184
row_009925,0.3255912624415662
row_000674,0.019394450728481658
row_031184,0.00499011459455631
row_004109,0.09650808073378929
row_003982,0.0021341888074338294
row_045039,0.09933963199022877
row_043236,0.02010607169421228
row_046094,0.9734682838355848
row_004421,0.0014565114797886036
row_014429,0.9979391577988963
row_027264,0.0016924617197212196
row_009737,0.0036525689235453675
row_019140,0.012361586095067007
row_004272,0.28554702838808255
row_003214,0.003524009943933721
row_010539,0.05866690668849182
row_003399,0.029478467210081814
row_014747,0.0064961480014013445
row_022435,0.0794352919703632
row_000300,0.12052366408517731
row_020254,0.00953346092495757
row_047084,0.009857599120559491
row_031116,0.0008449324884876198
row_037017,0.009918961311722607
row_010584,0.03484740223462503
row_018366,0.05730395124494346
row_027733,0.0005749421181465311
row_009398,0.8828600653722763
row_006385,0.0061731099780686
row_027641,0.6588689417765922
row_020977,0.8354850701939819
row_019332,0.0004031301035431459
row_019618,0.0003394233998923335
row_021578,0.0014664093335925246
row_036258,0.06328324156786094
row_048986,0.0031653117686654096
row_031676,0.0009058214601150535
row_012792,0.037899239482107
row_023328,0.003463154870814937
row_013209,0.0002550083931265122
row_026007,0.008010673343275234
row_012715,0.1189189521334602
row_048249,0.0010030497044102124
row_040359,0.006064276112059016
row_040018,0.009703850335162134
row_016065,0.009332384539593007
row_013758,0.0024644972367064213
row_017190,0.020004711460860646
row_049623,0.018626303697422675
row_014334,0.0004810611697065905
row_033656,0.006579429383206452
row_014766,0.8172602707271324
row_001283,0.9954669949005951
row_035927,0.3602223582174128
row_023414,0.003653884825700395
row_046316,0.9171924412719628
row_030829,0.0023804110349785502
row_049417,0.9953704655778852
row_037309,0.0899961267637007
row_019804,0.00011532067302530161
row_029301,0.007336235807541612
row_004149,0.009251493297873066
row_033793,0.016816836755488736
row_003242,3.2871927808294194e-05
row_033108,0.013578076832098017
row_036403,0.786219893580056
row_033600,0.0006464594038580981
row_028666,0.0036206715463324756
row_008200,0.00495277657405764
row_046280,0.7669858853498323
row_025279,0.039551917431981796
row_049523,0.348642403667619
row_021023,0.3045382797156078
row_034369,0.017892269784107913
row_005388,0.6769924607743187
row_007982,0.006168130632922401
row_034343,0.02227602988884802
row_015300,0.25488169464482613
row_024519,0.0006237258177493978
row_002728,0.007238204288097192
row_010864,0.12439541656107829
row_033864,9.338141465809073e-05
row_043472,0.00011522415045928505
row_011054,0.00529541494080148
row_019571,0.001955722722321031
row_008924,0.21867307591592372
row_045463,0.008360177903173872
row_019091,0.002892300628871025
row_019342,0.034117749409982245
row_037717,0.0027999173824090396
row_031875,0.24222412210550143
row_042315,0.48710811531114523
row_031003,0.0004951283489766223
row_022052,0.27749835415107593
row_031865,0.40977904089616607
row_046556,0.004737540091639904
row_041433,0.0021247990777039346
row_024682,0.035861442883610414
row_045378,0.03571869140914096
row_029513,0.7928360420485427
row_002584,0.30575001660311746
row_028737,0.0002090264664206575
row_044398,0.21595718871130865
row_048300,0.14988282725135693
row_008616,0.0005936137572811212
row_035355,0.06337870698233694
row_003199,0.25939207833867256
row_031944,0.011699591118424184
row_002373,0.49127491119855726
row_020720,0.09310668791166461
row_009699,0.9934941986951876
row_016492,0.0367611899357257
row_023609,0.0006237204213716388
row_017225,0.044837504943114906
row_046218,0.01429290778430162
row_011252,0.009255041973957408
row_035216,0.6095482741257854
row_016061,0.005678403670303629
row_042823,4.196324740362866e-05
row_025245,0.021358789535213963
row_049782,0.015548718353840283
row_023425,0.014155737182860164
row_032085,0.8186531456654726
row_002121,0.005884959018608875
row_003011,0.00011976066008057376
row_049787,0.038989685736635596
row_034017,0.018590173299331533
row_004079,0.5041177514817402
row_036865,0.015618359956784018
row_023446,0.01708799443149648
row_012290,0.004437993609510989
row_047239,0.006048207303760118
row_049053,0.11599032434053048
row_047616,0.0008885664468940302
row_014211,0.0009016926722691997
row_044126,0.004418100101465788
row_044600,0.17261167152709572
row_029777,0.25555014563011424
row_024364,0.3086522181313679
row_006377,0.8232079776437466
row_045327,0.002522175434962937
row_019774,0.9804172989066807
row_015654,0.003735867617413422
row_039782,0.8375037124754752
row_023164,0.07160467035457714
row_031706,0.00882289856886584
row_011530,0.08370553531039686
row_015826,0.014485544768611632
row_020478,0.06322546322222719
row_026715,0.1080193917251028
row_049906,0.0033339829166659342
row_031791,0.00012206712987825975
row_005469,0.5100082512859313
row_042312,0.4247092706057326
row_008076,0.002445092275220372
row_032992,0.009877095637682009
row_046505,0.0003904209414240687
row_039172,0.24768250023220617
row_014056,5.642723060910051e-05
row_006577,0.03173440210297785
row_046274,0.0060170048020023415
row_028278,0.3875906842706551
row_024025,0.00012521795681482854
row_035242,0.08723601164875755
row_013887,0.0019464260343675945
row_046704,0.037295837384204424
row_003369,0.0045205624423772135
row_038477,0.014919253261348443
row_005644,0.9942989515230495
row_002479,0.37744583496174267
row_005945,0.0026719650030943105
row_028216,0.019097800171544523
row_015139,0.03878873883237138
row_015259,0.6054909804005505
row_010658,0.013434798335921868
row_018498,0.005105157187185978
row_034826,0.0033781138027166023
row_026783,0.004367953704193028
row_011371,0.946832639816725
row_029934,0.016994272747696586
row_041889,0.9924225566655425
row_002419,0.009867592714593785
row_005087,0.011135429148346213
row_023851,0.14318763366495005
row_031946,0.023956157163516293
row_029646,0.09431500629339792
row_013516,0.02483462090648831
row_029285,0.10473684656114488
row_017708,0.0033268714841827975
row_034044,0.0006198544388009296
row_014845,0.004502607180793252
row_005636,0.0030273271212129913
row_014826,0.10451608869644044
row_020011,0.016997607460351154
row_016833,0.010832199153623195
row_005842,0.00033844342708329425
row_048561,0.00012231098272290721
row_037299,0.004400937603846702
row_016297,0.29443619357648204
row_012546,0.3548726979030976
row_034268,0.016923211322856586
row_008426,0.00891206291477734
row_042277,0.0006774101957255872
row_043702,0.0033981503782413843
row_028755,0.05933282020777001
row_045364,0.9743774737632986
row_001495,0.0002905476328772992
row_033773,0.0072351406509274276
row_025493,0.36391362193778193
row_045849,0.02495115347673328
row_042811,0.04231036226060143
row_025399,0.385312564700826
row_019796,0.0016172420136974274
row_031752,0.0002932078419184552
row_036766,0.024379309646466712
row_000148,0.02233268559146359
row_003023,0.8489308381410609
row_045669,0.013554587977396174
row_024991,0.0015645041864968527
row_034161,0.0001646991068377855
row_046795,0.008425112045386452
row_002869,0.0734864992377668
row_048090,0.019890856932668306
row_016923,0.12298158587823826
row_017874,0.0003180945476140319
row_039535,0.0048724427935787325
row_038990,0.00016697053792318897
row_024273,0.09121848721653676
row_022184,0.000718972772448424
row_016854,0.0008849688671278108
row_025988,0.10031643723392873
row_030860,0.0012785055555470744
row_041919,0.023522226691759865
row_016658,0.46437471181340306
row_048125,0.061550840758912595
row_015612,0.22157289143674735
row_049885,0.4659192270194227
row_036237,0.9805862220802901
row_008450,0.03680157456252604
row_029671,0.10488769116653486
row_001943,0.006603545228428513
row_009733,0.20574297548042106
row_030993,0.44334943162753904
row_028262,0.294607458568711
row_042112,0.0004617488219248113
row_016491,0.001883938209324704
row_006750,0.5378662544369242
row_010798,0.127422844329711
row_035398,0.12331767070977487
row_041569,0.0029520708172706325
row_033530,0.6683505483208013
row_037996,0.06307123545056084
row_021452,0.005358522814939875
row_022542,0.27894022528300727
row_041390,0.0020597163573951227
row_049327,0.16503479454103945
row_021027,0.25903917638315255
row_001678,0.049515939877105744
row_025674,0.0004815722024506882
row_034527,0.004312889976054435
row_034399,0.2936443374259382
row_043858,0.08690852637808183
row_011220,0.039132059009987355
row_021687,0.0024253361989272693
row_028437,0.9896747385885151
row_010634,0.05748028792535005
row_013127,0.859928007186954
row_020716,0.6849854868456124
row_013902,0.004935835965281963
row_034454,0.0007566931205477333
row_004397,0.0011429476725119394
row_040916,0.11293382725676068
row_040283,0.010464723727238924
row_043192,0.004108438040304881
row_004731,0.5342720092779991
row_009053,0.908307112484265
row_033162,0.0626038728650606
row_032857,0.5532119424418936
row_009579,0.9678026886361015
row_018622,0.002428341610668085
row_014445,0.005192414346006164
row_019092,0.0633262334842399
row_013331,0.017421067296834257
row_005377,0.03700704728362907
row_019384,0.08782307188774759
row_007555,0.014260593511331465
row_031415,0.002388479112355264
row_012120,0.018993172381731767
row_011555,0.00016844277306555367
row_037454,0.17421446540788915
row_046333,0.9402451198117716
row_008823,0.0225837374349104
row_032621,0.23735888463059707
row_020713,0.32567622687500963
row_045250,0.009789723321308424
row_008516,0.03252711231893968
row_023541,0.0067056367772520805
row_043514,0.00031260257526213896
row_047450,0.12445112866823455
row_011913,0.029769493873480296
row_011687,0.45790433515165985
row_024962,0.08348801312813535
row_011377,0.8769404636775042
row_015902,0.7608561036318251
row_044065,0.00014294384901733498
row_011976,0.025358333185640083
row_003147,0.004533622177789394
row_023659,0.016727565583568273
row_021588,0.006430935166880626
row_005311,0.04630154415042359
row_045433,0.015562106089853978
row_042689,0.17774084344037894
row_030242,0.0013790464400635655
row_045140,0.04173338984629686
row_037808,0.8835982944877153
row_047594,0.014052255700272543
row_029367,0.5128319043745679
row_033115,0.04451882912223455
row_020591,0.189104975264667
row_038817,0.014051914498597533
row_025232,0.31894886476660267
row_028253,0.05073620059667511
row_037710,0.020942975019784246
row_043171,0.0013092838313445948
row_003221,0.0036269207631402065
row_029002,0.00976105661633305
row_002359,0.011714508223128587
row_006413,0.9398621048767469
row_005639,0.6010932946463305
row_042936,0.0017137162267704183
row_036675,0.127425519186814
row_030371,0.9708592080113011
row_014165,0.27999651435882633
row_011562,0.0021491189740671397
row_002150,0.0021272072874393105
row_031641,0.29278439609191237
row_005682,0.04276146251494788
row_013743,0.5089954008818544
row_000035,0.7812569039077341
row_026408,0.002142376908317871
row_004224,0.1289574974305469
row_012006,0.04072073973807785
row_047565,0.24844022604240545
row_027490,0.008554304210915336
row_026762,0.029479400253019906
row_040326,0.4471836910504378
row_048846,0.05236382237516865
row_009337,0.3658275837192614
row_047270,0.06857755103735215
row_005048,0.13199158538848263
row_008391,0.00034606608589828937
row_019494,0.018128962118346012
row_006622,0.00560453821431099
row_048880,0.007208279210535077
row_046149,0.010265133683807014
row_003852,0.9195903659740977
row_018170,0.31360290943349045
row_043467,0.05111753181613032
row_000773,0.0008300454133517004
row_011784,0.024762001780230053
row_009121,0.010055008957921961
row_013815,0.0055965452894115135
row_026006,0.0009433324745433153
row_027168,0.11521840320819449
row_029251,0.0009878346350215776
row_035249,0.7033097744619144
row_037307,0.10458541108632685
row_021553,0.014100816016555976
row_047455,0.0072764023489625285
row_016432,0.06926858822668733
row_020118,0.0007240611831236285
row_048078,0.5013937337783623
row_047105,0.010199750935572932
row_004719,0.0027032676682828436
row_003795,0.03486321593764198
row_015160,0.6344605845922195
row_021437,0.016138011450429278
row_037182,0.01455314548452138
row_027306,0.0816096709505763
row_004295,0.41106057472271856
row_046435,0.07112065361284972
row_023165,0.29878938323253273
row_027261,0.004203976118329899
row_001825,0.44869351414874614
row_033216,0.3430562974396113
row_032860,0.03079180880022762
row_039007,0.7882479614844293
row_043648,0.028009730206654083
row_045337,0.014084940149035014
row_036595,0.10512984772891729
row_034507,0.5482902786753349
row_008226,0.6257116464591224
row_011481,0.9870586341296208
row_009483,0.0016100388392780935
row_046397,0.7816598706898135
row_027832,0.17852102788825058
row_037478,0.0008998469370443396
row_039867,0.11682506919558727
row_017119,0.01970657008710145
row_038884,0.015953885140815784
row_036409,0.6597825385110265
row_038432,0.02436071165643085
row_032980,0.007836617334622178
row_028496,0.07234632143736106
row_016322,0.7085101394432963
row_016431,0.007070054646412706
row_027253,0.0038906539004303162
row_041882,0.03072911523759483
row_042460,0.1199449279023819
row_046229,0.0035527256832343663
row_036709,0.004768198450301546
row_014093,0.004032607204519207
row_047866,0.002099981556033279
row_028339,0.06578588787117612
row_011651,0.9991272987704972
row_031293,0.004913626635404861
row_021010,0.7605285007050809
row_027066,0.2665199201493894
row_031443,0.000667744322564381
row_020891,0.0008297967888782084
row_012490,0.004776307158942138
row_002693,0.047393527391910724
row_036003,0.04190697295070539
row_006052,0.2503466575715842
row_015606,0.8490633782715631
row_001115,0.049289093110370705
row_025830,0.02025700633453747
row_026538,0.7994771649990852
row_023537,0.41821702658547527
row_049973,0.01575631018883484
row_020747,0.0369070486456202
row_032551,0.0007602487989071977
row_009952,0.05496978462535136
row_013782,0.028559316080946633
row_038003,0.012385174858436643
row_000749,0.09148031053835506
row_041921,0.10565554554841117
row_048433,0.19775840724953575
row_010663,0.035640327051026065
row_019765,0.3826761801523008
row_038442,0.021366315305998113
row_041031,0.030464730659454813
row_005898,0.00046683940903755907
row_004240,0.024141024159248674
row_020146,0.004536137348530103
row_038149,0.004240006009375395
row_001243,0.4076336855516319
row_020448,0.9209904153753201
row_022377,0.0022732174197426696
row_020413,0.0749137628669588
row_013975,0.002651706041996306
row_019483,0.0010707697053211765
row_008071,0.07185963640077911
row_038252,0.8916290095752948
row_033438,0.0007479124239929675
row_008820,0.0014744855194555777
row_049826,0.0050129373565373225
row_008841,0.0002914140715654151
row_040794,0.999736979513014
row_026642,0.002325602867731886
row_031268,0.0018795294258835593
row_026504,0.08252604027702218
row_003611,0.16206644752695445
row_048995,0.0012062282000065826
row_048497,0.49922094507461234
row_041558,0.0044943574554063845
row_015284,0.9253950822522738
row_022757,0.8081627939562512
row_025724,0.6136740931943448
row_010344,0.2547590446800736
row_001126,0.0004763576621042605
row_047843,0.001781262866482872
row_000530,0.12447886285466929
row_033863,0.011660680026632828
row_042456,0.00038798671713637453
row_025949,0.155039256789298
row_033705,0.08657204919491832
row_047730,0.0027326837562336847
row_023365,0.023745170004211683
row_021002,0.017381059638296944
row_048678,0.0049807179302415105
row_021118,0.00029759762055394274
row_017067,0.011240286705312491
row_040448,0.0017289771891581983
row_018920,0.48760164818065627
row_003261,0.0014421391674760485
row_024716,0.2999436778916129
row_011741,0.1538330599265062
row_030470,0.07659157701347472
row_007183,0.04634374224141411
row_001098,0.0661322007672388
row_041717,0.009003667914600132
row_006816,0.0007941458889761616
row_034546,0.2562344304816712
row_043375,0.06903760915373525
row_031851,0.1537010376796539
row_003029,0.1622037003209072
row_046097,0.06617312714197872
row_001096,0.43598819756843066
row_001794,0.05934492526088523
row_018684,0.0065033060555041555
row_016230,0.45433361128629823
row_045506,0.97965482927972
row_023637,0.020819530823352875
row_049481,0.0011454574826863229
row_033207,0.013160900277019957
row_043592,0.018082631599476137
row_031990,0.8360325382858171
row_033551,0.04574689742221465
row_018365,0.48246087114332803
row_013560,0.9945042918415188
row_035906,0.07424171458731729
row_045751,0.0021054365419175113
row_001169,0.0008358520230041708
row_031100,0.0006398053924623025
row_028076,0.6143062228995186
row_005476,0.48087531329303157
row_038789,0.000524714687837349
row_030774,0.9999313367709167
row_036368,0.44681040301053043
row_016619,0.0203134982052676
row_042106,0.9316170675586755
row_006143,0.2467119431514396
row_033688,0.0014165447979387997
row_027364,0.0015568844995496498
row_003495,0.019172834482906114
row_009884,0.01525475454917789
row_025849,0.019442934199644733
row_036124,0.002455878151743344
row_043113,0.0016520210709984554
row_038339,0.08615753648270684
row_011850,0.5926654673345197
row_003652,0.0024924688287632545
row_048698,8.307110235149439e-05
row_045428,0.13078161967393517
row_007168,0.9105794104644567
row_022424,0.6693705923473976
row_010594,0.08119877390189272
row_040147,0.04007855550843859
row_048669,0.015879422691595747
row_014495,0.025355653061972093
row_026827,0.15231912731335057
row_010020,0.000670948256534357
row_033703,0.09600062237311946
row_047676,0.0009579734484928041
row_028280,0.05486228758602467
row_027086,0.07595695518643715
row_010296,0.3425478857021458
row_030422,0.01870799153794668
row_041430,0.0037901416947815686
row_037424,0.09211734513900491
row_034514,0.05666162517494599
row_025180,0.013773250609553625
row_034006,0.025336730210957288
row_034841,0.20619460923703145
row_047979,0.012726532304937529
row_042171,0.001277074849459711
row_012711,0.13142649772688664
row_039310,0.012908947707550134
row_015735,0.04807902270361098
row_041294,0.5183237183817052
row_040558,0.02025091732452109
row_025101,0.7765362967195477
row_030593,0.02534490825069656
row_024565,0.0027782868363935677
row_018695,0.02413441790292585
row_034217,0.006553693946266811
row_024367,0.6132003899395491
row_001016,0.0014073915557951653
row_042697,0.07525257748332798
row_042765,0.0019600520348047592
row_043373,0.07578109808709191
row_013519,0.05775521464076848
row_005618,0.002660582627170875
row_006780,0.04897391991142895
row_046544,0.000946262980558288
row_006246,0.50728265283778
row_033136,0.00020877791668124057
row_019454,0.0008557458162976662
row_003021,0.01887134329705393
row_048502,0.002083115321197364
row_005333,0.014006487086828234
row_024131,0.0831231518770861
row_005839,0.026438681573845005
row_009678,0.011323065388274545
row_005633,0.30090479822007726
row_048228,0.07853986073147642
row_048252,0.09409102556043335
row_031611,0.00022026086302878462
row_017988,0.2647632269907413
row_040908,0.0010145432887528638
row_045654,0.44845066752657536
row_022619,0.013096190572720734
row_042152,0.002915255693237533
row_049320,0.7404366914282958
row_005845,0.03257158590427171
row_043424,0.33437994956785355
row_011726,0.04854339390526227
row_047936,0.00997649474381606
row_004445,0.07763822318247453
row_001265,0.0019237121207046344
row_032683,0.9998084102336515
row_037885,0.01620426713090055
row_038308,0.45267265685936353
row_041692,0.06407404319973266
row_002262,0.0372076950219139
row_019005,0.14573907294118987
row_025653,0.001739195004287335
row_017352,7.252513626933535e-05
row_025237,0.0006714193458045744
row_015071,0.06783775791058669
row_025573,0.018978174749695726
row_032282,0.0005195624400279332
row_017716,0.00031284483708513954
row_025450,0.9988437765636895
row_035903,0.30668920912674413
row_044801,0.0001184668281332991
row_027910,0.002070748582267899
row_041477,0.0004139560069519774
row_028095,0.0042365782272652044
row_006734,0.10234705588875323
row_009465,0.011354815393177432
row_047567,0.5764249219195017
row_038994,0.0024054505952848444
row_028763,0.17823957048333575
row_035257,0.9196497961666782
row_009426,0.5547492231710944
row_031047,0.10061564016785374
row_009376,0.003515594011050752
row_030228,0.006167063179857469
row_006539,0.001387935476879337
row_043874,0.009066894247039669
row_005222,8.775648980248942e-05
row_025113,0.00048086090092887995
row_026022,0.022401012694352858
row_015311,0.014053376049641221
row_011634,0.001636148585653846
row_034580,0.03779241627651268
row_047733,0.005974509198172812
row_000735,0.8119436662029762
row_039898,0.7962364841675167
row_019083,0.40145537621350136
row_026047,0.05979028188755774
row_016939,0.344923793893653
row_043132,0.0070802811852141625
row_013872,0.0014077859535046515
row_006812,0.04088079928221265
row_031083,0.013930783958323372
row_030332,0.009763953740929088
row_020954,0.02195665226256286
row_007976,0.022899946446830428
row_014162,0.5019033740116154
row_004929,0.001038921673815331
row_034287,0.00030344729030346517
row_036241,0.17735496739499246
row_002504,0.04369454306104493
row_015015,0.5810859935173789
row_030263,0.018072167270456418
row_001988,0.07728382433747352
row_022359,0.6530811605782765
row_034236,0.00036618742366914346
row_039269,0.03965998209131871
row_045160,0.003737058262555393
row_027390,0.04086108551553655
row_036669,0.0032725486571180563
row_027092,0.004387803534540544
row_031484,0.013384651378943168
row_048330,0.00012276070974356402
row_034254,0.2062400820057279
row_026152,0.006548816814914647
row_010504,0.0022072024013634513
row_013403,0.004753319196927968
row_004135,0.0026974444967792673
row_026370,0.02717099531539363
row_046933,0.0011979413470006757
row_016093,0.4356515291841139
row_009746,0.03500706607325394
row_012926,0.023315469591152875
row_003879,0.001582400621637127
row_037860,0.09041274151188283
row_038197,0.9988628502034633
row_046010,0.0002674990964578374
row_049510,0.5293541485046811
row_040892,0.0011570367633479792
row_006128,0.0020207158507921296
row_041010,0.01929065240632482
row_016984,0.0037164377243179064
row_025941,0.011567859301260766
row_045753,0.08412263846792911
row_019563,0.9996221717004278
row_025900,0.00014806134542704995
row_013985,0.6468069119143873
row_033743,0.8248801062560183
row_043696,0.013451482017306922
row_028427,0.001734073416016771
row_001960,0.34500843073712095
row_034687,0.0357073016187122
row_046294,0.021206240327786414
row_004649,0.002441148527853952
row_030078,0.017559377281563707
row_002425,0.010930467647812265
row_047357,0.132269296671647
row_021628,0.0074942722435887375
row_003130,0.7166087388701476
row_028580,0.06284457854693237
row_016013,0.016776081948436855
row_021300,0.012584975083018582
row_048137,0.013344150495397068
row_048031,0.05444001200245624
row_042591,0.01990734336047304
row_036052,0.028909897948057844
row_020533,0.00021065313881687828
row_030140,0.1815461094715726
row_027871,0.2980812308796821
row_029672,0.14798940484267725
row_004939,0.021782579960377278
row_022206,0.08562287908172626
row_047478,0.07820271790678616
row_040678,0.03203763276447581
row_032110,0.0002254974631063534
row_046629,0.49281149516190903
row_024416,0.7960743640171392
row_006713,0.004562267135920048
row_026445,0.003292172311294131
row_023916,0.14061564757225747
row_003654,0.0013069729747273281
row_033375,0.0002216707468261275
row_004336,0.5289378624585139
row_004805,0.06766710608619354
row_007055,0.00563298427175786
row_021450,0.0006416885104803456
row_032804,0.6059068551295786
row_010033,0.12457363077321892
row_045510,0.14707933939054368
row_023113,0.02556239226275171
row_027621,0.0012257519501584168
row_036657,0.021645925318037548
row_042108,0.0012843328989314761
row_005336,0.02293569521107075
row_001415,0.020220651553180053
row_024211,0.024830083799554897
row_016332,0.08776611735768372
row_044066,0.08037315500522779
row_034951,0.006527397394796679
row_025461,0.010237547457042579
row_042797,0.006481226785271012
row_002837,0.016500475455621798
row_029586,0.000309360632972602
row_014522,0.004325745576867509
row_012783,0.7084836254336422
row_015154,0.011083693075533783
row_019084,0.0006123803864293194
row_040085,0.07299431839759281
row_000949,0.02225219936344073
row_026367,0.007558156671051944
row_047897,0.027381761652379266
row_034533,0.005774107271478184
row_026044,0.001358031568755292
row_020707,0.4477815717482222
row_017700,0.016683547864061704
row_035834,0.9899039170586121
row_047805,0.21700660732720506
row_047923,0.0020187017695187906
row_021316,0.00412172656574709
row_044172,0.01777117185147494
row_012602,0.3954109213042259
row_038916,0.16614592490435443
row_031729,0.0030924808382731634
row_023814,0.05380507861520063
row_005234,0.10209544524034062
row_031831,0.010970114743462132
row_045556,0.27824847622349924
row_026403,0.5503751679979608
row_049866,0.004788660706491057
row_015678,0.0229031728674357
row_007062,0.02041518576849836
row_024820,0.18607681891316571
row_015108,0.004980335962165647
row_024138,0.0005128189429359933
row_001185,0.07274401587304766
row_014355,0.013255828970001562
row_026904,0.0184068111839383
row_027413,0.03822579131953247
row_007913,0.006456307537936206
row_046599,0.9834227876664003
row_047420,0.028680088051897562
row_030175,0.042094594937488385
row_031482,0.0005041261704098693
row_031283,0.038418070384381206
row_017537,0.4910710463421008
row_020841,0.004561658113407351
row_004824,0.037871327515499764
row_025295,0.0026028615778804012
row_011628,0.010353125276320712
row_003695,0.038668637938331994
row_029057,0.0691614225382907
row_047758,0.02376351161685925
row_005695,6.213618625526611e-05
row_023473,0.0015885089617672429
row_044683,0.015322015069528658
row_010640,0.0026748535868669084
row_018506,0.2289908193793006
row_005182,0.597555288103262
row_000381,0.9939263799539069
row_038103,0.022244081639572803
row_045188,0.1805645524848625
row_004368,0.0027009743535624567
row_034128,0.007164593637470752
row_026419,0.00016375789360638027
row_043144,0.0018193881758791033
row_017080,0.016026871464032776
row_041265,0.014042822583624675
row_049357,0.06954164476296537
row_027048,0.014818033910276421
row_046433,0.04424646521644141
row_013590,0.03100775768672688
row_038870,0.04549450621930633
row_021530,0.21602866675297028
row_013273,0.0012202486539030963
row_015852,0.0009496056147040677
row_038677,0.004107661461969004
row_017343,0.005085823939190168
row_001181,0.3777659455981473
row_041018,0.004825585324633145
row_043857,0.26914518251809183
row_009155,0.005897886336195362
row_038214,0.1257846361190548
row_020577,0.0003113741703458126
row_029606,0.48461938971296326
row_039698,0.015320385053555489
row_014108,0.1277181283244085
row_045067,0.010119387811768818
row_017101,0.09178354582802181
row_041935,0.0032811105703380583
row_047174,0.004053540432005784
row_041481,0.7250119108050674
row_006820,0.0015648921216043197
row_045148,0.0011406143436341219
row_019255,0.1225343569069848
row_035657,0.0018497773939377899
row_039529,0.019279040273430272
row_038946,0.0005524814616318864
row_012518,0.4672379343445694
row_004537,0.004752339801995904
row_032829,0.00036797113786313034
row_013392,0.12215254345664522
row_013358,0.0012266830703995344
row_000757,0.21038199395927637
row_032695,0.18172576063320928
row_023635,0.9927964441670047
row_046944,0.004472286380965548
row_011846,0.04532417055890211
row_015141,0.8018247121957034
row_049169,0.08260776025387595
row_029890,0.039551446989712184
row_024133,0.00344462185317436
row_040561,0.9844035997562341
row_032323,0.029553587703113726
row_023035,0.0013383917023020355
row_022067,0.9470944615633905
row_007465,0.4130045928956522
row_028122,0.47557948107116144
row_017623,0.021704863752793468
row_035614,0.5929649631104588
row_018642,0.7278835923748127
row_009365,0.0064531594267135586
row_014676,0.0008238033644192458
row_048785,0.9128364172197458
row_011954,0.0001606314163837205
row_027636,0.009624279108339762
row_006538,0.0023732396236592506
row_021700,4.0320172594894926e-05
row_038943,0.007128447426623226
row_021493,0.019867317048102302
row_018992,0.012769598987551584
row_034389,0.7045735772370295
row_018970,0.016208438123106288
row_025317,0.006830613546167779
row_028614,0.0005837783636059027
row_043145,0.713377132257258
row_037928,0.9996517763392061
row_005036,0.09319364921285007
row_047576,0.004766099802940096
row_003865,0.17758727954013132
row_014879,0.0003222416773120666
row_048532,0.0032158558002751154
row_024003,0.9991577581170523
row_004631,0.19002420399282693
row_006988,0.004015828625152645
row_022283,0.009481052781614974
row_001345,0.017499823909490564
row_038750,0.0012583962181126661
row_046327,0.0008167620813891382
row_010095,0.0006936660723569821
row_001564,0.00027578704617266226
row_022902,0.003239549421908851
row_026960,0.0018259822418892578
row_011219,0.9199004280914072
row_039910,0.004945172969139109
row_043486,0.21089278354396554
row_023239,0.07805420550099956
row_049087,0.0004498741210247798
row_007252,0.06294543926147347
row_048468,0.010332193206604614
row_019128,0.2885712664602501
row_024815,0.00013810466207166917
row_005025,0.37655746677558
row_007073,0.13057796121902915
row_016358,0.00046735002353826146
row_040690,0.017757493707264642
row_036490,0.05576049154874542
row_044702,0.03444070414101582
row_029631,0.010203145295817525
row_049331,0.006175259045780598
row_019955,0.9544687803422911
row_027858,0.009852761593774231
row_049798,0.3734247874778504
row_042885,0.032459358017758934
row_042275,0.00033741855492133233
row_048789,0.00436802929520401
row_017078,0.00047172305360749156
row_036646,0.0004982355878991675
row_008666,0.018689858938943465
row_034312,0.9347895116029379
row_025058,0.8994471071696795
row_044939,0.0012564454146852468
row_046618,0.0017573284124881856
row_019491,0.008343861676223849
row_030728,0.0023122981531471898
row_010528,0.05012792416499691
row_024401,0.0028967168333442306
row_038490,0.0052775053716339945
row_022371,0.1233914679542479
row_011047,0.6799351754609207
row_018600,0.0803466847830018
row_011504,0.0006544077871481991
row_020362,0.0014120147814934369
row_017259,0.9985349526847782
row_008353,0.015681804208689476
row_029535,0.0016468202126684005
row_048152,0.8455117306972234
row_008176,0.903654693341307
row_006150,0.03880532670480984
row_001106,0.2970904389892845
row_046429,0.0019315262937464142
row_025558,0.0006488159996714912
row_014036,0.8044493009042324
row_005489,0.028277031470382498
row_005017,0.0019567738242972873
row_007547,0.03002570677858692
row_031433,0.007020366403349701
row_020101,0.033059478659853245
row_005679,0.002325700236205044
row_023664,0.005147994318676475
row_023893,0.003194942843591782
row_047031,0.18129724191512248
row_012376,0.005956375922189431
row_007953,0.005425116272170108
row_001815,0.0042139536046960305
row_001460,0.0038789513482383963
row_017736,0.025225719082477793
row_031684,0.8192812427255267
row_012461,0.003936941531438537
row_038492,0.9965631145413417
row_031920,0.028124832116372057
row_040736,0.008358249943425437
row_014538,0.026883209338818128
row_029311,0.06338338214720274
row_034363,0.0104087868375629
row_037460,0.0839584651305024
row_038120,0.0026156032127330454
row_048233,0.6731858536546704
row_034604,0.6353392240297205
row_034351,0.02069274231309292
row_042048,0.1098097290112777
row_006531,0.011122394964794289
row_004570,0.10586701574729178
row_004439,0.24193551398230825
row_045765,0.07620988997523057
row_024415,0.0027493538305608
row_028579,0.0008259680384742308
row_017373,0.00023724500429707536
row_043199,0.042368103468990344
row_005902,0.005266674021949426
row_019728,0.04216353912076929
row_031984,0.0016186074856557144
row_018478,0.00645893442652439
row_000233,0.03223410092477308
row_021231,0.0025032459267671503
row_037058,0.11557959367811638
row_018783,0.007369372173305309
row_044028,0.6826299227484386
row_006155,0.15171283401470484
row_012287,0.020099187212040417
row_008334,0.0006780137585675699
row_044860,0.10610870060917692
row_031197,0.20144785930255743
row_017676,0.03639139875538849
row_024948,0.01906762595139462
row_030502,0.001125606397493918
row_038039,0.09066272551892876
row_012793,0.07053870741545659
row_032900,0.1675352621303932
row_032824,0.4208213799622265
row_023251,0.027327228920215305
row_015144,0.0008253469519535388
row_024661,0.514411700450357
row_011944,0.002601345567920609
row_019929,0.25262947935840196
row_024733,0.0009758103778587408
row_011501,0.003618135817530588
row_006095,0.008790555415004923
row_026192,0.011518627290400105
row_048087,0.09345588080241572
row_009031,0.0062324251706115125
row_034479,0.13292953512285222
row_035554,0.016979601739970457
row_018866,0.35058412242603
row_044314,0.20215990754687613
row_031300,0.20766338880552113
row_033594,0.01091794125591685
row_038597,0.005155490160008588
row_017410,0.0006607007395657877
row_039537,0.0006682518508585623
row_024048,0.4743271727258138
row_025181,0.010963466486524565
row_004566,0.0015386589001092975
row_046602,0.004281286527958955
row_030816,0.017979086494524177
row_049447,0.26535484398069936
row_032182,0.0036317638813132365
row_039631,0.007262663402069162
row_033918,0.12206878883673743
row_040191,0.002395303903264307
row_034748,0.01443137018790552
row_019394,0.40115205540812904
row_039728,0.0021548959532201846
row_048202,0.003923664048989227
row_034384,0.17288328347287385
row_041988,0.031177065576454402
row_035278,0.018883763708259633
row_038148,0.2714944977845918
row_012942,0.05139523612596514
row_023243,0.16019762523807368
row_046740,0.07866638866374873
row_005777,0.06828864610896573
row_011685,0.035737627688567856
row_037909,0.1481863912443663
row_000442,0.005215441920817505
row_003984,0.08837560919388651
row_022778,0.0018281309523145485
row_034641,0.006767791158652933
row_016552,0.3105300554040987
row_030115,0.8937946911790768
row_042324,0.1143436803626129
row_014193,0.005628192086287215
row_002583,0.003328697792207724
row_003354,0.12518487484459734
row_032207,0.00021600893291984504
row_008989,0.037389741591879785
row_013302,0.16724839012647907
row_037256,0.022432983191258297
row_025869,0.00872093110079641
row_015672,0.1404852398866641
row_017701,0.017757190489610518
row_001856,0.068734089907842
row_015621,0.4475620647834766
row_017905,0.5063312734243485
row_038981,0.0437454328370273
row_005407,0.17232119055563178
row_018874,0.66333576177163
row_039477,0.1555408582155998
row_048774,0.5343299885142614
row_024447,0.155729760584845
row_041815,0.7831966628056957
row_040759,0.0013536002274705376
row_018449,0.00022253801352611598
row_034822,0.046555508623091074
row_019832,0.030178737932844202
row_043158,0.01234662658629292
row_028150,0.04843412278978261
row_007221,0.011967357492344094
row_023148,0.15136816410385853
row_010169,0.2672537271606884
row_046681,0.05181781191793671
row_042683,0.23565002061573492
row_026531,0.0008312166820418219
row_038474,0.9621916929504752
row_025801,0.011201068769400281
row_031476,0.3140765049005485
row_049019,0.032644788559681386
row_029055,0.0011824697809568329
row_041511,0.0019246775850677261
row_023283,0.13785754765000635
row_008251,0.0049222813046145945
row_023345,0.011565512069142492
row_041978,0.0011973577992730941
row_035349,0.19531391853982655
row_042512,0.16376342095181223
row_030234,0.006091346423093742
row_017585,0.23135741784271488
row_004246,0.02955263666679184
row_048611,0.0020205490420639764
row_016071,0.03667700483353668
row_002983,0.002710587663950776
row_013459,0.003100433680969782
row_046683,0.038520049532377226
row_044430,0.002998790214410907
row_047894,0.0014760071441151633
row_024408,0.0022092885272416143
row_020978,0.006910961161714297
row_023610,0.8907714495003174
row_000758,0.00019582911189032807
row_010824,0.0002605421160121758
row_001421,0.00128133439518502
row_049410,0.006798428244894373
row_039181,0.23466195037158152
row_002040,0.003278770889642497
row_035922,0.0044804516329561075
row_002560,0.005984308307585213
row_044682,0.14028715192539815
row_037465,0.1887965146033766
row_037535,0.004210079621992116
row_042130,0.004793405790937172
row_039085,0.3093533191940582
row_000256,0.1297213555876717
row_029495,0.05469588495064306
row_033907,0.035099010564516045
row_018445,0.01762295751294581
row_020868,0.4789372327087393
row_022693,0.03493262530453849
row_010226,0.013417270941220381
row_034890,0.9547680999441972
row_038785,0.05011734531522112
row_012749,0.037748667560368335
row_041568,0.13345908375534982
row_042949,0.0015315208774562986
row_045674,0.45714604629814537
row_047677,0.014415711680688566
row_037490,0.001668432250073373
row_005774,0.005256131801503604
row_045238,0.4426135664576505
row_025298,0.643878305798945
row_013679,0.926578948589699
row_037836,0.18081051683534463
row_029378,0.00016488614263219001
row_007581,0.015776883244328743
row_043244,0.22284966479387358
row_025861,5.5186382628886274e-05
row_000052,0.004935491892739311
row_033259,0.0018787532776616328
row_045082,0.119636885767197
row_002883,0.012469279588913439
row_004176,0.046751031908787016
row_036927,0.3225868668936585
row_025926,0.09714529806424838
row_004632,0.9997868447319542
row_034345,0.009290140674493824
row_019345,0.0034036823379943485
row_018185,0.036411819167815995
row_023546,0.006380842164180183
row_016749,0.5450627609798016
row_010489,0.015262973231587262
row_018087,0.021255345426518673
row_040052,0.014642941917376927
row_002932,0.034554509052429065
row_027130,0.1321245239243395
row_041853,0.019752576456467774
row_012495,0.0011596491957854315
row_035143,0.9932722641921288
row_022585,0.5082949874242603
row_029455,0.0011101632638999268
row_022737,0.0037619719581592614
row_020529,0.1446577279862563
row_006611,0.0006729303467452885
row_045879,0.003605560821759575
row_006447,0.008792905874531342
row_008001,0.00016841487215784844
row_020439,0.4276162612405294
row_002071,0.07858675667532646
row_017893,0.18323220161093678
row_036936,0.0015139186113050755
row_017998,0.0019068351768301737
row_014250,0.17749604069484692
row_010579,0.0062939868898020356
row_033126,0.0017378907904722826
row_015796,0.005976482555660308
row_047503,0.5068713275135497
row_015731,0.029425726065589932
row_048213,0.03820748901964067
row_029469,0.002377126934002482
row_047498,0.011615972788063401
row_005342,0.004282375703093574
row_010974,0.030374504687385572
row_044055,0.002100759726006691
row_001905,0.0026287805719433874
row_041863,0.03278124213451417
row_049731,0.6561679962820394
row_036730,0.01293362146431359
row_005335,0.13793416143433257
row_033629,0.0013941658417155778
row_039391,0.2879901090478346
row_040135,0.0003439947672422768
row_040438,0.9751401153386536
row_041900,0.14559448323332838
row_007688,0.00010008138117544877
row_036668,0.18144273473145117
row_008933,0.721051454858342
row_021864,0.008063642042494887
row_007120,0.006002847673180387
row_003788,0.018281726810117097
row_032154,0.01045071685020725
row_043796,0.04410589771841729
row_009432,0.00025783437264150866
row_039505,0.23423485517523493
row_006640,0.04144815779813065
row_015955,0.01127475480868858
row_031636,0.832168165050377
row_022915,0.49308470853450526
row_014353,0.00042676953879461783
row_010734,0.014048426638671181
row_000720,0.0009999324923704127
row_017275,0.004684985370612937
row_025006,0.6173343655066714
row_020961,0.028768703637527003
row_047607,0.0006642283028658165
row_046929,0.01976262930170533
row_029067,0.01021624104165622
row_021393,0.015895809691389397
row_048659,0.0017936990881346052
row_025757,0.003433078728654334
row_044231,0.04046899997568117
row_034446,0.004676952294947612
row_004722,0.08117271654785335
row_004864,0.014859071792800393
row_025870,0.0022003855798192577
row_019393,0.7671580254221657
row_029738,0.14505392114548585
row_032249,0.01259604060968252
row_016239,0.3442584744556591
row_000854,0.16018037687312142
row_023607,0.002448155669625721
row_016095,0.9335470069840628
row_048499,0.005175693947319835
row_043737,0.0011908791166898424
row_034835,0.01897592375391014
row_000925,0.036921709886738444
row_037800,0.0007436771519337103
row_000038,0.49313088914762593
row_007405,0.0624456555352484
row_040044,0.00022384833047242212
row_027031,0.10563088675283984
row_041920,0.3827587917685511
row_034325,0.014486758059231556
row_030954,0.00010845335580498042
row_021447,0.015240165974692688
row_002663,0.36168883126201395
row_043180,0.046750444144139744
row_026011,0.024130543889598
row_047957,0.23286518740077775
row_029662,0.003198133454280805
row_020483,0.05413821838057099
row_001603,0.9639336538389829
row_039004,0.009438032761105924
row_019420,0.04568383448842477
row_016464,0.03907159506753109
row_023748,0.003334941910016449
row_027904,0.1874570829823446
row_030221,0.06131511434314252
row_011980,0.29628215433756333
row_027504,0.008681850342613711
row_046239,0.014656065080924558
row_024745,0.04336604204926778
row_026781,0.0019657988203011416
row_037403,0.06479657099397594
row_020503,0.9985218987928866
row_006072,0.50218819086647
row_013568,0.003896563147653407
row_014486,0.0029024165450046253
row_024424,0.003451864581041707
row_012808,0.03617371533991066
row_035772,0.0007904974900146806
row_005444,0.03715433350599308
row_046936,0.003227174871037068
row_021206,0.023318996491205817
row_033602,0.001793555778480373
row_010566,0.8551130018665462
row_000213,0.021282784096157838
row_044335,0.0035317937416994415
row_039481,0.018995925750406963
row_017185,0.017087148131022103
row_004858,0.9252369840286143
row_023655,0.004560397162039147
row_009609,0.19614515137427627
row_005296,0.00021557383154894327
row_034681,0.001638105860959181
row_043826,0.257397300599833
row_036763,0.5066860851145226
row_042021,0.002224638913350071
row_010467,0.0038231865577526207
row_006946,0.000483708709199408
row_040034,0.3061313540597689
row_014107,0.016931523352473103
row_019247,0.010722126906497799
row_035715,0.9929056227015816
row_041818,0.0015554316539707512
row_017759,0.0029348018541350343
row_036724,0.05170135759700021
row_006102,0.00031725570919422186
row_021942,0.0010354531848975682
row_023433,0.21998913527781816
row_028411,0.0010567478880649029
row_048915,0.10162537948626874
row_036681,0.23218036239593387
row_010761,0.047544905109741076
row_032063,0.5581728926297604
row_008698,0.00837083066394162
row_031212,0.0035913464649542253
row_042427,0.5025884789268572
row_018456,0.07207624791871291
row_047941,0.025382334464212508
row_028627,0.030304394584599596
row_030420,0.008428871345115137
row_026269,0.01679081064659406
row_022338,0.18926780946705485
row_043043,0.030692472397571068
row_017628,0.7165815965584209
row_010735,0.0034210114412399142
row_035444,0.011336118634730084
row_048724,0.0053002427718356875
row_046211,0.021197305684879507
row_037595,0.7689773973201821
row_003588,0.024953333912251463
row_013483,0.0017210680713865383
row_013849,0.0013455665832731152
row_001584,0.00021539370242630514
row_000950,0.8069132816882978
row_009902,0.0014399621809633749
row_026118,0.055583386173857274
row_020900,0.0002663096716688985
row_008238,0.15871044300858225
row_009042,0.9728610714040345
row_045687,0.008402373103514032
row_024375,0.00930775550215621
row_031544,0.28736302088345766
row_004733,0.008885866140072972
row_046578,0.9988469785675069
row_031020,0.0012364565652073598
row_036887,0.0010619311928743613
row_011382,0.11467144958919362
row_046053,0.10985125152584073
row_015922,0.03723647541490255
row_049779,0.16791834713294057
row_014613,0.2567699375045377
row_026019,0.0708876050466923
row_003617,0.01696241422999943
row_001493,0.0019704441112697326
row_024425,0.02325859802592025
row_005552,0.0009742996198838482
row_018197,0.042686299391691884
row_016914,0.024852607007657367
row_030112,0.00014249728000746928
row_021070,0.6775126942987513
row_040701,0.0008838892777784954
row_020671,0.749221566436864
row_034855,0.000701471442649192
row_027470,0.06889581617089252
row_016289,0.1165378224742647
row_011070,0.0024210275346834118
row_013143,0.0013333882664553628
row_015087,0.010872806760654632
row_026546,0.0031784147810961076
row_014335,0.1529213799782739
row_045273,0.0013405836664403177
row_030974,0.9033051697149004
row_027022,0.6440545429270486
row_035384,0.728322547508725
row_038941,0.994522720444315
row_017396,0.9992531763890509
row_020940,0.8279558899121577
row_038747,0.060194874434651144
row_043511,0.004805365843241727
row_032431,0.0694393434968135
row_009306,0.007164939730994794
row_041836,0.11796432232551365
row_041861,0.3045799965158382
row_002072,0.0004820064711404322
row_038436,0.005587774884442604
row_023133,0.0436702621453573
row_037626,0.2059676084055134
row_042733,0.0018233073944038222
row_010925,0.021016156646018795
row_045569,0.0002281100179819118
row_030425,0.006191180262922324
row_041139,0.01135736743371334
row_037634,0.0010399781084993078
row_031076,0.004415609870714604
row_019009,0.005403610499053538
row_041068,0.2738745496581295
row_013655,0.9951418328306072
row_025023,0.002192041227347904
row_046705,0.012987315032680956
row_025267,0.003236650655558732
row_004985,0.06094275846877161
row_005040,0.15744723448033526
row_028061,0.04050729045404083
row_042598,0.00816545014576162
row_029409,0.0060175971725545205
row_026537,0.00020073574747603786
row_027214,0.30845410616617136
row_041067,0.11130226764750685
row_026316,0.0001451185844109788
row_026078,0.21274259622762098
row_043546,0.013068186248814048
row_004307,0.008303353191256694
row_005399,0.008648850199370879
row_035605,0.3529195949643021
row_019643,0.025300325199529343
row_011588,0.0009818014524735823
row_000030,0.00023799185438652475
row_027816,0.011540018017717795
row_029915,0.8935255223884913
row_018761,0.0007366713977101827
row_038267,0.03303546297872222
row_013564,0.009389120713115524
row_031182,0.008273878258984053
row_004328,0.028643944995590052
row_013878,0.002667326437311097
row_047150,0.014911084306175354
row_028709,8.357897023783111e-05
row_035289,0.021264174391162266
row_017897,0.00307151728330246
row_027872,0.009502918674908758
row_012381,0.6961600686085123
row_045370,0.001119954571470953
row_040539,0.29532968667648746
row_003912,0.09363853850436582
row_002906,0.36139266193940756
row_009301,0.037728079862097225
row_028513,0.15768166891453844
row_024107,0.16185465934815937
row_014783,0.011542064645089537
row_038069,0.00017520412332076613
row_047320,0.1233988896616321
row_035527,0.9826578128011914
row_014408,0.0004995383951132249
row_022405,0.1829912538700975
row_008360,5.165861074330183e-05
row_004991,0.007772209472473382
row_023131,0.0019222666389370484
row_008478,0.0028341765454153994
row_036794,0.003720234345341812
row_036110,0.09035330846638664
row_046583,0.7977421808908468
row_040300,0.004153748263029191
row_045003,0.7474309135392836
row_012389,0.5634484810810423
row_005029,0.050825002462665816
row_013830,0.029228568088009457
row_004416,0.08306050907706719
row_008212,0.9129538442886115
row_042574,0.12178385877049062
row_014847,0.015289549532390612
row_036185,0.3618109385319047
row_040923,0.031062941204493325
row_027651,0.7082607699507418
row_043393,0.02728512637296137
row_000818,0.00036681143874643375
row_018012,0.0070380148588123715
row_048187,0.5565259358351899
row_000693,0.0168207394484665
row_045305,0.5563060195165666
row_036693,0.9721635707721603
row_003723,0.20520215240513434
row_046517,7.394786261886641e-05
row_036840,0.006842182092936738
row_034529,0.27809004546959754
row_008530,0.005062653426626318
row_004556,0.0002592672937301754
row_037108,0.012289142880655978
row_041849,0.7810500020696136
row_002879,0.0017377912692275329
row_012949,0.005595422636916735
row_002598,0.008667870936317733
row_042070,0.9994868679596731
row_049729,0.6164698581378218
row_031406,0.9786630604672039
row_017694,0.009062776079214676
row_020147,0.2699689385807053
row_005701,0.0026639758545580995
row_005244,0.018877717320754744
row_038580,0.39018494386835156
row_003939,0.0004286520209757635
row_002335,0.0020008248620778275
row_040639,0.9958844387074042
row_008953,0.01563697698454514
row_041283,0.04009610082746499
row_047992,0.301449177038269
row_005236,0.0021129609829221904
row_014537,0.00029543705547381235
row_001029,0.0040306827870790485
row_036786,0.0007349734255614447
row_039676,0.052163106550950286
row_033154,0.8931116909829272
row_027692,0.0006198381506710186
row_038908,0.0018740283487301097
row_027789,0.29828502392262535
row_003062,0.008315147271444032
row_027299,0.0033715416765435777
row_020647,0.9999188026151538
row_006475,0.026716332524088768
row_012637,0.0012665475738378544
row_035731,0.005047214572397616
row_032873,0.0015169027281293566
row_047078,0.9459064966202697
row_046663,0.04115571700287804
row_038813,0.008746461955456364
row_003783,0.0004622685875972311
row_023639,0.12486909165608645
row_010606,0.2320087474294807
row_008551,0.03220508218073398
row_020642,0.00042773954053989074
row_041696,0.01630071410081018
row_017648,0.010056781135762551
row_023761,0.0023744726169304016
row_032681,0.4291846582790312
row_009186,0.9712585118582748
row_006214,0.002713994425791678
row_027972,0.08319755212675503
row_014378,0.003306460386150318
row_043852,0.01066746331044233
row_022882,0.000976316449301606
row_037134,0.2385167269532862
row_026144,0.022713022830528343
row_001400,0.000557695938391975
row_031275,0.0860266632947501
row_007812,0.7342450267032955
row_045720,0.0010114693152335225
row_034794,0.0006830039550877556
row_040659,0.0643206011132218
row_021034,0.002999567988119522
row_011755,0.0060021981606259095
row_044395,9.087089593111375e-05
row_006972,0.06980013066403926
row_006991,0.1725815066353077
row_046179,0.789288067163064
row_032391,0.0039980749197593216
row_022083,0.011291023396871616
row_010298,0.13264957784712844
row_006905,0.012694578797585992
row_003116,0.007792788652155844
row_031049,0.017099018666205123
row_000368,0.0004469490194395292
row_014702,0.0010552134556032723
row_004984,0.0014902470329327144
row_029224,0.00022976657235771646
row_039278,0.00299635339140719
row_002152,0.09368223271530579
row_034190,0.0016831052636558218
row_020093,0.3083623625727278
row_002099,0.11243451037211853
row_041307,0.004241683463757234
row_010441,0.022347124280112398
row_020430,0.005342219538221351
row_041891,0.0038135724216279802
row_043667,0.051440091717294883
row_046692,0.005297968714777538
row_033226,0.013537219268246525
row_021962,0.12658162317127222
row_036354,0.0003019037838446289
row_007805,0.03647464785948244
row_023056,0.0032026783276082995
row_016495,0.004243118785809104
row_000310,0.0003348203095349617
row_048150,0.010569395442061345
row_005659,0.0010151873160912709
row_023086,0.0001232792986410318
row_028588,0.9483885786003055
row_043954,0.00560383949334664
row_031718,0.03767099468427602
row_020827,0.00018855018087718183
row_044930,0.014959367176888163
row_012798,0.020540168926718626
row_030023,0.0034770394936277666
row_026855,0.35588121228705355
row_038027,0.363644000236743
row_022744,0.003529879098685483
row_022992,0.00653696643739586
row_046807,0.002257051464399043
row_047421,0.056522016948894874
row_043693,0.006589948507781655
row_042630,0.001827395750129491
row_002838,0.0015199322746033501
row_005893,0.1881055925415825
row_010410,0.009535721760251277
row_031149,0.08047704676832877
row_009289,0.3839658669175969
row_014562,0.35708093197883795
row_003582,0.0041774930290231094
row_002921,0.12214569927949687
row_018155,0.00021466208102994264
row_025470,0.22854869761619812
row_040339,0.27239066889358143
row_028801,0.0013191904879818741
row_014675,0.0028959448025487476
row_040327,0.005387922084990889
row_002381,0.9977962650714972
row_037784,0.0014378983897308157
row_025432,0.2910592617091513
row_017523,0.05057557241753219
row_016996,0.020257821004410082
row_012241,0.0013259414011410828
row_006912,0.05912318955525738
row_042042,0.30724595037496516
row_035264,0.004373117630291237
row_040509,0.004370995330277754
row_027575,0.22589282990853765
row_026312,0.06276664641041564
row_011304,0.028068720451422106
row_027129,0.0407046086421672
row_001878,0.4273119674103976
row_008549,0.6912581497212282
row_032314,0.056487669197298515
row_004735,0.3405370723142596
row_014013,0.0010544758631538666
row_004350,0.007538785847618142
row_039356,0.03674258573220611
row_040319,0.0032628084485795093
row_002306,0.9396407798323592
row_049876,0.7782971913905656
row_040030,0.0036561819416841322
row_044142,0.0032880693364360095
row_015328,0.010313099366265496
row_006015,0.993261471638599
row_011415,0.0012042583098538268
row_014395,0.040318872317295126
row_010436,0.00010950334690603921
row_026273,0.00026514754801923186
row_013187,0.005218891233197213
row_022692,0.0016940636735599261
row_010474,0.0005270609706759736
row_009354,0.002615128196946759
row_021284,0.0026093036762282213
row_017732,0.011605565430630113
row_045552,0.0935250584337648
row_023142,0.07826418491326859
row_015020,0.00657506040505175
row_039050,0.05326722556771048
row_020028,0.023356073036271727
row_014394,0.0001898543929585991
row_008232,0.0008204183783000018
row_012654,0.043516002768899005
row_034462,0.04185901543072585
row_020502,0.00045424501170798434
row_005109,0.005425385437715257
row_015149,0.010706130398274161
row_000641,0.0005506217098983165
row_017144,0.0358388970174711
row_047413,0.04832750090474707
row_023055,0.0026834212322815595
row_025236,0.04241907453312895
row_036363,0.006136536209781572
row_047944,0.000558870417886528
row_028309,0.9413919374353572
row_015079,0.08295225083848139
row_009296,0.01247528919620109
row_030550,0.00454625017382899
row_010387,0.0006235082693444245
row_045543,0.9997221631620404
row_029527,0.005020043716162919
row_037521,0.2636849520507878
row_046114,0.002545202774362912
row_044551,0.013337661999138599
row_010510,0.0135573504825299
row_044446,0.023913781620951133
row_016364,0.0029890950514816312
row_036805,0.0007816911416104128
row_017745,0.018566220819087403
row_007659,0.0032962277615451695
row_020099,0.012582199109776778
row_035873,0.0002962541931362567
row_048584,0.021003297463016997
row_041826,0.14420663396379196
row_046236,0.005323998155085724
row_010941,0.23691676035426323
row_047030,0.09242666842670838
row_017854,0.048457457948604656
row_034124,0.0008323979844029764
row_029403,0.0007069352327939147
row_006951,0.005935598258649567
row_038395,0.34686330877895055
row_021953,0.03348327036382455
row_030297,0.0016057824593498041
row_042999,0.002631546813275621
row_027583,0.11398531056846925
row_029557,0.002018448955117611
row_001802,0.006233874023656842
row_035693,0.08727720563854947
row_031430,0.02478795668033923
row_021838,0.0021722850863066983
row_001918,0.06389020295409298
row_011316,0.2348166492496052
row_004470,0.03572621128847104
row_024306,0.03401852387607959
row_034756,0.0004940729486650081
row_045105,0.5352404979851368
row_044970,0.11172241523296708
row_000072,0.006061097254999478
row_018579,0.007820695899300465
row_041622,0.00919948336840687
row_048903,0.11227012152388299
row_039255,0.3300150257921609
row_008316,0.004273505320601113
row_036328,0.46974115381674075
row_020781,0.8553896914964767
row_009248,0.01872352326533131
row_035568,0.017149023390474416
row_016584,0.11972844149991405
row_008323,0.006650829978036083
row_008906,0.015772254195514705
row_001215,0.018776109130354074
row_040470,0.0020085541595604643
row_019742,0.008986157558706992
row_020013,0.01080208221931402
row_006801,0.030800493597521836
row_004201,0.01941350756037363
row_021956,0.001456325458732415
row_030099,0.075831388573096
row_006328,0.05473005914664446
row_016968,0.003210774826261754
row_012525,0.0050555989729093725
row_001130,0.9217006310384387
row_046896,4.233377754382985e-05
row_023208,0.11152090640366859
row_025336,0.02661067546074449
row_001876,0.009347501920696341
row_043400,0.8234077590501582
row_026085,0.0003061990808269509
row_038816,0.22464627505767937
row_045061,0.20945120274000933
row_041958,0.014995015721028933
row_011662,0.006183636696808525
row_047441,0.003783861870447114
row_049045,0.0007292961145040537
row_037269,0.013900986845174726
row_038613,0.0002843481441735028
row_048505,0.8992660138301756
row_029843,0.04186891866586584
row_003144,0.019372514049931146
row_030657,0.20735276640323996
row_013432,0.15172969540885467
row_047278,0.16252994590468461
row_013044,0.013427440206941702
row_046186,0.0005630448735011456
row_009546,0.09232017429839805
row_012170,0.9991630533116939
row_027986,0.017229435796074076
row_001207,0.05890709780325886
row_017577,0.010287563073519752
row_000855,0.018996239437009645
row_013570,0.36374398249801887
row_047901,0.010477267114034239
row_025228,0.0007047675682196983
row_020287,0.001149923564294241
row_021563,0.988520766579992
row_038964,0.03192576599354769
row_002347,0.025822029097880183
row_042089,0.006655344282550823
row_011748,0.09226974791721235
row_004927,0.10431374341725651
row_010323,0.2559606563036131
row_010635,0.0003350567399915047
row_008674,0.010514655072020583
row_032538,0.01834885928169281
row_039980,0.0004120100169738846
row_042071,2.0151924067848665e-05
row_032410,0.15429738619505867
row_017089,0.7509841403398148
row_024320,0.09174875566561114
row_044949,0.008726335101221488
row_016321,0.10196361331529796
row_047350,0.007900350598583426
row_019624,0.46681972157350365
row_025083,0.561722774439737
row_047203,0.6041647523188346
row_015069,0.05674854987192532
row_043681,0.11984584895292985
row_033183,0.9924644758299606
row_013093,0.8727590375618872
row_040812,0.06669036023505459
row_015666,0.37594688301982465
row_012534,0.0069790374324968365
row_000826,0.0004938924594379557
row_034492,0.9175595605056766
row_018096,0.6674406254323659
row_036854,0.6257884262812305
row_014303,0.04328608290256006
row_006196,0.9053051068833613
row_002849,6.203678625685345e-05
row_027430,0.08910536820991433
row_036780,0.7919208371278048
row_002654,0.0016061331894512702
row_006847,0.05578794772322514
row_038774,0.0014037410036489555
row_041165,0.12138164116714614
row_039945,0.0005296799414166661
row_015626,0.01310703858345779
row_015275,0.07811433830781234
row_020920,0.1429198505704822
row_018114,0.49972302137573016
row_024118,0.6106244551069013
row_025324,0.000862300649060683
row_039192,0.007641476163630432
row_016664,0.0006811893122721099
row_035604,0.007773908848133448
row_023816,0.1190807008608846
row_032601,0.955922461154946
row_002351,0.0029317702160129248
row_035498,0.0252030143818467
row_012738,0.04759848453133019
row_029894,0.005783333253151913
row_024596,0.3955652125953296
row_042883,0.38841258061793527
row_048921,0.7173365724867334
row_023418,0.02351168799250585
row_039360,0.29968267790004455
row_031889,0.01310933781559917
row_016343,0.0035810924628333564
row_048439,0.001070906992234881
row_032734,0.037501096309349835
row_036133,0.06195768238568413
row_026893,0.002342733847291821
row_034906,0.9945640667606548
row_049263,0.8663761835074051
row_000304,0.04192905379276998
row_039275,0.9930732455917365
row_035797,0.010435848446084552
row_014547,0.23519541310142078
row_045984,0.2556184835258542
row_000978,0.9888363416836876
row_018988,0.3232348617688435
row_034396,0.9977815015968683
row_029643,0.03146562443282485
row_031129,0.5255702077596579
row_023682,0.0033415897136824225
row_032701,0.015065219859453235
row_006548,0.0035911536793510647
row_006517,0.9501695227110247
row_031805,0.4856666897566709
row_042881,0.016127478478699345
row_021767,0.0005304685679965766
row_029126,0.003304632203818633
row_018760,0.011681045382325837
row_035738,0.57997851803367
row_013023,0.22966844594435132
row_016542,0.08163890644595648
row_007081,0.9995885508088131
row_003572,0.017010495694691125
row_006226,0.03046651512686173
row_025505,0.1085445387553461
row_017086,0.18360687581706142
row_022549,0.0829103012979335
row_006448,0.0800498176357011
row_017082,0.005029469028064931
row_022079,0.12128454011694678
row_044556,0.011027132927959635
row_016730,0.07254325990859899
row_035814,0.001439177430388795
row_035846,0.020228906811090717
row_000112,0.0984284651483025
row_004622,0.0026273270754895847
row_032799,0.5277795322310981
row_027217,0.7900155772104582
row_042907,0.008151584267385482
row_027901,0.020501019574449744
row_033810,0.04000264870296112
row_009469,0.00730092275268057
row_047185,0.023660093611435517
row_024004,0.03352557160054703
row_049927,0.2048639791772502
row_010438,0.01782707343139972
row_049920,0.19415978322085503
row_001500,0.007812769242451716
row_014424,0.9277664652576529
row_032945,0.0023086876706903546
row_048313,0.09409231788518185
row_017753,0.13769855320936836
row_013992,0.004331016397384092
row_009461,0.0004376395150279212
row_014008,0.006119963937385313
row_036094,0.020361227842528973
row_025547,0.026342274839891957
row_001823,0.014480926789936479
row_020485,0.1023458526520554
row_033423,0.005684090835395772
row_014468,0.00767123641395401
row_043125,0.8212843134703286
row_032296,0.941027864055078
row_002580,0.14386309664984043
row_004309,0.047439040857135566
row_044677,0.0020326909855200134
row_049108,0.011675794372946227
row_043928,0.007260669826213229
row_016747,0.014488684190761887
row_025512,0.0003084002082354161
row_041188,0.004984874186979483
row_025147,0.008511132727869394
row_006789,0.9343087041151368
row_016241,0.011464554489465546
row_001632,0.01100988275556759
row_013073,0.06956875638956332
row_034731,0.013561496439494645
row_032299,0.00028690356651980505
row_049066,0.00045695012871960075
row_013717,0.04524264928485209
row_027561,0.0008398397230641192
row_014156,0.00638887570478448
row_025350,0.024623185994982998
row_035074,0.31546226146551537
row_034898,0.008896053057627022
row_031712,0.699480406883416
row_025249,0.003238608931742962
row_024167,0.0003506667096795199
row_004441,0.008208672425037875
row_034262,0.0028710989653070174
row_007239,0.0008921747072475386
row_029726,0.029810067041410884
row_039753,0.11259283084100401
row_001059,0.008072809364177126
row_035593,0.3719950436987111
row_044977,0.032793014545688184
row_034105,0.9286206293689492
row_019423,0.014179296594719011
row_011114,0.1723743856595636
row_017973,0.002836747566923154
row_041394,0.006241535003469734
row_001136,0.0447991769824107
row_037903,0.018185243140078425
row_019817,0.006293975967278204
row_017062,0.0004293498768019046
row_014306,0.746223178578952
row_045461,0.09926471045130947
row_038450,0.3484077275406254
row_045141,0.07508358361197716
row_019437,0.009805157149257384
row_000110,0.9296449094702813
row_010382,0.08392768683937202
row_022332,0.9895997868377009
row_039809,0.07646682596036933
row_040761,0.12286299181785912
row_017950,0.11183354141127988
row_029288,0.045735140186749235
row_021597,0.016649820005806802
row_024710,0.004088435187374463
row_002166,0.025359467525562156
row_029429,0.0052810014371354715
row_042944,0.010807114118762253
row_031514,0.0003898705932243909
row_032120,0.13739831673970637
row_039196,0.2752051674859969
row_045279,0.6552840829748183
row_017169,0.05162668741919983
row_016750,0.2663961916106956
row_015816,0.006717607117718431
row_049622,0.0017290131088025294
row_012562,0.9558218791791746
row_001967,0.8861849493039777
row_024605,0.010465854551956123
row_013178,0.005728960501505501
row_040089,0.16356845123586145
row_002461,0.026432461582766444
row_045474,0.001774240704190268
row_047204,0.2151279590646542
row_020446,0.003913977818576411
row_041185,0.0225602588967993
row_042196,0.8543908411575181
row_000354,0.011265066833796564
row_044584,0.10557333010069614
row_039776,0.01236711000415832
row_030423,0.0350807778551314
row_029119,0.0015067075278255128
row_025597,0.17601210357736388
row_027062,0.0003882901973312628
row_047516,0.005406449151862967
row_042906,0.03273341432042791
row_024813,0.6224094834649394
row_032247,0.010741793261568988
row_014820,0.0003328905923002366
row_019235,0.24725213745415064
row_031185,0.16367536139430838
row_000856,0.057152558167792036
row_005645,0.9998799584318081
row_042095,0.9690249864893418
row_028611,0.13125016028814748
row_008310,0.004630928905587142
row_026130,0.0012444860823967528
row_041220,0.017722775862292053
row_041377,0.022850978882404588
row_002329,0.09706808183929427
row_023474,0.0005658547139712409
row_015105,0.03556357719254587
row_044814,0.019090590385418077
row_015411,0.007974577453325311
row_046405,0.010636696398186993
row_038367,0.004497589275496832
row_034304,0.022233603092693524
row_011757,0.014491300941836023
row_028277,0.7337106654087882
row_022472,0.014824220881813763
row_030229,0.0037729726817994336
row_035932,0.7837092327172726
row_043184,0.034891963825407685
row_046112,0.06052805631980783
row_002586,0.011867601138556073
row_040440,0.00024377518579863137
row_046312,0.7902812408269102
row_032433,0.008900808500499052
row_025962,0.012615200601275989
row_045878,0.08243646472165889
row_045027,0.41039734742353295
row_035404,0.0017053306509521645
row_029949,0.0020564988423664088
row_027760,0.02862849502272441
row_023016,0.0002564965112685305
row_012190,0.0027062713365706035
row_034825,0.09323536979382807
row_033007,0.759300485241851
row_040019,0.026153847800803064
row_049243,0.0008444697890213153
row_023591,0.1579984354075327
row_000344,0.002199021416361702
row_027057,0.4180565976188025
row_011383,0.0029161236028428686
row_030220,0.11872956780643239
row_033553,0.000821110874082139
row_026817,0.00819584644533201
row_035300,0.033084590858820526
row_008826,0.6048191654589214
row_033955,0.001961708219487779
row_035783,0.00102072336183878
row_021215,0.4165721347342224
row_025952,0.0027693035655586215
row_043864,0.8805147092673444
row_043403,0.17147524605008
row_004191,0.07400181518766089
row_010000,0.12506402541644357
row_041009,0.15214496065213423
row_005668,0.0029460056728506925
row_007340,0.03223214508683347
row_017850,0.11549905091601163
row_001213,0.03658712051449546
row_035773,0.009567349674291495
row_022804,0.0015176382045840914
row_033004,0.9995429293554754
row_009611,0.0013454183974554437
row_029295,0.00022973837802583373
row_008368,0.003456181514186622
row_018436,0.03994461379247072
row_012226,0.043046397212070986
row_008992,0.004440367429507671
row_000203,0.16919360804125463
row_007041,0.054583827292500706
row_022151,0.01825970763618459
row_034718,0.20349142835418715
row_032032,0.00674138598920049
row_021186,0.0038609709954660204
row_000410,0.599231874312522
row_042752,0.9994373011096795
row_013531,0.5136979775922762
row_022282,0.00258494442738738
row_023370,0.0037342126664625516
row_045383,0.07809175720614064
row_006883,0.0036453833141058553
row_009173,0.01064735138884221
row_023186,0.9475393439516557
row_020330,0.019726967732206294
row_034972,0.3061279479428609
row_012186,0.0017059317066015752
row_004594,0.22889603599265695
row_006855,0.06970198557897933
row_011635,0.0025693489707606246
row_027853,0.0027123443189099507
row_036624,0.012725463002126045
row_037734,0.0013446225230005504
row_032718,0.23904509615912822
row_003219,0.012627899387740872
row_034317,0.024475899012293086
row_007290,9.423494490319381e-05
row_040606,0.04537387274885472
row_007753,0.004946738012256842
row_005438,0.6390959379005636
row_006609,9.851210399270543e-05
row_026059,0.004209475955512946
row_032977,0.0023474710600513496
row_033292,0.2992348079246203
row_004087,0.007228448861885763
row_033399,0.021138244773790858
row_007601,0.058514299292522255
row_033816,0.0008505041828046448
row_031239,0.0004395738133477874
row_037582,0.0005182514768877676
row_017289,0.4610559567477529
row_046402,7.320500289959521e-05
row_003705,0.0019167389282769725
row_029304,0.006963069711751722
row_038699,0.007399239124254504
row_043371,0.388410433790736
row_017524,0.3171909130784318
row_012716,0.003289424351293771
row_010264,0.002260244352608059
row_009192,0.0061059411501751286
row_000550,0.029458145756309506
row_048200,0.02515002807389411
row_010111,0.64083293284498
row_047586,0.010528009811633843
row_044675,0.00813850346268091
row_007142,0.025427890063197952
row_023046,0.012647155406418973
row_011125,0.00791969772964552
row_025328,0.29048022988348754
row_009569,0.21140830990559445
row_044305,0.6212764736057954
row_017072,0.9987975320726761
row_006137,0.029778415261464054
row_001192,0.0378078275908452
row_041270,0.01733307916930052
row_044696,0.009371049840387648
row_023381,0.0143151452233578
row_021062,0.2880454550632584
row_048314,0.002094697108603479
row_005942,0.016383627961828313
row_006704,0.07321561004679375
row_019928,0.3537930647055877
row_000436,0.013601258234946649
row_005780,0.13524047603147749
row_007286,0.0176850674830259
row_008830,0.17602212303745582
row_030655,0.22595800697345475
row_048266,0.2021410767160271
row_048930,0.0009030539229236716
row_047120,0.018098990564694172
row_037984,0.008523049862946764
row_019888,0.0022841457583675758
row_004031,0.06483636486310088
row_049999,0.9146045776482159
row_001973,0.33743379275270907
row_017030,0.0012504925262478539
row_017220,0.10742310381378484
row_035266,0.06484107610014199
row_048257,0.9894887414264217
row_038444,0.009426121728877813
row_017374,0.0604721587750251
row_016465,0.03702839021238469
row_049832,0.1870231828866962
row_021499,0.5103995234461893
row_031314,0.06244999754272045
row_027722,0.038203799979537906
row_007310,0.012104451451421722
row_030260,0.020398963182988856
row_038914,0.1311531964720467
row_044989,0.008747968762972617
row_000471,0.01805787559568677
row_007923,0.00015665486428538804
row_030073,0.008329742926793272
row_041449,0.2744160844411137
row_014461,0.038197999492075904
row_047561,0.019143323335802983
row_030820,0.032888634423614165
row_035446,0.03409337727122428
row_022943,0.08852996669646665
row_028700,0.07339662021189987
row_030060,0.14623476310317343
row_020310,0.048621513888931864
row_038482,0.2763288969172457
row_005484,0.004094851251660249
row_047846,0.45469746671108835
row_013894,0.200068310618511
row_012473,0.0009858470851013845
row_012796,0.027116672945242278
row_024483,0.1449353132343964
row_002741,0.0011684212505838425
row_018934,0.041118632120958204
row_017660,0.5332497253133635
row_041931,0.0697925344863505
row_034816,0.02420156844610827
row_047734,0.00223751423716976
row_030091,0.009775895581774573
row_009308,0.03417245252441858
row_045484,0.0012186193542722003
row_027198,0.004136062960507512
row_025792,0.0005725920893267472
row_032506,0.12443693714139348
row_040973,0.07402954455020115
row_040360,0.004563377672963136
row_004582,0.7934695692901983
row_041436,0.8504251455246061
row_013341,0.014288680801457992
row_000760,0.030573073619310824
row_002697,0.7544304560590017
row_030465,0.9156820232248841
row_021860,0.0027430961578423308
row_039792,0.03456082721969178
row_047893,0.5517871314455475
row_039487,0.016438312796535858
row_019703,0.008831526643853366
row_021682,0.003789845338058655
row_033421,0.0009195657066600383
row_018933,0.012671808583624863
row_043885,0.0005577267673438482
row_005068,0.006475278177858799
row_033641,0.001189864868502358
row_048587,0.018947933183350488
row_030185,0.042402489891733564
row_031992,0.08884380789286117
row_002388,0.10524226996974564
row_049609,0.05993781145613741
row_011237,0.2508010265621049
row_032725,0.35480976447877416
row_013218,0.6322412762860512
row_020512,0.09072523672918216
row_038925,0.37045964310652557
row_008808,0.001911941278557388
row_016053,0.001403984217805764
row_027637,3.796361669051158e-05
row_010696,0.023191234216202505
row_044624,0.0018138629836315812
row_001179,0.015547415258230557
row_029104,0.00041236902869639877
row_006983,0.9884415371908686
row_013802,0.44521011065524363
row_035272,0.007448119901617971
row_043205,0.01638376318710283
row_044548,0.9812511291336006
row_005650,0.18610870463327067
row_011199,0.0028226712441693077
row_012586,0.9056865252444981
row_027880,0.0008877458920509068
row_042984,0.03430551278380796
row_013191,0.0009183161146511195
row_007648,0.03661359276114659
row_020731,0.014124957447836253
row_021445,0.026656244729589672
row_008135,0.0629759986109249
row_026276,0.17550048303013793
row_037508,0.004370956147560377
row_033467,0.01743584678815522
row_020070,7.190657243525103e-05
row_025396,0.0010104113485897915
row_023827,0.05606396960431724
row_046939,0.1882769707400066
row_006335,0.0020315973975844137
row_039416,0.23727322758692376
row_036036,0.0004649750344041393
row_001844,0.0005751484560713113
row_032301,0.00242083458756546
row_025930,0.03901079189600208
row_002468,0.688102298018517
row_042877,0.013255565607797424
row_011647,0.003250848279919271
row_004252,0.9407226416354868
row_035724,0.25208946478480443
row_009348,0.003108569152454261
row_028283,0.011397317770737306
row_022740,0.12440118340115103
row_031951,0.08885073304875084
row_046561,0.17549772389245305
row_019844,0.02705548922122831
row_020522,0.03573101613987008
row_029618,0.0012559856892062986
row_037482,0.13234089313215294
row_033181,0.0036684521602624812
row_031251,0.03923980278397471
row_039790,0.024462608731369052
row_009285,0.15994491303387093
row_003542,0.4653923130701889
row_016547,0.012270489158022122
row_005334,0.9585226649444512
row_027815,0.9446178029840077
row_010742,0.0014056832432516049
row_000417,0.018098805873302894
row_038305,0.00029956908290531295
row_029114,0.0011450465264976834
row_012677,0.01931207390069725
row_035283,0.0015072003987041257
row_001440,0.000656740334700846
row_043407,0.27478088077913654
row_047580,4.481294286890021e-05
row_024090,0.3240528373886175
row_021131,0.4245322842935327
row_003286,0.012755761166398455
row_017979,0.44196827076378675
row_045122,0.005600631978611631
row_028869,0.0007327929000976862
row_044580,0.0008577878528817562
row_007354,0.0337926034091605
row_026409,0.14801196018925356
row_044326,2.6105355323013673e-05
row_039094,0.011906107303670959
row_004360,0.03479963091340048
row_021653,0.0012854708992912336
row_043823,0.9996724247566735
row_042857,0.6653220204684838
row_010699,0.010449955435283653
row_003734,0.012174840029804068
row_011777,0.014472616324715191
row_005858,0.00017406633299379547
row_033566,0.7910327910353906
row_028904,0.5485133038407165
row_026844,0.016632465676543043
row_000491,0.0005619565767626894
row_022505,0.004799598117644195
row_005035,0.27809141571553103
row_025585,0.009041355785907123
row_030555,0.7128472566404038
row_002232,0.041319621667312297
row_046946,0.06673260458664482
row_009635,0.013113717401446751
row_027713,0.9976739533121597
row_013880,0.006414660338483424
row_011997,0.012098088069244315
row_007016,0.0035384384644944287
row_017842,0.0036170264414010743
row_027999,0.0040644259913520525
row_019952,0.9607350012952113
row_022354,0.00029996373164373316
row_013098,0.037726016272167276
row_021852,0.00393513627036032
row_009867,0.7614953783876052
row_043631,0.7653771880337452
row_014499,0.0018379356770758843
row_045228,0.025021869073249846
row_021803,0.015394509612990022
row_039430,0.0014259825687638506
row_038303,0.001027738557103972
row_004634,0.002799709076242028
row_000010,0.9309502437410715
row_017124,0.022967102509919096
row_019349,0.8884120913021754
row_007225,0.8953280826769054
row_031067,0.29305149253653484
row_013567,0.053911990251514594
row_009061,0.11399884769586681
row_021639,0.008392880993666953
row_038497,0.0004618750895331727
row_025696,0.8360052802244008
row_025159,0.04534791578630308
row_021946,0.831082676102791
row_035285,0.04112160494418044
row_043104,0.0002917010376685213
row_031159,0.0033470171268557727
row_021456,0.0008455716724831983
row_016609,0.00032752055298359954
row_024712,0.011861646980416914
row_021435,0.003151670121479823
row_040273,0.005492661148735535
row_041616,0.0002613388076387032
row_022461,0.9197397751847473
row_032903,0.013145681120924369
row_000023,0.0002422556682435369
row_012388,0.004545062390491982
row_012138,0.9996982076490084
row_021644,0.5097944960607259
row_033041,0.6240118511449801
row_018074,0.026709329163100995
row_014690,0.002379567252958374
row_030283,0.0038708009194822705
row_013492,0.9953125373908729
row_044707,0.0007291999895105098
row_041385,0.07376810393023532
row_029341,0.5498136543102432
row_014444,0.005271979171164666
row_046500,0.13896065709886093
row_032527,0.002296361543883195
row_040620,0.6952915324683477
row_010377,0.8007931622993335
row_037985,0.012095929617874437
row_021453,0.5653032245847454
row_028310,0.0013084007119715663
row_027059,0.936133822185088
row_041059,0.0016929180387821679
row_023755,0.07689770387664595
row_004762,0.056988845661414794
row_019789,0.3051615994747087
row_006260,0.0018983549305982453
row_011094,0.00639551600153708
row_023770,0.7152398762607166
row_048859,0.37840841665263586
row_020360,0.05129647815042444
row_017920,0.927364217314141
row_023745,0.008588653449669791
row_026417,0.02109902069372234
row_041991,0.21261740690539316
row_007107,0.19365745911681964
row_049628,0.14937955504701966
row_014557,0.06612446239236774
row_048107,0.005487993080444758
row_037018,0.0073025493207204435
row_037785,0.979658816633864
row_017948,0.38441249597331345
row_032378,0.0008125445663421155
row_044243,0.002292965486065656
row_003385,0.00029254228831667996
row_002870,0.0033975776341569246
row_048325,0.01683318606199446
row_032570,0.09046027242924992
row_041451,0.3025579074476238
row_001326,0.01327387382157575
row_040653,0.01585825854747006
row_039853,0.013474775608986259
row_014252,0.01440591527692843
row_045826,0.0012193616758734013
row_030340,0.07532446096264628
row_014337,0.033306683029971106
row_010771,0.013710388748464728
row_043422,0.0006349453791435027
row_033191,0.007250336188271523
row_023288,0.01178995771629274
row_004444,0.0021210922655381763
row_028988,0.04325805585958702
row_037243,0.08760582465173958
row_004474,0.02296784442728685
row_013406,0.1421045902771633
row_042485,0.19140379021828238
row_007329,0.137455103309425
row_005621,0.001140958021738066
row_030725,0.001722296392710118
row_031991,0.2976029524201972
row_020690,0.5694705716257913
row_049953,0.9891306732717862
row_017305,0.0016213255234286948
row_048506,0.05418049879690026
row_034524,0.6659170314724057
row_021211,0.2505035518679919
row_030771,0.03601418158675484
row_034137,0.0010633259367869882
row_003871,0.028696472655994357
row_005138,0.4259788458466288
row_041641,0.0024271217151943594
row_018057,0.035697549604660705
row_039628,0.06778786923146735
row_038764,0.06678609655509364
row_021086,0.16481152672582888
row_022029,0.22593823426046916
row_018490,0.009334894350087814
row_044423,0.00035789487734935765
row_026641,0.020796649600988593
row_001364,0.0015168254375492226
row_031369,0.22885134031840554
row_038722,0.9788177572818468
row_003573,0.00732620608083793
row_020537,0.006434745285995161
row_012898,0.04522720297052576
row_005375,0.016700300530591787
row_035758,0.00434701216294834
row_015575,0.016785259557519586
row_031913,0.0025559499611835543
row_004349,0.1351367961375048
row_035951,0.0006266202478821732
row_043647,0.19042867930867324
row_012604,0.014162391572628977
row_002608,0.013049289313971792
row_019665,0.00025144297720261846
row_033443,0.04416950490058419
row_023272,0.9852486496190693
row_033513,0.008075658457360763
row_004458,0.06263690435332486
row_030759,0.0004552120134884577
row_023449,0.5602315298623977
row_034697,0.014012917407797778
row_037877,0.019951850166141025
row_025498,0.0001886469555413201
row_017693,0.008104341394826782
row_023402,0.0011367008094917597
row_026387,0.07678040578214768
row_023382,0.04015221209373498
row_035898,0.03877652925838474
row_046883,0.0017710477154432448
row_015370,0.9327518700281744
row_002074,0.01678704568096926
row_029779,0.4132659579950438
row_003259,0.33746677979258866
row_021608,0.009852414928113389
row_026529,0.07719066957064848
row_007439,0.007229077937384832
row_023766,0.6741370765133199
row_032983,0.013395658363996251
row_037119,0.19097575781912005
row_010559,9.306669620937256e-05
row_006977,0.006472178644104319
row_000715,0.1992881483007665
row_033557,0.007079445229590914
row_033317,0.009123310741262663
row_036723,0.03501756879779408
row_010642,0.42831555122733556
row_043327,0.009113351015213137
row_048082,0.9898600374276594
row_032086,0.03437810282157044
row_048399,0.0005538715219213383
row_034250,0.0072425246756863924
row_030300,0.017491959048773712
row_016876,0.03599433048543432
row_023732,0.003946007212513021
row_022043,0.00040803457790628624
row_008727,0.2486934090992819
row_012537,0.0019239782063808389
row_005666,0.0009605947778640251
row_042871,0.019793615056538
row_030127,0.934029400351074
row_011138,0.0048568704511920986
row_025384,0.016036766999289142
row_016428,0.006428002522418189
row_036703,0.054367844947790345
row_048355,0.0016155947901272832
row_046066,0.09698822768357317
row_020872,0.23936494783423387
row_017567,0.014401417447528486
row_002970,0.0006755272369171877
row_029669,0.9753049060684424
row_031981,0.0006605698084861827
row_020263,0.0004561994342073307
row_039289,0.0011619272885970012
row_010868,0.3645430514659269
row_037685,0.019927771545808073
row_017937,0.13162192654277804
row_042888,0.010878638502001142
row_033076,0.00836184688208526
row_020816,0.04967208747173332
row_049058,0.1104377004691671
row_009593,0.09758718734644574
row_025156,0.2135556140117138
row_036089,0.1929992637829796
row_013956,0.15157234749892995
row_037346,0.0018927967386049623
row_035820,0.011710661460394706
row_047732,0.7659127275942198
row_019959,0.010600047089584355
row_022789,0.18752463568710928
row_011353,0.0030951264276748505
row_019850,0.003537850342277755
row_016163,0.0009383784977160577
row_046202,0.0012783885356505923
row_009739,0.01651264985073305
row_001897,0.08688768618896642
row_032959,0.0003450758155196529
row_016893,0.01611693486109194
row_047114,0.2154305466771108
row_031796,0.1104710397452793
row_027208,0.9965676810137835
row_010127,0.001377012735788703
row_023069,0.9957230077882739
row_027551,0.02627826168311762
row_009825,0.1379697665424108
row_026519,0.035215166313001284
row_024246,0.43212951597500493
row_039046,0.7903562023895312
row_043162,0.02630103412005693
row_037559,0.002669491803349262
row_021519,0.00038645894982468115
row_024439,0.28238891151945045
row_018470,0.9987380984403419
row_014693,0.06476046038039157
row_007338,0.004804276511100375
row_015752,0.014800877846503878
row_026935,0.06729844124741266
row_023462,0.005056336493233114
row_016950,0.01554685645064425
row_042261,0.3412253983784394
row_041016,0.0004886574203017988
row_009753,0.0008235278274355068
row_001216,0.9993770103147612
row_011938,0.8392481735683436
row_049957,0.03581779616321184
row_020242,0.024904306361757514
row_030590,0.01565365685469209
row_004998,0.0008849160125450519
row_023647,0.014397438078949113
row_027545,0.0005826703694079771
row_029887,0.001699042316160309
row_027164,0.06636211177982827
row_017051,0.009249725319740403
row_012224,0.013088189904708652
row_039758,0.05836689173004577
row_037806,9.0649496750654e-05
row_016423,0.039974428786469805
row_033369,0.01226652032543088
row_012666,0.0039478219025392836
row_001611,0.026181539301542864
row_028336,0.00699979627024031
row_020197,0.012841991738370438
row_031814,0.4508421290950874
row_022641,0.2749222275882018
row_011311,0.02112474665473643
row_010993,0.015766867330164608
row_027166,0.489169798597892
row_046922,0.09052698760755597
row_012707,0.49585419083075377
row_039497,0.012415099414572417
row_048580,0.05215051422834607
row_016702,0.06057348294226082
row_021132,0.1347609375115763
row_047207,0.3800314271911251
row_034631,0.37808862000294424
row_040384,0.3174147143361957
row_007526,0.001172967148597649
row_001828,0.002012507587052188
row_027114,0.0003204545018579333
row_027265,0.5345139355863273
row_041986,0.12583847111332344
row_027406,0.0074571508545704605
row_046007,0.030263699323990034
row_049516,0.004370601624718657
row_001197,0.2095963499584501
row_013361,0.009530398198777193
row_021714,0.006513642687236871
row_040719,0.005819482874013491
row_011149,0.0565629350627084
row_026363,0.13977460345077425
row_043251,0.005982108810909881
row_026293,0.00041950608577598245
row_045948,0.003145376480004387
row_010276,0.0015504289966656456
row_019834,0.0038749941980772296
row_026110,0.004200787501239624
row_030006,0.28612262772813635
row_037125,0.41133273388369906
row_006891,0.0006810998798474397
row_040747,0.004915150591302831
row_031019,0.00020441125073803184
row_010847,0.008324083768167198
row_042873,0.03677047559503499
row_000444,0.0007522836508681066
row_025257,0.0008526989598498842
row_026389,0.08399138117215293
row_011059,0.04102429727912361
row_047493,0.011197750461331124
row_037986,0.09730549825603593
row_011367,0.001459463108006289
row_035026,8.810490216177925e-05
row_010330,0.04849828626501893
row_028814,0.0006646852133837972
row_023134,0.0047011381657319305
row_038188,0.392937116167537
row_020667,0.02328929406964174
row_049774,0.12859873452790146
row_049687,0.04209739495854017
row_005249,0.15256636126328166
row_039494,0.0007559895416193743
row_049723,0.0003410502564773752
row_012205,0.9752524079857148
row_022965,0.00450039412723787
row_049098,0.003112574188825738
row_028775,0.02846803345939635
row_011008,0.0021629353380406622
row_006144,0.02094191305806321
row_015815,0.0075387936481602635
row_031819,0.0016773309125189576
row_019991,0.9999270721865737
row_016739,0.0001733530780910014
row_012339,0.0016619239988049784
row_044111,0.01756264336304725
row_044041,0.03478903031866267
row_025469,0.07290388079054193
row_010114,0.11359238460891338
row_018286,0.00681995974463845
row_044914,0.02663296968081418
row_006496,0.3076947311585627
row_030448,0.07888899473234356
row_022163,0.0005401233675335368
row_009617,0.08550746987260816
row_021958,0.06422841688689655
row_030931,0.008319741967394809
row_026214,0.009258585126768009
row_017221,0.14877601086396333
row_004289,0.014497974116749607
row_020592,0.07367372792098678
row_027002,0.002167384244650556
row_039332,0.6369743478402332
row_046918,0.03605202644653678
row_011145,0.029083999906532085
row_008902,0.13842112256727274
row_009760,0.2884980846255373
row_014782,0.10815773723437094
row_008453,0.9994371158317306
row_004488,0.32336130124940177
row_001088,0.10327056237001839
row_018250,0.01701746893435988
row_043483,0.029563943267250842
row_014470,0.0018941308023647844
row_046511,0.0007169792418444733
row_042730,0.004007942951456676
row_023333,0.0034357504866255853
row_022195,0.00030774725233584675
row_027209,0.0008697553226985227
row_031361,0.0014364457940831857
row_047698,0.18484682137954656
row_035970,0.8513729776059868
row_049454,0.004252778443047739
row_024178,0.0008593259699052162
row_035429,0.022207234261235855
row_027770,0.018159906566734992
row_012790,0.050599367204654154
row_029051,0.0017077543227679527
row_020399,0.0332029999900133
row_032029,0.7515147419881256
row_016528,0.005438347899868665
row_033509,0.05819488139421783
row_002354,0.0012536098689761364
row_014026,0.002254263362854918
row_029740,0.0008252177020094017
row_000564,0.0014703954276546172
row_032929,0.008364505092638079
row_048020,0.14454762933055473
row_037121,0.0011905185144979605
row_024554,0.006746841189064335
row_014216,0.34960096670785995
row_047839,0.006381119439074992
row_005481,0.07436109190938898
row_028357,0.02642581863958396
row_011723,0.20774785072773774
row_005602,0.32464869795694606
row_042706,0.02162529387537792
row_016400,0.8673488239759529
row_006505,0.008135569856602303
row_039201,0.05235120597128052
row_049790,0.03066897138249341
row_029130,0.41939032735622805
row_019299,0.02744181032722088
row_032858,0.03946321210752593
row_039147,0.018082881228710747
row_026166,0.9675022099667512
row_044040,0.09317482738468305
row_009960,0.020190824103287625
row_049295,0.07293569646678538
row_008096,0.022105096089530384
row_019263,0.24351747120552242
row_016763,0.6190093249840686
row_046516,0.5028103391130345
row_010720,0.0331728856574175
row_033246,0.0038462770366453148
row_007198,0.0001833010026081076
row_037759,0.15094245774355775
row_032748,0.003664048219867541
row_018981,0.2199177242897392
row_047371,0.6879162121266393
row_040951,0.49773969004110397
row_031088,0.010012806546419633
row_001043,0.0025831227226060962
row_044356,0.41109417052733344
row_034005,0.0312940487085368
row_002014,0.013174822276808782
row_039647,0.0011365246483586368
row_005872,0.015576609889101672
row_049031,0.0016818243621323325
row_038355,0.010476588027919717
row_020500,0.19809282518890708
row_044778,0.018169838492979706
row_019659,0.004429036637671451
row_033501,0.6425485546778602
row_012463,0.08395502210547298
row_017883,0.05533589983671655
row_037652,0.1625460611250424
row_015749,0.009364423784958243
row_029982,0.14523662995140618
row_015624,0.000802955353424096
row_001346,0.0006292739488313388
row_003931,0.11304895068357416
row_000459,0.1111551153106492
row_001245,0.020479689151771348
row_040166,0.028461875714220913
row_034515,0.0018347817094680682
row_024869,0.03802297736301929
row_026482,0.1287768813067781
row_049383,0.030232685176229228
row_048802,0.0001952068430673501
row_016772,0.0011149591505251544
row_018085,0.8027098145703351
row_008106,0.04805303902319351
row_035335,0.0015393115683240927
row_043266,0.012955265156560864
row_044362,0.30064911416785467
row_031779,0.1358284198944612
row_025080,0.003395253124889682
row_018912,0.5803984629556801
row_030515,0.9526798715904709
row_005824,0.17981936739226345
row_005498,0.003281773356208547
row_008005,0.08167852880940986
row_008297,0.0009574056586676421
row_010415,0.021560612047713375
row_036993,0.015137501248280411
row_037217,0.002858203174926894
row_019712,0.00010116926262054553
row_034437,0.011152689865914646
row_016171,0.005794124724493631
row_034864,0.0010270526818712006
row_044293,0.9346273035286209
row_031883,0.019275914412329495
row_001253,0.3192169701619325
row_030241,0.9750075086982165
row_002708,0.12235815338312178
row_032523,0.6332212361249424
row_019430,0.007558115497416535
row_013204,0.5644707642782671
row_041099,0.0074752912194193544
row_041201,0.5954713282628705
row_017251,0.015944205521903485
row_022878,0.000652168564576689
row_048914,0.019665401138034954
row_022834,0.020829109830692367
row_040758,0.0035459822621876835
row_008364,0.01795631269925842
row_045638,0.02537023003750389
row_001439,0.01653777041667108
row_030224,0.010390535366048089
row_047831,0.007072301365288768
row_005710,0.0009738523081830119
row_009054,0.14734796243121284
row_028426,0.03342878634951032
row_039231,0.025482955046003404
row_041823,0.6905889572618706
row_018468,0.00016162249726767004
row_049928,0.01996232494196792
row_030350,0.016986957068510177
row_035541,0.03544954821018234
row_001640,0.062276005565204406
row_047953,0.00717564270795013
row_041555,0.006076379579871216
row_008564,0.07981448154848529
row_018446,0.0059568017164873645
row_010171,0.0003510211369584709
row_000766,0.03719037461270204
row_036751,0.999358125043013
row_028102,0.0007250109423239757
row_042365,0.0010360002142492158
row_045028,0.02423823737758493
row_030666,0.3607097496779279
row_035933,0.6943439936380486
row_024210,0.0008629891452776274
row_009797,0.004245189862988157
row_023616,0.6931983668523504
row_028612,0.9824230949731259
row_014191,0.005616206672176575
row_027514,0.35071382644330046
row_024476,0.9919620566888042
row_011348,0.0003890357140386005
row_002422,0.03261295183146529
row_039905,0.0027817841872330197
row_009265,0.9471292370308776
row_024538,0.0017963345355242874
row_022605,0.0012514353574031023
row_043395,0.000138227668658322
row_028196,0.0017041693161111756
row_033872,0.05835834850507936
row_028747,0.15597266421063855
row_002989,0.0036043745472528633
row_037868,0.965641360898361
row_036603,0.004273697049773751
row_018166,0.004728481077272185
row_033068,0.013418166457938294
row_032777,0.1208460071056349
row_045644,0.03612298369538139
row_005170,0.5675841082987308
row_037282,0.00017138500140324295
row_024544,0.9673801242504803
row_040366,0.6196018990728761
row_013309,0.003785258411750944
row_014629,0.12391747230638991
row_039047,0.0291055949140306
row_028572,0.0005341997362568612
row_018936,0.24354694652414788
row_024827,0.4679578798110383
row_029566,0.005056953046101621
row_000386,0.05539334973869931
row_030287,0.0011204113422105502
row_009641,0.007758572074457156
row_041544,0.00099331980016149
row_049581,0.025560164095109795
row_038369,0.030623513666839648
row_029070,0.009538216075830098
row_045705,0.023329458501060153
row_017301,0.0020729272750256533
row_024112,0.0021660833957429307
row_041219,0.006802347493953816
row_006181,0.03557836690313737
row_038772,0.18814431119676622
row_006395,0.009362198157371937
row_011343,0.061176725002156485
row_008309,0.00020935921505342136
row_020224,0.027743769205069026
row_044623,0.0014112965532570214
row_003379,0.02143478964758717
row_000398,0.41565811559902044
row_034936,0.00016034273024616524
row_007533,0.38120049114713406
row_046350,0.002654312048447933
row_048191,0.011375505962488373
row_044613,0.2297197854149917
row_014968,0.004983850087102769
row_048686,0.9836465497788722
row_017724,0.05270263916425646
row_020112,0.01879933797499647
row_003448,0.00674728014659806
row_034552,0.3619024530893833
row_047160,0.2327752389218134
row_007827,0.018394788037613987
row_012313,0.0005310747459471588
row_025451,0.00033322714336378673
row_043913,8.198914564414447e-05
row_026919,0.010202950443707637
row_005921,0.02801627205868923
row_038371,0.003488730371193731
row_013592,0.1337305109278458
row_035114,0.2116183132535464
row_045468,0.15642523162087577
row_040498,0.000317439857662976
row_030712,0.792316254905884
row_043459,0.005805740115531913
row_025638,0.01046399773782545
row_033138,0.06627437543130238
row_021495,0.2873842943570388
row_046923,0.023793620868241994
row_011318,0.8240416500804995
row_034260,0.012625947608981756
row_023586,0.955456879915576
row_044290,0.9575558576121476
row_014546,0.0034460926559574485
row_049234,0.0224377814733693
row_000070,0.00018248753421613233
row_007543,0.004198816063495167
row_009110,0.04239687475605045
row_043624,0.2184671970817115
row_007427,0.002057240643308593
row_018358,0.000868591280025081
row_034873,0.0005290327049218958
row_036978,0.8034459004280698
row_021474,0.41586500664872295
row_025944,0.036300635202112366
row_044072,0.8747452058695986
row_010801,0.0038242524342287434
row_027425,0.03991287717533057
row_046609,0.00022680622201723557
row_028113,0.007067144642754248
row_006440,0.015595163136453765
row_044171,0.022589923579207808
row_014029,0.01878451024251524
row_044400,0.04551391783518396
row_019257,0.06817401723028693
row_040241,0.9504799423007094
row_005756,0.009382380202895545
row_001892,0.11879183632585083
row_040383,0.0008670431901070461
row_003310,0.29883796270035967
row_019554,0.00010316531719561898
row_046411,0.000965166500755117
row_023634,0.002267802474161523
row_046351,0.026775283227627802
row_001293,0.9388223943698315
row_013243,0.06834532129953831
row_018401,0.9915054378775834
row_041151,0.0019532323104036998
row_022533,0.010768518455632241
row_041107,0.18222599454990085
row_007947,0.06473827870451054
row_030452,0.0021731669782197463
row_036309,0.003995042099195649
row_045495,0.01697479108731602
row_014354,0.5700803781371895
row_024503,0.3972126175387977
row_006867,0.9691775432478751
row_001838,0.00195661058389413
row_006787,0.010431571255579121
row_015264,0.25626535514581383
row_002819,0.05484176903544797
row_032191,0.0003664787047344235
row_030243,0.007034732532300686
row_025231,0.041264499749053746
row_015908,0.18989993638066638
row_015577,0.0005973822224977187
row_001866,0.05737379569063873
row_007229,0.3127942890704597
row_015451,0.16207999309007073
row_039495,0.11190326154949465
row_018807,6.845382965978661e-05
row_026388,0.9783589797007999
row_042011,0.5747857774138656
row_012368,0.12912986496231316
row_026822,0.00041077658275485355
row_046754,0.03845816261006913
row_000262,0.007063268718119252
row_042310,0.00034486357460793225
row_020893,0.005949116297719097
row_018624,0.021115329486491922
row_026188,0.011062905267057783
row_037569,0.001535585277022482
row_039734,0.2696423407614482
row_021548,0.12552218227455084
row_048389,0.9767569204676287
row_034578,0.031757300067065716
row_038880,0.0006103113811774227
row_037087,0.026014198978283117
row_042254,0.0041587053982650325
row_046159,0.006327399430037442
row_037190,0.0370988039289431
row_026068,0.04428526611661083
row_016059,0.040903730249811386
row_019187,0.03155503651620083
row_047559,0.6975921803009424
row_014087,0.04377235050692665
row_019078,0.9589610313996998
row_042076,0.010608493843660782
row_030890,0.16582338671058586
row_020239,0.010114829264569218
row_040452,0.0002412171197751932
row_027223,0.08871451608172103
row_012122,0.006106149884463916
row_009613,0.0008732676587799217
row_040665,0.04760017792623563
row_021691,0.014647069130766133
row_020635,0.4439855458351758
row_038900,0.0017280554660270078
row_025950,0.005476908306397579
row_039433,0.0003243285378596901
row_048813,0.11177219269575625
row_031989,0.005134509586337332
row_030172,0.1480546606044688
row_014292,0.8906270456532335
row_012187,0.011836124632586188
row_029901,0.5837212587332476
row_035459,0.00032442972001194914
row_009586,0.00119141160119172
row_005619,0.22473298121791485
row_010656,0.00772006111972528
row_008408,0.736115510183442
row_036784,0.0004834952517717854
row_024202,0.4648441618566639
row_049400,0.02823415562449694
row_007702,0.003451969258835468
row_008831,0.003332275173187747
row_038974,0.0036790859292192522
row_023080,0.01958865291456684
row_042781,0.8379069197576435
row_033689,0.07822756300081068
row_041576,0.00044359852262374985
row_042858,0.0030844759894662994
row_017371,0.050970280055242505
row_010445,0.009252252453074938
row_020756,0.013325118091364547
row_021632,0.05081232771599706
row_023213,0.0022839725276660996
row_016589,0.027528432576397508
row_008252,0.00965337560885585
row_031350,0.09686379630448069
row_004460,0.0022780065346409495
row_030606,0.16847445608351747
row_012701,0.18756235564796908
row_042412,0.0004116930038677562
row_020409,0.0013021785203365494
row_034102,0.017115826884144023
row_041389,0.04791609847641532
row_027660,0.003308391274033747
row_044824,0.6962936188481625
row_026415,0.005404093677984594
row_027185,0.8477025475692525
row_041275,0.0029468029578927565
row_032887,0.05753017825452904
row_046468,0.00019927720455453462
row_040515,0.9425455110703391
row_008995,0.019831204361443793
row_048834,0.751527963389139
row_044733,0.005020885099313181
row_002428,0.06346209378294196
row_014059,0.0048374662392705586
row_008888,0.8611424746259175
row_041686,0.8563014460816044
row_002551,0.0330207145404055
row_040390,0.020709809257056823
row_012890,0.0030929126616825522
row_039290,0.02467278782429963
row_046777,0.010854531709342707
row_010140,0.0016870492441472752
row_049777,0.014119801035578868
row_013186,0.0007334154796377152
row_005435,0.01906229113384826
row_008092,0.02016550927775963
row_046485,0.5777708491577274
row_032487,0.001920925084596417
row_012514,0.017142238187407188
row_043964,0.019073651966732177
row_015632,0.5268663966252947
row_018459,0.006592595905194595
row_033232,0.9615178141129677
row_019107,0.615697443182726
row_014450,0.0019172660919313854
row_011295,0.047237576029787516
row_003059,4.6898280047960215e-05
row_036696,0.0037316990264641943
row_033208,0.9604795212540593
row_034440,0.9806389249173226
row_017435,0.09629062614928177
row_029989,0.34874824218849154
row_019885,0.0021065512541447165
row_045083,0.004728058372332531
row_040806,0.0005652754128893767
row_006815,0.0015685080985562588
row_005559,0.2984236719179592
row_008690,0.00981913322328052
row_018010,0.03413197014991447
row_003499,0.1334348225283799
row_038251,0.13756221335844404
row_038083,0.00518802654250633
row_022768,0.33036474842973673
row_002885,0.12462574685198322
row_005385,0.01768029603470063
row_012840,0.01259831049092559
row_010135,0.07212070319648095
row_012813,0.00020050588695009986
row_001622,0.46719011997106963
row_038360,0.016528385344627666
row_043553,0.09780084210940786
row_040566,0.002654280089876271
row_016246,0.011007056985059025
row_009316,0.06880561482882905
row_033821,7.996541578236062e-05
row_009008,0.00045458183054226763
row_026129,0.015263146622729904
row_031421,0.8304867229096478
row_023265,0.8161816448829943
row_037075,0.06470493852806562
row_043279,0.02540947913144024
row_044437,0.0008334707438006632
row_041101,0.012156129722911465
row_007692,0.020253694274174366
row_022682,0.0040186531026974535
row_044321,0.005422242013308654
row_033950,0.0033826978026945615
row_018661,0.8227805138182922
row_018997,0.1027033315525638
row_028073,0.5885972876326854
row_030218,0.971272494179159
row_042764,0.06359976034225591
row_025562,0.7022109686976157
row_005458,0.030759434347465513
row_024736,0.003257849271102959
row_003635,0.001733321108885477
row_005210,0.022123157301732095
row_031938,0.025027601383142063
row_011653,0.22264847367735258
row_013691,0.6734067231241901
row_015334,0.04700577693082203
row_033364,0.5510752686684173
row_022917,0.06789492481984663
row_000817,0.44782229833097176
row_014795,0.015524454420427736
row_030510,0.002341766164576274
row_016555,0.009326207314884613
row_004497,0.0008040752631256981
row_032281,0.8062488635262401
row_037425,0.9146230722051586
row_030223,0.0271482180176269
row_029228,0.06431109289579459
row_037888,0.08901913834967509
row_020969,0.00041749354226370644
row_010013,0.002133040160384246
row_018945,0.000628548250562568
row_016640,0.007822433493857927
row_006884,0.26379303788670794
row_012257,0.5285720605205508
row_039159,0.030515218689938634
row_048815,0.08084987941838842
row_008643,0.012996273830946158
row_049396,0.0002190033752631015
row_017673,0.009443617732097872
row_003182,0.15457881954601585
row_040009,0.007457206314122545
row_038475,0.3263354135584495
row_006814,6.50111047807128e-05
row_015801,0.007179817021347982
row_014687,0.014256646884217164
row_011290,0.28903190652065924
row_001824,0.04708156057892337
row_043502,0.02045624906572907
row_042938,0.899685104260494
row_040033,0.0031918332523070323
row_023132,0.002121975658759848
row_036874,0.06300130418432252
row_033059,0.2445000735966357
row_008865,0.0016514299067542106
row_014333,0.19463937280380017
row_017609,0.0015516104441189193
row_009964,0.0014040971113836694
row_009090,0.009274717523477255
row_038117,0.4426407441024567
row_019214,0.005582458188513
row_032868,0.011324477382066048
row_012644,0.04487904376193729
row_008028,0.0017928573027679797
row_006099,0.001665976185009412
row_016956,0.030864601040459884
row_020042,0.00032085426875108484
row_032287,0.10970733859472978
row_014513,0.0025411610061246413
row_035059,0.08181953989037903
row_032528,0.007699278359220758
row_029583,0.00019561447170924208
row_001443,0.0604139794179869
row_039112,0.028131077685539792
row_008859,0.0027775808045769432
row_022150,0.048845950699002535
row_027229,0.0014648923068873922
row_044705,0.008958506854480599
row_024849,0.1699457606144566
row_021526,0.03514886368447427
row_042560,0.02230070856723355
row_002212,0.6590300138141079
row_033492,0.008756739129746775
row_018556,0.00010464340269308116
row_036019,0.0008717815798259933
row_031694,0.08036945239147894
row_047073,0.05668523800107242
row_016875,0.15289403566993023
row_033784,0.06186508365415244
row_034817,0.24866632466297073
row_005147,0.07176237774626942
row_020665,0.0007626999541514352
row_024612,0.03422771715375662
row_037413,0.08302902495142447
row_026931,0.04069862010515276
row_002545,0.00841613343628419
row_044710,8.027763560022583e-05
row_015961,0.0028302341637750136
row_008975,0.22086924390188797
row_018700,0.843555538246177
row_005386,0.0314657957897269
row_038500,0.8720217133972092
row_018707,0.0025146314721905005
row_029737,0.00018348256523692712
row_048014,0.012281239222658344
row_003070,0.743154485267632
row_040486,0.15309176290365298
row_033146,0.033641922148048606
row_035178,0.8013431804333901
row_014927,0.6607947490756463
row_002840,0.0001309319427332717
row_002243,0.34561292556653184
row_040877,0.0320596392061045
row_048508,0.3946664021181275
row_005345,0.2637639813884173
row_026473,0.7190331102504248
row_004742,0.9893042552640404
row_044460,0.0027289184123282144
row_002730,0.147058696115073
row_041855,0.006789525840629756
row_049530,0.373714495982162
row_025606,0.8703284612832538
row_047432,0.004780034159014672
row_049765,0.46055633664151824
row_017154,0.02000678169960706
row_003481,0.9982143244608892
row_020291,0.034756646965850506
row_018797,0.002675002699242552
row_012156,0.1709864352236567
row_026237,0.04783394083796916
row_031044,0.9992084153258649
row_016512,0.04463536467097104
row_007038,0.9059805749912866
row_008904,0.026887879923062748
row_031120,0.03007482185728226
row_041279,0.07285733239747251
row_014235,0.02168474502517653
row_032610,8.485436206874788e-05
row_041236,0.6165890219721604
row_035297,0.04052665221201748
row_033842,0.8554104255916313
row_005726,0.022522549151788307
row_008680,0.05295557340018641
row_047526,0.020794266989867922
row_022154,0.14695772664792686
row_042438,0.054970251415419884
row_019864,0.005213419666605669
row_040573,0.0024167316409845095
row_027310,0.018285905736149702
row_036146,0.006559726548496618
row_026243,0.950387736576787
row_009178,0.008526707787780523
row_028762,0.20088664160427028
row_034191,0.03008313386019426
row_007610,0.05749667650006132
row_033856,0.6289241362573695
row_015034,0.3093012044635854
row_008641,0.0008529168118303599
row_049145,0.0015189856390183955
row_020434,2.7294389864399644e-05
row_027398,0.009525645104104388
row_049493,0.004851071163918208
row_038356,0.025643396288818204
row_001438,0.41300169669466835
row_033971,0.004640733195992808
row_011522,0.17897242950784104
row_013836,0.0008379731119236861
row_041242,0.0628983453355995
row_032521,0.4510560581608649
row_042634,0.00020427442121932304
row_008994,0.08533919758309833
row_030165,0.028341729595434823
row_020599,0.0006623015697852599
row_013962,0.37519148650502154
row_022265,0.00917520862688503
row_023419,0.11289883349212326
row_019704,0.09003915117672545
row_046389,0.003385804129073482
row_012535,0.07503935323331895
row_009419,0.7253009983120637
row_031586,0.004234859646662163
row_001540,0.9126086487667725
row_011638,0.4226817378713233
row_029024,0.001386408359768995
row_003002,0.3109570398269041
row_002667,0.0010895072705022395
row_025164,0.37469672697216494
row_033608,0.0006622997614266163
row_031053,0.01196663307064615
row_048165,0.00933953906521641
row_047533,5.209025621303768e-05
row_000255,0.0012615046690955764
row_048503,0.6668802152082364
row_013323,0.003721336344390417
row_018244,0.1697688940037271
row_027201,0.08986915364908214
row_007026,0.029343191312823393
row_012074,0.7654372886580659
row_020627,0.06469882795519247
row_005947,0.0036620154739445024
row_009915,0.011233245362288428
row_043686,0.9998410024344728
row_040835,0.0001907880621061501
row_001716,0.005125653797454799
row_037351,0.093377129217392
row_000390,0.0011119786751884436
row_010553,0.006876799395108819
row_009557,0.0389298588222695
row_024559,0.012901866671889323
row_042604,0.21118756907273645
row_036257,0.036261824787009955
row_047575,0.050612544684649846
row_040081,0.012643547544419854
row_036821,0.0016343176497602987
row_014518,0.0004570050288383018
row_024347,0.00023240842746872833
row_048510,0.09112030397255447
row_026485,0.003643661834287458
row_012994,0.052665559926047635
row_019897,0.11199671434120834
row_037963,0.00024015499515975882
row_022270,0.9502097594681815
row_012656,0.6966187999358346
row_033766,0.018644053641166898
row_039777,0.007187838330708993
row_048926,0.0010120785447074753
row_001457,0.01606584320284725
row_014946,0.0011528748069067883
row_035490,0.026545398542007242
row_022610,0.029467626518057215
row_040386,0.0004353411790816904
row_016281,0.04198600567849565
row_039977,0.0007022255451769942
row_016717,0.00034658818352064567
row_029558,0.001194009464946398
row_030475,0.0066054919675961835
row_022535,0.05482472348725195
row_017002,0.0035552496806867664
row_039607,0.0005280953454273078
row_041593,0.03218841202426539
row_027695,0.01108108786886505
row_047600,0.02023414206353585
row_002931,0.022417505051400013
row_023290,0.999472879311172
row_033903,0.004987302945237436
row_009216,0.45980328039996543
row_049384,0.04392961887005661
row_044337,0.02150803833740483
row_017785,0.0001147453134938893
row_000312,0.10857756209545849
row_009331,0.026076991021839472
row_044095,0.023781989035873197
row_017906,0.017494789062354216
row_025190,0.002861257527118646
row_031436,0.02125002106415854
row_012883,0.010813019799405648
row_034328,0.0007133968141745464
row_002170,0.0038564868043381617
row_022455,0.0005451985042878104
row_012797,0.011454508214291526
row_037861,0.017377777213746257
row_010705,0.08276834924670783
row_004885,0.16474780268693012
row_025193,0.9329774322233741
row_047829,0.12874279638995528
row_038752,0.8777561057106478
row_039690,0.31019163888123363
row_005820,0.9986331779058382
row_022023,0.048327684064149126
row_033739,0.00041656557912686575
row_012610,0.2987457913323814
row_001144,0.002047128309265172
row_004260,0.00814278195695133
row_018173,0.0304852607075745
row_025641,0.43207250490627186
row_026299,0.07936495134549294
row_032284,0.09506363554342195
row_013012,0.40281304579134736
row_023120,0.8554683904811211
row_047776,0.045018844579228334
row_003792,0.017643466843799735
row_008519,0.002446284354958103
row_007621,0.029440627831774535
row_039911,0.0049650433147243635
row_016009,0.0036467673019257556
row_039901,0.03987224501292787
row_002235,0.0694369238986437
row_037722,0.9442003604224226
row_024617,0.4299319242814592
row_008351,0.8239036875019486
row_045255,0.846248357569694
row_021964,0.0024541422152988203
row_013077,0.02425889263919294
row_049297,0.0008427639646817307
row_014076,0.0014607457305227294
row_044129,0.07773068440008926
row_011118,0.015282909147501035
row_001987,0.0015713140856857036
row_038344,0.0013328603902299473
row_042399,0.0533818736507987
row_032619,0.005663235202198987
row_042740,0.005899884808393227
row_048441,0.0039456750452925
row_040482,0.0028918581131632593
row_011668,0.01045654051658652
row_022379,0.06006935718285947
row_018919,0.020944459955108186
row_032769,0.2747541962617116
row_006373,0.1611493548219604
row_012360,0.0002452319059404141
row_048287,0.029380294084075522
row_033116,0.011120852035043741
row_026309,0.0014719126595944705
row_043914,0.545011164235482
row_003649,0.1199341381430793
row_030512,0.004414790589174505
row_021404,0.0009395765995470202
row_027840,0.02043978001224754
row_011552,0.007168921716432228
row_023367,0.897097745489353
row_018762,0.4907759577592981
row_007098,0.13990470048953652
row_020186,0.8429981325894516
row_004122,0.813651918115039
row_043853,0.0024700042960242277
row_036418,0.7997919350357643
row_003294,0.37553113164799323
row_049875,0.34770559800787826
row_016028,0.007345399692450426
row_017594,0.004941129393003389
row_017379,0.02376060502337509
row_035828,0.03480674795241559
row_005630,0.4968175868418635
row_040549,0.08663729170727977
row_045964,0.011944847585102704
row_043541,0.056457016024913986
row_046971,0.8496339729157532
row_032091,0.5551239155772018
row_015634,0.24140985311361116
row_037429,0.030801273779059814
row_024731,0.0013234137964575803
row_027215,0.25882092700229015
row_025974,0.15020512964204097
row_022887,0.0035690948590773423
row_031731,0.16745930483293264
row_036576,0.01984474532930778
row_002363,0.1358154364300929
row_017211,0.0019069058901073116
row_012643,0.002152474463215203
row_016017,0.026863923082058982
row_048482,0.005769573700864032
row_014407,0.06714907844412352
row_020283,0.014055000966465427
row_033275,0.6733994515688635
row_027216,0.05008133322646761
row_006589,0.041067296462196826
row_000652,0.033720900305271875
row_037023,0.23492529904721873
row_038182,0.005891450481718597
row_005707,0.009641146240905717
row_019013,0.8577925957093826
row_014672,0.05283966330415216
row_000136,0.05228705405180043
row_032944,0.0030737791538828635
row_030615,0.0009685561262826685
row_017663,0.0013882993436890073
row_020384,0.08059178616958587
row_008825,0.03697886842387797
row_021165,0.579291787956909
row_030669,0.005235075847752217
row_033981,0.8194302703029993
row_035438,0.7876756372847862
row_009646,0.7955311358879505
row_011283,0.8019747299009365
row_017342,0.0014853627948763445
row_015453,0.001531456322006693
row_039125,0.09089080251811268
row_047725,0.014069301196008617
row_001627,0.01386322217001319
row_049809,0.08022379210656651
row_036732,0.010648831222689725
row_018528,0.9981209088143378
row_023679,0.020284351210833836
row_043352,0.9430118596212699
row_049296,0.9544081742511386
row_002345,0.0551981271638041
row_012858,0.0010082073648967846
row_026956,0.04528508846440895
row_014083,0.9998626367784872
row_035046,0.05633158328038021
row_044522,0.000574005242338713
row_019090,0.013148423239574577
row_047830,0.0015330683116268754
row_042370,0.9735769381134163
row_049606,0.5899664343966682
row_045637,0.027178228979829813
row_002162,0.9988893617460304
row_017421,0.001517003309085073
row_026017,0.0262645294094869
row_002904,0.0019445279810160793
row_025788,0.0032519637663262716
row_018020,0.00405228306950831
row_018494,0.060353307438407326
row_005305,0.10968543020384082
row_047793,0.9987188459574874
row_047605,0.040735957804905916
row_012113,0.03526941868566344
row_028374,0.5692227656540982
row_046552,0.9995833012834601
row_018868,0.718141796347413
row_011843,0.7251191505028761
row_042139,0.029029433073743068
row_038318,0.1914091208122859
row_016349,0.03905613609555442
row_028485,0.02025900263471564
row_039382,0.012511239720407368
row_002100,0.0002371479938564829
row_020949,0.02935323533067101
row_009937,0.9511504376758456
row_033249,0.0004675214804896982
row_019452,0.07253459722441165
row_031062,0.002113871960536291
row_020999,0.00017524861504470817
row_007483,0.00048273058953978733
row_033822,0.14848502701381872
row_032076,0.0075780027349321094
row_044048,0.09437447327836937
row_019333,0.04977919212315929
row_033740,0.0014149795601442648
row_039589,0.008962822126017343
row_047194,0.03112471489497627
row_031527,0.07172004210319334
row_042621,0.006071576765054236
row_023289,0.027927026556661995
row_012779,0.10003734671593917
row_042120,0.04585726297358017
row_047608,0.04591329372934269
row_001274,0.00012109653333708624
row_041910,0.10678542774668147
row_031451,0.028690015314352488
row_038099,0.9642698245115804
row_016081,0.07782802985472378
row_014145,0.0002972606116870355
row_036012,0.8209580331717504
row_020410,0.003829935669969494
row_001239,0.954236585456899
row_038673,0.005669240628637003
row_006199,0.07966216594182703
row_008216,0.016277257800989247
row_039381,0.2248958779707097
row_022124,0.011737599697478356
row_040095,0.1514475389477056
row_014228,0.935203587838932
row_007281,0.0026182203571491845
row_001832,0.043708044461187215
row_042635,0.18030839573517798
row_033342,0.03821151884153303
row_026588,0.0553177009394744
row_005410,0.000855476152850942
row_027742,0.6316681627030041
row_009297,0.9753348916654403
row_047999,0.0006451003383009625
row_021713,0.002505342867918257
row_021736,0.008160422676854056
row_000683,0.006609543494174618
row_031155,0.23328104911250955
row_005954,0.0088102805343845
row_023912,0.8169924284287433
row_019907,0.00011726117584691395
row_014064,0.173317392455338
row_001587,0.2116098324264155
row_048134,0.2530039927659269
row_008588,0.001153906410165022
row_002575,0.15435529503450995
row_008181,0.2899243970734793
row_025078,0.005131925667980966
row_019089,0.008496233598180372
row_033401,0.00829430376439075
row_003760,0.8772913724581037
row_010277,0.0007209358251267569
row_023477,0.020062242223924668
row_030877,0.001317826186132348
row_016325,7.98856787366645e-05
row_001601,0.021145170900389657
row_003969,0.012398619432076773
row_047592,0.9891660916904017
row_049466,0.007970699147990756
row_015112,0.03500507258414012
row_015204,0.1080645836400653
row_046611,0.005636218938564564
row_044908,0.10744112514870315
row_042710,0.7324304020475251
row_042521,0.8674794229581392
row_036283,0.0003681962052413864
row_033726,0.020630431487936775
row_017638,0.003134550587360012
row_010292,0.34745802880283305
row_023550,0.06500967254721887
row_016626,0.9991751389831693
row_005975,0.0065085834066387705
row_049639,0.0065889634018001944
row_025045,0.7186471824670986
row_014025,0.00030174803353674766
row_021329,4.7583010256114346e-05
row_046925,0.0016240554329404605
row_032164,0.0030857232368594477
row_028498,0.0508271251909064
row_028979,0.03077839438648207
row_017519,0.6945778575429858
row_034608,0.003573511568532754
row_013732,0.03342981357240302
row_024374,0.9740085708650972
row_029497,0.9774615061686851
row_043269,0.0007302368504409719
row_029244,0.006116704565873692
row_045351,0.005705376768389354
row_004195,0.014132456241114429
row_032421,0.23426004402872436
row_045037,0.002406487822389871
row_014075,0.0037741206057558003
row_005431,0.00562646061963676
row_045234,0.0654663349944545
row_023471,0.9010273794461254
row_010511,0.0010536854718162544
row_045406,0.00021575508757919174
row_027719,0.0032438752235056526
row_047828,0.03641615999425003
row_008611,0.0038105136758154216
row_042330,0.8626570508131539
row_002215,0.22407824942197213
row_045813,0.5502327633917279
row_008540,0.010153184512833584
row_043816,0.05906282897397035
row_002063,0.027868266066769648
row_030880,0.25333160175842734
row_034258,0.9528827813760361
row_009086,0.9910277952938363
row_012359,0.06899612795760818
row_018106,0.01921655700531708
row_040815,0.08296166935551158
row_045389,0.4365638873286486
row_040569,0.060939957960180265
row_001175,0.006866412957623217
row_015292,0.006585746592145122
row_023325,0.037602627274674796
row_010794,0.18051052087004615
row_032594,0.5786902291062074
row_034037,0.00280969974915846
row_038867,0.0031212241181231143
row_022689,0.0004323313464739482
row_036539,0.003906595836516037
row_027445,0.0034178353095230705
row_009113,0.011277477764142826
row_023065,0.13147472004263822
row_030557,0.01498575527181664
row_018044,0.018991338475808507
row_011754,0.010477843716930908
row_017873,0.012864346370189428
row_000103,0.16771395675577605
row_030989,0.10165300650916126
row_013921,0.0024761574265698945
row_046716,0.00315063655351651
row_032696,0.0036826118860923502
row_002702,0.0004748596975853052
row_034297,0.0015394755232817792
row_030942,0.20764778561567082
row_029692,0.9981836393940458
row_046088,0.8600006596283494
row_045710,0.15244638864319238
row_029464,0.14807637634046944
row_041778,0.0003269852379248499
row_025171,0.0019964108152596446
row_022851,0.007220051118992884
row_005054,0.003208293232371701
row_040899,0.005138379563041896
row_023531,0.0012115522366960927
row_049425,0.05011524048741088
row_040125,0.01257825166516369
row_031658,0.034727227378596966
row_012523,0.0016044969879345989
row_034381,0.8809615651534348
row_023310,0.002294801489938471
row_015664,0.2892819177192144
row_006176,0.004850274888423517
row_027559,0.024024850785002265
row_033885,0.15320689018065575
row_030194,0.0932398829428599
row_036989,0.03133121139278673
row_035530,0.029425635835901354
row_048461,0.053028433528558946
row_032286,0.010001322195639107
row_035592,8.703090233380315e-05
row_020373,0.6632701630207176
row_029960,0.032363493325822904
row_004277,0.1176556457242865
row_008303,0.07749359509854312
row_024587,0.005608615568396817
row_044576,0.18902595066563316
row_044439,0.0024018137930975143
row_006203,0.008243989670724552
row_048064,0.012329275866706443
row_005055,0.1788508189253023
row_005478,0.004056350687201395
row_038944,0.0009125037134027542
row_005548,0.18824133407708393
row_001182,0.021069985615991573
row_005511,0.05168085685514739
row_031687,0.025463261039096127
row_028446,0.02412629227823657
row_047355,0.00024912718676711016
row_010287,0.020079405429741706
row_009015,0.8786587630754061
row_001687,0.03287634754305819
row_035888,0.7299287423377836
row_019232,0.28948223292152414
row_011631,0.0019510179552014398
row_000824,0.02858570926894594
row_009329,0.6580836393496636
row_027271,0.038884628358777394
row_046927,0.22943960443713085
row_009966,0.013124084151941676
row_011060,0.011075844636947857
row_027630,0.9963681354753572
row_047545,0.006509081337288889
row_020745,0.03394627841237862
row_035934,0.023100566296754835
row_027051,0.055769465192780324
row_041916,0.06791780129594366
row_002871,0.0006626442734593793
row_017056,0.010817533219973339
row_021885,0.9914453237994202
row_009998,0.012142285797445931
row_009821,0.02226872582945759
row_021026,0.07773968833024188
row_005536,0.4455856373113347
row_000728,0.011067231848820646
row_014148,0.002684932326647861
row_028876,0.7141957574359423
row_003468,0.0017383777890968275
row_004578,0.0050106826311419085
row_039793,0.029783276561384346
row_048806,0.07926932643767091
row_017156,0.4452264261742397
row_014430,0.0007898642977735936
row_028128,0.005856172596563456
row_032374,0.03438827040350161
row_047020,0.000789682900493058
row_005563,0.9443128977766061
row_040028,0.002228942942596572
row_038855,0.06541008196971071
row_034928,0.15498266968253466
row_034477,0.003680833762870577
row_002719,0.6513632716120163
row_021428,0.0014032700938883696
row_030944,0.0008592078259612689
row_003412,0.0034919731303777136
row_040466,0.07929656380367144
row_001682,0.0064662648178879815
row_019919,0.052952708289740136
row_002937,0.11917708643561672
row_047035,0.4534429310055476
row_031732,0.9622616702969593
row_045977,0.4156690329020788
row_045106,0.0007562578673768997
row_022228,0.00016309264312461296
row_049542,0.0022149704250591057
row_038421,0.9290963135544601
row_020518,0.005815866804895639
row_046632,0.8480596328198114
row_018146,0.0001664345540603611
row_023579,0.03399893198172575
row_040791,0.006161230629752571
row_037081,0.0023154254913535415
row_013444,0.5843920651498213
row_012609,0.028032281470671713
row_022616,0.05516377822613601
row_030124,0.005368953677414851
row_044997,0.07985523812996574
row_005250,0.002607386816055833
row_043399,0.0007395102418105417
row_005332,0.01899732806362909
row_049952,0.031319860154569806
row_030066,0.004143753494842778
row_039871,0.004604372590277793
row_038119,0.002972185800871287
row_009529,0.015477360844279493
row_047277,0.06149908397967521
row_000678,0.4108788737274591
row_011821,0.017019911333464935
row_025034,0.848055670381375
row_032414,0.010726876695441345
row_047959,0.20775405881476955
row_025256,0.3056081979237335
row_044162,0.001210691702504012
row_033975,0.0003996209759490303
row_003056,0.017985917357482166
row_007932,0.054778681507393956
row_007476,0.0449321327606288
row_044248,0.0271265682508318
row_015715,0.06335037262694418
row_045842,0.01023613915290003
row_040748,0.07489095011918917
row_048801,0.0004682387657223127
row_026352,0.012983031510038103
row_023727,0.001406612160775507
row_023176,0.9840571006149683
row_003718,0.34969417380556633
row_028977,0.01142550288262379
row_031023,0.058921480767287565
row_029616,0.0926001666618688
row_035919,0.051664605579064986
row_006267,0.11902868488981169
row_013842,0.7219037191376159
row_005539,0.08760971972891525
row_010749,0.46906497805911124
row_004141,0.0015615094866664808
row_031094,0.0019809749192259696
row_027343,0.002245380864934321
row_037716,0.19984398876909512
row_005176,0.048696401154953745
row_034413,0.02298207155570923
row_015548,0.006150344510417374
row_003055,0.006785173571799532
row_006218,0.00792571812168346
row_018270,0.0014513006423176157
row_008204,0.03716928508823322
row_012782,0.24445163829075828
row_037446,0.2216063246165579
row_015677,0.001983316140539008
row_000891,0.0015010461056557398
row_013478,0.010397547685578431
row_013252,0.0222331863810683
row_000227,0.01700092362765529
row_008780,0.0006304783445804416
row_042801,0.03836562524519398
row_037290,0.3699591277468024
row_001369,0.0032210643960026127
row_032275,0.07863154136219391
row_025036,0.026528166951529486
row_011595,0.012832694646735438
row_039064,0.04562187972947619
row_006449,0.3110230210802221
row_023410,0.014558966817117255
row_039068,0.0011369977890180213
row_018284,0.0028833915470098982
row_022826,0.00598478784406386
row_047617,0.029720427593435635
row_032869,0.0009553819939217716
row_011325,0.3225528469675296
row_004840,0.293985046509686
row_000594,0.0036304507781024604
row_018331,0.009335916809197223
row_032061,0.11011987303512724
row_020097,0.07186328404443769
row_026102,0.6487226197117639
row_037168,0.005187058019623466
row_009938,0.00016639437890580695
row_009523,0.014595970493850585
row_034691,0.9940405755232044
row_017151,0.04294654574634142
row_006874,0.005835138107114005
row_005008,0.1914954163481475
row_005178,0.11057098518576242
row_002051,0.08580152881811554
row_001261,0.0012722295701353163
row_016144,0.0588200740763554
row_008817,0.00047513043174101386
row_019148,0.03996904360263046
row_028678,0.01108453497930138
row_003335,0.012005593728639621
row_006069,0.0032667000956476473
row_046472,0.009979088156125667
row_043010,0.15650467171630994
row_012674,6.534292959891461e-05
row_024370,0.009138453131256793
row_014388,0.0027394479517630953
row_002105,0.025282580256054135
row_032558,0.03349035295160722
row_039074,0.0009136760187717666
row_040862,0.019277248537524987
row_041361,0.12096196744346832
row_028735,0.000296166045737868
row_036812,0.008925351946182448
row_047760,0.1613374929619531
row_048469,0.003385250541578895
row_001607,0.3481759254934825
row_043651,0.4968701433641205
row_028969,0.9995635899993041
row_023979,0.00025508366129069676
row_039458,0.05947171732220989
row_022272,0.010758091377886091
row_019640,0.006961214315301948
row_032087,0.3351851220294839
row_020929,0.416223334906496
row_027940,0.026215706420390172
row_014974,0.5709517028662323
row_041681,0.0006072939282665361
row_014556,0.053038391724360125
row_007193,0.18823566904165034
row_006495,0.0013720362566419023
row_049464,0.0031322891993337595
row_002611,0.006125752524171335
row_013791,0.050377507389924914
row_039912,0.0012542902319351362
row_042672,0.06657228327692935
row_043556,0.0013295819286504526
row_027929,0.003144358275085498
row_013336,0.7408848153106229
row_023585,0.0020414286756037328
row_000384,0.709456739565812
row_042653,0.04542942039493669
row_005047,0.02295138716292971
row_035069,0.0020530397853490323
row_032595,0.0024236644285727015
row_033045,0.005182871930510435
row_030476,0.01428391962133933
row_007478,0.03998061403605911
row_012892,0.241278171270902
row_036476,0.0008548948319609671
row_006147,0.00023921961453899937
row_045596,0.013901146979677967
row_003898,0.003503770810803337
row_031503,0.06541046283712443
row_031150,0.008553361853888924
row_019697,0.0028174048027859006
row_005524,0.37203052185768987
row_012128,0.00024012209642162562
row_020748,0.000729192572160479
row_039384,0.06427019330085047
row_026906,0.0005193549153347274
row_006763,0.3151301609443997
row_003125,0.000504582586483806
row_031490,0.9997443387842158
row_012558,0.009031745324980897
row_014997,0.0033948393766863464
row_016768,0.018820086440750953
row_012324,0.7241075996300368
row_017657,0.050680699677493904
row_018585,0.06706709535369045
row_030945,0.0002116672568912464
row_027798,0.06811902670659468
row_022260,0.0005265339431222962
row_018551,0.03058237586346077
row_001836,0.026550316577882267
row_020471,0.0007844775195537032
row_022543,0.005958753701386625
row_044719,0.06909142820444368
row_027847,0.0007624781869300873
row_041795,0.0005593460530419791
row_037978,0.32305629803827973
row_006086,0.06178441226277217
row_016508,0.02156399323010986
row_014597,0.02916198488923289
row_030193,0.6668673590455413
row_035746,0.0016943526478787223
row_007642,0.0039149682448396395
row_039697,0.026785005851541484
row_042382,0.018341394436222683
row_033117,0.010847487366168578
row_014300,0.021114293116701252
row_033744,0.004534398335477364
row_040074,0.7791955131326345
row_013067,0.02970495116026239
row_011836,0.44422376260457486
row_021571,0.8180559942915532
row_010356,0.009213726273375751
row_023933,0.8419010848554167
row_032278,0.0041914171729887945
row_022559,0.007515986197247479
row_027503,0.06466000561850901
row_033780,0.12290463135355852
row_002818,0.05033988838935736
row_008378,0.3854400633695948
row_046279,0.0010199761891983164
row_008697,0.0008956804142889398
row_034585,0.002577241138975031
row_035296,0.004046097292905979
row_036355,0.09673554007982342
row_018577,0.017262844070987503
row_031166,0.06016987846496851
row_028445,0.04213197012017084
row_049009,0.35896274841651543
row_043700,0.0019161776557181324
row_041799,0.00024094337078030335
row_011207,0.06113239680983011
row_042703,0.02552106203012853
row_026384,0.8965072297032006
row_045756,0.15484996033861348
row_011796,0.008275583951717999
row_036362,0.01852651509308946
row_036773,0.007060195478828083
row_007170,0.005545606740852953
row_029221,0.0006686916425707693
row_007899,0.6790414773003027
row_010090,0.06988847963675374
row_025548,0.0005373401922864694
row_045478,0.028530139998388604
row_044298,0.04546184031976106
row_042531,0.0021317154235565685
row_047230,0.11381468090837496
row_014671,0.017545113193772402
row_010583,0.018668856895660724
row_035248,0.4402299821290306
row_024040,0.49804506917116353
row_011511,0.0015390324304414573
row_036235,0.0009414103160869012
row_002886,0.022324717893692673
row_022824,0.009613755717473683
row_017527,0.011016468131310601
row_034744,0.049565814752997435
row_042953,0.09514799360720136
row_041257,8.653631714466733e-05
row_016120,0.00022792297376455573
row_047993,0.16942224935697175
row_013746,0.0018128598498878463
row_023334,0.0023336792794709724
row_029955,0.00022848423139216036
row_048979,0.00149690274596714
row_003843,0.006220187836480487
row_023501,0.14611922369982755
row_030352,0.003910362628999874
row_011330,0.8516299861388901
row_040268,0.0043948563462227015
row_025177,0.022935731438859665
row_036375,0.004783283180694424
row_037241,0.002700566148704688
row_034947,0.006265304353538383
row_032198,0.005554647198344846
row_036302,0.002117703648489261
row_029825,0.19695804006562606
row_044878,0.17466717377375987
row_033927,0.004009530072819897
row_000252,0.0002605168217866032
row_049817,0.00029818230293259744
row_010728,0.007334103334699263
row_045009,0.058171619411631376
row_044838,0.019459259171207704
row_030314,0.010443366359963046
row_014958,0.9784605285451666
row_046092,0.9902291866505983
row_004339,0.01064302462806049
row_009943,0.004796710334503346
row_005818,0.0029687708633899424
row_023043,0.9832813439524751
row_002746,0.012256044297357438
row_030339,0.514168065614701
row_022248,0.00247673772416684
row_003433,0.0020692332241788367
row_034766,0.01674347337306923
row_004966,0.45475598402938044
row_004818,0.011230361658071352
row_040347,0.013062538840086093
row_036496,0.006185066389004974
row_002732,0.0006607726091945252
row_004005,0.0006412725674100574
row_047762,0.05371139364539346
row_042498,0.039690882829630535
row_018545,0.042965840731377394
row_011749,0.01125010180742486
row_017907,0.03603512763091161
row_008873,0.02325382612343359
row_006322,0.9335061147008765
row_013788,0.0013773888620592521
row_024314,0.006899058949497048
row_028356,0.0156860310905261
row_023563,0.00026160802961385594
row_031988,0.0737851267474845
row_041526,0.04291974985986999
row_020292,0.17923961788798135
row_027527,0.059066460521868674
row_011281,0.0009056920211479493
row_044242,0.16198351507211378
row_033373,0.0005607946796045807
row_014483,0.2700353578970174
row_027836,0.043780865238520775
row_032007,0.9892204056083633
row_014175,0.8737009525895179
row_032781,0.011580661852846896
row_008885,0.00029290399695930424
row_042374,0.592187374074822
row_020487,0.0012371022003509807
row_013555,0.001683846809619636
row_025168,0.00030866424179321457
row_026648,0.12109586195254463
row_030413,0.0024769457939891153
row_012171,0.009080281759940167
row_004947,0.000731536037827676
row_045325,0.008433366741303695
row_008607,0.05405311098022858
row_035441,0.01856653045535154
row_012294,0.007079843800711049
row_040988,0.050822744295538264
row_030386,0.06187128774081825
row_031219,0.026667701762165326
row_030568,0.41122369771866146
row_013761,0.04902131285950116
row_015390,0.10808839588841682
row_029150,0.0024433001971800048
row_045367,0.005994424429472758
row_017130,0.0003531209227823665
row_030647,0.00015412516346169954
row_021081,0.8838710490818482
row_001394,0.8004850824172862
row_036569,0.6338739207829645
row_008496,0.012925946318309399
row_018212,0.17116079328779815
row_041008,0.09574109978126003
row_004659,0.0057675583306797005
row_021333,0.006475168131192477
row_021556,0.10094539136611855
row_007368,0.45972887190842815
row_039090,0.0011094158671285557
row_003671,0.0039401997919991565
row_030918,0.5057117213889399
row_004751,0.14604191284946283
row_007432,0.030458653667805313
row_037450,0.023817129235390026
row_047718,0.0016281299216803031
row_033163,0.0018435777283944286
row_015687,0.0005931272195894698
row_008302,0.02046873872663558
row_026751,0.11425577776837607
row_008976,0.00511219513343935
row_020702,0.012195208299412902
row_008653,0.00040085926450059205
row_042394,0.16415140618227309
row_036602,0.02401457821861283
row_031947,0.0182041158986447
row_047409,0.6357344910871806
row_007927,0.26980495441982033
row_027531,0.0004390577406291719
row_023712,0.0033671482574885126
row_033665,0.16211760978005937
row_032765,0.0012044882393637954
row_044744,0.008154468784510892
row_028917,0.006531201719911864
row_047402,0.49028832519438936
row_044468,0.9920255745657726
row_016824,0.8678193535466034
row_048763,0.023773181812256308
row_015912,0.04293610696432859
row_007769,0.0008368413113408249
row_026097,0.08285129930708282
row_011360,0.19117480806018433
row_046626,0.0005532824188593285
row_025019,0.007311717026749926
row_007760,0.5866332136978212
row_021847,0.08803685051625376
row_007845,0.10433230409390182
row_039508,0.0003305510788149975
row_016448,0.008521997046671989
row_031931,0.08441534923414212
row_018618,0.007135261632586594
row_046449,0.012383556276904276
row_040248,0.23518677660792586
row_039689,0.002050105413773761
row_038469,0.7938776223932893
row_015172,0.2715745131224462
row_020652,0.005724021861045961
row_027994,0.011433517747807265
row_017415,0.3171118204273303
row_024803,0.5641912965707787
row_027032,0.0010270534951864988
row_024521,0.1243515093476968
row_030341,0.9928642617384121
row_014940,0.1590702656078974
row_016926,0.003598555994716934
row_047579,0.19614528171887852
row_044693,0.043986776477841216
row_004893,0.001646687414947435
row_036129,0.007125682922138032
row_020007,0.01796987355377545
row_004950,0.03707524311424574
row_008223,0.025059035283622765
row_024032,0.009247238382066123
row_047021,0.006183462985949036
row_041320,0.024529907687088175
row_034555,0.05769912979573044
row_016868,0.019376517511241573
row_034629,0.22744234752495535
row_043793,0.0008724519604636154
row_040832,0.049892334925191545
row_023832,0.012555693640805363
row_026871,0.07929536498499701
row_018650,0.9998338060018583
row_021481,0.018135352198375414
row_031228,0.05233650151823521
row_028410,0.0034659034190101996
row_021246,0.06506590798716604
row_008510,0.0022167694104084945
row_006340,0.018341081050856016
row_021540,0.00021501093055530083
row_030935,0.3357505958303462
row_014616,0.17534800970230102
row_000646,0.268722504126419
row_008098,0.10259687486813018
row_044477,0.0014951341811442085
row_012191,0.09784699789520243
row_043837,0.806838202359004
row_044133,0.004220582683161277
row_045283,0.008681024070030206
row_037709,0.0011978321476147087
row_033644,0.018778703816143796
row_027928,0.9724897770993044
row_024607,0.0005613546139797588
row_035045,0.0020734156535953574
row_045648,0.9852680455091642
row_024254,0.0003232082490041985
row_048514,0.0023531107298778477
row_033325,0.06303829644155323
row_005052,0.0008650110271863701
row_044462,0.038532546056152944
row_027144,0.9394750997814068
row_020521,0.08918992112269875
row_042515,0.6790873145618826
row_030749,0.003801514604262029
row_041715,0.015823873616152596
row_028990,0.02121500536758346
row_033444,0.04625545242966201
row_025273,0.7152287531403224
row_034019,0.01931592501935965
row_014708,0.02642095379389286
row_029657,0.8611322254107723
row_039933,9.472716897829073e-05
row_010130,0.0006061954547258777
row_023321,0.00038657376283407995
row_018372,0.0008470079981545232
row_027620,0.02702489162501772
row_010773,0.00033463046901917206
row_027241,0.00776021949190284
row_049564,0.009931216938334105
row_007549,0.0035925196804302987
row_026364,0.8378896567551579
row_021829,0.010909814904695244
row_048141,0.9929045416527167
row_046456,0.012838715569475623
row_045557,0.0004181459179527824
row_006213,0.1071297572364142
row_039779,0.09617786064948466
row_028393,0.7714003248021462
row_002541,0.049156870567236596
row_040617,0.0011730101767801532
row_045752,0.0026487246825973245
row_005461,0.0027819069837531772
row_026023,0.004041478338497135
row_017573,0.16768319239921614
row_004743,0.9946797736864776
row_032237,0.849632506745607
row_036468,0.1060430869243321
row_025376,0.08060322420737544
row_004284,0.001283540595425548
row_044768,0.015838659107132166
row_008811,0.0034824537857107507
row_019141,0.0038989403870963698
row_001363,0.0028278012685381652
row_039572,0.014218298188432336
row_007619,0.0029772776380364158
row_013079,0.0015372427706108096
row_004875,0.0168068965607445
row_040709,0.9766632975250628
row_003538,0.9998822628893334
row_019713,0.9980801174288363
row_000382,0.9920644127723188
row_015346,0.005050987848186754
row_024867,0.07726428127294356
row_045709,0.01163807230581856
row_014325,0.5726547932209849
row_045146,0.08122768547573558
row_037901,0.01912438847870531
row_024911,0.5570061033353177
row_026331,0.0010017549286052423
row_012341,0.03548866217870132
row_044318,0.1563527083813771
row_047641,0.5928113223650753
row_020669,0.06758532391793345
row_008578,0.00217044473962272
row_003492,0.4067822921295694
row_000770,0.0012384257810752527
row_013481,0.0007763575349955035
row_038807,0.0023180764924796617
row_005394,0.014322670959459563
row_003602,0.0005493810927360929
row_030587,0.2882171839166976
row_002173,0.003844466291103827
row_030327,0.9078068504053312
row_040987,0.03331101585508999
row_005104,0.005922234685241395
row_002187,0.0006096531994787924
row_037313,0.010176518407191403
row_026928,0.005488087719991489
row_011707,0.10392967747125814
row_039174,0.024960900178584464
row_048467,0.00046172592070929045
row_034298,0.1270208079831956
row_016828,0.4182034251372949
row_005612,0.025243999596846062
row_036737,0.019047490106141256
row_015236,0.015308815790736632
row_021637,0.004965140737432145
row_012117,0.004805069816933325
row_018979,0.1886428143971049
row_019490,0.002590035977456227
row_030721,0.612125912771313
row_023984,0.215105002941343
row_003174,0.1955496091961182
row_025014,0.004304489805471648
row_012165,0.0014481336658702312
row_005713,0.01447420266271512
row_042747,0.15731681486953575
row_021863,0.00691045019029561
row_004323,0.6232773174467727
row_018557,0.001512928684991483
row_047980,0.7244197661778033
row_043300,0.058817883160264026
row_046451,0.0037565245167487304
row_025878,0.028117124699293488
row_026433,0.1209634988328454
row_004093,0.23487559013068532
row_003257,0.005110552769426518
row_013231,0.016084161782081254
row_025108,0.031492074936613816
row_046138,0.019672224631398685
row_031520,0.2921886696986364
row_040699,0.025602636437232353
row_048796,0.009798418585645726
row_023641,0.029109472961193036
row_036856,0.22407367525733418
row_021159,0.053484771536270306
row_009911,0.005693917506824029
row_022224,0.0021287755396825364
row_035129,0.0023998808826943014
row_044070,0.007122872280650804
row_035457,0.0045113233113586995
row_022180,0.09420098994751644
row_049333,0.9800260027347267
row_049062,0.982105325370902
row_001514,0.007761603893459665
row_025319,0.08201598568910246
row_008605,0.0014303687852507214
row_004134,0.0004974527484763863
row_019126,0.019072270872261092
row_000918,0.10962658551161447
row_041147,0.5355626833464953
row_002714,0.011721298335242885
row_040408,0.2502406012331688
row_015709,0.0035750444800085554
row_001785,0.6885453373527879
row_044547,0.049898759520530384
row_047251,0.01464501005495767
row_018662,0.027752218955543542
row_010229,0.01851400244982128
row_035548,0.0032441911404390506
row_026556,0.6084637205700693
row_042094,0.013504975100778933
row_028754,0.2249656842150397
row_037352,0.0014200631771486112
row_032439,0.00023046979833925708
row_009868,0.0098775787111912
row_003258,0.030360314372180126
row_028902,0.05601538850604499
row_008056,0.7054451014642502
row_001700,0.7660613433558283
row_021268,0.019126617532733554
row_024913,0.015265808487458815
row_030614,0.05934303382858968
row_037010,0.0006606442254155616
row_012379,0.7287790224862938
row_030507,0.011175327923025401
row_024282,0.0001331673455257396
row_028866,0.011519685766885598
row_037036,0.921646945926079
row_048375,0.0210553651195496
row_005395,0.8786918082624712
row_044125,0.11558319219612223
row_011674,0.0013856840675677468
row_004217,0.0007389263746882151
row_005564,0.40014078939622816
row_012115,0.13591909687707193
row_034615,0.13684428338283017
row_002161,0.020188946104088484
row_034455,0.7118502020780593
row_040073,0.9056245365017865
row_032950,0.00047293937375174507
row_025755,0.2950304285862455
row_045424,0.024330966275588076
row_012527,0.14303318686007988
row_021681,0.000503442749188558
row_016692,0.014854038803043097
row_025772,0.828201241081679
row_038218,0.005540127130936129
row_031651,0.0004259806868282908
row_046522,0.06790885195331345
row_042433,0.007493472130997161
row_043727,0.0030286601743655583
row_043925,0.005036258761630762
row_017419,0.026142170815893657
row_049374,0.1084223540216191
row_031322,0.9492521985055804
row_026257,0.0030373693228845805
row_017839,0.4677597059216956
row_020404,0.0026706551176269343
row_034787,0.23496274451035234
row_039786,0.009592140820965411
row_036428,0.041764148009742395
row_029171,0.7339797843335816
row_030635,0.0006021511831457805
row_003823,0.016242950532730116
row_009185,0.9756787388978432
row_038198,0.008586010955530125
row_037647,0.0023571528742532544
row_010935,0.41946164030198985
row_020346,0.62763219068575
row_043682,0.00024008867823899205
row_019841,0.05471648469921003
row_018104,0.4183357048122988
row_038415,0.6510895098108284
row_038157,0.024303570894388483
row_043247,0.36308893201896153
row_031191,0.09112851280537385
row_044117,0.004056032170371372
row_012235,0.5182188370465666
row_010897,0.000547918671577035
row_045179,0.00048477961056812266
row_049242,0.10080871770058557
row_014874,0.0045084654524896895
row_010156,0.06229071994166692
row_041554,0.010557686837284551
row_044368,0.02930049451596064
row_035730,0.01905385495142982
row_018709,0.0020885752943654353
row_044575,0.01177198017947704
row_018977,0.0009615658690433281
row_023536,0.3409947742530571
row_028813,0.4585934446035147
row_033309,0.1029311963698549
row_003640,0.005928710364354521
row_009693,0.060048797621544116
row_021322,0.006860122715893636
row_013734,0.01420787133151989
row_006863,0.002652259907994747
row_039725,0.028829024945040603
row_046457,0.19956897493905507
row_036728,0.003647435071284347
row_035389,0.0011063043198497088
row_018278,0.9956287153008662
row_007595,0.0004601112040907069
row_049756,0.0033637850160095095
row_020345,0.0011746256874145787
row_014909,0.08686435227542738
row_006638,0.0448849324454449
row_031192,0.0012174867479650675
row_037013,0.5947152541957315
row_049100,0.20347559695763984
row_020298,0.989787266721027
row_034899,0.05698571313847512
row_041383,0.032517535417381366
row_028919,0.032487727101066906
row_022511,0.5789063886071077
row_016123,0.022508702698313388
row_045901,0.0012092900635462891
row_031785,0.804375211931008
row_013715,0.006027816178881694
row_044852,0.025535412181999388
row_039034,0.8422207506536651
row_011570,0.0165427960123233
row_019964,0.5285122523045267
row_031565,0.3113067944261065
row_019015,0.0008285456870683226
row_033887,0.0019518110325344783
row_032597,0.07780506335917323
row_000376,0.02381388099169544
row_034112,0.0024152979880984033
row_024616,0.05341109825509458
row_043388,0.0004314847002767669
row_020614,0.12660999793685965
row_027260,0.008417822238222334
row_009202,0.0006739298013656046
row_005266,0.19517456442444286
row_025501,0.4082554260259246
row_038702,0.010090102262766815
row_046025,0.004534947576332342
row_046185,0.0038423784045270686
row_023883,0.0013125256549383166
row_017604,0.0343490901733268
row_011541,0.002803972154632674
row_008665,0.10644150646995905
row_012231,0.017099498863591443
row_039095,0.008767248503738915
row_016634,0.0005163245312874319
row_041542,0.17648753430134734
row_013895,0.008123406308070444
row_019440,0.10631011772657131
row_000432,0.22221655175088273
row_009837,0.08710539117938668
row_011477,0.0002143849358249126
row_033926,0.03216741397910599
row_039834,0.018501575552748513
row_028933,0.03177497358020633
row_014028,0.19329892588889686
row_001196,0.13163954761615598
row_003562,0.0039238392787742165
row_002803,0.0010843366293551678
row_039659,0.019082587448744793
row_039982,0.0004081907853140552
row_009397,0.011588448087842014
row_006436,0.0004927905756574427
row_027472,0.018393053922194407
row_025398,0.8464233775929746
row_020103,5.4937794749068496e-05
row_016261,0.04565406332215539
row_029710,0.06976555210791908
row_047850,0.006172440162384184
row_047997,0.9667249751958791
row_026480,0.005466044947671031
row_044554,0.7277223271710725
row_033747,0.024890206865958376
row_015104,0.35372132991005795
row_006304,0.00023814105882194805
row_039038,0.7413017808357523
row_033180,0.10983456876468622
row_044484,0.13079126165094113
row_047077,0.007512679902654773
row_032139,0.05450529376189846
row_026190,0.0022126218722876073
row_032171,0.036406637026711
row_044312,0.0009585383397706717
row_004563,0.0560048419401529
row_045042,0.18181156229087994
row_002434,0.14175699006554948
row_013577,0.02482735526633424
row_020732,9.170304749648312e-05
row_001361,0.2743140190209702
row_039923,0.002635320036144191
row_046840,0.01717088207522461
row_003964,0.18649500064576774
row_035170,0.0047830540855463705
row_038400,0.26362107917236055
row_049402,0.0012624872218640274
row_020172,0.949313942121393
row_036526,0.39066770638469045
row_009477,0.024653654461138937
row_016601,0.012656244383293005
row_027278,0.005026404589134538
row_002899,0.10499392714365044
row_012712,0.00749615013032783
row_036464,0.020357376926879805
row_029675,0.021377544463245957
row_018669,0.008685443112998174
row_033055,0.007572110725124528
row_005684,0.02065297944789069
row_033427,0.03489149153897527
row_016531,0.03867476094550218
row_030312,0.13258191939907782
row_007173,0.00016701830828094982
row_013264,0.0052294873412238145
row_013446,0.0001820631458522989
row_037795,0.07579241940692893
row_046375,0.8004225536355725
row_042872,0.0868749786408239
row_032036,0.0028663809822389256
row_025184,0.02748236225685604
row_035169,0.034348635673027025
row_017924,0.6616161300160535
row_009335,0.019896255109651515
row_011243,0.8549398144715057
row_028759,0.000390985029031281
row_044631,0.0021062570420486673
row_011534,0.23042600767066865
row_040607,0.011861800678362741
row_002019,0.009715875481512714
row_019068,0.014728461943383776
row_032618,0.7496664822912478
row_038063,0.03409389342651062
row_042687,0.002801140380509635
row_040382,0.007138601800210794
row_020888,0.00017733226224229249
row_036159,0.0004721187352562262
row_028749,0.06871223473840539
row_048927,0.11696725375719577
row_048259,0.06867794328605425
row_038365,0.0006167299200097017
row_048654,0.1253598530587139
row_026584,0.001714365026031478
row_022599,0.0055038399013982095
row_038717,0.1306768877566172
row_028622,0.00027166243135231047
row_007958,0.003465907900303459
row_035816,0.049535423137388304
row_047881,0.029141009850573826
row_001276,0.01860435911310622
row_049901,0.4992177039474085
row_019222,0.00013314425419513776
row_026998,0.05549552544128274
row_001449,0.009857242383706374
row_007244,0.0031884028944337084
row_030008,0.13935150415854486
row_044669,0.6710632672777685
row_005045,0.14648867137397167
row_031714,0.2820222326105162
row_022188,0.004072000449968241
row_005264,0.22952984419282316
row_001881,0.001179231559442457
row_037148,0.9994331769241014
row_013352,0.004553207743829334
row_008954,0.006273460206249256
row_018051,0.03134869067554741
row_009472,0.007123308384025511
row_032863,0.836944416833503
row_048394,0.6371402711059573
row_034097,0.8751814985192892
row_007464,0.07909987844135351
row_019163,0.008812749733227349
row_018507,0.017404452315379598
row_049214,0.05321163743597338
row_030018,0.061474776303343165
row_024635,0.00048731720844580003
row_008799,0.000861885502056181
row_035260,0.057628375923388535
row_006606,0.009361056270833234
row_001038,0.48503635875333834
row_036285,0.064541460924304
row_011328,0.09116994326992932
row_011098,0.011908445719043002
row_002407,0.012159044915911956
row_015764,0.04567280851950693
row_032641,0.014553874205698746
row_026094,0.05457488090328895
row_042593,0.6207600336000367
row_031553,0.7969179162445005
row_001210,0.7495137696868351
row_006319,0.007534094250361978
row_043555,0.0008173276804531298
row_008398,0.0004561426143260461
row_017229,0.3959782757647258
row_031460,0.3777127731800655
row_034556,0.007583400617143524
row_003311,0.021312339698198932
row_023435,0.27285775891932373
row_030872,0.021404605333386843
row_012794,0.004168795102918527
row_032300,0.02590395781314604
row_047110,0.003227592634414832
row_022078,0.002102919822973578
row_029265,0.0029691046484204425
row_008919,0.008452229636716246
row_001101,0.030627275756078935
row_037702,0.8626267078729097
row_022671,0.003942707850722333
row_007254,0.4368932870134019
row_040264,0.0033200893904028017
row_027835,0.003549964159099501
row_013322,0.00029073474875578563
row_028798,0.02425507048248428
row_014281,0.968685096697646
row_038649,0.4455272176016063
row_019653,0.016368696525171523
row_002787,0.01127126890506869
row_026979,0.13609687645548163
row_039601,0.9714602649931698
row_010523,0.31872858758966294
row_027291,0.024845861196247303
row_035044,0.009287445369632788
row_048784,0.00042495101991484285
row_007680,0.000566944865135299
row_000777,0.010876911140103276
row_048996,0.027477223258048685
row_016425,0.00914735314606848
row_012230,0.0012502227009663026
row_027921,0.2618388164654776
row_047779,0.44383619464868107
row_048766,0.007039182286844548
row_020911,0.10699411707121334
row_007052,0.007997791002630383
row_007442,0.014310834889436144
row_005288,0.003810150323856948
row_001494,0.06236174057758644
row_015582,0.0014872541695554126
row_021970,0.003469881046649648
row_042418,0.0016976831069096389
row_047236,0.03833518428149067
row_020060,0.0009700636809659121
row_023282,0.0048030407721774
row_014639,0.04787090375686689
row_004194,0.0006982072920070258
row_030607,0.0035347004424090855
row_028133,0.0008209502331978934
row_045262,0.7506088352020808
row_038205,0.14737885007804236
row_014907,0.09430137341354762
row_044159,0.0013983717048923218
row_003668,0.041099360582151245
row_039309,0.0009963051014218816
row_034548,0.002539416564926833
row_041740,0.0004986434246999178
row_015797,0.005680474525996044
row_049848,0.026607236121582792
row_041448,0.024684818450506085
row_020550,0.2850105295215365
row_007935,0.00028754782640001133
row_002497,0.0007633288249925233
row_045789,0.06445850174117164
row_020241,0.016924028316351234
row_015227,0.0012169472684281334
row_033741,0.005626461914782354
row_042590,0.22450465339473902
row_033650,0.03727565522083195
row_041643,0.004291708773929252
row_017683,0.18920096075874637
row_010509,0.3744426284892567
row_045971,0.5650025732401907
row_026689,0.0005836747735985374
row_027567,0.0011894096819373536
row_006645,0.0007658668210376301
row_029371,0.1428893480193352
row_042814,0.0017283658597993814
row_045805,0.02822654661548661
row_020848,0.0011054779450352624
row_000650,0.00014948698429342628
row_027534,0.005442187102276339
row_033671,0.015307372254857846
row_040674,0.001993363213624061
row_025291,0.0006195059992652269
row_026765,0.10802941523678242
row_030605,0.014208070903566315
row_003919,0.006380834703558422
row_022136,0.023655419100263204
row_021104,0.003936961229642379
row_015344,0.06565791147924618
row_005760,0.9609934757548557
row_002880,0.00036507807373798394
row_014768,0.0637011750523134
row_049650,0.04858039442343324
row_016375,0.04033326704459847
row_039317,0.029828821192614756
row_011830,0.00404092064081111
row_004930,0.01566222931770979
row_017411,0.5885481729320785
row_021363,0.1821047093434126
row_045625,0.0006657499179866773
row_036005,0.022295466931015875
row_031755,0.05734577491951117
row_012743,0.09728287568021446
row_035727,0.4299447722463842
row_007408,0.39778311169368435
row_019227,0.32549925904495564
row_021680,0.007536209543309435
row_026260,0.000510318177249059
row_035357,0.0416060668815898
row_046156,0.0016350453870751323
row_048890,0.012571342629804949
row_027125,0.9955669653569685
row_028916,0.022258598200121108
row_037758,0.0007978928704100113
row_023336,0.9815459323407768
row_003134,0.09572838335473666
row_025876,0.17902558400572144
row_016077,0.0317825086259221
row_041811,0.06536293404208053
row_042661,0.14100908103093807
row_043454,0.004593957238630466
row_030329,0.2701793396103711
row_026738,0.005793858141859505
row_041510,0.05327816809945564
row_028197,0.07958523545054652
row_013777,0.0007383316094422646
row_014969,0.0020635882834386106
row_000120,0.00042009665781877483
row_006886,0.0037457350348724097
row_023163,0.39039112343571636
row_034579,0.013985700593193696
row_006311,0.5656935786055061
row_046758,0.0017041188294841015
row_016777,0.011964195467678832
row_025940,0.05968460623311675
row_023135,0.9236986587194972
row_003320,0.8799664707074832
row_016109,0.003778352100403136
row_026643,0.0013723776849097781
row_008382,0.006344212272496911
row_024175,0.8422004534855131
row_044598,0.38042479312957367
row_028018,0.001861733549255369
row_006703,0.00402361163877166
row_011589,0.06089250851197756
row_001467,0.0207414621897004
row_035099,0.1277391444925694
row_013696,0.012075610441053486
row_010912,0.01129048338260505
row_021264,0.00014248353115970302
row_044164,0.4386927919187427
row_037754,0.00178273519222945
row_021147,0.0010339074628798236
row_043942,0.00034176990552464405
row_002550,0.0048120150068521415
row_024808,0.003860605571900623
row_023378,0.024497549205616555
row_000962,0.015746739850142816
row_000066,0.0207656389108571
row_006767,0.05576106948954791
row_018120,0.01869570350556645
row_043045,0.01250598468272743
row_012159,0.3267505717002982
row_007604,0.2697831675684752
row_037833,0.001259666869240428
row_004911,0.0009773767067204361
row_026912,0.009101757547817977
row_042898,0.002171188338083316
row_043877,0.0003178951481041945
row_035475,0.27238766437039164
row_034518,0.06082433868186464
row_042722,0.01030201457877171
row_002216,0.8639869520556049
row_038146,0.04875484366672571
row_016308,0.009710157903513386
row_030573,0.019644496135740947
row_000308,0.0002730580679923119
row_006835,9.896944855732625e-05
row_038317,0.4266493997390237
row_018033,0.9854161296138157
row_045344,0.000742482411676048
row_031311,0.03279259154684566
row_033788,0.009671347684546455
row_039516,0.05036983330035942
row_028257,0.06079344653765006
row_005353,0.018914309900146267
row_011626,0.024451708837742808
row_045932,0.0004385893738620102
row_024520,0.6749007345289346
row_033472,0.1983507400009985
row_039005,0.030800314953394303
row_039658,0.9999557441613278
row_003247,0.11984113539637894
row_030446,0.029312455253989938
row_038849,0.10372674307368752
row_036248,0.8952632900474242
row_023547,0.04309121203556222
row_044465,0.20364858017014603
row_009631,0.011368892713079214
row_036549,0.003365706809989844
row_011499,0.0019029511414472588
row_038890,0.0006141383950513343
row_014741,0.014972893844060916
row_043836,0.17083854459338774
row_019426,0.06903594534426803
row_018345,0.003332995525823277
row_036673,0.007143732005073755
row_041364,0.45885303701528635
row_045196,0.3704639716119106
row_010531,0.12097914458868425
row_022236,0.00043213684795684435
row_033244,0.9207402341623085
row_014507,0.010664617945077615
row_019805,0.035272322292410285
row_008440,0.007146352619544247
row_033503,0.0007477746911328347
row_029688,0.0005519661158275178
row_032375,0.20201238997637147
row_039331,0.4764133454996538
row_016834,0.14741007451473884
row_010793,0.011785651338830885
row_013060,0.046834730246982786
row_009885,0.0007368364176537335
row_029760,0.0013640815976042266
row_035387,0.024222285286049524
row_048365,0.9993960520769546
row_044892,0.9992187845316257
row_028882,0.017017320713244334
row_037781,0.02306266233196469
row_047301,0.9650855028892342
row_014570,0.07399167615345911
row_023409,0.060602382473719185
row_026737,0.006948770404688212
row_031284,0.796013510421863
row_038637,0.04744163998189732
row_009395,0.051171269437159966
row_015475,0.010121656187265652
row_041832,0.01253397662097246
row_016011,0.998853022314093
row_024156,0.06887826871343626
row_041350,0.2466753109034629
row_002360,0.0015471111603418035
row_010117,0.0006587137039582669
row_013631,0.0008547582150118466
row_009060,0.08321786968666482
row_010278,8.915512902239961e-05
row_009214,0.004019362066819505
row_044790,0.04081750707609506
row_033936,0.003465434931943913
row_003995,0.014233060547492488
row_036855,0.020441248564603203
row_026878,0.023937629532991715
row_022712,0.0008176931716193049
row_026069,0.04141844633165217
row_009762,0.9841522918246424
row_011778,0.631600631531769
row_001272,0.0016721128098863022
row_011485,0.0022977820032329026
row_021260,0.026265008088150747
row_002557,0.012171009249147161
row_021225,0.002155969045261808
row_001580,0.15513784271380227
row_047155,0.05552803696920379
row_018362,0.7043441511848041
row_016978,0.008916333777053625
row_031717,0.05866079388019599
row_034821,0.005607224740942685
row_039691,0.00552636443622763
row_018116,0.0006232034538198928
row_025130,0.011090264308933943
row_006320,0.011685586837296471
row_047598,0.008797404694637944
row_026710,0.0002403444392120023
row_044872,0.011491277711369294
row_010198,0.10913907451108071
row_012939,0.004075572439871484
row_017624,0.787121457385394
row_012491,0.19883901478594584
row_048428,0.07147071642659408
row_049534,0.380435100743439
row_009443,0.005048014907152046
row_013890,0.5160787593528776
row_020111,0.05448413824670173
row_041966,0.013023633443839694
row_039909,0.08632189648625298
row_032923,0.027964615119154927
row_049634,0.011513463916037005
row_045671,0.00011658196651642111
row_036209,0.03134625199631451
row_041702,0.005048752965660107
row_044195,0.3241015018019415
row_001036,0.03977400076288293
row_007019,0.0007789480889310418
row_040757,0.029270309267114443
row_033884,0.003650869961691867
row_006169,0.004376430551072093
row_046706,0.006347362865190079
row_049879,0.0028705491302211386
row_037934,0.01675909817517041
row_039340,0.017850425062817817
row_040380,0.11867327064837327
row_046450,0.025288380484858777
row_007950,0.020797027027300564
row_001120,0.18012618967111726
row_039884,0.1008661945976499
row_030025,0.02531829397674211
row_044734,0.0005518198063195134
row_026724,0.5985414996782572
row_011302,0.10517075917281328
row_014775,0.10868398363491646
row_016204,0.13013746169868343
row_013847,0.00993462782305809
row_030032,0.010603360509656299
row_031852,0.004998010854589956
row_007941,0.5485500562013564
row_026131,0.004067767539399908
row_032549,0.7009568600173476
row_014684,0.21052340220004212
row_015598,0.08554989244874814
row_040514,0.0498040343550065
row_022061,0.01422165350565812
row_019321,0.024760369658210983
row_007236,0.07078230567929523
row_009093,0.9697377090003989
row_020721,0.08959607771080022
row_022909,0.0016184105999088277
row_009923,0.04019932351862435
row_024578,0.00022604682168317044
row_022661,0.00013585849640447402
row_026422,0.00015392183121139798
row_039386,0.07319508044301953
row_046172,0.01598816966473318
row_049052,0.2114919487114335
row_042742,0.1905005042360296
row_004604,0.8125805086654835
row_012607,0.00020922510583474847
row_032151,0.0006413756647254852
row_034327,0.0349786320938653
row_012622,0.0006957797648612504
row_001530,0.42619911249809894
row_015574,0.0009267241973024749
row_038125,0.0006065052324238625
row_043557,0.20908040970388736
row_029952,0.005346929875455974
row_048879,0.009646094609209807
row_000040,0.04118739464627786
row_011467,0.0011775202583488692
row_040592,0.0005684592526592816
row_019421,0.001187602838283847
row_047711,0.007643861593685531
row_048278,0.033044932760344724
row_039852,0.0002721397002744516
row_028213,0.005175687353428469
row_030468,0.8032128650058786
row_039596,0.06203051979290851
row_034634,0.0023551668768940215
row_024785,0.1316695864841456
row_030729,0.003364176844952352
row_045641,0.040836491648548134
row_032330,0.03993059976543614
row_010083,0.0026774439252443363
row_006601,0.008474384162857548
row_009727,0.0495409066879071
row_038910,0.0019606263508321546
row_032827,0.00017348271544045441
row_002609,0.0006935757234180588
row_028115,0.06416243976404479
row_009225,0.0032218753249630997
row_006800,0.052746793282551094
row_024024,0.14443037005499215
row_040070,0.015018179796424894
row_030492,0.011000874364351584
row_038633,0.006703856491478911
row_016997,0.0015262147529367018
row_017981,0.00188146423082792
row_005301,0.0015224858095857702
row_022570,0.006288987691442214
row_026346,0.008779399506591179
row_001529,0.007381099248314881
row_013718,0.9907739931713715
row_020908,0.0030090115245418646
row_030837,0.16206533438339749
row_008244,0.00813758109906516
row_010483,0.0033895695120168953
row_046650,0.038606908555696304
row_038181,0.0012614933655121997
row_019751,0.9067982763645288
row_044178,0.05270482831611342
row_027852,0.0064716940667663425
row_038793,0.2959249897964292
row_022636,0.2396216725438814
row_022284,0.4758502574762757
row_024141,0.7073766730619836
row_041271,0.004554848102420308
row_025913,0.008779607875388305
row_019513,0.3354780803180132
row_031966,0.31482776349709485
row_035997,0.0024675208302514023
row_042911,0.002297711214630896
row_026191,0.00024075358896023328
row_000997,0.05867176406041941
row_002514,0.22895157769040048
row_047048,0.023083389965593035
row_002065,0.6223036994848062
row_048173,0.0031394134773965934
row_028107,0.02067914149161485
row_046966,0.004706250935128468
row_017860,9.77382007322676e-05
row_010251,0.6667665615826706
row_018050,0.00561500329736995
row_025456,0.006458677666292604
row_042762,0.46154314100663435
row_047490,0.0033878136504474883
row_045959,0.8065807896644082
row_049059,0.0025342138167588693
row_024253,0.0010406129075124992
row_021892,0.016530154226101015
row_008255,0.0005522679988980432
row_031531,0.002193897964849683
row_039207,0.11652539443895141
row_043175,0.05076589604704421
row_021839,0.24105100049642278
row_030236,0.003961832455655608
row_001649,0.0017448375520399582
row_000322,0.0023572627678250303
row_036632,0.7310011489663528
row_003700,0.46308229524864897
row_019274,0.01603178626763256
row_043443,0.19603098567529226
row_043943,0.0004064695568358541
row_047307,0.6457874411193177
row_027392,0.00017884131136143192
row_007895,0.4451035527537991
row_005223,0.006626136121751612
row_021975,0.002144977691374793
row_004973,0.28478702205577716
row_003216,0.008565002593091167
row_023034,0.03231378579094989
row_023783,0.006851061498893632
row_029517,0.0014043928552336347
row_004066,0.13069371591353895
row_022643,0.06085496280177653
row_022791,0.0006822424841999289
row_040801,0.00018095477399378436
row_033597,0.24376638095133651
row_001777,0.002163038955014709
row_000357,0.24180466303646642
row_034474,0.02972934549638745
row_017814,0.008462255337266229
row_043344,0.0019918626228183005
row_001743,0.05633012113715294
row_044877,0.0013163560299993898
row_009929,0.01202675172388982
row_017090,0.000979425300968141
row_035682,0.015489809331137416
row_032721,0.22621958419796956
row_005757,0.13443562493838582
row_028724,0.05389636817241655
row_026092,0.0005227785497801979
row_033030,0.01426332572896101
row_019357,0.08562432481607651
row_024504,0.00024261071353452523
row_046083,0.027191836984495812
row_000144,0.3617853345689115
row_016371,0.01568053722336552
row_003687,0.001017465253114029
row_022223,0.92852330726424
row_043303,0.0003030705154235076
row_032126,8.433826756731596e-05
row_011679,0.046009015273730886
row_038736,0.0017508329863105173
row_037532,0.39639390242532585
row_013113,0.029574845274750995
row_044200,0.005678281305511009
row_045525,0.04002169348902096
row_037169,0.043810083639770694
row_018520,0.11197216267403023
row_012816,0.008512329739544513
row_002343,0.019741579872243287
row_047704,0.9535778654587821
row_038087,0.021951742867154008
row_024257,0.034204124916758595
row_021986,0.7873216594518526
row_010839,0.010917329692513926
row_001035,0.0024711267905022432
row_009153,0.004734487021599992
row_046495,0.002340887643976472
row_020163,0.21639526620302826
row_048748,0.0027321229736984574
row_004643,0.2957637238682804
row_018443,0.003218774012894624
row_009560,0.0017935124482134344
row_039399,0.23608942049620402
row_029084,0.003092854812601525
row_000913,0.9605568820920471
row_042851,0.0009551192873161241
row_030214,0.23052331172698237
row_002287,0.602212188981691
row_000722,0.011480381993620616
row_022856,0.01783753577771181
row_031603,0.07180168430031071
row_023920,0.01936709005178175
row_043492,0.7227025471635985
row_020777,0.7570111878877667
row_039582,0.9583807481666844
row_003239,0.0005929074056163605
row_035305,0.004785925932587064
row_005753,0.9832445188919242
row_039258,0.874779345934007
row_046392,0.0002226524632915338
row_023268,0.2385520312482838
row_035946,0.04977786257940418
row_030101,0.26876207642390315
row_037354,0.0036947388372095985
row_048177,0.012848400908377227
row_008009,0.879227610685742
row_002686,0.021659645859908493
row_004448,0.040316045003892645
row_045599,0.023546420068651937
row_027194,0.003452209696739772
row_039447,0.030107112429328387
row_009374,0.0003940370944671586
row_017580,0.030788119425370273
row_013525,0.9860831330664177
row_035281,0.0005658546891759978
row_040389,0.009225730878652348
row_025463,0.07852630867694096
row_038046,0.4676531785339775
row_010363,0.03639435512930687
row_015380,0.006580363804502267
row_049768,0.4012093703498111
row_013711,0.0001258281381379705
row_045045,0.017648672486926854
row_043866,0.04395919258269679
row_041775,0.014335051551692193
row_030173,0.006993109469250218
row_016436,0.0003496976954882894
row_038169,0.1851517170260188
row_036480,0.00041619124385939177
row_049619,0.0022536270138917244
row_013115,0.0060880850357810865
row_001149,0.04671863128128534
row_005211,0.030327513888831967
row_024999,0.9393845109537826
row_017886,0.3656091282251836
row_021995,0.4295070966416088
row_041209,0.9983323165236107
row_030054,0.006019445497844908
row_014784,0.33894275928966666
row_007289,0.01745391576148025
row_042110,0.10299999281760408
row_008419,0.09380247380404318
row_018756,0.04255705455949379
row_048760,0.09333551677903695
row_038888,0.43984903813459586
row_036604,0.9956757093682856
row_028830,0.9979525430233733
row_009115,0.24956181574657083
row_043317,0.00024410814325156365
row_019553,0.014296624480849887
row_028821,0.0011564279393756044
row_015033,0.041506251269464514
row_042318,0.0003758150937636163
row_037955,0.027727248534004274
row_031532,0.14858160979946405
row_001882,0.05061569820715288
row_041243,0.005798054257986787
row_009588,0.013163314667784472
row_032469,0.9916190215543921
row_037948,0.008298027273321046
row_043845,0.0018056182080992342
row_017546,0.002423216967317545
row_048131,0.010373120962593248
row_016844,0.020003197095588066
row_039130,0.04604298353110954
row_026302,0.5393394822799364
row_033657,0.033904902875506696
row_031303,0.7595152710002605
row_046463,0.3003799720608668
row_022952,0.02520987336772052
row_013179,0.022479391726301437
row_049679,0.006780342856718675
row_044109,0.8517663244748848
row_015206,0.0010826985494661956
row_008599,0.04345067828304024
row_013963,0.00021588118944480068
row_024874,0.011832016908293245
row_022968,0.15687725374673933
row_036084,0.04127046184052053
row_038912,0.023187585136107098
row_027315,0.57553264534337
row_027997,0.00018827322152591245
row_010753,0.012083013222177166
row_028846,0.486022802076982
row_012014,0.21660912722226752
row_038939,0.05035236590113664
row_013670,0.0007413318143581558
row_021729,0.0005760557833301891
row_046132,0.016634934052905167
row_041762,0.00776167187752877
row_014729,0.003553333851687539
row_002768,0.01868129250083307
row_012278,0.018416183654799724
row_041570,0.11025449845501317
row_015388,0.0491232592175906
row_048651,0.015827000490836473
row_038411,0.24065347864664816
row_032708,0.17029239505590255
row_012184,0.8940663600740413
row_035344,0.3789836388618788
row_040770,0.4218451387533449
row_036092,0.004848197686867762
row_047308,0.13279266214738636
row_021187,0.5610881649252512
row_031616,0.013278160955285993
row_046985,0.41082522525591386
row_004868,0.01260829745236285
row_023689,0.048077319898881865
row_018280,0.2589292981814661
row_010041,0.004739495243020993
row_007975,0.2784685768876457
row_004280,0.017728891390577123
row_023527,0.03464545662712008
row_005384,0.030906710336360006
row_049116,0.0025430688737173974
row_036268,0.044225350346629305
row_041380,0.0036496546541557387
row_036025,0.0028707562048791825
row_006288,0.08457710269708557
row_003005,0.3153517573979331
row_010569,0.05495845269137717
row_007276,0.011590803948329193
row_013900,0.00037293061198371527
row_034976,0.023559989757810647
row_037681,0.013408847601041982
row_020012,0.999862094576524
row_032729,0.08813405641150285
row_022122,0.023608389733322216
row_018794,0.003598004538587433
row_007864,0.0012907334542501692
row_008463,0.00038282697430786633
row_026514,0.9978986735822469
row_037744,0.0010702438204185513
row_020664,0.00742766856306434
row_019161,0.007842208368058707
row_036676,0.7362213567271658
row_048239,0.0009649690130826532
row_017833,0.0028375777118465496
row_049194,0.042552019619840814
row_027222,0.0024784866386711804
row_036930,0.1179117700636518
row_035701,0.03996859589928769
row_019443,0.0005953482928711856
row_010265,0.006525746703692856
row_018466,0.0041014730265211225
row_015793,0.0010935601010213201
row_038388,0.7518728791506324
row_028966,0.5310600908888341
row_029551,7.087996758979303e-05
row_031029,0.022219876411655428
row_019244,0.0024878708590175265
row_027206,0.035855546929566086
row_000086,0.7359009937373746
row_013898,0.0003705593723882214
row_040490,0.9403719094385856
row_029156,0.08772057310437101
row_012151,0.05162141033579033
row_022139,0.9890501199729109
row_040795,0.002742858023050512
row_004830,0.059057750145820646
row_001939,0.06006179808379444
row_036276,0.020110154638575815
row_001053,0.4033805164540104
row_004783,0.22403551029048938
row_012976,0.8478186493985166
row_009076,0.002970446708671243
row_032905,0.9790156115068891
row_000059,0.12940115934333457
row_041535,0.172823525744699
row_040842,0.012782226224574046
row_033886,0.008329061490483897
row_005309,0.4506078471199473
row_040320,0.018278547699567188
row_037305,0.1668465001193269
row_038604,0.005256682639755954
row_011495,0.9957372292129781
row_013621,0.9510626955301373
row_004781,0.20319968880620468
row_016391,0.059200678213869484
row_049796,0.025462542156628513
row_031279,0.017574898540207946
row_013843,0.0002892733298370671
row_033704,0.04279975275420225
row_018139,0.21515248676019655
row_034447,0.053854755625264136
row_035697,0.00835968270614225
row_036618,0.003335565789739654
row_005949,0.0006881481704391916
row_023329,0.013602082553022067
row_038405,0.989454252753859
row_034568,0.15315535282554094
row_048322,0.05075096958183695
row_001701,0.09533868085093333
row_042608,0.3212325604434788
row_007829,0.10746637681472232
row_022728,0.06592099905938018
row_049880,0.0006390048706928636
row_033308,0.034753393712391806
row_029590,0.14453910780079213
row_013056,0.003494969198784022
row_004814,0.0007289763384373156
row_020877,0.0007922646066101334
row_049862,0.0007303425592428
row_008273,0.008066703093174872
row_019868,0.004057719937312185
row_048519,0.00546952219790153
row_012025,0.11721446467026977
row_014812,0.9972228797315532
row_031942,0.08878064206603295
row_020115,0.007096884198776401
row_015552,0.04501476933252431
row_031915,0.009008558793981457
row_015775,0.009912705212662817
row_033452,0.004272137907251294
row_018432,0.0020201715170023054
row_027141,0.00816549707051225
row_035725,0.0009382585520344193
row_045264,0.003706031471862818
row_033148,0.02300688461442956
row_027752,0.030766666271787736
row_008291,0.0011078129206740844
row_027034,0.0009458197849812671
row_009892,0.0007448444606536716
row_002459,0.1961257889474532
row_039448,0.0020511213928018877
row_008033,0.13339215790289974
row_021874,0.01568739151117303
row_036521,0.011820581266133638
row_001289,0.0011500750032330392
row_011227,0.9329028693054996
row_013959,0.007155426809617394
row_006173,0.0013107842869234541
row_046069,0.026376459470028004
row_035825,0.000317915824510571
row_048772,0.00038177899938376123
row_031201,0.0029013292686373643
row_010810,0.7595864239350767
row_033625,0.29025515249655726
row_036002,0.008126761013673036
row_027463,0.4982288600683871
row_011359,0.3772626560970734
row_007197,0.006333581889365593
row_030699,0.03200759167886486
row_036290,0.0028206789413513615
row_031969,0.017884153583812956
row_040236,0.07296986908571998
row_047198,0.9195847288344798
row_014823,0.00123023294972636
row_016008,0.038062547444463204
row_017829,0.06441492778668904
row_026137,0.06115687968667986
row_038066,0.03455605929328112
row_027547,0.00015984199319743188
row_021269,0.005212939244199582
row_001605,0.0003828793609862756
row_027424,0.005232764019704564
row_001129,0.0375727626135185
row_021629,0.09671468401485217
row_020228,0.012200510368941432
row_004483,0.004566547569415833
row_038016,0.48368363068710024
row_031124,0.0791663116370708
row_019024,0.0012195399755431013
row_029400,0.010781558651038393
row_002800,0.02276216022106957
row_026539,0.02941182361922745
row_040036,0.18762319813626932
row_003713,0.01916163573838459
row_008272,0.016796234728548416
row_000031,0.0017454031364706186
row_011479,0.033440348455169785
row_003742,0.19875775377236674
row_049416,0.07350064353019878
row_009666,0.9945535863996824
row_045941,0.057649152249854715
row_005591,0.10990512108843986
row_049855,0.0006308277402300453
row_021704,0.5064438609470411
row_010954,0.008097459411940807
row_001240,0.06348694647872086
row_013399,0.0019994474325022936
row_002735,0.016575615353900897
row_043256,0.08769822670643042
row_016106,0.9817031079715532
row_004819,0.0008896998888028748
row_010973,0.4810107926495524
row_001236,0.5148373492383886
row_008007,0.0010104875618072548
row_016806,0.07001440242989644
row_016472,0.990311227456662
row_007611,0.018681866095827913
row_023249,0.004717558926153097
row_024558,0.003309514420432841
row_043920,0.0013298921684795234
row_036360,0.008562519530678386
row_044498,0.0032388390066636743
row_026074,0.0015470885320395854
row_006386,0.019902582642321923
row_044762,0.23295317489504286
row_048787,0.03251980875018048
row_047162,0.8869679052454053
row_000353,0.41734602114802805
row_025375,0.5882208592212095
row_041609,0.037417260223989654
row_046260,0.16535307199682947
row_049718,0.0008075020217542288
row_006336,0.0012648030868935966
row_031530,0.012114421619558821
row_045573,0.4261658337633481
row_043646,0.8830977733783949
row_020133,0.5176034306669898
row_029234,0.4936257503592916
row_027341,0.004142769708191453
row_046734,0.0012657731056315731
row_032398,0.24071726810374033
row_048639,0.010314226414707365
row_043078,0.09586008993303158
row_037137,0.022556311542022915
row_046662,0.0010661011717212068
row_017866,0.06563371030581039
row_001614,0.7841917737666921
row_005687,0.47768598478824564
row_036738,0.032037305472869204
row_035471,0.057708982319058175
row_019067,0.09990546325405675
row_011742,0.0026079339855771704
row_000605,0.9676474478089843
row_021426,0.0005132686369797531
row_046947,0.8693309635444442
row_032907,0.018147476023599056
row_026915,0.00551648686039259
row_049970,0.7878903152336265
row_032464,0.002927022299918485
row_024477,0.11241356307481856
row_028019,0.03160327826395244
row_016659,0.15684679400525253
row_010571,0.000907743683596602
row_028743,0.0014974367213752631
row_013117,0.9959736612767358
row_006942,0.023304986566414804
row_035721,0.26909392743679217
row_015883,0.14516381519923532
row_008324,0.9321373878626051
row_034880,0.5509908432181028
row_041532,0.9980788015077864
row_008269,0.7125621270505029
row_049476,0.06425771296807675
row_023891,0.5594600484866757
row_013258,0.04401548751365243
row_043745,0.0067240501842931785
row_031318,0.5825268381975526
row_015751,0.000365366873079231
row_029316,0.039375438870415114
row_000936,0.0013383066746357575
row_029750,0.0016132892986518807
row_015716,0.003341722625408358
row_044722,0.0839492635063197
row_030463,0.001202538627332575
row_031980,0.15947793833187257
row_022245,0.717022937705442
row_038668,0.009943807640794429
row_044823,0.8261400365055342
row_035998,0.0017966659997143124
row_018425,0.010038891292311159
row_046291,0.0755127863173995
row_036574,0.0001814969041613962
row_036320,0.39390824958250126
row_017110,0.39247629576531584
row_025173,0.5375896075449029
row_049407,0.07228724684219776
