id,target
row_007104,0.5
row_006043,0.5
row_007861,0.5
row_047137,0.5
row_010138,0.5
row_023073,0.5
row_035683,0.5
row_022781,0.5
row_009191,0.5
row_032489,0.5
row_015546,0.5
row_004831,0.5
row_049662,0.5
row_002801,0.5
row_018161,0.5
row_027564,0.5
row_022650,0.5
row_022115,0.5
row_045437,0.5
row_022832,0.5
row_048862,0.5
row_014485,0.5
row_036301,0.5
row_043639,0.5
row_010817,0.5
row_022126,0.5
row_010880,0.5
row_012312,0.5
row_005242,0.5
row_027006,0.5
row_045606,0.5
row_008741,0.5
row_020854,0.5
row_030178,0.5
row_046981,0.5
row_025209,0.5
row_024462,0.5
row_017511,0.5
row_041636,0.5
row_013812,0.5
row_005663,0.5
row_005356,0.5
row_029800,0.5
row_049910,0.5
row_018548,0.5
row_000642,0.5
row_030807,0.5
row_024854,0.5
row_002522,0.5
row_002142,0.5
row_012057,0.5
row_040457,0.5
row_049293,0.5
row_023111,0.5
row_005843,0.5
row_049938,0.5
row_014835,0.5
row_016185,0.5
row_007562,0.5
row_036421,0.5
row_026147,0.5
row_045442,0.5
row_004975,0.5
row_029879,0.5
row_006837,0.5
row_000327,0.5
row_016161,0.5
row_013068,0.5
row_044235,0.5
row_044023,0.5
row_044257,0.5
row_042302,0.5
row_008684,0.5
row_030783,0.5
row_009255,0.5
row_044451,0.5
row_039440,0.5
row_024100,0.5
row_033299,0.5
row_038958,0.5
row_029612,0.5
row_045755,0.5
row_010657,0.5
row_003539,0.5
row_009953,0.5
row_000094,0.5
row_000672,0.5
row_048074,0.5
row_006680,0.5
row_024446,0.5
row_031985,0.5
row_012887,0.5
row_012454,0.5
row_021921,0.5
row_009619,0.5
row_023309,0.5
row_031495,0.5
row_003688,0.5
row_009085,0.5
row_020302,0.5
row_000946,0.5
row_045447,0.5
row_038036,0.5
row_014204,0.5
row_049040,0.5
row_019373,0.5
row_018205,0.5
row_003364,0.5
row_037797,0.5
row_037037,0.5
row_027438,0.5
row_031650,0.5
row_028962,0.5
row_035130,0.5
row_007831,0.5
row_027355,0.5
row_022063,0.5
row_031708,0.5
row_042602,0.5
row_038963,0.5
row_021513,0.5
row_002471,0.5
row_025835,0.5
row_031662,0.5
row_048592,0.5
row_013935,0.5
row_002281,0.5
row_000862,0.5
row_033695,0.5
row_030694,0.5
row_010034,0.5
row_002009,0.5
row_004645,0.5
row_034313,0.5
row_017791,0.5
row_040624,0.5
row_013860,0.5
row_036127,0.5
row_038664,0.5
row_018594,0.5
row_008921,0.5
row_015833,0.5
row_020932,0.5
row_034995,0.5
row_005860,0.5
row_010064,0.5
row_046230,0.5
row_021398,0.5
row_028710,0.5
row_011454,0.5
row_036435,0.5
row_028518,0.5
row_030796,0.5
row_032541,0.5
row_039766,0.5
row_020421,0.5
row_039862,0.5
row_035359,0.5
row_007202,0.5
row_034121,0.5
row_002483,0.5
row_031221,0.5
row_023730,0.5
row_018283,0.5
row_047132,0.5
row_021594,0.5
row_018809,0.5
row_026910,0.5
row_026041,0.5
row_032340,0.5
row_020980,0.5
row_048279,0.5
row_002913,0.5
row_025818,0.5
row_000333,0.5
row_042882,0.5
row_007509,0.5
row_019691,0.5
row_043901,0.5
row_033900,0.5
row_026186,0.5
row_014454,0.5
row_036765,0.5
row_005322,0.5
row_034332,0.5
row_013289,0.5
row_011493,0.5
row_036925,0.5
row_022186,0.5
row_022961,0.5
row_030951,0.5
row_029339,0.5
row_027191,0.5
row_006484,0.5
row_039211,0.5
row_040580,0.5
row_038856,0.5
row_015352,0.5
row_008338,0.5
row_005673,0.5
row_022474,0.5
row_032677,0.5
row_037470,0.5
row_018228,0.5
row_017346,0.5
row_014844,0.5
row_047809,0.5
row_006851,0.5
row_034791,0.5
row_047794,0.5
row_001489,0.5
row_022739,0.5
row_016475,0.5
row_002137,0.5
row_035031,0.5
row_042932,0.5
row_033060,0.5
row_041599,0.5
row_000077,0.5
row_048042,0.5
row_005393,0.5
row_007965,0.5
row_009803,0.5
row_045740,0.5
row_037117,0.5
row_019829,0.5
row_045303,0.5
row_023525,0.5
row_041621,0.5
row_011494,0.5
row_000858,0.5
row_025819,0.5
row_034889,0.5
row_005263,0.5
row_009489,0.5
row_013714,0.5
row_001709,0.5
row_009382,0.5
row_037165,0.5
row_021184,0.5
row_036560,0.5
row_034905,0.5
row_030859,0.5
row_041797,0.5
row_021506,0.5
row_008113,0.5
row_028511,0.5
row_020515,0.5
row_038246,0.5
row_005027,0.5
row_034760,0.5
row_029069,0.5
row_001910,0.5
row_026625,0.5
row_036095,0.5
row_021845,0.5
row_046668,0.5
row_029761,0.5
row_038584,0.5
row_006579,0.5
row_031629,0.5
row_046809,0.5
row_027851,0.5
row_027069,0.5
row_014929,0.5
row_002531,0.5
row_037886,0.5
row_006061,0.5
row_023649,0.5
row_006760,0.5
row_025931,0.5
row_047446,0.5
row_028176,0.5
row_010155,0.5
row_048699,0.5
row_019808,0.5
row_035427,0.5
row_042393,0.5
row_042780,0.5
row_012204,0.5
row_000988,0.5
row_014632,0.5
row_031595,0.5
row_047286,0.5
row_010945,0.5
row_043547,0.5
row_025575,0.5
row_037025,0.5
row_040523,0.5
row_005466,0.5
row_041746,0.5
row_007675,0.5
row_037622,0.5
row_015117,0.5
row_017507,0.5
row_033412,0.5
row_033997,0.5
row_048144,0.5
row_007359,0.5
row_013232,0.5
row_004587,0.5
row_032920,0.5
row_015444,0.5
row_013624,0.5
row_016353,0.5
row_013627,0.5
row_024071,0.5
row_025959,0.5
row_003423,0.5
row_016473,0.5
row_046377,0.5
row_037692,0.5
row_035108,0.5
row_010998,0.5
row_008695,0.5
row_009473,0.5
row_021650,0.5
row_032908,0.5
row_025402,0.5
row_031534,0.5
row_002781,0.5
row_035233,0.5
row_038710,0.5
row_002313,0.5
row_013960,0.5
row_043341,0.5
row_012280,0.5
row_037592,0.5
row_002534,0.5
row_049860,0.5
row_013037,0.5
row_034537,0.5
row_027665,0.5
row_040718,0.5
row_024664,0.5
row_010574,0.5
row_023215,0.5
row_047807,0.5
row_003716,0.5
row_000474,0.5
row_032960,0.5
row_037746,0.5
row_000669,0.5
row_039326,0.5
row_047452,0.5
row_007187,0.5
row_007612,0.5
row_044616,0.5
row_009701,0.5
row_014987,0.5
row_022038,0.5
row_037908,0.5
row_020556,0.5
row_028480,0.5
row_042641,0.5
row_043627,0.5
row_016110,0.5
row_027856,0.5
row_028129,0.5
row_031665,0.5
row_013275,0.5
row_015588,0.5
row_046675,0.5
row_027967,0.5
row_032566,0.5
row_015436,0.5
row_017852,0.5
row_022039,0.5
row_035800,0.5
row_005492,0.5
row_048068,0.5
row_008984,0.5
row_032357,0.5
row_043984,0.5
row_042859,0.5
row_017821,0.5
row_005020,0.5
row_016139,0.5
row_031095,0.5
row_043822,0.5
row_010863,0.5
row_048551,0.5
row_041957,0.5
row_044517,0.5
row_031172,0.5
row_048947,0.5
row_044487,0.5
row_001153,0.5
row_024832,0.5
row_013249,0.5
row_002799,0.5
row_049522,0.5
row_037750,0.5
row_010778,0.5
row_004000,0.5
row_024026,0.5
row_003469,0.5
row_035930,0.5
row_048079,0.5
row_015535,0.5
row_000295,0.5
row_001257,0.5
row_022893,0.5
row_015771,0.5
row_017583,0.5
row_019471,0.5
row_018249,0.5
row_019836,0.5
row_027671,0.5
row_000475,0.5
row_033135,0.5
row_003580,0.5
row_032567,0.5
row_029939,0.5
row_020811,0.5
row_035494,0.5
row_015568,0.5
row_033898,0.5
row_017395,0.5
row_016215,0.5
row_048969,0.5
row_011892,0.5
row_048036,0.5
row_017525,0.5
row_021798,0.5
row_002944,0.5
row_015651,0.5
row_013395,0.5
row_017697,0.5
row_029186,0.5
row_018595,0.5
row_026902,0.5
row_004838,0.5
row_003543,0.5
row_045477,0.5
row_021725,0.5
row_048133,0.5
row_005101,0.5
row_009584,0.5
row_019063,0.5
row_022488,0.5
row_038295,0.5
row_024545,0.5
row_027753,0.5
row_001887,0.5
row_008651,0.5
row_045111,0.5
row_046879,0.5
row_033225,0.5
row_045911,0.5
row_013789,0.5
row_010220,0.5
row_025845,0.5
row_030509,0.5
row_020941,0.5
row_049328,0.5
row_034984,0.5
row_029867,0.5
row_016846,0.5
row_005649,0.5
row_000721,0.5
row_021562,0.5
row_044212,0.5
row_026953,0.5
row_043284,0.5
row_043697,0.5
row_046797,0.5
row_032413,0.5
row_047848,0.5
row_011079,0.5
row_028663,0.5
row_047053,0.5
row_020582,0.5
row_029342,0.5
row_049048,0.5
row_022957,0.5
row_008070,0.5
row_001127,0.5
row_005135,0.5
row_001841,0.5
row_011515,0.5
row_004327,0.5
row_031316,0.5
row_005129,0.5
row_031721,0.5
row_022143,0.5
row_007333,0.5
row_032291,0.5
row_019687,0.5
row_038551,0.5
row_015438,0.5
row_009783,0.5
row_031822,0.5
row_006423,0.5
row_009524,0.5
row_038773,0.5
row_019549,0.5
row_044333,0.5
row_034859,0.5
row_035763,0.5
row_029814,0.5
row_037505,0.5
row_049207,0.5
row_002553,0.5
row_034410,0.5
row_016684,0.5
row_029544,0.5
row_033291,0.5
row_015040,0.5
row_012111,0.5
row_017268,0.5
row_021987,0.5
row_014563,0.5
row_029286,0.5
row_012944,0.5
row_046907,0.5
row_000269,0.5
row_018685,0.5
row_021735,0.5
row_015054,0.5
row_024323,0.5
row_017465,0.5
row_014900,0.5
row_032068,0.5
row_021234,0.5
row_004732,0.5
row_006547,0.5
row_027257,0.5
row_046836,0.5
row_027944,0.5
row_048711,0.5
row_034283,0.5
row_030899,0.5
row_009675,0.5
row_034924,0.5
row_009369,0.5
row_041126,0.5
row_006028,0.5
row_016317,0.5
row_044944,0.5
row_028148,0.5
row_007860,0.5
row_001863,0.5
row_025123,0.5
row_023242,0.5
row_018305,0.5
row_024609,0.5
row_048543,0.5
row_007182,0.5
row_004550,0.5
row_035782,0.5
row_041396,0.5
row_015705,0.5
row_001604,0.5
row_037520,0.5
row_025276,0.5
row_040697,0.5
row_048035,0.5
row_026574,0.5
row_016822,0.5
row_013454,0.5
row_018768,0.5
row_049215,0.5
row_038124,0.5
row_021044,0.5
row_001378,0.5
row_010016,0.5
row_019101,0.5
row_047253,0.5
row_029463,0.5
row_035521,0.5
row_042078,0.5
row_011400,0.5
row_004262,0.5
row_030971,0.5
row_001633,0.5
row_030758,0.5
row_045233,0.5
row_040313,0.5
row_007463,0.5
row_043056,0.5
row_035259,0.5
row_026591,0.5
row_034382,0.5
row_044928,0.5
row_007795,0.5
row_026526,0.5
row_037842,0.5
row_023839,0.5
row_007588,0.5
row_003613,0.5
row_032694,0.5
row_024397,0.5
row_021606,0.5
row_019234,0.5
row_035868,0.5
row_005640,0.5
row_035016,0.5
row_024378,0.5
row_027817,0.5
row_022385,0.5
row_038494,0.5
row_020733,0.5
row_015114,0.5
row_036459,0.5
row_001344,0.5
row_009994,0.5
row_023150,0.5
row_026597,0.5
row_011071,0.5
row_019411,0.5
row_033463,0.5
row_015600,0.5
row_035343,0.5
row_023522,0.5
row_004051,0.5
row_012590,0.5
row_025161,0.5
row_010360,0.5
row_048046,0.5
row_012459,0.5
row_018543,0.5
row_030068,0.5
row_027171,0.5
row_028054,0.5
row_036177,0.5
row_047176,0.5
row_042875,0.5
row_027084,0.5
row_029472,0.5
row_007748,0.5
row_041626,0.5
row_016980,0.5
row_021636,0.5
row_040529,0.5
row_020528,0.5
row_023122,0.5
row_014543,0.5
row_032658,0.5
row_032100,0.5
row_026265,0.5
row_008797,0.5
row_016972,0.5
row_017364,0.5
row_043535,0.5
row_022806,0.5
row_019674,0.5
row_019269,0.5
row_047639,0.5
row_009407,0.5
row_030257,0.5
row_028408,0.5
row_031160,0.5
row_003607,0.5
row_017977,0.5
row_004534,0.5
row_023444,0.5
row_012778,0.5
row_048446,0.5
row_032700,0.5
row_014176,0.5
row_031753,0.5
row_026692,0.5
row_045750,0.5
row_016075,0.5
row_045155,0.5
row_016572,0.5
row_029736,0.5
row_000137,0.5
row_018532,0.5
row_000956,0.5
row_004874,0.5
row_018059,0.5
row_012440,0.5
row_028826,0.5
row_037488,0.5
row_035423,0.5
row_013291,0.5
row_037801,0.5
row_046853,0.5
row_032201,0.5
row_043734,0.5
row_030070,0.5
row_014953,0.5
row_006520,0.5
row_021894,0.5
row_004720,0.5
row_022465,0.5
row_018209,0.5
row_017183,0.5
row_027988,0.5
row_022295,0.5
row_037925,0.5
row_010227,0.5
row_048641,0.5
row_042554,0.5
row_025349,0.5
row_046768,0.5
row_039670,0.5
row_007384,0.5
row_007424,0.5
row_021717,0.5
row_047331,0.5
row_032212,0.5
row_036456,0.5
row_011845,0.5
row_027192,0.5
row_046993,0.5
row_042829,0.5
row_025204,0.5
row_047985,0.5
row_026206,0.5
row_033218,0.5
row_002942,0.5
row_033622,0.5
row_020662,0.5
row_014786,0.5
row_016133,0.5
row_005369,0.5
row_003980,0.5
row_037766,0.5
row_024124,0.5
row_042102,0.5
row_029016,0.5
row_013410,0.5
row_008936,0.5
row_016649,0.5
row_012478,0.5
row_013189,0.5
row_036661,0.5
row_015129,0.5
row_010082,0.5
row_047041,0.5
row_001248,0.5
row_049173,0.5
row_036810,0.5
row_036920,0.5
row_017902,0.5
row_014511,0.5
row_038631,0.5
row_045107,0.5
row_003566,0.5
row_013314,0.5
row_018355,0.5
row_010426,0.5
row_011738,0.5
row_013268,0.5
row_004694,0.5
row_041278,0.5
row_037731,0.5
row_030362,0.5
row_040426,0.5
row_048034,0.5
row_032376,0.5
row_021042,0.5
row_002445,0.5
row_009370,0.5
row_046314,0.5
row_049133,0.5
row_038152,0.5
row_025593,0.5
row_046409,0.5
row_039466,0.5
row_037679,0.5
row_032706,0.5
row_049428,0.5
row_028859,0.5
row_000579,0.5
row_030402,0.5
row_012802,0.5
row_009201,0.5
row_037773,0.5
row_005015,0.5
row_016074,0.5
row_011807,0.5
row_035425,0.5
row_016328,0.5
row_039215,0.5
row_004710,0.5
row_033386,0.5
row_012306,0.5
row_016255,0.5
row_007650,0.5
row_015313,0.5
row_021473,0.5
row_018680,0.5
row_028533,0.5
row_019961,0.5
row_029868,0.5
row_046089,0.5
row_013248,0.5
row_023001,0.5
row_004495,0.5
row_024623,0.5
row_001515,0.5
row_043129,0.5
row_024414,0.5
row_038522,0.5
row_010620,0.5
row_000890,0.5
row_029263,0.5
row_046635,0.5
row_034581,0.5
row_021901,0.5
row_016595,0.5
row_012553,0.5
row_009729,0.5
row_006118,0.5
row_028316,0.5
row_003303,0.5
row_039152,0.5
row_030021,0.5
row_049130,0.5
row_001373,0.5
row_019268,0.5
row_025639,0.5
row_002234,0.5
row_022868,0.5
row_048684,0.5
row_005004,0.5
row_046440,0.5
row_033843,0.5
row_029149,0.5
row_006544,0.5
row_010704,0.5
row_046410,0.5
row_025837,0.5
row_029027,0.5
row_029664,0.5
row_027262,0.5
row_008768,0.5
row_032372,0.5
row_017990,0.5
row_010234,0.5
row_026830,0.5
row_046512,0.5
row_049143,0.5
row_023153,0.5
row_029262,0.5
row_037189,0.5
row_042966,0.5
row_046453,0.5
row_006397,0.5
row_021103,0.5
row_023784,0.5
row_015251,0.5
row_027188,0.5
row_032657,0.5
row_036639,0.5
row_007093,0.5
row_013620,0.5
row_040234,0.5
row_040292,0.5
row_016476,0.5
row_009744,0.5
row_042286,0.5
row_025995,0.5
row_038220,0.5
row_019860,0.5
row_044295,0.5
row_046024,0.5
row_048344,0.5
row_022697,0.5
row_036520,0.5
row_047914,0.5
row_043148,0.5
row_016124,0.5
row_039699,0.5
row_025210,0.5
row_004373,0.5
row_008030,0.5
row_026307,0.5
row_021733,0.5
row_040172,0.5
row_008778,0.5
row_002806,0.5
row_049764,0.5
row_031396,0.5
row_017849,0.5
row_007163,0.5
row_031782,0.5
row_039471,0.5
row_026766,0.5
row_014133,0.5
row_000654,0.5
row_037718,0.5
row_011598,0.5
row_031444,0.5
row_015142,0.5
row_022930,0.5
row_009387,0.5
row_039745,0.5
row_017495,0.5
row_036298,0.5
row_035777,0.5
row_042344,0.5
row_029390,0.5
row_034554,0.5
row_031996,0.5
row_016457,0.5
row_003215,0.5
row_014971,0.5
row_021242,0.5
row_004286,0.5
row_044971,0.5
row_043892,0.5
row_027028,0.5
row_038389,0.5
row_000690,0.5
row_027981,0.5
row_013507,0.5
row_033377,0.5
row_029978,0.5
row_000013,0.5
row_032515,0.5
row_026870,0.5
row_027828,0.5
row_046625,0.5
row_016245,0.5
row_020676,0.5
row_020105,0.5
row_006992,0.5
row_010383,0.5
row_038731,0.5
row_013628,0.5
row_021100,0.5
row_042487,0.5
row_041700,0.5
row_013965,0.5
row_045519,0.5
row_035502,0.5
row_048770,0.5
row_013486,0.5
row_042404,0.5
row_015498,0.5
row_018628,0.5
row_017359,0.5
row_011202,0.5
row_019480,0.5
row_048101,0.5
row_027533,0.5
row_045427,0.5
row_023311,0.5
row_031374,0.5
row_010259,0.5
row_024465,0.5
row_001325,0.5
row_008004,0.5
row_025564,0.5
row_044035,0.5
row_044482,0.5
row_010961,0.5
row_005151,0.5
row_002572,0.5
row_010453,0.5
row_015042,0.5
row_021140,0.5
row_017696,0.5
row_024922,0.5
row_034133,0.5
row_042946,0.5
row_017930,0.5
row_008745,0.5
row_030832,0.5
row_025318,0.5
row_001613,0.5
row_041771,0.5
row_037748,0.5
row_025477,0.5
row_029496,0.5
row_010743,0.5
row_005421,0.5
row_018846,0.5
row_030206,0.5
row_036178,0.5
row_043462,0.5
row_025618,0.5
row_023313,0.5
row_018584,0.5
row_032077,0.5
row_012407,0.5
row_038593,0.5
row_046554,0.5
row_010686,0.5
row_037057,0.5
row_033642,0.5
row_046109,0.5
row_022413,0.5
row_048726,0.5
row_044968,0.5
row_033637,0.5
row_045940,0.5
row_035940,0.5
row_033101,0.5
row_026083,0.5
row_019080,0.5
row_018819,0.5
row_036615,0.5
row_007208,0.5
row_048855,0.5
row_029678,0.5
row_048492,0.5
row_019700,0.5
row_000503,0.5
row_042925,0.5
row_047815,0.5
row_035803,0.5
row_047744,0.5
row_045844,0.5
row_005091,0.5
row_037604,0.5
row_049450,0.5
row_045531,0.5
row_048680,0.5
row_014965,0.5
row_035986,0.5
row_020525,0.5
row_027079,0.5
row_037178,0.5
row_005937,0.5
row_036266,0.5
row_012076,0.5
row_035597,0.5
row_008305,0.5
row_018082,0.5
row_006523,0.5
row_030095,0.5
row_019564,0.5
row_037480,0.5
row_027826,0.5
row_041465,0.5
row_038017,0.5
row_016785,0.5
row_035892,0.5
row_030970,0.5
row_018423,0.5
row_046658,0.5
row_033564,0.5
row_045088,0.5
row_001112,0.5
row_033899,0.5
row_014854,0.5
row_033089,0.5
row_026502,0.5
row_045612,0.5
row_010400,0.5
row_030871,0.5
row_025206,0.5
row_020678,0.5
row_025471,0.5
row_037059,0.5
row_002200,0.5
row_019505,0.5
row_013616,0.5
row_000371,0.5
row_046220,0.5
row_015293,0.5
row_028473,0.5
row_023653,0.5
row_024010,0.5
row_020788,0.5
row_014780,0.5
row_031027,0.5
row_032949,0.5
row_038804,0.5
row_002744,0.5
row_000388,0.5
row_036154,0.5
row_012455,0.5
row_003459,0.5
row_035207,0.5
row_019088,0.5
row_001888,0.5
row_025342,0.5
row_006237,0.5
row_005081,0.5
row_027874,0.5
row_040096,0.5
row_039897,0.5
row_039015,0.5
row_014197,0.5
row_030002,0.5
row_027886,0.5
row_035276,0.5
row_016019,0.5
row_011563,0.5
row_021006,0.5
row_026001,0.5
row_024400,0.5
row_008758,0.5
row_020974,0.5
row_009048,0.5
row_025891,0.5
row_045589,0.5
row_012480,0.5
row_035843,0.5
row_015937,0.5
row_026308,0.5
row_043110,0.5
row_048786,0.5
row_009649,0.5
row_027497,0.5
row_009777,0.5
row_000193,0.5
row_041648,0.5
row_027818,0.5
row_007573,0.5
row_025783,0.5
row_009912,0.5
row_040921,0.5
row_018151,0.5
row_040090,0.5
row_024995,0.5
row_000822,0.5
row_001388,0.5
row_023180,0.5
row_003243,0.5
row_031226,0.5
row_047418,0.5
row_016909,0.5
row_049350,0.5
row_030912,0.5
row_001858,0.5
row_031975,0.5
row_025261,0.5
row_008029,0.5
row_017989,0.5
row_026578,0.5
row_014044,0.5
row_028608,0.5
row_035660,0.5
row_033406,0.5
row_044909,0.5
row_043061,0.5
row_015052,0.5
row_035690,0.5
row_011381,0.5
row_011971,0.5
row_004078,0.5
row_042045,0.5
row_021978,0.5
row_039612,0.5
row_015123,0.5
row_039260,0.5
row_007313,0.5
row_033153,0.5
row_027875,0.5
row_030522,0.5
row_028767,0.5
row_014561,0.5
row_044480,0.5
row_040848,0.5
row_013040,0.5
row_001044,0.5
row_003018,0.5
row_000201,0.5
row_026010,0.5
row_015564,0.5
row_014935,0.5
row_042237,0.5
row_014816,0.5
row_034457,0.5
row_008511,0.5
row_006928,0.5
row_011110,0.5
row_037853,0.5
row_013559,0.5
row_027333,0.5
row_011123,0.5
row_040979,0.5
row_039373,0.5
row_049680,0.5
row_046059,0.5
row_006607,0.5
row_012112,0.5
row_008488,0.5
row_032134,0.5
row_017787,0.5
row_041156,0.5
row_023674,0.5
row_033008,0.5
row_032573,0.5
row_029291,0.5
row_043367,0.5
row_037196,0.5
row_009020,0.5
row_010351,0.5
row_005078,0.5
row_008562,0.5
row_040353,0.5
row_045164,0.5
row_015053,0.5
row_000733,0.5
row_013943,0.5
row_009240,0.5
row_020767,0.5
row_037896,0.5
row_018671,0.5
row_021461,0.5
row_048270,0.5
row_022742,0.5
row_028359,0.5
row_049110,0.5
row_046831,0.5
row_010904,0.5
row_030157,0.5
row_001676,0.5
row_049986,0.5
row_026180,0.5
row_016796,0.5
row_006249,0.5
row_030436,0.5
row_013259,0.5
row_047770,0.5
row_031846,0.5
row_045195,0.5
row_030164,0.5
row_023968,0.5
row_035231,0.5
row_019064,0.5
row_017770,0.5
row_024330,0.5
row_039608,0.5
row_017610,0.5
row_048128,0.5
row_016456,0.5
row_049456,0.5
row_017669,0.5
row_040301,0.5
row_043487,0.5
row_009928,0.5
row_015007,0.5
row_042040,0.5
row_018534,0.5
row_049971,0.5
row_028124,0.5
row_018206,0.5
row_015113,0.5
row_001899,0.5
row_047434,0.5
row_018538,0.5
row_043851,0.5
row_045724,0.5
row_019601,0.5
row_039173,0.5
row_037951,0.5
row_040636,0.5
row_001673,0.5
row_004869,0.5
row_045850,0.5
row_021810,0.5
row_042709,0.5
row_001545,0.5
row_048562,0.5
row_013680,0.5
row_048585,0.5
row_002477,0.5
row_024513,0.5
row_026542,0.5
row_023703,0.5
row_009241,0.5
row_019416,0.5
row_034371,0.5
row_029210,0.5
row_014345,0.5
row_020926,0.5
row_007957,0.5
row_012327,0.5
row_002276,0.5
row_014314,0.5
row_018442,0.5
row_041539,0.5
row_020856,0.5
row_048360,0.5
row_025768,0.5
row_027632,0.5
row_028648,0.5
row_010279,0.5
row_048269,0.5
row_016900,0.5
row_017306,0.5
row_027655,0.5
row_005944,0.5
row_003797,0.5
row_043633,0.5
row_038481,0.5
row_047127,0.5
row_036697,0.5
row_011965,0.5
row_034216,0.5
row_049895,0.5
row_028635,0.5
row_048918,0.5
row_022827,0.5
row_048658,0.5
row_004214,0.5
row_039288,0.5
row_039621,0.5
row_011709,0.5
row_022080,0.5
row_047604,0.5
row_009189,0.5
row_022672,0.5
row_025787,0.5
row_023095,0.5
row_019060,0.5
row_043360,0.5
row_043907,0.5
row_029392,0.5
row_018785,0.5
row_022263,0.5
row_013171,0.5
row_025148,0.5
row_048263,0.5
row_004899,0.5
row_045165,0.5
row_032259,0.5
row_025346,0.5
row_035292,0.5
row_022625,0.5
row_005067,0.5
row_034728,0.5
row_035781,0.5
row_021164,0.5
row_042738,0.5
row_004388,0.5
row_049922,0.5
row_032306,0.5
row_035977,0.5
row_015688,0.5
row_038097,0.5
row_041711,0.5
row_043366,0.5
row_034561,0.5
row_003589,0.5
row_027446,0.5
row_007723,0.5
row_042092,0.5
row_009270,0.5
row_034774,0.5
row_034018,0.5
row_022467,0.5
row_019654,0.5
row_048798,0.5
row_036768,0.5
row_018633,0.5
row_012771,0.5
row_024245,0.5
row_005656,0.5
row_008847,0.5
row_026396,0.5
row_035753,0.5
row_004200,0.5
row_034577,0.5
row_024642,0.5
row_039293,0.5
row_035020,0.5
row_021896,0.5
row_036194,0.5
row_014210,0.5
row_019623,0.5
row_042715,0.5
row_012081,0.5
row_017096,0.5
row_048408,0.5
row_025315,0.5
row_002499,0.5
row_025567,0.5
row_043313,0.5
row_009765,0.5
row_010232,0.5
row_027793,0.5
row_025096,0.5
row_042614,0.5
row_042569,0.5
row_029993,0.5
row_002643,0.5
row_003438,0.5
row_006025,0.5
row_016550,0.5
row_007167,0.5
row_009721,0.5
row_024021,0.5
row_043599,0.5
row_034587,0.5
row_014899,0.5
row_042322,0.5
row_045454,0.5
row_013006,0.5
row_048176,0.5
row_000467,0.5
row_004342,0.5
row_048700,0.5
row_048628,0.5
row_013048,0.5
row_018388,0.5
row_038536,0.5
row_024816,0.5
row_023030,0.5
row_043425,0.5
row_024723,0.5
row_015739,0.5
row_028740,0.5
row_019660,0.5
row_029231,0.5
row_047966,0.5
row_047312,0.5
row_036300,0.5
row_002710,0.5
row_012243,0.5
row_023962,0.5
row_008753,0.5
row_036234,0.5
row_046826,0.5
row_031489,0.5
row_035925,0.5
row_027458,0.5
row_015343,0.5
row_003586,0.5
row_022173,0.5
row_019371,0.5
row_002186,0.5
row_020931,0.5
row_033870,0.5
row_014674,0.5
row_030019,0.5
row_020359,0.5
row_046147,0.5
row_036284,0.5
row_038313,0.5
row_010370,0.5
row_005941,0.5
row_001762,0.5
row_009298,0.5
row_039249,0.5
row_003298,0.5
row_044153,0.5
row_037336,0.5
row_031882,0.5
row_004222,0.5
row_015203,0.5
row_004229,0.5
row_031518,0.5
row_016701,0.5
row_036469,0.5
row_023805,0.5
row_041940,0.5
row_045627,0.5
row_027702,0.5
row_031340,0.5
row_031828,0.5
row_044466,0.5
row_044905,0.5
row_028382,0.5
row_030623,0.5
row_021190,0.5
row_007053,0.5
row_017574,0.5
row_013425,0.5
row_007459,0.5
row_047756,0.5
row_031257,0.5
row_008358,0.5
row_025300,0.5
row_013582,0.5
row_047146,0.5
row_039223,0.5
row_013339,0.5
row_034269,0.5
row_022490,0.5
row_025387,0.5
row_034259,0.5
row_025163,0.5
row_016592,0.5
row_013471,0.5
row_024687,0.5
row_014938,0.5
row_042461,0.5
row_047958,0.5
row_006852,0.5
row_031417,0.5
row_018711,0.5
row_029714,0.5
row_048063,0.5
row_044384,0.5
row_004564,0.5
row_011003,0.5
row_006276,0.5
row_014350,0.5
row_018914,0.5
row_008715,0.5
row_034557,0.5
row_011790,0.5
row_026896,0.5
row_046267,0.5
row_030537,0.5
row_013795,0.5
row_008942,0.5
row_044587,0.5
row_036935,0.5
row_029416,0.5
row_002218,0.5
row_005714,0.5
row_038508,0.5
row_048536,0.5
row_038976,0.5
row_007879,0.5
row_029765,0.5
row_028271,0.5
row_000992,0.5
row_020027,0.5
row_014601,0.5
row_036890,0.5
row_006995,0.5
row_022462,0.5
row_015191,0.5
row_043725,0.5
row_047825,0.5
row_009320,0.5
row_030585,0.5
row_031872,0.5
row_044501,0.5
row_031540,0.5
row_031878,0.5
row_038659,0.5
row_017097,0.5
row_044009,0.5
row_006325,0.5
row_011890,0.5
row_006284,0.5
row_007911,0.5
row_035779,0.5
row_001726,0.5
row_044819,0.5
row_047738,0.5
row_024765,0.5
row_036493,0.5
row_038569,0.5
row_036499,0.5
row_016755,0.5
row_015365,0.5
row_018083,0.5
row_004591,0.5
row_009961,0.5
row_032408,0.5
row_014628,0.5
row_012755,0.5
row_012983,0.5
row_008359,0.5
row_000714,0.5
row_031365,0.5
row_038171,0.5
row_046330,0.5
row_012842,0.5
row_007348,0.5
row_036984,0.5
row_044365,0.5
row_006029,0.5
row_037852,0.5
row_013328,0.5
row_045172,0.5
row_000443,0.5
row_047456,0.5
row_032530,0.5
row_032225,0.5
row_006936,0.5
row_007135,0.5
row_007914,0.5
row_020936,0.5
row_049863,0.5
row_048922,0.5
row_045022,0.5
row_001021,0.5
row_006027,0.5
row_024511,0.5
row_016386,0.5
row_004614,0.5
row_044695,0.5
row_007572,0.5
row_003707,0.5
row_004642,0.5
row_048840,0.5
row_010126,0.5
row_040174,0.5
row_030735,0.5
row_029237,0.5
row_029806,0.5
row_027537,0.5
row_043595,0.5
row_038454,0.5
row_003362,0.5
row_047471,0.5
row_038300,0.5
row_016031,0.5
row_017838,0.5
row_018748,0.5
row_007070,0.5
row_007775,0.5
row_045819,0.5
row_030956,0.5
row_002453,0.5
row_016101,0.5
row_003234,0.5
row_023004,0.5
row_006487,0.5
row_039206,0.5
row_047774,0.5
row_049925,0.5
row_015703,0.5
row_014843,0.5
row_010890,0.5
row_024717,0.5
row_002725,0.5
row_003475,0.5
row_010380,0.5
row_045439,0.5
row_011497,0.5
row_004523,0.5
row_014406,0.5
row_019200,0.5
row_044052,0.5
row_042289,0.5
row_003409,0.5
row_015130,0.5
row_030999,0.5
row_009947,0.5
row_028893,0.5
row_037987,0.5
row_048115,0.5
row_008981,0.5
row_017463,0.5
row_049448,0.5
row_002651,0.5
row_043999,0.5
row_042081,0.5
row_021163,0.5
row_031111,0.5
row_015247,0.5
row_048622,0.5
row_018921,0.5
row_039377,0.5
row_041263,0.5
row_018694,0.5
row_008384,0.5
row_015188,0.5
row_006369,0.5
row_045079,0.5
row_013184,0.5
row_020551,0.5
row_015050,0.5
row_048153,0.5
row_047587,0.5
row_015039,0.5
row_037194,0.5
row_038767,0.5
row_034202,0.5
row_046737,0.5
row_011124,0.5
row_041708,0.5
row_040350,0.5
row_004896,0.5
row_021721,0.5
row_016129,0.5
row_028194,0.5
row_025073,0.5
row_009846,0.5
row_025104,0.5
row_049677,0.5
row_034601,0.5
row_045274,0.5
row_005022,0.5
row_047511,0.5
row_007413,0.5
row_042093,0.5
row_014459,0.5
row_030188,0.5
row_015167,0.5
row_018959,0.5
row_042893,0.5
row_041412,0.5
row_041175,0.5
row_042708,0.5
row_006168,0.5
row_018831,0.5
row_008194,0.5
row_003730,0.5
row_003861,0.5
row_038805,0.5
row_019323,0.5
row_037657,0.5
row_036910,0.5
row_028790,0.5
row_019319,0.5
row_044994,0.5
row_041592,0.5
row_047551,0.5
row_031241,0.5
row_001499,0.5
row_047928,0.5
row_010088,0.5
row_045501,0.5
row_035042,0.5
row_038741,0.5
row_022646,0.5
row_026851,0.5
row_030697,0.5
row_007780,0.5
row_003146,0.5
row_023753,0.5
row_028536,0.5
row_042480,0.5
row_039692,0.5
row_018687,0.5
row_031055,0.5
row_031012,0.5
row_042342,0.5
row_021181,0.5
row_048243,0.5
row_027110,0.5
row_017145,0.5
row_013136,0.5
row_044147,0.5
row_000633,0.5
row_017188,0.5
row_028819,0.5
row_023247,0.5
row_047123,0.5
row_038901,0.5
row_007766,0.5
row_014607,0.5
row_006510,0.5
row_021020,0.5
row_018899,0.5
row_003437,0.5
row_020855,0.5
row_007696,0.5
row_020561,0.5
row_042655,0.5
row_036939,0.5
row_002322,0.5
row_048851,0.5
row_034891,0.5
row_025972,0.5
row_038865,0.5
row_005609,0.5
row_029432,0.5
row_019500,0.5
row_034747,0.5
row_043770,0.5
row_018260,0.5
row_045099,0.5
row_045974,0.5
row_045835,0.5
row_021413,0.5
row_049701,0.5
row_024469,0.5
row_017549,0.5
row_029323,0.5
row_034815,0.5
row_004396,0.5
row_008848,0.5
row_033604,0.5
row_042003,0.5
row_049008,0.5
row_038406,0.5
row_036225,0.5
row_008191,0.5
row_006726,0.5
row_005308,0.5
row_000821,0.5
row_011366,0.5
row_016052,0.5
row_024695,0.5
row_035972,0.5
row_024492,0.5
row_002961,0.5
row_033032,0.5
row_044456,0.5
row_003170,0.5
row_006089,0.5
row_017728,0.5
row_039221,0.5
row_034314,0.5
row_005750,0.5
row_002628,0.5
row_039464,0.5
row_025005,0.5
row_023611,0.5
row_047690,0.5
row_026393,0.5
row_025584,0.5
row_034540,0.5
row_001730,0.5
row_011129,0.5
row_009853,0.5
row_015303,0.5
row_032318,0.5
row_003753,0.5
row_021359,0.5
row_012497,0.5
row_013096,0.5
row_025308,0.5
row_021930,0.5
row_021815,0.5
row_010692,0.5
row_021937,0.5
row_019150,0.5
row_030005,0.5
row_015559,0.5
row_048254,0.5
row_001249,0.5
row_031864,0.5
row_010645,0.5
row_016809,0.5
row_030536,0.5
row_035534,0.5
row_015086,0.5
row_010435,0.5
row_024560,0.5
row_011364,0.5
row_026043,0.5
row_044427,0.5
row_038988,0.5
row_000248,0.5
row_023632,0.5
row_037760,0.5
row_048557,0.5
row_024732,0.5
row_035435,0.5
row_038955,0.5
row_043716,0.5
row_002544,0.5
row_002086,0.5
row_041155,0.5
row_024294,0.5
row_020038,0.5
row_042969,0.5
row_010664,0.5
row_008739,0.5
row_013482,0.5
row_026440,0.5
row_013445,0.5
row_022484,0.5
row_019185,0.5
row_013554,0.5
row_024843,0.5
row_023436,0.5
row_013194,0.5
row_045089,0.5
row_024595,0.5
row_048411,0.5
row_003036,0.5
row_047530,0.5
row_032435,0.5
row_016919,0.5
row_041154,0.5
row_000762,0.5
row_021327,0.5
row_047367,0.5
row_037968,0.5
row_013450,0.5
row_022433,0.5
row_012830,0.5
row_011967,0.5
row_001596,0.5
row_019113,0.5
row_003782,0.5
row_015335,0.5
row_035382,0.5
row_033133,0.5
row_013678,0.5
row_043850,0.5
row_034818,0.5
row_007422,0.5
row_046058,0.5
row_008922,0.5
row_017152,0.5
row_005541,0.5
row_029204,0.5
row_036957,0.5
row_002385,0.5
row_028270,0.5
row_014580,0.5
row_015028,0.5
row_044476,0.5
row_036261,0.5
row_012403,0.5
row_031336,0.5
row_011604,0.5
row_049319,0.5
row_039720,0.5
row_006508,0.5
row_006298,0.5
row_026468,0.5
row_026573,0.5
row_039696,0.5
row_048997,0.5
row_041879,0.5
row_042892,0.5
row_007894,0.5
row_021627,0.5
row_013574,0.5
row_039876,0.5
row_029314,0.5
row_005812,0.5
row_016192,0.5
row_043438,0.5
row_038697,0.5
row_029770,0.5
row_003988,0.5
row_025117,0.5
row_015931,0.5
row_004144,0.5
row_004095,0.5
row_048471,0.5
row_046219,0.5
row_041478,0.5
row_020092,0.5
row_018972,0.5
row_007410,0.5
row_038049,0.5
row_046321,0.5
row_027207,0.5
row_016569,0.5
row_000867,0.5
row_038499,0.5
row_034120,0.5
row_041515,0.5
row_035035,0.5
row_010207,0.5
row_004227,0.5
row_018792,0.5
row_045774,0.5
row_036511,0.5
row_037550,0.5
row_042713,0.5
row_022325,0.5
row_002682,0.5
row_026461,0.5
row_017445,0.5
row_036026,0.5
row_043601,0.5
row_041085,0.5
row_008949,0.5
row_041839,0.5
row_014807,0.5
row_000827,0.5
row_028634,0.5
row_025983,0.5
row_001306,0.5
row_002465,0.5
row_003599,0.5
row_028779,0.5
row_026185,0.5
row_047370,0.5
row_012603,0.5
row_004502,0.5
row_033914,0.5
row_036977,0.5
row_008376,0.5
row_043238,0.5
row_043187,0.5
row_033106,0.5
row_027286,0.5
row_034070,0.5
row_024926,0.5
row_048571,0.5
row_015336,0.5
row_016324,0.5
row_002207,0.5
row_026255,0.5
row_032830,0.5
row_034060,0.5
row_000526,0.5
row_019816,0.5
row_048188,0.5
row_022169,0.5
row_001961,0.5
row_020320,0.5
row_007296,0.5
row_036727,0.5
row_021120,0.5
row_019761,0.5
row_021091,0.5
row_042509,0.5
row_006516,0.5
row_015322,0.5
row_011378,0.5
row_000583,0.5
row_043259,0.5
row_040710,0.5
row_002197,0.5
row_026125,0.5
row_012686,0.5
row_000175,0.5
row_027876,0.5
row_016357,0.5
row_045488,0.5
row_042939,0.5
row_025363,0.5
row_045899,0.5
row_037105,0.5
row_031270,0.5
row_014328,0.5
row_030626,0.5
row_031999,0.5
row_034865,0.5
row_035823,0.5
row_035168,0.5
row_024363,0.5
row_008558,0.5
row_046252,0.5
row_015455,0.5
row_013585,0.5
row_041333,0.5
row_048630,0.5
row_045651,0.5
row_027905,0.5
row_002530,0.5
row_021968,0.5
row_040412,0.5
row_001379,0.5
row_016915,0.5
row_020934,0.5
row_043622,0.5
row_040856,0.5
row_007522,0.5
row_018208,0.5
row_037721,0.5
row_035861,0.5
row_016455,0.5
row_038279,0.5
row_011794,0.5
row_011453,0.5
row_047315,0.5
row_000234,0.5
row_023617,0.5
row_044149,0.5
row_015125,0.5
row_032233,0.5
row_046272,0.5
row_014381,0.5
row_024271,0.5
row_030930,0.5
row_011195,0.5
row_039765,0.5
row_009475,0.5
row_014945,0.5
row_002163,0.5
row_006636,0.5
row_005667,0.5
row_016488,0.5
row_041662,0.5
row_041549,0.5
row_034934,0.5
row_017853,0.5
row_002723,0.5
row_033708,0.5
row_012036,0.5
row_031868,0.5
row_032033,0.5
row_006087,0.5
row_018241,0.5
row_036414,0.5
row_028878,0.5
row_034322,0.5
row_029046,0.5
row_022980,0.5
row_025495,0.5
row_031510,0.5
row_001712,0.5
row_038676,0.5
row_015242,0.5
row_039241,0.5
row_016716,0.5
row_034311,0.5
row_034281,0.5
row_009268,0.5
row_024336,0.5
row_034663,0.5
row_001537,0.5
row_029111,0.5
row_019364,0.5
row_045132,0.5
row_003863,0.5
row_026981,0.5
row_028897,0.5
row_001995,0.5
row_026248,0.5
row_037606,0.5
row_043322,0.5
row_007069,0.5
row_039812,0.5
row_001775,0.5
row_012351,0.5
row_004235,0.5
row_019690,0.5
row_000661,0.5
row_049912,0.5
row_003271,0.5
row_047487,0.5
row_040552,0.5
row_028659,0.5
row_017202,0.5
row_039873,0.5
row_014007,0.5
row_034431,0.5
row_017184,0.5
row_018911,0.5
row_026957,0.5
row_005328,0.5
row_034350,0.5
row_015469,0.5
row_037131,0.5
row_038827,0.5
row_030152,0.5
row_031458,0.5
row_010470,0.5
row_019940,0.5
row_009193,0.5
row_032794,0.5
row_028142,0.5
row_009847,0.5
row_024704,0.5
row_014872,0.5
row_014972,0.5
row_001651,0.5
row_018721,0.5
row_043510,0.5
row_033767,0.5
row_045905,0.5
row_034153,0.5
row_033156,0.5
row_016651,0.5
row_028224,0.5
row_000413,0.5
row_000591,0.5
row_046828,0.5
row_011050,0.5
row_044103,0.5
row_015732,0.5
row_039426,0.5
row_016614,0.5
row_043351,0.5
row_003489,0.5
row_022946,0.5
row_022988,0.5
row_023198,0.5
row_003004,0.5
row_047562,0.5
row_006624,0.5
row_015064,0.5
row_002412,0.5
row_025679,0.5
row_026372,0.5
row_037395,0.5
row_002848,0.5
row_016047,0.5
row_006657,0.5
row_036267,0.5
row_025370,0.5
row_014770,0.5
row_007574,0.5
row_038235,0.5
row_025124,0.5
row_034114,0.5
row_036651,0.5
row_012675,0.5
row_038800,0.5
row_003561,0.5
row_044890,0.5
row_041703,0.5
row_014640,0.5
row_013284,0.5
row_000704,0.5
row_010350,0.5
row_034055,0.5
row_021418,0.5
row_008491,0.5
row_042610,0.5
row_029451,0.5
row_028702,0.5
row_028514,0.5
row_031452,0.5
row_007983,0.5
row_019593,0.5
row_021056,0.5
row_032205,0.5
row_010050,0.5
row_048327,0.5
row_025614,0.5
row_033413,0.5
row_008054,0.5
row_007123,0.5
row_043938,0.5
row_029289,0.5
row_035131,0.5
row_039182,0.5
row_004535,0.5
row_021514,0.5
row_014316,0.5
row_039321,0.5
row_047467,0.5
row_035623,0.5
row_024123,0.5
row_026973,0.5
row_026847,0.5
row_011426,0.5
row_000419,0.5
row_012757,0.5
row_001728,0.5
row_017529,0.5
row_013853,0.5
row_043212,0.5
row_014205,0.5
row_002021,0.5
row_040834,0.5
row_007224,0.5
row_039242,0.5
row_048666,0.5
row_019655,0.5
row_007249,0.5
row_042138,0.5
row_033420,0.5
row_012839,0.5
row_046868,0.5
row_015640,0.5
row_030744,0.5
row_039179,0.5
row_022555,0.5
row_031163,0.5
row_020428,0.5
row_008594,0.5
row_003553,0.5
row_042995,0.5
row_035529,0.5
row_005810,0.5
row_022719,0.5
row_021761,0.5
row_004412,0.5
row_017985,0.5
row_030602,0.5
row_010181,0.5
row_013101,0.5
row_048816,0.5
row_048566,0.5
row_028628,0.5
row_041684,0.5
row_012504,0.5
row_044829,0.5
row_038196,0.5
row_041091,0.5
row_010999,0.5
row_043169,0.5
row_031152,0.5
row_026446,0.5
row_009896,0.5
row_008973,0.5
row_000771,0.5
row_045675,0.5
row_026647,0.5
row_024784,0.5
row_013813,0.5
row_007884,0.5
row_009621,0.5
row_016487,0.5
row_045272,0.5
row_029388,0.5
row_001870,0.5
row_022731,0.5
row_032614,0.5
row_035367,0.5
row_027613,0.5
row_039868,0.5
row_005117,0.5
row_001780,0.5
row_010546,0.5
row_046852,0.5
row_040364,0.5
row_043270,0.5
row_036982,0.5
row_020771,0.5
row_036383,0.5
row_011150,0.5
row_010094,0.5
row_001626,0.5
row_040790,0.5
row_020740,0.5
row_009681,0.5
row_009024,0.5
row_010987,0.5
row_038357,0.5
row_043723,0.5
row_030788,0.5
row_049172,0.5
row_028961,0.5
row_031612,0.5
row_027250,0.5
row_009108,0.5
row_028040,0.5
row_010238,0.5
row_046080,0.5
row_049224,0.5
row_020833,0.5
row_040510,0.5
row_024847,0.5
row_000015,0.5
row_033850,0.5
row_001258,0.5
row_024643,0.5
row_044084,0.5
row_026718,0.5
row_005864,0.5
row_026048,0.5
row_004524,0.5
row_011001,0.5
row_042903,0.5
row_007396,0.5
row_046498,0.5
row_018849,0.5
row_037637,0.5
row_007371,0.5
row_047761,0.5
row_043564,0.5
row_002107,0.5
row_048521,0.5
row_038302,0.5
row_039604,0.5
row_025574,0.5
row_037463,0.5
row_033069,0.5
row_019908,0.5
row_007658,0.5
row_007456,0.5
row_022106,0.5
row_015633,0.5
row_003615,0.5
row_040833,0.5
row_048602,0.5
row_040680,0.5
row_003057,0.5
row_028244,0.5
row_048527,0.5
row_017986,0.5
row_002857,0.5
row_020145,0.5
row_046197,0.5
row_032598,0.5
row_010049,0.5
row_023327,0.5
row_014801,0.5
row_046077,0.5
row_005316,0.5
row_000260,0.5
row_026159,0.5
row_009003,0.5
row_018144,0.5
row_043976,0.5
row_027977,0.5
row_026946,0.5
row_042852,0.5
row_009653,0.5
row_032586,0.5
row_000280,0.5
row_020859,0.5
row_043142,0.5
row_018113,0.5
row_028068,0.5
row_021497,0.5
row_010770,0.5
row_021463,0.5
row_024445,0.5
row_037439,0.5
row_049065,0.5
row_040181,0.5
row_018682,0.5
row_029727,0.5
row_039598,0.5
row_035893,0.5
row_013727,0.5
row_014285,0.5
row_005910,0.5
row_025789,0.5
row_021785,0.5
row_044245,0.5
row_035949,0.5
row_039166,0.5
row_011897,0.5
row_012833,0.5
row_009785,0.5
row_019966,0.5
row_010462,0.5
row_038645,0.5
row_002054,0.5
row_026362,0.5
row_032845,0.5
row_019769,0.5
row_009893,0.5
row_029209,0.5
row_006261,0.5
row_005046,0.5
row_021931,0.5
row_019953,0.5
row_023855,0.5
row_026132,0.5
row_014171,0.5
row_010078,0.5
row_029189,0.5
row_005198,0.5
row_034904,0.5
row_036704,0.5
row_014135,0.5
row_017345,0.5
row_010031,0.5
row_041491,0.5
row_005929,0.5
row_042176,0.5
row_004942,0.5
row_001867,0.5
row_045809,0.5
row_036711,0.5
row_000559,0.5
row_033025,0.5
row_017502,0.5
row_005873,0.5
row_013996,0.5
row_043930,0.5
row_011827,0.5
row_015590,0.5
row_038734,0.5
row_024362,0.5
row_043544,0.5
row_012854,0.5
row_010716,0.5
row_020660,0.5
row_027282,0.5
row_024392,0.5
row_024771,0.5
row_038852,0.5
row_045961,0.5
row_016816,0.5
row_004453,0.5
row_014318,0.5
row_039028,0.5
row_010293,0.5
row_045872,0.5
row_028943,0.5
row_030500,0.5
row_000513,0.5
row_017012,0.5
row_042407,0.5
row_030802,0.5
row_041837,0.5
row_038228,0.5
row_040266,0.5
row_035243,0.5
row_040414,0.5
row_047267,0.5
row_048099,0.5
row_033231,0.5
row_013971,0.5
row_015414,0.5
row_020558,0.5
row_021880,0.5
row_020412,0.5
row_022589,0.5
row_003531,0.5
row_002140,0.5
row_046295,0.5
row_023524,0.5
row_011448,0.5
row_030853,0.5
row_032852,0.5
row_031494,0.5
row_006242,0.5
row_030366,0.5
row_023413,0.5
row_048436,0.5
row_000572,0.5
row_038184,0.5
row_001695,0.5
row_048180,0.5
row_000886,0.5
row_035510,0.5
row_031968,0.5
row_019158,0.5
row_011226,0.5
row_024207,0.5
row_010913,0.5
row_007720,0.5
row_029173,0.5
row_036204,0.5
row_024394,0.5
row_040818,0.5
row_007949,0.5
row_005892,0.5
row_048573,0.5
row_000879,0.5
row_029260,0.5
row_032656,0.5
row_038820,0.5
row_016565,0.5
row_034802,0.5
row_019835,0.5
row_042343,0.5
row_027979,0.5
row_014163,0.5
row_006005,0.5
row_041606,0.5
row_028729,0.5
row_047108,0.5
row_043445,0.5
row_004303,0.5
row_017155,0.5
row_027914,0.5
row_035312,0.5
row_049772,0.5
row_048952,0.5
row_044221,0.5
row_049570,0.5
row_019054,0.5
row_034109,0.5
row_016633,0.5
row_006156,0.5
row_025102,0.5
row_010909,0.5
row_014492,0.5
row_011058,0.5
row_001916,0.5
row_030053,0.5
row_029180,0.5
row_044596,0.5
row_000875,0.5
row_049323,0.5
row_028350,0.5
row_013316,0.5
row_030417,0.5
row_016566,0.5
row_021057,0.5
row_049943,0.5
row_043140,0.5
row_025286,0.5
row_037941,0.5
row_034029,0.5
row_023996,0.5
row_027094,0.5
row_020074,0.5
row_033904,0.5
row_011758,0.5
row_007376,0.5
row_005315,0.5
row_027505,0.5
row_036478,0.5
row_026453,0.5
row_011234,0.5
row_006183,0.5
row_044589,0.5
row_026328,0.5
row_036996,0.5
row_016001,0.5
row_011851,0.5
row_001133,0.5
row_046301,0.5
row_039362,0.5
row_020554,0.5
row_010366,0.5
row_013315,0.5
row_013933,0.5
row_029742,0.5
row_011839,0.5
row_008894,0.5
row_006091,0.5
row_031519,0.5
row_042430,0.5
row_009134,0.5
row_033479,0.5
row_006615,0.5
row_042290,0.5
row_021397,0.5
row_043475,0.5
row_027897,0.5
row_024791,0.5
row_042151,0.5
row_001063,0.5
row_041679,0.5
row_013353,0.5
row_006266,0.5
row_005038,0.5
row_041748,0.5
row_031151,0.5
row_043513,0.5
row_032797,0.5
row_017453,0.5
row_009561,0.5
row_033445,0.5
row_034622,0.5
row_013367,0.5
row_017237,0.5
row_016940,0.5
row_005042,0.5
row_042401,0.5
row_047747,0.5
row_032344,0.5
row_045575,0.5
row_033132,0.5
row_015655,0.5
row_029628,0.5
row_019689,0.5
row_024144,0.5
row_002603,0.5
row_042211,0.5
row_017540,0.5
row_032790,0.5
row_028200,0.5
row_030969,0.5
row_039533,0.5
row_038314,0.5
row_012809,0.5
row_019305,0.5
row_006022,0.5
row_007754,0.5
row_021367,0.5
row_018308,0.5
row_041408,0.5
row_028453,0.5
row_046261,0.5
row_037304,0.5
row_003816,0.5
row_034400,0.5
row_016346,0.5
row_013038,0.5
row_026481,0.5
row_023237,0.5
row_048740,0.5
row_023210,0.5
row_012599,0.5
row_035621,0.5
row_042950,0.5
row_030014,0.5
row_044348,0.5
row_042657,0.5
row_037399,0.5
row_027955,0.5
row_011682,0.5
row_023895,0.5
row_041654,0.5
row_029849,0.5
row_027090,0.5
row_005260,0.5
row_005066,0.5
row_025165,0.5
row_038782,0.5
row_006279,0.5
row_005759,0.5
row_013702,0.5
row_028425,0.5
row_045882,0.5
row_018047,0.5
row_019144,0.5
row_018180,0.5
row_029326,0.5
row_016832,0.5
row_017388,0.5
row_047696,0.5
row_005157,0.5
row_045416,0.5
row_037242,0.5
row_021909,0.5
row_010469,0.5
row_013437,0.5
row_009663,0.5
row_030634,0.5
row_022018,0.5
row_037107,0.5
row_042958,0.5
row_047695,0.5
row_021827,0.5
row_049981,0.5
row_018469,0.5
row_035633,0.5
row_031740,0.5
row_032821,0.5
row_015479,0.5
row_016247,0.5
row_010152,0.5
row_042632,0.5
row_013134,0.5
row_002251,0.5
row_011930,0.5
row_006499,0.5
row_040792,0.5
row_032075,0.5
row_001347,0.5
row_001735,0.5
row_008085,0.5
row_048863,0.5
row_041731,0.5
row_007955,0.5
row_021924,0.5
row_021071,0.5
row_024600,0.5
row_041118,0.5
row_034719,0.5
row_032333,0.5
row_027846,0.5
row_025666,0.5
row_046643,0.5
row_038366,0.5
row_043762,0.5
row_046667,0.5
row_011407,0.5
row_015318,0.5
row_033867,0.5
row_033456,0.5
row_030107,0.5
row_023295,0.5
row_000726,0.5
row_030306,0.5
row_010841,0.5
row_024217,0.5
row_010964,0.5
row_001745,0.5
row_045070,0.5
row_020511,0.5
row_000199,0.5
row_036692,0.5
row_044156,0.5
row_031429,0.5
row_005778,0.5
row_032707,0.5
row_023085,0.5
row_028727,0.5
row_044965,0.5
row_021043,0.5
row_001679,0.5
row_045453,0.5
row_006293,0.5
row_046837,0.5
row_017334,0.5
row_013720,0.5
row_022250,0.5
row_008927,0.5
row_009869,0.5
row_034658,0.5
row_041069,0.5
row_041084,0.5
row_047387,0.5
row_014077,0.5
row_006081,0.5
row_040196,0.5
row_005603,0.5
row_047433,0.5
row_039735,0.5
row_036231,0.5
row_007260,0.5
row_015447,0.5
row_006960,0.5
row_039803,0.5
row_048483,0.5
row_045733,0.5
row_045530,0.5
row_023144,0.5
row_011597,0.5
row_015503,0.5
row_020004,0.5
row_042036,0.5
row_008851,0.5
row_041137,0.5
row_009942,0.5
row_038730,0.5
row_036652,0.5
row_019250,0.5
row_028870,0.5
row_009360,0.5
row_037872,0.5
row_000878,0.5
row_023379,0.5
row_033909,0.5
row_034616,0.5
row_025417,0.5
row_041418,0.5
row_023945,0.5
row_000375,0.5
row_011893,0.5
row_033026,0.5
row_039762,0.5
row_005007,0.5
row_024464,0.5
row_012950,0.5
row_030631,0.5
row_037378,0.5
row_011590,0.5
row_047659,0.5
row_032400,0.5
row_020814,0.5
row_001527,0.5
row_012331,0.5
row_040294,0.5
row_009263,0.5
row_035033,0.5
row_046941,0.5
row_015744,0.5
row_047489,0.5
row_042470,0.5
row_032024,0.5
row_012773,0.5
row_002520,0.5
row_007378,0.5
row_029821,0.5
row_028406,0.5
row_017626,0.5
row_000525,0.5
row_020051,0.5
row_005574,0.5
row_040265,0.5
row_015461,0.5
row_028078,0.5
row_008912,0.5
row_040640,0.5
row_029145,0.5
row_000056,0.5
row_030009,0.5
row_009084,0.5
row_004532,0.5
row_032480,0.5
row_019638,0.5
row_027717,0.5
row_031096,0.5
row_036991,0.5
row_009195,0.5
row_007394,0.5
row_041486,0.5
row_017955,0.5
row_008015,0.5
row_022991,0.5
row_037073,0.5
row_014304,0.5
row_026990,0.5
row_032816,0.5
row_037646,0.5
row_027938,0.5
row_036667,0.5
row_038272,0.5
row_010654,0.5
row_032991,0.5
row_007699,0.5
row_049897,0.5
row_013773,0.5
row_043332,0.5
row_014748,0.5
row_029925,0.5
row_000428,0.5
row_049171,0.5
row_045186,0.5
row_010286,0.5
row_034643,0.5
row_028349,0.5
row_014146,0.5
row_017447,0.5
row_049919,0.5
row_046248,0.5
row_037659,0.5
row_029649,0.5
row_000849,0.5
row_018039,0.5
row_017969,0.5
row_003513,0.5
row_009415,0.5
row_048582,0.5
row_029995,0.5
row_023182,0.5
row_020017,0.5
row_009125,0.5
row_013924,0.5
row_040284,0.5
row_040672,0.5
row_048779,0.5
row_000535,0.5
row_014128,0.5
row_028442,0.5
row_014859,0.5
row_007307,0.5
row_035926,0.5
row_037056,0.5
row_010786,0.5
row_041682,0.5
row_025406,0.5
row_017812,0.5
row_024726,0.5
row_042326,0.5
row_025953,0.5
row_029904,0.5
row_020445,0.5
row_016719,0.5
row_033078,0.5
row_040638,0.5
row_004976,0.5
row_038342,0.5
row_035388,0.5
row_034460,0.5
row_009852,0.5
row_046062,0.5
row_044788,0.5
row_014704,0.5
row_018597,0.5
row_040671,0.5
row_048624,0.5
row_034700,0.5
row_025444,0.5
row_046488,0.5
row_000785,0.5
row_004268,0.5
row_013018,0.5
row_012298,0.5
row_033532,0.5
row_002171,0.5
row_042981,0.5
row_000446,0.5
row_015492,0.5
row_046628,0.5
row_007433,0.5
row_038821,0.5
row_017884,0.5
row_014949,0.5
row_016211,0.5
row_042897,0.5
row_021850,0.5
row_007767,0.5
row_022217,0.5
row_022438,0.5
row_019072,0.5
row_047213,0.5
row_006478,0.5
row_042269,0.5
row_008569,0.5
row_042297,0.5
row_025722,0.5
row_047116,0.5
row_034193,0.5
row_032670,0.5
row_010316,0.5
row_041025,0.5
row_012086,0.5
row_022070,0.5
row_027676,0.5
row_020755,0.5
row_014119,0.5
row_015695,0.5
row_039144,0.5
row_031910,0.5
row_011975,0.5
row_038966,0.5
row_002113,0.5
row_037442,0.5
row_038787,0.5
row_033786,0.5
row_023571,0.5
row_027993,0.5
row_041289,0.5
row_003140,0.5
row_003930,0.5
row_047920,0.5
row_001382,0.5
row_027822,0.5
row_049524,0.5
row_045326,0.5
row_000102,0.5
row_008760,0.5
row_040022,0.5
row_013911,0.5
row_030577,0.5
row_004776,0.5
row_022420,0.5
row_031958,0.5
row_000860,0.5
row_040187,0.5
row_036163,0.5
row_011985,0.5
row_033139,0.5
row_045895,0.5
row_014824,0.5
row_000629,0.5
row_021388,0.5
row_006285,0.5
row_048452,0.5
row_032998,0.5
row_039906,0.5
row_041928,0.5
row_044769,0.5
row_019336,0.5
row_012293,0.5
row_023888,0.5
row_005897,0.5
row_032466,0.5
row_039383,0.5
row_049823,0.5
row_043980,0.5
row_037187,0.5
row_003520,0.5
row_009973,0.5
row_021781,0.5
row_044656,0.5
row_021622,0.5
row_018153,0.5
row_006634,0.5
row_039200,0.5
row_048673,0.5
row_034169,0.5
row_014893,0.5
row_035706,0.5
row_028230,0.5
row_035503,0.5
row_016582,0.5
row_010421,0.5
row_048496,0.5
row_026056,0.5
row_005233,0.5
row_003407,0.5
row_005787,0.5
row_010992,0.5
row_047172,0.5
row_009583,0.5
row_035703,0.5
row_020909,0.5
row_012088,0.5
row_004009,0.5
row_040555,0.5
row_034647,0.5
row_027123,0.5
row_028297,0.5
row_021846,0.5
row_033992,0.5
row_013741,0.5
row_030986,0.5
row_006824,0.5
row_000681,0.5
row_003118,0.5
row_016960,0.5
row_009122,0.5
row_016398,0.5
row_005705,0.5
row_007893,0.5
row_008812,0.5
row_023842,0.5
row_000894,0.5
row_040926,0.5
row_016083,0.5
row_005938,0.5
row_034480,0.5
row_033713,0.5
row_026448,0.5
row_039540,0.5
row_048872,0.5
row_013569,0.5
row_021819,0.5
row_010023,0.5
row_018826,0.5
row_024015,0.5
row_018335,0.5
row_013240,0.5
row_000153,0.5
row_006110,0.5
row_004920,0.5
row_023168,0.5
row_037012,0.5
row_031903,0.5
row_017496,0.5
row_026478,0.5
row_049543,0.5
row_026252,0.5
row_016689,0.5
row_047056,0.5
row_004506,0.5
row_005340,0.5
row_029395,0.5
row_028392,0.5
row_028833,0.5
row_024690,0.5
row_017590,0.5
row_009446,0.5
row_011639,0.5
row_013779,0.5
row_025199,0.5
row_014813,0.5
row_047934,0.5
row_006297,0.5
row_021053,0.5
row_016753,0.5
row_018152,0.5
row_014472,0.5
row_025566,0.5
row_023627,0.5
row_036160,0.5
row_018230,0.5
row_034358,0.5
row_036700,0.5
row_006174,0.5
row_049667,0.5
row_010724,0.5
row_001860,0.5
row_039998,0.5
row_046283,0.5
row_017104,0.5
row_044931,0.5
row_048768,0.5
row_019138,0.5
row_028273,0.5
row_027941,0.5
row_027607,0.5
row_010883,0.5
row_039472,0.5
row_025908,0.5
row_006331,0.5
row_024122,0.5
row_006391,0.5
row_033727,0.5
row_031330,0.5
row_044634,0.5
row_015175,0.5
row_039796,0.5
row_027577,0.5
row_045695,0.5
row_029135,0.5
row_002685,0.5
row_046371,0.5
row_040942,0.5
row_045110,0.5
row_029578,0.5
row_020654,0.5
row_043748,0.5
row_016674,0.5
row_043694,0.5
row_000081,0.5
row_019727,0.5
row_033363,0.5
row_022007,0.5
row_041637,0.5
row_021667,0.5
row_038403,0.5
row_014150,0.5
row_046268,0.5
row_013733,0.5
row_045313,0.5
row_038106,0.5
row_025250,0.5
row_043237,0.5
row_046319,0.5
row_014797,0.5
row_038141,0.5
row_010581,0.5
row_007826,0.5
row_012775,0.5
row_021916,0.5
row_045715,0.5
row_048923,0.5
row_015090,0.5
row_038281,0.5
row_022767,0.5
row_004482,0.5
row_036221,0.5
row_006857,0.5
row_011858,0.5
row_031040,0.5
row_048825,0.5
row_037118,0.5
row_023151,0.5
row_001046,0.5
row_003327,0.5
row_004119,0.5
row_028363,0.5
row_022440,0.5
row_002872,0.5
row_015724,0.5
row_015545,0.5
row_001150,0.5
row_012250,0.5
row_027158,0.5
row_005474,0.5
row_012694,0.5
row_010781,0.5
row_027969,0.5
row_035160,0.5
row_032947,0.5
row_040711,0.5
row_021227,0.5
row_041087,0.5
row_047652,0.5
row_019639,0.5
row_047102,0.5
row_023640,0.5
row_026014,0.5
row_045311,0.5
row_042087,0.5
row_019326,0.5
row_025581,0.5
row_046723,0.5
row_007528,0.5
row_038074,0.5
row_043404,0.5
row_011556,0.5
row_027378,0.5
row_001014,0.5
row_024195,0.5
row_033194,0.5
row_024621,0.5
row_027673,0.5
row_028912,0.5
row_044564,0.5
row_049939,0.5
row_030426,0.5
row_006008,0.5
row_036423,0.5
row_013211,0.5
row_019466,0.5
row_009515,0.5
row_019346,0.5
row_045254,0.5
row_003008,0.5
row_020809,0.5
row_002344,0.5
row_035268,0.5
row_049199,0.5
row_044449,0.5
row_018175,0.5
row_024680,0.5
row_001783,0.5
row_000457,0.5
row_027388,0.5
row_049250,0.5
row_032767,0.5
row_049390,0.5
row_022294,0.5
row_047219,0.5
row_020670,0.5
row_046390,0.5
row_018949,0.5
row_028703,0.5
row_032948,0.5
row_004450,0.5
row_034868,0.5
row_045970,0.5
row_010874,0.5
row_031705,0.5
row_008287,0.5
row_008782,0.5
row_013966,0.5
row_002309,0.5
row_007768,0.5
row_034793,0.5
row_049845,0.5
row_048366,0.5
row_030003,0.5
row_021508,0.5
row_008428,0.5
row_004617,0.5
row_014031,0.5
row_025734,0.5
row_005590,0.5
row_019945,0.5
row_010777,0.5
row_003127,0.5
row_000815,0.5
row_028275,0.5
row_049649,0.5
row_037068,0.5
row_025394,0.5
row_022611,0.5
row_017910,0.5
row_027220,0.5
row_022949,0.5
row_033082,0.5
row_044088,0.5
row_049027,0.5
row_045915,0.5
row_031002,0.5
row_032037,0.5
row_033331,0.5
row_036046,0.5
row_049054,0.5
row_015302,0.5
row_022291,0.5
row_032565,0.5
row_033658,0.5
row_004624,0.5
row_014259,0.5
row_035006,0.5
row_024458,0.5
row_021903,0.5
row_018630,0.5
row_021600,0.5
row_016709,0.5
row_022040,0.5
row_038249,0.5
row_033865,0.5
row_047813,0.5
row_015224,0.5
row_004994,0.5
row_006135,0.5
row_020142,0.5
row_035963,0.5
row_019736,0.5
row_036625,0.5
row_025743,0.5
row_036858,0.5
row_025622,0.5
row_003768,0.5
row_001022,0.5
row_005061,0.5
row_043485,0.5
row_037905,0.5
row_022071,0.5
row_036514,0.5
row_034639,0.5
row_047964,0.5
row_003442,0.5
row_013343,0.5
row_009361,0.5
row_014383,0.5
row_027925,0.5
row_028670,0.5
row_037264,0.5
row_012559,0.5
row_011998,0.5
row_007064,0.5
row_022746,0.5
row_043495,0.5
row_039872,0.5
row_024344,0.5
row_009175,0.5
row_023857,0.5
row_039203,0.5
row_042869,0.5
row_010473,0.5
row_027456,0.5
row_039694,0.5
row_006705,0.5
row_036587,0.5
row_046207,0.5
row_018847,0.5
row_028883,0.5
row_036392,0.5
row_039643,0.5
row_049991,0.5
row_016840,0.5
row_027644,0.5
row_012347,0.5
row_013463,0.5
row_026449,0.5
row_012695,0.5
row_031666,0.5
row_038156,0.5
row_014539,0.5
row_043501,0.5
row_039534,0.5
row_032659,0.5
row_021228,0.5
row_001146,0.5
row_030284,0.5
row_037301,0.5
row_033490,0.5
row_020299,0.5
row_009082,0.5
row_030043,0.5
row_022857,0.5
row_003026,0.5
row_004479,0.5
row_036512,0.5
row_039135,0.5
row_034360,0.5
row_044238,0.5
row_024957,0.5
row_028487,0.5
row_033813,0.5
row_039866,0.5
row_032308,0.5
row_030080,0.5
row_032292,0.5
row_009448,0.5
row_014851,0.5
row_018440,0.5
row_029200,0.5
row_013246,0.5
row_040771,0.5
row_041104,0.5
row_024564,0.5
row_034341,0.5
row_000982,0.5
row_017299,0.5
row_038207,0.5
row_010089,0.5
row_035794,0.5
row_033316,0.5
row_016126,0.5
row_020157,0.5
row_007316,0.5
row_026833,0.5
row_002564,0.5
row_038978,0.5
row_015211,0.5
row_034804,0.5
row_015296,0.5
row_001292,0.5
row_015397,0.5
row_048283,0.5
row_040038,0.5
row_047791,0.5
row_045369,0.5
row_037796,0.5
row_039815,0.5
row_031142,0.5
row_036380,0.5
row_004226,0.5
row_023887,0.5
row_023872,0.5
row_018558,0.5
row_005802,0.5
row_045400,0.5
row_041680,0.5
row_045214,0.5
row_038012,0.5
row_009931,0.5
row_042510,0.5
row_043909,0.5
row_004138,0.5
row_010862,0.5
row_036956,0.5
row_035709,0.5
row_000307,0.5
row_019428,0.5
row_022408,0.5
row_006568,0.5
row_014553,0.5
row_024074,0.5
row_021715,0.5
row_017482,0.5
row_015943,0.5
row_005397,0.5
row_045452,0.5
row_020039,0.5
row_006066,0.5
row_006813,0.5
row_012167,0.5
row_045771,0.5
row_032443,0.5
row_027526,0.5
row_038705,0.5
row_011100,0.5
row_005781,0.5
row_024311,0.5
row_008565,0.5
row_024427,0.5
row_008617,0.5
row_049026,0.5
row_027698,0.5
row_029878,0.5
row_021072,0.5
row_028799,0.5
row_020056,0.5
row_048912,0.5
row_043947,0.5
row_001454,0.5
row_017659,0.5
row_000961,0.5
row_009311,0.5
row_046166,0.5
row_048410,0.5
row_009636,0.5
row_041983,0.5
row_001812,0.5
row_002811,0.5
row_006493,0.5
row_025109,0.5
row_010411,0.5
row_040001,0.5
row_017665,0.5
row_005310,0.5
row_007988,0.5
row_047708,0.5
row_016661,0.5
row_047228,0.5
row_033297,0.5
row_001711,0.5
row_046322,0.5
row_032385,0.5
row_024022,0.5
row_003003,0.5
row_045133,0.5
row_041909,0.5
row_013615,0.5
row_014791,0.5
row_042231,0.5
row_045902,0.5
row_023426,0.5
row_045086,0.5
row_048207,0.5
row_020447,0.5
row_001047,0.5
row_040203,0.5
row_003775,0.5
row_039039,0.5
row_012817,0.5
row_006754,0.5
row_008026,0.5
row_005558,0.5
row_006785,0.5
row_024466,0.5
row_013125,0.5
row_031794,0.5
row_008356,0.5
row_026533,0.5
row_027703,0.5
row_011927,0.5
row_008529,0.5
row_023305,0.5
row_000266,0.5
row_043188,0.5
row_020861,0.5
row_024506,0.5
row_019447,0.5
row_025227,0.5
row_038136,0.5
row_025705,0.5
row_031213,0.5
row_001354,0.5
row_041989,0.5
row_015280,0.5
row_003045,0.5
row_008280,0.5
row_036391,0.5
row_009700,0.5
row_031739,0.5
row_029137,0.5
row_044474,0.5
row_003943,0.5
row_040328,0.5
row_046889,0.5
row_049020,0.5
row_031756,0.5
row_032471,0.5
row_030964,0.5
row_012038,0.5
row_014022,0.5
row_035990,0.5
row_028056,0.5
row_029797,0.5
row_017193,0.5
row_032553,0.5
row_026714,0.5
row_019584,0.5
row_026420,0.5
row_040590,0.5
row_016014,0.5
row_019448,0.5
row_020879,0.5
row_013922,0.5
row_048520,0.5
row_013046,0.5
row_035647,0.5
row_035241,0.5
row_044130,0.5
row_035838,0.5
row_009823,0.5
row_036485,0.5
row_039819,0.5
row_027756,0.5
row_028247,0.5
row_005297,0.5
row_008556,0.5
row_045988,0.5
row_031220,0.5
row_044196,0.5
row_019990,0.5
row_017684,0.5
row_039065,0.5
row_017177,0.5
row_029194,0.5
row_020496,0.5
row_010600,0.5
row_030347,0.5
row_035775,0.5
row_049833,0.5
row_041905,0.5
row_044185,0.5
row_000998,0.5
row_007797,0.5
row_002160,0.5
row_040171,0.5
row_029781,0.5
row_035499,0.5
row_045192,0.5
row_028060,0.5
row_030354,0.5
row_047686,0.5
row_010530,0.5
row_020711,0.5
row_039679,0.5
row_002668,0.5
row_047601,0.5
row_008566,0.5
row_036775,0.5
row_036254,0.5
row_039190,0.5
row_039270,0.5
row_006528,0.5
row_049546,0.5
row_035881,0.5
row_045280,0.5
row_026045,0.5
row_010741,0.5
row_002764,0.5
row_048959,0.5
row_016277,0.5
row_046605,0.5
row_023693,0.5
row_034572,0.5
row_038511,0.5
row_035450,0.5
row_024688,0.5
row_032764,0.5
row_039072,0.5
row_013262,0.5
row_043203,0.5
row_020117,0.5
row_031613,0.5
row_045000,0.5
row_031788,0.5
row_030309,0.5
row_026212,0.5
row_040762,0.5
row_045851,0.5
row_029461,0.5
row_019589,0.5
row_000751,0.5
row_025979,0.5
row_000799,0.5
row_024938,0.5
row_029651,0.5
row_044263,0.5
row_001461,0.5
row_029525,0.5
row_006567,0.5
row_005573,0.5
row_044694,0.5
row_002437,0.5
row_009064,0.5
row_031876,0.5
row_008802,0.5
row_037433,0.5
row_013730,0.5
row_043463,0.5
row_005093,0.5
row_035983,0.5
row_034759,0.5
row_040847,0.5
row_003030,0.5
row_029346,0.5
row_039693,0.5
row_047706,0.5
row_006920,0.5
row_005213,0.5
row_029709,0.5
row_001211,0.5
row_015202,0.5
row_010756,0.5
row_048354,0.5
row_045246,0.5
row_029359,0.5
row_044562,0.5
row_011855,0.5
row_030916,0.5
row_011701,0.5
row_024250,0.5
row_032894,0.5
row_043033,0.5
row_046954,0.5
row_016811,0.5
row_018738,0.5
row_019636,0.5
row_023081,0.5
row_038044,0.5
row_027160,0.5
row_039527,0.5
row_025369,0.5
row_023286,0.5
row_017687,0.5
row_008219,0.5
row_008821,0.5
row_019824,0.5
row_036022,0.5
row_010877,0.5
row_040534,0.5
row_027653,0.5
row_011873,0.5
row_048847,0.5
row_042922,0.5
row_001450,0.5
row_039996,0.5
row_044201,0.5
row_000991,0.5
row_040105,0.5
row_045764,0.5
row_037658,0.5
row_024945,0.5
row_011322,0.5
row_038386,0.5
row_004542,0.5
row_027204,0.5
row_042817,0.5
row_037045,0.5
row_038952,0.5
row_033332,0.5
row_019610,0.5
row_037469,0.5
row_005436,0.5
row_018810,0.5
row_007353,0.5
row_015995,0.5
row_049032,0.5
row_004208,0.5
row_014504,0.5
row_020583,0.5
row_028959,0.5
row_023384,0.5
row_011087,0.5
row_016029,0.5
row_010179,0.5
row_011708,0.5
row_027478,0.5
row_043577,0.5
row_013967,0.5
row_049124,0.5
row_023104,0.5
row_032650,0.5
row_006009,0.5
row_006410,0.5
row_032975,0.5
row_018954,0.5
row_029866,0.5
row_049364,0.5
row_002285,0.5
row_021522,0.5
row_029492,0.5
row_001395,0.5
row_049085,0.5
row_042935,0.5
row_004175,0.5
row_017114,0.5
row_018925,0.5
row_038433,0.5
row_012431,0.5
row_030662,0.5
row_018337,0.5
row_014271,0.5
row_002521,0.5
row_014037,0.5
row_010431,0.5
row_034025,0.5
row_027098,0.5
row_025670,0.5
row_039395,0.5
row_025610,0.5
row_037221,0.5
row_032253,0.5
row_025293,0.5
row_048007,0.5
row_023440,0.5
row_046481,0.5
row_014086,0.5
row_012664,0.5
row_046996,0.5
row_038122,0.5
row_012039,0.5
row_040185,0.5
row_014876,0.5
row_032099,0.5
row_028863,0.5
row_005605,0.5
row_033964,0.5
row_007513,0.5
row_029802,0.5
row_017449,0.5
row_006376,0.5
row_033307,0.5
row_029640,0.5
row_025472,0.5
row_008857,0.5
row_003710,0.5
row_014130,0.5
row_029163,0.5
row_018743,0.5
row_000676,0.5
row_025410,0.5
row_000222,0.5
row_024027,0.5
row_043343,0.5
row_007701,0.5
row_025122,0.5
row_014700,0.5
row_042967,0.5
row_000463,0.5
row_030756,0.5
row_027663,0.5
row_016282,0.5
row_025865,0.5
row_019694,0.5
row_008779,0.5
row_018990,0.5
row_044718,0.5
row_049376,0.5
row_003336,0.5
row_004433,0.5
row_029357,0.5
row_003111,0.5
row_041584,0.5
row_044092,0.5
row_039879,0.5
row_021185,0.5
row_030491,0.5
row_031777,0.5
row_048938,0.5
row_048489,0.5
row_041076,0.5
row_008067,0.5
row_043959,0.5
row_017965,0.5
row_030132,0.5
row_021542,0.5
row_025403,0.5
row_012978,0.5
row_038101,0.5
row_034318,0.5
row_013132,0.5
row_046529,0.5
row_004065,0.5
row_036733,0.5
row_017274,0.5
row_043198,0.5
row_004233,0.5
row_046480,0.5
row_003504,0.5
row_032453,0.5
row_048321,0.5
row_047122,0.5
row_017725,0.5
row_043350,0.5
row_034223,0.5
row_004192,0.5
row_009562,0.5
row_004475,0.5
row_031899,0.5
row_038399,0.5
row_030336,0.5
row_010535,0.5
row_041765,0.5
row_003117,0.5
row_021331,0.5
row_014229,0.5
row_022797,0.5
row_026375,0.5
row_035586,0.5
row_017522,0.5
row_049160,0.5
row_049480,0.5
row_007892,0.5
row_002925,0.5
row_014101,0.5
row_003233,0.5
row_038370,0.5
row_006039,0.5
row_043179,0.5
row_006784,0.5
row_048749,0.5
row_012891,0.5
row_028467,0.5
row_029454,0.5
row_029990,0.5
row_011169,0.5
row_018824,0.5
row_016805,0.5
row_023989,0.5
row_040823,0.5
row_028302,0.5
row_005094,0.5
row_014443,0.5
row_043863,0.5
row_035434,0.5
row_033724,0.5
row_036665,0.5
row_003449,0.5
row_016967,0.5
row_000317,0.5
row_026434,0.5
row_019767,0.5
row_031125,0.5
row_023785,0.5
row_028338,0.5
row_040689,0.5
row_018698,0.5
row_028875,0.5
row_015337,0.5
row_005118,0.5
row_015719,0.5
row_048390,0.5
row_007029,0.5
row_049399,0.5
row_007495,0.5
row_025266,0.5
row_032472,0.5
row_016116,0.5
row_034483,0.5
row_026873,0.5
row_038022,0.5
row_010660,0.5
row_003424,0.5
row_000290,0.5
row_021061,0.5
row_023847,0.5
row_004986,0.5
row_023584,0.5
row_000258,0.5
row_048512,0.5
row_040658,0.5
row_038419,0.5
row_008127,0.5
row_035795,0.5
row_038414,0.5
row_036395,0.5
row_048431,0.5
row_038686,0.5
row_037640,0.5
row_029758,0.5
row_028344,0.5
row_001304,0.5
row_019213,0.5
row_012676,0.5
row_018938,0.5
row_019867,0.5
row_034376,0.5
row_003821,0.5
row_017750,0.5
row_047710,0.5
row_027454,0.5
row_003793,0.5
row_028360,0.5
row_035051,0.5
row_019451,0.5
row_010458,0.5
row_006840,0.5
row_015984,0.5
row_035815,0.5
row_030438,0.5
row_029997,0.5
row_032269,0.5
row_028684,0.5
row_014650,0.5
row_014132,0.5
row_019391,0.5
row_023450,0.5
row_001556,0.5
row_049644,0.5
row_045465,0.5
row_023969,0.5
row_020683,0.5
row_010646,0.5
row_022301,0.5
row_026264,0.5
row_029168,0.5
row_037912,0.5
row_028071,0.5
row_039033,0.5
row_005049,0.5
row_013153,0.5
row_017709,0.5
row_028526,0.5
row_042778,0.5
row_014994,0.5
row_039711,0.5
row_021582,0.5
row_036844,0.5
row_012435,0.5
row_036864,0.5
row_029424,0.5
row_028527,0.5
row_027133,0.5
row_004142,0.5
row_021299,0.5
row_034059,0.5
row_002020,0.5
row_049491,0.5
row_024965,0.5
row_043484,0.5
row_004738,0.5
row_026824,0.5
row_034458,0.5
row_029831,0.5
row_023074,0.5
row_022722,0.5
row_034267,0.5
row_025925,0.5
row_025675,0.5
row_009712,0.5
row_008404,0.5
row_017206,0.5
row_035707,0.5
row_009338,0.5
row_041425,0.5
row_045403,0.5
row_037050,0.5
row_046422,0.5
row_022800,0.5
row_020417,0.5
row_005999,0.5
row_007841,0.5
row_035716,0.5
row_000816,0.5
row_033061,0.5
row_004038,0.5
row_031761,0.5
row_036432,0.5
row_039058,0.5
row_021990,0.5
row_017870,0.5
row_003619,0.5
row_019183,0.5
row_047303,0.5
row_008623,0.5
row_040961,0.5
row_018448,0.5
row_019048,0.5
row_038261,0.5
row_009247,0.5
row_041534,0.5
row_025661,0.5
row_011046,0.5
row_037150,0.5
row_032568,0.5
row_006961,0.5
row_029690,0.5
row_020433,0.5
row_002826,0.5
row_002617,0.5
row_040949,0.5
row_004187,0.5
row_030649,0.5
row_026947,0.5
row_017459,0.5
row_008887,0.5
row_034874,0.5
row_033096,0.5
row_030997,0.5
row_014852,0.5
row_042222,0.5
row_045814,0.5
row_027335,0.5
row_027193,0.5
row_022459,0.5
row_010899,0.5
row_020124,0.5
row_009340,0.5
row_030806,0.5
row_003028,0.5
row_021001,0.5
row_048636,0.5
row_018943,0.5
row_047075,0.5
row_028868,0.5
row_025688,0.5
row_023110,0.5
row_017556,0.5
row_023959,0.5
row_006388,0.5
row_004215,0.5
row_026081,0.5
row_029322,0.5
row_018613,0.5
row_041292,0.5
row_047778,0.5
row_010578,0.5
row_038650,0.5
row_018732,0.5
row_027870,0.5
row_013320,0.5
row_029274,0.5
row_027095,0.5
row_021391,0.5
row_035370,0.5
row_047691,0.5
row_022411,0.5
row_024572,0.5
row_049597,0.5
row_008331,0.5
row_000362,0.5
row_037625,0.5
row_027276,0.5
row_023995,0.5
row_040002,0.5
row_043306,0.5
row_030196,0.5
row_026969,0.5
row_013029,0.5
row_013601,0.5
row_015413,0.5
row_018928,0.5
row_046772,0.5
row_035509,0.5
row_014415,0.5
row_044419,0.5
row_039838,0.5
row_011991,0.5
row_039562,0.5
row_021612,0.5
row_049933,0.5
row_046013,0.5
row_032743,0.5
row_041100,0.5
row_000254,0.5
row_038574,0.5
row_049769,0.5
row_032763,0.5
row_044632,0.5
row_032569,0.5
row_001945,0.5
row_034196,0.5
row_019265,0.5
row_010682,0.5
row_026686,0.5
row_005026,0.5
row_038822,0.5
row_017493,0.5
row_016337,0.5
row_034938,0.5
row_018800,0.5
row_020052,0.5
row_005886,0.5
row_048215,0.5
row_038895,0.5
row_026219,0.5
row_029560,0.5
row_005189,0.5
row_019770,0.5
row_009000,0.5
row_016503,0.5
row_025773,0.5
row_006967,0.5
row_032179,0.5
row_041858,0.5
row_030198,0.5
row_025833,0.5
row_031625,0.5
row_020295,0.5
row_032425,0.5
row_006219,0.5
row_002648,0.5
row_034810,0.5
row_024104,0.5
row_046545,0.5
row_026768,0.5
row_030271,0.5
row_024093,0.5
row_037289,0.5
row_040786,0.5
row_022345,0.5
row_020597,0.5
row_038225,0.5
row_030444,0.5
row_032288,0.5
row_007800,0.5
row_017841,0.5
row_024910,0.5
row_005977,0.5
row_006021,0.5
row_049205,0.5
row_040898,0.5
row_043002,0.5
row_003655,0.5
row_047926,0.5
row_012103,0.5
row_022069,0.5
row_009679,0.5
row_017437,0.5
row_018428,0.5
row_037684,0.5
row_036980,0.5
row_037906,0.5
row_004848,0.5
row_045564,0.5
row_049237,0.5
row_034761,0.5
row_020548,0.5
row_024030,0.5
row_040077,0.5
row_000768,0.5
row_035931,0.5
row_008685,0.5
row_048803,0.5
row_044961,0.5
row_020590,0.5
row_025132,0.5
row_007080,0.5
row_018257,0.5
row_014662,0.5
row_044122,0.5
row_007392,0.5
row_039150,0.5
row_029478,0.5
row_042169,0.5
row_049571,0.5
row_023497,0.5
row_004881,0.5
row_027767,0.5
row_007647,0.5
row_012488,0.5
row_039674,0.5
row_037055,0.5
row_003453,0.5
row_002046,0.5
row_036106,0.5
row_014489,0.5
row_023024,0.5
row_046251,0.5
row_007243,0.5
row_030586,0.5
row_026709,0.5
row_049411,0.5
row_019776,0.5
row_041013,0.5
row_029950,0.5
row_016761,0.5
row_017392,0.5
row_016034,0.5
row_031070,0.5
row_012826,0.5
row_012751,0.5
row_040768,0.5
row_027266,0.5
row_003752,0.5
row_043966,0.5
row_042142,0.5
row_037329,0.5
row_021193,0.5
row_043358,0.5
row_000996,0.5
row_007200,0.5
row_018569,0.5
row_017552,0.5
row_026688,0.5
row_025321,0.5
row_003128,0.5
row_002426,0.5
row_017925,0.5
row_006441,0.5
row_036540,0.5
row_012010,0.5
row_020802,0.5
row_028466,0.5
row_020858,0.5
row_038790,0.5
row_040533,0.5
row_020277,0.5
row_022870,0.5
row_004633,0.5
row_008934,0.5
row_011782,0.5
row_002080,0.5
row_033014,0.5
row_013100,0.5
row_026521,0.5
row_047103,0.5
row_027399,0.5
row_039940,0.5
row_029965,0.5
row_046076,0.5
row_021442,0.5
row_000331,0.5
row_046470,0.5
row_016497,0.5
row_007502,0.5
row_006581,0.5
row_024671,0.5
row_041876,0.5
row_042841,0.5
row_038429,0.5
row_048638,0.5
row_029608,0.5
row_036436,0.5
row_012571,0.5
row_009333,0.5
row_027643,0.5
row_039633,0.5
row_008743,0.5
row_014773,0.5
row_044075,0.5
row_000138,0.5
row_031422,0.5
row_016434,0.5
row_021379,0.5
row_003662,0.5
row_030873,0.5
row_021609,0.5
row_034386,0.5
row_041417,0.5
row_036541,0.5
row_037140,0.5
row_004734,0.5
row_000184,0.5
row_025636,0.5
row_034187,0.5
row_046308,0.5
row_019985,0.5
row_008044,0.5
row_001241,0.5
row_010273,0.5
row_018564,0.5
row_049378,0.5
row_014655,0.5
row_037246,0.5
row_038573,0.5
row_044946,0.5
row_033019,0.5
row_012193,0.5
row_038107,0.5
row_034517,0.5
row_033544,0.5
row_019382,0.5
row_041102,0.5
row_006943,0.5
row_032780,0.5
row_046871,0.5
row_049693,0.5
row_011880,0.5
row_003223,0.5
row_044161,0.5
row_029820,0.5
row_009650,0.5
row_002540,0.5
row_015858,0.5
row_026386,0.5
row_035071,0.5
row_005988,0.5
row_025393,0.5
row_047910,0.5
row_022623,0.5
row_043185,0.5
row_026726,0.5
row_005582,0.5
row_022391,0.5
row_026443,0.5
row_030252,0.5
row_027520,0.5
row_042818,0.5
row_009462,0.5
row_041387,0.5
row_001800,0.5
row_014530,0.5
row_015733,0.5
row_013978,0.5
row_017194,0.5
row_015136,0.5
row_005680,0.5
row_008177,0.5
row_012555,0.5
row_049014,0.5
row_032407,0.5
row_000664,0.5
row_039936,0.5
row_027465,0.5
row_046360,0.5
row_033157,0.5
row_034266,0.5
row_038002,0.5
row_013986,0.5
row_026968,0.5
row_023400,0.5
row_013008,0.5
row_037603,0.5
row_017018,0.5
row_000393,0.5
row_022100,0.5
row_041487,0.5
row_046636,0.5
row_043989,0.5
row_029512,0.5
row_003869,0.5
row_031880,0.5
row_013676,0.5
row_045358,0.5
row_005797,0.5
row_044862,0.5
row_038549,0.5
row_010109,0.5
row_012924,0.5
row_002323,0.5
row_028581,0.5
row_032540,0.5
row_009431,0.5
row_015539,0.5
row_047365,0.5
row_033179,0.5
row_013703,0.5
row_000097,0.5
row_031605,0.5
row_000656,0.5
row_049166,0.5
row_012474,0.5
row_030232,0.5
row_021440,0.5
row_015618,0.5
row_034676,0.5
row_029232,0.5
row_002552,0.5
row_046020,0.5
row_007937,0.5
row_022974,0.5
row_006205,0.5
row_048338,0.5
row_024321,0.5
row_017473,0.5
row_041362,0.5
row_018825,0.5
row_007369,0.5
row_004110,0.5
row_022012,0.5
row_007407,0.5
row_017917,0.5
row_034592,0.5
row_045766,0.5
row_022452,0.5
row_045377,0.5
row_049914,0.5
row_006866,0.5
row_031117,0.5
row_031170,0.5
row_034939,0.5
row_012228,0.5
row_040982,0.5
row_005075,0.5
row_023026,0.5
row_014966,0.5
row_011324,0.5
row_029819,0.5
row_008282,0.5
row_016463,0.5
row_019366,0.5
row_016175,0.5
row_013116,0.5
row_045528,0.5
row_042890,0.5
row_031929,0.5
row_016975,0.5
row_037047,0.5
row_033729,0.5
row_034324,0.5
row_018769,0.5
row_049208,0.5
row_008365,0.5
row_031263,0.5
row_023503,0.5
row_019402,0.5
row_027050,0.5
row_037171,0.5
row_001162,0.5
row_049429,0.5
row_028817,0.5
row_016023,0.5
row_039987,0.5
row_041247,0.5
row_031102,0.5
row_017517,0.5
row_003999,0.5
row_025609,0.5
row_019360,0.5
row_006885,0.5
row_020626,0.5
row_012011,0.5
row_000502,0.5
row_043597,0.5
row_038628,0.5
row_015000,0.5
row_038863,0.5
row_020091,0.5
row_007045,0.5
row_026401,0.5
row_044114,0.5
row_015445,0.5
row_008396,0.5
row_039115,0.5
row_021039,0.5
row_018654,0.5
row_023590,0.5
row_036839,0.5
row_049218,0.5
row_026223,0.5
row_012152,0.5
row_027960,0.5
row_001318,0.5
row_047932,0.5
row_045336,0.5
row_019206,0.5
row_022880,0.5
row_009615,0.5
row_017287,0.5
row_039462,0.5
row_021823,0.5
row_001322,0.5
row_023631,0.5
row_020304,0.5
row_017300,0.5
row_026437,0.5
row_011857,0.5
row_026380,0.5
row_048190,0.5
row_016243,0.5
row_025691,0.5
row_045395,0.5
row_042183,0.5
row_015267,0.5
row_017370,0.5
row_024225,0.5
row_032832,0.5
row_037919,0.5
row_037215,0.5
row_041006,0.5
row_005113,0.5
row_013359,0.5
row_033700,0.5
row_008929,0.5
row_026211,0.5
row_035413,0.5
row_026084,0.5
row_022592,0.5
row_016532,0.5
row_036371,0.5
row_030262,0.5
row_048799,0.5
row_037319,0.5
row_048511,0.5
row_033664,0.5
row_008095,0.5
row_049942,0.5
row_010480,0.5
row_011989,0.5
row_025991,0.5
row_028475,0.5
row_026621,0.5
row_031734,0.5
row_042182,0.5
row_023775,0.5
row_041490,0.5
row_030289,0.5
row_049270,0.5
row_038757,0.5
row_008188,0.5
row_021646,0.5
row_039953,0.5
row_021963,0.5
row_010395,0.5
row_044690,0.5
row_003488,0.5
row_027107,0.5
row_032770,0.5
row_016362,0.5
row_003086,0.5
row_005437,0.5
row_045335,0.5
row_040367,0.5
row_030393,0.5
row_044661,0.5
row_046891,0.5
row_022869,0.5
row_033499,0.5
row_008264,0.5
row_005108,0.5
row_004162,0.5
row_042605,0.5
row_034785,0.5
row_040008,0.5
row_009162,0.5
row_025824,0.5
row_021972,0.5
row_013882,0.5
row_024326,0.5
row_036513,0.5
row_049995,0.5
row_009146,0.5
row_000927,0.5
row_001017,0.5
row_002936,0.5
row_049113,0.5
row_010498,0.5
row_012302,0.5
row_015813,0.5
row_020462,0.5
row_031259,0.5
row_042068,0.5
row_001422,0.5
row_035258,0.5
row_038723,0.5
row_006023,0.5
row_020279,0.5
row_031964,0.5
row_037574,0.5
row_017434,0.5
row_019562,0.5
row_022191,0.5
row_001787,0.5
row_047469,0.5
row_021408,0.5
row_019983,0.5
row_044766,0.5
row_043012,0.5
row_005754,0.5
row_023581,0.5
row_047464,0.5
row_046741,0.5
row_001578,0.5
row_024645,0.5
row_011507,0.5
row_044110,0.5
row_017490,0.5
row_004282,0.5
row_027898,0.5
row_004004,0.5
row_043396,0.5
row_028395,0.5
row_032915,0.5
row_013633,0.5
row_037976,0.5
row_016115,0.5
row_004541,0.5
row_001667,0.5
row_021330,0.5
row_020484,0.5
row_044319,0.5
row_027862,0.5
row_041024,0.5
row_042227,0.5
row_025071,0.5
row_007846,0.5
row_048371,0.5
row_013907,0.5
row_001128,0.5
row_004354,0.5
row_026251,0.5
row_045544,0.5
row_002637,0.5
row_029567,0.5
row_008016,0.5
row_021082,0.5
row_042836,0.5
row_025676,0.5
row_011548,0.5
row_037279,0.5
row_011818,0.5
row_049310,0.5
row_000510,0.5
row_004788,0.5
row_002827,0.5
row_013694,0.5
row_024744,0.5
row_018736,0.5
row_009796,0.5
row_034247,0.5
row_039254,0.5
row_031874,0.5
row_003432,0.5
row_023023,0.5
row_002183,0.5
row_015753,0.5
row_048473,0.5
row_009463,0.5
row_009499,0.5
row_016238,0.5
row_035791,0.5
row_017109,0.5
row_010162,0.5
row_006641,0.5
row_032793,0.5
row_039542,0.5
row_042161,0.5
row_010910,0.5
row_002206,0.5
row_042901,0.5
row_005831,0.5
row_002918,0.5
row_002917,0.5
row_046079,0.5
row_028037,0.5
row_008899,0.5
row_003990,0.5
row_005354,0.5
row_000422,0.5
row_031773,0.5
row_033334,0.5
row_048615,0.5
row_035048,0.5
row_047832,0.5
row_012110,0.5
row_048964,0.5
row_023735,0.5
row_033392,0.5
row_043401,0.5
row_041456,0.5
row_025212,0.5
row_023828,0.5
row_034135,0.5
row_027334,0.5
row_047406,0.5
row_033534,0.5
row_020876,0.5
row_030096,0.5
row_008505,0.5
row_012441,0.5
row_029743,0.5
row_003456,0.5
row_029707,0.5
row_033318,0.5
row_038311,0.5
row_001266,0.5
row_043038,0.5
row_019681,0.5
row_046890,0.5
row_009900,0.5
row_040431,0.5
row_019797,0.5
row_008979,0.5
row_041859,0.5
row_037000,0.5
row_034439,0.5
row_014730,0.5
row_022330,0.5
row_024574,0.5
row_004408,0.5
row_031632,0.5
row_030052,0.5
row_028482,0.5
row_002272,0.5
row_027652,0.5
row_048335,0.5
row_018941,0.5
row_017918,0.5
row_042304,0.5
row_022175,0.5
row_041581,0.5
row_030733,0.5
row_023860,0.5
row_023054,0.5
row_013765,0.5
row_041036,0.5
row_033512,0.5
row_001933,0.5
row_012849,0.5
row_047707,0.5
row_030208,0.5
row_030660,0.5
row_028851,0.5
row_006240,0.5
row_014798,0.5
row_002518,0.5
row_046503,0.5
row_009286,0.5
row_011854,0.5
row_032114,0.5
row_027849,0.5
row_001401,0.5
row_007136,0.5
row_008090,0.5
row_020847,0.5
row_010577,0.5
row_006050,0.5
row_032018,0.5
row_000306,0.5
row_028610,0.5
row_000637,0.5
row_027923,0.5
row_029556,0.5
row_005844,0.5
row_017896,0.5
row_022527,0.5
row_026148,0.5
row_027738,0.5
row_031335,0.5
row_012500,0.5
row_019819,0.5
row_012034,0.5
row_021380,0.5
row_022481,0.5
row_046232,0.5
row_035805,0.5
row_041656,0.5
row_015068,0.5
row_025550,0.5
row_017033,0.5
row_038583,0.5
row_003196,0.5
row_041452,0.5
row_008827,0.5
row_001333,0.5
row_008846,0.5
row_024039,0.5
row_007303,0.5
row_016767,0.5
row_038455,0.5
row_037672,0.5
row_032654,0.5
row_036427,0.5
row_040337,0.5
row_031618,0.5
row_042638,0.5
row_036922,0.5
row_024584,0.5
row_043525,0.5
row_028167,0.5
row_013407,0.5
row_032003,0.5
row_008437,0.5
row_038669,0.5
row_002916,0.5
row_020464,0.5
row_028396,0.5
row_041414,0.5
row_007538,0.5
row_003181,0.5
row_030762,0.5
row_012760,0.5
row_035905,0.5
row_031867,0.5
row_004468,0.5
row_038056,0.5
row_047547,0.5
row_047430,0.5
row_049659,0.5
row_027704,0.5
row_009987,0.5
row_047700,0.5
row_024076,0.5
row_019748,0.5
row_040252,0.5
row_046804,0.5
row_046633,0.5
row_029508,0.5
row_020549,0.5
row_047703,0.5
row_007382,0.5
row_028463,0.5
row_001350,0.5
row_015684,0.5
row_041284,0.5
row_039093,0.5
row_008914,0.5
row_001659,0.5
row_037920,0.5
row_021304,0.5
row_034366,0.5
row_044274,0.5
row_035456,0.5
row_005553,0.5
row_016801,0.5
row_017282,0.5
row_036342,0.5
row_043134,0.5
row_005164,0.5
row_013140,0.5
row_020095,0.5
row_035008,0.5
row_040586,0.5
row_028021,0.5
row_022226,0.5
row_034502,0.5
row_036038,0.5
row_013385,0.5
row_038439,0.5
row_017518,0.5
row_042357,0.5
row_022842,0.5
row_023734,0.5
row_028164,0.5
row_045030,0.5
row_017649,0.5
row_036578,0.5
row_040972,0.5
row_004779,0.5
row_007606,0.5
row_035938,0.5
row_019118,0.5
row_014448,0.5
row_004415,0.5
row_045682,0.5
row_037355,0.5
row_024959,0.5
row_015629,0.5
row_043027,0.5
row_015005,0.5
row_029498,0.5
row_036220,0.5
row_018754,0.5
row_026355,0.5
row_007485,0.5
row_043325,0.5
row_030440,0.5
row_038538,0.5
row_002533,0.5
row_046107,0.5
row_020265,0.5
row_020072,0.5
row_044918,0.5
row_044991,0.5
row_032774,0.5
row_022496,0.5
row_007904,0.5
row_008477,0.5
row_039889,0.5
row_002454,0.5
row_045515,0.5
row_040864,0.5
row_014115,0.5
row_035077,0.5
row_007587,0.5
row_017647,0.5
row_037881,0.5
row_026962,0.5
row_014009,0.5
row_025457,0.5
row_037671,0.5
row_025067,0.5
row_017019,0.5
row_029465,0.5
row_030199,0.5
row_041407,0.5
row_023804,0.5
row_026227,0.5
row_041651,0.5
row_040610,0.5
row_047419,0.5
row_023405,0.5
row_012961,0.5
row_040501,0.5
row_000391,0.5
row_030688,0.5
row_043670,0.5
row_045587,0.5
row_047322,0.5
row_030296,0.5
row_030892,0.5
row_029569,0.5
row_028923,0.5
row_030978,0.5
row_034877,0.5
row_018713,0.5
row_003913,0.5
row_013550,0.5
row_022764,0.5
row_047821,0.5
row_009775,0.5
row_030540,0.5
row_027360,0.5
row_009907,0.5
row_021546,0.5
row_027588,0.5
row_039044,0.5
row_049821,0.5
row_022926,0.5
row_022421,0.5
row_046404,0.5
row_035123,0.5
row_006409,0.5
row_012964,0.5
row_023973,0.5
row_003719,0.5
row_002134,0.5
row_007534,0.5
row_025532,0.5
row_012837,0.5
row_025252,0.5
row_014591,0.5
row_026750,0.5
row_012213,0.5
row_016221,0.5
row_013226,0.5
row_024783,0.5
row_022249,0.5
row_005360,0.5
row_036244,0.5
row_046161,0.5
row_006112,0.5
row_023217,0.5
row_039393,0.5
row_036621,0.5
row_044447,0.5
row_048607,0.5
row_014391,0.5
row_002606,0.5
row_043346,0.5
row_020245,0.5
row_036712,0.5
row_021859,0.5
row_045797,0.5
row_034903,0.5
row_006058,0.5
row_015849,0.5
row_044166,0.5
row_035491,0.5
row_034992,0.5
row_008601,0.5
row_034911,0.5
row_001741,0.5
row_014584,0.5
row_009275,0.5
row_005786,0.5
row_001376,0.5
row_015003,0.5
row_003517,0.5
row_047930,0.5
row_040451,0.5
row_002249,0.5
row_025089,0.5
row_038834,0.5
row_020939,0.5
row_018430,0.5
row_016953,0.5
row_035993,0.5
row_021574,0.5
row_025000,0.5
row_039972,0.5
row_044856,0.5
row_022919,0.5
row_022510,0.5
row_012540,0.5
row_031402,0.5
row_022568,0.5
row_017382,0.5
row_009711,0.5
row_040576,0.5
row_031131,0.5
row_013296,0.5
row_017279,0.5
row_038162,0.5
row_037391,0.5
row_032890,0.5
row_044123,0.5
row_046641,0.5
row_010044,0.5
row_016873,0.5
row_026975,0.5
row_026888,0.5
row_002724,0.5
row_013197,0.5
row_005276,0.5
row_031419,0.5
row_006416,0.5
row_012885,0.5
row_030058,0.5
row_021029,0.5
row_025133,0.5
row_023267,0.5
row_006809,0.5
row_037660,0.5
row_009813,0.5
row_007471,0.5
row_002339,0.5
row_014403,0.5
row_038516,0.5
row_021031,0.5
row_006422,0.5
row_035516,0.5
row_016888,0.5
row_016752,0.5
row_024748,0.5
row_033131,0.5
row_001341,0.5
row_034387,0.5
row_026838,0.5
row_007888,0.5
row_020438,0.5
row_046259,0.5
row_045657,0.5
row_008224,0.5
row_020128,0.5
row_037297,0.5
row_040733,0.5
row_018015,0.5
row_038501,0.5
row_007682,0.5
row_028461,0.5
row_032582,0.5
row_042499,0.5
row_023039,0.5
row_048454,0.5
row_015400,0.5
row_012102,0.5
row_039432,0.5
row_045184,0.5
row_043077,0.5
row_024251,0.5
row_017641,0.5
row_009421,0.5
row_030026,0.5
row_029282,0.5
row_033428,0.5
row_045366,0.5
row_049025,0.5
row_007109,0.5
row_025856,0.5
row_019052,0.5
row_044735,0.5
row_008675,0.5
row_022876,0.5
row_014360,0.5
row_012442,0.5
row_012799,0.5
row_031360,0.5
row_017562,0.5
row_024472,0.5
row_015979,0.5
row_004143,0.5
row_044094,0.5
row_017836,0.5
row_043758,0.5
row_020993,0.5
row_007691,0.5
row_038846,0.5
row_018346,0.5
row_038906,0.5
row_011773,0.5
row_011186,0.5
row_022412,0.5
row_034725,0.5
row_009692,0.5
row_016951,0.5
row_025912,0.5
row_027844,0.5
row_028543,0.5
row_005875,0.5
row_008694,0.5
row_044593,0.5
row_004205,0.5
row_035106,0.5
row_018678,0.5
row_017307,0.5
row_021467,0.5
row_019386,0.5
row_044981,0.5
row_036379,0.5
row_040939,0.5
row_043630,0.5
row_037898,0.5
row_039496,0.5
row_010501,0.5
row_016669,0.5
row_021105,0.5
row_034286,0.5
row_027622,0.5
row_017895,0.5
row_026562,0.5
row_039116,0.5
row_038216,0.5
row_010015,0.5
row_044186,0.5
row_027718,0.5
row_042065,0.5
row_041231,0.5
row_014269,0.5
row_009404,0.5
row_040907,0.5
row_009019,0.5
row_001260,0.5
row_018379,0.5
row_031574,0.5
row_003480,0.5
row_018072,0.5
row_028873,0.5
row_030285,0.5
row_037863,0.5
row_003838,0.5
row_034975,0.5
row_012150,0.5
row_013793,0.5
row_016022,0.5
row_011460,0.5
row_021282,0.5
row_005272,0.5
row_006045,0.5
row_034749,0.5
row_030237,0.5
row_023605,0.5
row_049859,0.5
row_023879,0.5
row_010002,0.5
row_019117,0.5
row_047206,0.5
row_015073,0.5
row_019948,0.5
row_033094,0.5
row_002244,0.5
row_017333,0.5
row_010096,0.5
row_004758,0.5
row_007292,0.5
row_027801,0.5
row_045697,0.5
row_000933,0.5
row_009917,0.5
row_022241,0.5
row_002088,0.5
row_046192,0.5
row_042518,0.5
row_012094,0.5
row_021357,0.5
row_015415,0.5
row_004685,0.5
row_037761,0.5
row_018100,0.5
row_048253,0.5
row_031042,0.5
row_048550,0.5
row_039451,0.5
row_016149,0.5
row_013725,0.5
row_044701,0.5
row_033776,0.5
row_006189,0.5
row_017597,0.5
row_018731,0.5
row_033111,0.5
row_048913,0.5
row_030722,0.5
row_004230,0.5
row_005358,0.5
row_030937,0.5
row_047319,0.5
row_015998,0.5
row_002977,0.5
row_039677,0.5
row_021479,0.5
row_043650,0.5
row_011313,0.5
row_044408,0.5
row_024742,0.5
row_006083,0.5
row_003975,0.5
row_022334,0.5
row_047861,0.5
row_033905,0.5
row_011482,0.5
row_004884,0.5
row_032788,0.5
row_044833,0.5
row_049627,0.5
row_004203,0.5
row_024417,0.5
row_004060,0.5
row_034118,0.5
row_025990,0.5
row_011236,0.5
row_005261,0.5
row_034600,0.5
row_029176,0.5
row_010628,0.5
row_005231,0.5
row_039545,0.5
row_018727,0.5
row_018516,0.5
row_001412,0.5
row_044639,0.5
row_032103,0.5
row_041664,0.5
row_023657,0.5
row_020441,0.5
row_016994,0.5
row_004610,0.5
row_029218,0.5
row_009518,0.5
row_027985,0.5
row_017992,0.5
row_049093,0.5
row_048943,0.5
row_010032,0.5
row_017636,0.5
row_022790,0.5
row_022932,0.5
row_044916,0.5
row_038341,0.5
row_003809,0.5
row_016616,0.5
row_031609,0.5
row_002220,0.5
row_016191,0.5
row_043882,0.5
row_038836,0.5
row_024179,0.5
row_017792,0.5
row_038347,0.5
row_037324,0.5
row_038291,0.5
row_007138,0.5
row_043611,0.5
row_040323,0.5
row_019522,0.5
row_039188,0.5
row_016617,0.5
row_022502,0.5
row_028778,0.5
row_043089,0.5
row_038970,0.5
row_018939,0.5
row_015710,0.5
row_036518,0.5
row_045023,0.5
row_030330,0.5
row_042716,0.5
row_037177,0.5
row_002489,0.5
row_043522,0.5
row_015603,0.5
row_022303,0.5
row_039157,0.5
row_010783,0.5
row_047814,0.5
row_040406,0.5
row_035760,0.5
row_004423,0.5
row_035036,0.5
row_037128,0.5
row_038696,0.5
row_009083,0.5
row_014878,0.5
row_040239,0.5
row_035608,0.5
row_017863,0.5
row_038898,0.5
row_016170,0.5
row_033731,0.5
row_001268,0.5
row_026923,0.5
row_033221,0.5
row_008195,0.5
row_021183,0.5
row_002984,0.5
row_009363,0.5
row_005196,0.5
row_010924,0.5
row_049213,0.5
row_003246,0.5
row_032674,0.5
row_003325,0.5
row_036495,0.5
row_035019,0.5
row_036509,0.5
row_017627,0.5
row_013806,0.5
row_036739,0.5
row_007599,0.5
row_045117,0.5
row_010416,0.5
row_035488,0.5
row_012366,0.5
row_000541,0.5
row_042389,0.5
row_045486,0.5
row_027908,0.5
row_028295,0.5
row_047484,0.5
row_048126,0.5
row_018245,0.5
row_011024,0.5
row_031325,0.5
row_015759,0.5
row_005290,0.5
row_005712,0.5
row_020960,0.5
row_029309,0.5
row_034955,0.5
row_028439,0.5
row_022508,0.5
row_008937,0.5
row_016794,0.5
row_005372,0.5
row_048167,0.5
row_010218,0.5
row_017281,0.5
row_032429,0.5
row_026761,0.5
row_014053,0.5
row_025064,0.5
row_018455,0.5
row_022285,0.5
row_006762,0.5
row_024475,0.5
row_026109,0.5
row_002968,0.5
row_022900,0.5
row_036523,0.5
row_002093,0.5
row_010788,0.5
row_038695,0.5
row_015663,0.5
row_018692,0.5
row_023355,0.5
row_046287,0.5
row_024739,0.5
row_036350,0.5
row_015925,0.5
row_049984,0.5
row_022935,0.5
row_009438,0.5
row_040612,0.5
row_042223,0.5
row_047527,0.5
row_027243,0.5
row_038617,0.5
row_023698,0.5
row_013955,0.5
row_016220,0.5
row_045968,0.5
row_006746,0.5
row_013091,0.5
row_044093,0.5
row_042055,0.5
row_002030,0.5
row_004145,0.5
row_008465,0.5
row_028632,0.5
row_021319,0.5
row_029668,0.5
row_023479,0.5
row_034735,0.5
row_022634,0.5
row_012318,0.5
row_047268,0.5
row_029446,0.5
row_029343,0.5
row_013774,0.5
row_020923,0.5
row_012248,0.5
row_018955,0.5
row_027064,0.5
row_043588,0.5
row_013602,0.5
row_026278,0.5
row_018380,0.5
row_027795,0.5
row_030504,0.5
row_003693,0.5
row_028992,0.5
row_011061,0.5
row_048708,0.5
row_035468,0.5
row_027541,0.5
row_001942,0.5
row_026360,0.5
row_034910,0.5
row_021791,0.5
row_021943,0.5
row_023206,0.5
row_038440,0.5
row_018055,0.5
row_008596,0.5
row_024583,0.5
row_004320,0.5
row_015848,0.5
row_036112,0.5
row_043302,0.5
row_026039,0.5
row_005373,0.5
row_018396,0.5
row_042837,0.5
row_039442,0.5
row_005363,0.5
row_035004,0.5
row_001313,0.5
row_000658,0.5
row_041503,0.5
row_007377,0.5
row_008449,0.5
row_012746,0.5
row_028353,0.5
row_039354,0.5
row_025213,0.5
row_020588,0.5
row_036913,0.5
row_025140,0.5
row_014261,0.5
row_029683,0.5
row_047062,0.5
row_043464,0.5
row_016183,0.5
row_021174,0.5
row_032218,0.5
row_017369,0.5
row_005599,0.5
row_044509,0.5
row_004249,0.5
row_022959,0.5
row_035409,0.5
row_035962,0.5
row_030177,0.5
row_031343,0.5
row_016556,0.5
row_009512,0.5
row_005442,0.5
row_035265,0.5
row_030111,0.5
row_032478,0.5
row_036199,0.5
row_023395,0.5
row_035333,0.5
row_040385,0.5
row_000543,0.5
row_012362,0.5
row_023749,0.5
row_042446,0.5
row_018373,0.5
row_039126,0.5
row_005517,0.5
row_032590,0.5
row_042054,0.5
row_002773,0.5
row_038166,0.5
row_023476,0.5
row_040777,0.5
row_023628,0.5
row_033237,0.5
row_029141,0.5
row_024971,0.5
row_041019,0.5
row_047566,0.5
row_038639,0.5
row_008109,0.5
row_025916,0.5
row_031982,0.5
row_048734,0.5
row_018259,0.5
row_002126,0.5
row_020913,0.5
row_024057,0.5
row_037786,0.5
row_044010,0.5
row_008538,0.5
row_035655,0.5
row_010958,0.5
row_024487,0.5
row_023696,0.5
row_036247,0.5
row_015406,0.5
row_027672,0.5
row_023595,0.5
row_039205,0.5
row_046834,0.5
row_002599,0.5
row_004548,0.5
row_003523,0.5
row_014232,0.5
row_018374,0.5
row_004243,0.5
row_028210,0.5
row_032940,0.5
row_022469,0.5
row_019934,0.5
row_028383,0.5
row_021805,0.5
row_042864,0.5
row_029457,0.5
row_003820,0.5
row_022977,0.5
row_037525,0.5
row_014456,0.5
row_008486,0.5
row_042576,0.5
row_035315,0.5
row_026635,0.5
row_040376,0.5
row_022348,0.5
row_015115,0.5
row_022057,0.5
row_016070,0.5
row_016276,0.5
row_028624,0.5
row_030319,0.5
row_011844,0.5
row_012305,0.5
row_023716,0.5
row_014739,0.5
row_034739,0.5
row_036243,0.5
row_003889,0.5
row_027606,0.5
row_033484,0.5
row_004411,0.5
row_048019,0.5
row_021914,0.5
row_030273,0.5
row_015489,0.5
row_012452,0.5
row_040375,0.5
row_036226,0.5
row_003484,0.5
row_003491,0.5
row_006259,0.5
row_036774,0.5
row_026903,0.5
row_003839,0.5
row_044205,0.5
row_033176,0.5
row_000793,0.5
row_032345,0.5
row_033707,0.5
row_017921,0.5
row_026430,0.5
row_044955,0.5
row_004092,0.5
row_044879,0.5
row_038893,0.5
row_041803,0.5
row_044847,0.5
row_008123,0.5
row_019124,0.5
row_035973,0.5
row_035642,0.5
row_015700,0.5
row_047107,0.5
row_040388,0.5
row_049588,0.5
row_008013,0.5
row_009539,0.5
row_013442,0.5
row_031810,0.5
row_023796,0.5
row_041206,0.5
row_049269,0.5
row_023416,0.5
row_040190,0.5
row_014187,0.5
row_044891,0.5
row_035713,0.5
row_023261,0.5
row_003786,0.5
row_022529,0.5
row_030740,0.5
row_046751,0.5
row_031832,0.5
row_005881,0.5
row_005323,0.5
row_033549,0.5
row_042351,0.5
row_013080,0.5
row_040602,0.5
row_029971,0.5
row_021194,0.5
row_034326,0.5
row_034797,0.5
row_022747,0.5
row_045438,0.5
row_009714,0.5
row_040224,0.5
row_028049,0.5
row_046774,0.5
row_003699,0.5
row_039412,0.5
row_000725,0.5
row_042800,0.5
row_025984,0.5
row_045197,0.5
row_034167,0.5
row_043776,0.5
row_024129,0.5
row_030303,0.5
row_043131,0.5
row_043584,0.5
row_033563,0.5
row_016010,0.5
row_020571,0.5
row_028284,0.5
row_026285,0.5
row_002266,0.5
row_032072,0.5
row_009834,0.5
row_028435,0.5
row_027174,0.5
row_039232,0.5
row_012725,0.5
row_031825,0.5
row_024149,0.5
row_013301,0.5
row_011027,0.5
row_031087,0.5
row_030088,0.5
row_022846,0.5
row_006277,0.5
row_025544,0.5
row_046124,0.5
row_043136,0.5
row_028165,0.5
row_027562,0.5
row_002568,0.5
row_046982,0.5
row_023199,0.5
row_049091,0.5
row_002690,0.5
row_007719,0.5
row_047098,0.5
row_037245,0.5
row_039708,0.5
row_016798,0.5
row_017297,0.5
row_023765,0.5
row_039944,0.5
row_043394,0.5
row_032679,0.5
row_003963,0.5
row_012973,0.5
row_008142,0.5
row_030049,0.5
row_026577,0.5
row_032135,0.5
row_011278,0.5
row_005187,0.5
row_009310,0.5
row_030858,0.5
row_038361,0.5
row_021944,0.5
row_013851,0.5
row_008472,0.5
row_001135,0.5
row_030977,0.5
row_049088,0.5
row_020681,0.5
row_038189,0.5
row_016938,0.5
row_045993,0.5
row_033749,0.5
row_010943,0.5
row_003647,0.5
row_025626,0.5
row_008277,0.5
row_025427,0.5
row_036141,0.5
row_045796,0.5
row_046832,0.5
row_005670,0.5
row_042691,0.5
row_018631,0.5
row_011229,0.5
row_040316,0.5
row_019714,0.5
row_015594,0.5
row_039724,0.5
row_047763,0.5
row_030946,0.5
row_013265,0.5
row_000979,0.5
row_040110,0.5
row_039968,0.5
row_001830,0.5
row_044761,0.5
row_025508,0.5
row_036787,0.5
row_007646,0.5
row_012530,0.5
row_017980,0.5
row_039931,0.5
row_024931,0.5
row_038853,0.5
row_000363,0.5
row_007126,0.5
row_031090,0.5
row_005745,0.5
row_000134,0.5
row_034732,0.5
row_040087,0.5
row_025868,0.5
row_046759,0.5
row_032108,0.5
row_037572,0.5
row_027240,0.5
row_015037,0.5
row_042532,0.5
row_018133,0.5
row_045243,0.5
row_027765,0.5
row_029448,0.5
row_008342,0.5
row_049084,0.5
row_003918,0.5
row_007580,0.5
row_026741,0.5
row_017011,0.5
row_037563,0.5
row_025762,0.5
row_021661,0.5
row_029844,0.5
row_011314,0.5
row_006057,0.5
row_021019,0.5
row_043076,0.5
row_027187,0.5
row_036197,0.5
row_033818,0.5
row_035978,0.5
row_038656,0.5
row_031477,0.5
row_037216,0.5
row_031583,0.5
row_025382,0.5
row_046148,0.5
row_021441,0.5
row_045987,0.5
row_009704,0.5
row_041519,0.5
row_048372,0.5
row_012932,0.5
row_000149,0.5
row_041594,0.5
row_032320,0.5
row_021312,0.5
row_035043,0.5
row_034243,0.5
row_003180,0.5
row_038521,0.5
row_002238,0.5
row_032394,0.5
row_046434,0.5
row_018397,0.5
row_027787,0.5
row_044531,0.5
row_013120,0.5
row_043534,0.5
row_041395,0.5
row_027178,0.5
row_001847,0.5
row_027797,0.5
row_013905,0.5
row_030343,0.5
row_033663,0.5
row_009949,0.5
row_006055,0.5
row_022194,0.5
row_008809,0.5
row_013280,0.5
row_017001,0.5
row_034991,0.5
row_039896,0.5
row_007592,0.5
row_031645,0.5
row_036543,0.5
row_027791,0.5
row_005543,0.5
row_001297,0.5
row_042728,0.5
row_021490,0.5
row_027888,0.5
row_030482,0.5
row_012708,0.5
row_037034,0.5
row_016102,0.5
row_042924,0.5
row_012578,0.5
row_002776,0.5
row_020935,0.5
row_021022,0.5
row_010182,0.5
row_014569,0.5
row_007508,0.5
row_040873,0.5
row_035159,0.5
row_009231,0.5
row_048334,0.5
row_039714,0.5
row_004712,0.5
row_011391,0.5
row_022766,0.5
row_015256,0.5
row_002501,0.5
row_007190,0.5
row_029093,0.5
row_041268,0.5
row_029991,0.5
row_012245,0.5
row_039666,0.5
row_047626,0.5
row_009205,0.5
row_048824,0.5
row_034638,0.5
row_036568,0.5
row_010282,0.5
row_038288,0.5
row_027159,0.5
row_027684,0.5
row_031064,0.5
row_039746,0.5
row_010984,0.5
row_004567,0.5
row_046006,0.5
row_004795,0.5
row_005758,0.5
row_032083,0.5
row_012244,0.5
row_028222,0.5
row_045508,0.5
row_034897,0.5
row_022891,0.5
row_002393,0.5
row_009371,0.5
row_029272,0.5
row_011004,0.5
row_004364,0.5
row_026619,0.5
row_048721,0.5
row_018000,0.5
row_049681,0.5
row_035832,0.5
row_033353,0.5
row_032064,0.5
row_040473,0.5
row_033954,0.5
row_014184,0.5
row_008261,0.5
row_030972,0.5
row_018258,0.5
row_000122,0.5
row_039841,0.5
row_024140,0.5
row_004059,0.5
row_019871,0.5
row_004343,0.5
row_020795,0.5
row_018324,0.5
row_018744,0.5
row_007099,0.5
row_025769,0.5
row_023278,0.5
row_000865,0.5
row_045134,0.5
row_037062,0.5
row_034251,0.5
row_015554,0.5
row_028574,0.5
row_041127,0.5
row_035536,0.5
row_015106,0.5
row_000019,0.5
row_034001,0.5
row_009400,0.5
row_042125,0.5
row_014126,0.5
row_022874,0.5
row_003099,0.5
row_042241,0.5
row_003591,0.5
row_038980,0.5
row_047972,0.5
row_009390,0.5
row_011648,0.5
row_004803,0.5
row_031207,0.5
row_023003,0.5
row_016096,0.5
row_013846,0.5
row_011596,0.5
row_023806,0.5
row_009157,0.5
row_032458,0.5
row_038518,0.5
row_031331,0.5
row_017091,0.5
row_009106,0.5
row_041540,0.5
row_022225,0.5
row_036868,0.5
row_008017,0.5
row_003291,0.5
row_037565,0.5
row_032467,0.5
row_002192,0.5
row_007770,0.5
row_031175,0.5
row_038897,0.5
row_017553,0.5
row_048675,0.5
row_041969,0.5
row_017541,0.5
row_031386,0.5
row_018128,0.5
row_024348,0.5
row_002634,0.5
row_036503,0.5
row_024699,0.5
row_041498,0.5
row_031266,0.5
row_016800,0.5
row_023306,0.5
row_005776,0.5
row_040738,0.5
row_021038,0.5
row_025499,0.5
row_012581,0.5
row_025929,0.5
row_035172,0.5
row_031457,0.5
row_001224,0.5
row_032756,0.5
row_037218,0.5
row_010479,0.5
row_028400,0.5
row_042051,0.5
row_029283,0.5
row_015578,0.5
row_007040,0.5
row_002688,0.5
row_012948,0.5
row_033371,0.5
row_045064,0.5
row_026667,0.5
row_039611,0.5
row_021233,0.5
row_008160,0.5
row_048606,0.5
row_042647,0.5
row_011689,0.5
row_033450,0.5
row_048898,0.5
row_042074,0.5
row_014296,0.5
row_001641,0.5
row_018061,0.5
row_043243,0.5
row_043041,0.5
row_045066,0.5
row_031961,0.5
row_046190,0.5
row_010618,0.5
row_014237,0.5
row_019664,0.5
row_033424,0.5
row_035448,0.5
row_006115,0.5
row_043035,0.5
row_038203,0.5
row_039651,0.5
row_027524,0.5
row_034182,0.5
row_045202,0.5
row_001229,0.5
row_006494,0.5
row_049468,0.5
row_017481,0.5
row_004646,0.5
row_013158,0.5
row_010997,0.5
row_033288,0.5
row_020008,0.5
row_010687,0.5
row_006987,0.5
row_038416,0.5
row_009905,0.5
row_038139,0.5
row_029071,0.5
row_012917,0.5
row_017564,0.5
row_004817,0.5
row_008247,0.5
row_010248,0.5
row_038858,0.5
row_031582,0.5
row_042392,0.5
row_025766,0.5
row_013207,0.5
row_026880,0.5
row_005604,0.5
row_039298,0.5
row_016189,0.5
row_002148,0.5
row_002034,0.5
row_032094,0.5
row_049538,0.5
row_012330,0.5
row_017526,0.5
row_009722,0.5
row_042535,0.5
row_044049,0.5
row_042154,0.5
row_029746,0.5
row_046766,0.5
row_046359,0.5
row_049739,0.5
row_034636,0.5
row_022178,0.5
row_020835,0.5
row_008069,0.5
row_005100,0.5
row_024402,0.5
row_035361,0.5
row_035818,0.5
row_007059,0.5
row_004790,0.5
row_037687,0.5
row_014480,0.5
row_015067,0.5
row_031529,0.5
row_047827,0.5
row_029213,0.5
row_041167,0.5
row_036445,0.5
row_013583,0.5
row_024275,0.5
row_031736,0.5
row_040914,0.5
row_028098,0.5
row_034583,0.5
row_005935,0.5
row_031560,0.5
row_037612,0.5
row_021314,0.5
row_031856,0.5
row_030789,0.5
row_028423,0.5
row_021386,0.5
row_043977,0.5
row_025271,0.5
row_002248,0.5
row_022819,0.5
row_003189,0.5
row_026076,0.5
row_025316,0.5
row_016265,0.5
row_024125,0.5
row_048416,0.5
row_017754,0.5
row_024176,0.5
row_029655,0.5
row_002328,0.5
row_037966,0.5
row_021743,0.5
row_046781,0.5
row_005379,0.5
row_024145,0.5
row_017782,0.5
row_029704,0.5
row_018094,0.5
row_040170,0.5
row_038967,0.5
row_009353,0.5
row_007765,0.5
row_045324,0.5
row_026646,0.5
row_033645,0.5
row_031547,0.5
row_026310,0.5
row_001513,0.5
row_049412,0.5
row_029948,0.5
row_003842,0.5
row_024059,0.5
row_040272,0.5
row_049741,0.5
row_032089,0.5
row_018223,0.5
row_030501,0.5
row_034293,0.5
row_039617,0.5
row_012765,0.5
row_024868,0.5
row_032441,0.5
row_011022,0.5
row_026832,0.5
row_035208,0.5
row_047063,0.5
row_033197,0.5
row_030382,0.5
row_014085,0.5
row_046494,0.5
row_015196,0.5
row_025650,0.5
row_010603,0.5
row_008175,0.5
row_002754,0.5
row_024260,0.5
row_030145,0.5
row_022907,0.5
row_026231,0.5
row_026262,0.5
row_032924,0.5
row_049582,0.5
row_008737,0.5
row_024638,0.5
row_030137,0.5
row_000548,0.5
row_049120,0.5
row_004856,0.5
row_048486,0.5
row_044614,0.5
row_047068,0.5
row_007928,0.5
row_021841,0.5
row_026886,0.5
row_041341,0.5
row_009436,0.5
row_049553,0.5
row_012777,0.5
row_006187,0.5
row_001137,0.5
row_048030,0.5
row_028603,0.5
row_009658,0.5
row_041644,0.5
row_041057,0.5
row_042077,0.5
row_044962,0.5
row_003799,0.5
row_040363,0.5
row_013466,0.5
row_047658,0.5
row_047812,0.5
row_021799,0.5
row_022473,0.5
row_001994,0.5
row_046331,0.5
row_038485,0.5
row_011190,0.5
row_048041,0.5
row_019506,0.5
row_003175,0.5
row_009863,0.5
row_032148,0.5
row_024527,0.5
row_014419,0.5
row_015501,0.5
row_040422,0.5
row_037015,0.5
row_030012,0.5
row_011355,0.5
row_031407,0.5
row_025311,0.5
row_039459,0.5
row_010873,0.5
row_049192,0.5
row_021210,0.5
row_045143,0.5
row_023502,0.5
row_021801,0.5
row_007716,0.5
row_040075,0.5
row_035911,0.5
row_036365,0.5
row_029916,0.5
row_024835,0.5
row_031224,0.5
row_043195,0.5
row_034206,0.5
row_032162,0.5
row_011135,0.5
row_026976,0.5
row_006565,0.5
row_030302,0.5
row_031043,0.5
row_010490,0.5
row_024229,0.5
row_001478,0.5
row_002355,0.5
row_032065,0.5
row_047083,0.5
row_028324,0.5
row_000910,0.5
row_016267,0.5
row_045494,0.5
row_040333,0.5
row_037322,0.5
row_035743,0.5
row_017516,0.5
row_016244,0.5
row_047180,0.5
row_033290,0.5
row_037040,0.5
row_008941,0.5
row_003936,0.5
row_040502,0.5
row_017432,0.5
row_007438,0.5
row_032153,0.5
row_039476,0.5
row_029873,0.5
row_043656,0.5
row_028949,0.5
row_037376,0.5
row_005216,0.5
row_049206,0.5
row_004353,0.5
row_029734,0.5
row_037473,0.5
row_031962,0.5
row_011811,0.5
row_020685,0.5
row_033361,0.5
row_014243,0.5
row_048230,0.5
row_014615,0.5
row_018741,0.5
row_007973,0.5
row_009166,0.5
row_000168,0.5
row_045699,0.5
row_025822,0.5
row_033398,0.5
row_031346,0.5
row_048820,0.5
row_020928,0.5
row_045071,0.5
row_047472,0.5
row_042251,0.5
row_040997,0.5
row_005995,0.5
row_027176,0.5
row_008274,0.5
row_032736,0.5
row_023115,0.5
row_035658,0.5
row_006138,0.5
row_019130,0.5
row_002670,0.5
row_006255,0.5
row_005651,0.5
row_043855,0.5
row_007423,0.5
row_015812,0.5
row_020155,0.5
row_033097,0.5
row_015553,0.5
row_022704,0.5
row_003426,0.5
row_040870,0.5
row_018277,0.5
row_012800,0.5
row_022376,0.5
row_020749,0.5
row_031281,0.5
row_006067,0.5
row_021638,0.5
row_018006,0.5
row_004970,0.5
row_030920,0.5
row_005158,0.5
row_018533,0.5
row_031675,0.5
row_045182,0.5
row_016486,0.5
row_027619,0.5
row_011940,0.5
row_042795,0.5
row_002718,0.5
row_001909,0.5
row_023271,0.5
row_000197,0.5
row_029271,0.5
row_003093,0.5
row_008884,0.5
row_036034,0.5
row_046581,0.5
row_049370,0.5
row_002929,0.5
row_024213,0.5
row_026438,0.5
row_037866,0.5
row_043730,0.5
row_017971,0.5
row_029192,0.5
row_031987,0.5
row_044627,0.5
row_001416,0.5
row_033596,0.5
row_043986,0.5
row_023233,0.5
row_025624,0.5
row_038402,0.5
row_039922,0.5
row_016911,0.5
row_006437,0.5
row_017788,0.5
row_000518,0.5
row_049258,0.5
row_026702,0.5
row_036532,0.5
row_041475,0.5
row_017901,0.5
row_005041,0.5
row_017480,0.5
row_010454,0.5
row_031554,0.5
row_011551,0.5
row_023087,0.5
row_017085,0.5
row_044985,0.5
row_049408,0.5
row_012875,0.5
row_003885,0.5
row_025956,0.5
row_045329,0.5
row_022840,0.5
row_038293,0.5
row_038364,0.5
row_039924,0.5
row_018092,0.5
row_047486,0.5
row_048318,0.5
row_035464,0.5
row_011393,0.5
row_044376,0.5
row_006264,0.5
row_032892,0.5
row_019527,0.5
row_022161,0.5
row_017593,0.5
row_013059,0.5
row_047037,0.5
row_033431,0.5
row_010242,0.5
row_031348,0.5
row_043752,0.5
row_037028,0.5
row_046779,0.5
row_047488,0.5
row_038067,0.5
row_025445,0.5
row_043994,0.5
row_034065,0.5
row_037651,0.5
row_016351,0.5
row_036263,0.5
row_018233,0.5
row_023403,0.5
row_020605,0.5
row_048717,0.5
row_043740,0.5
row_043320,0.5
row_038274,0.5
row_009194,0.5
row_045462,0.5
row_007738,0.5
row_046763,0.5
row_036390,0.5
row_041286,0.5
row_020952,0.5
row_013245,0.5
row_025075,0.5
row_026675,0.5
row_030484,0.5
row_011347,0.5
row_006986,0.5
row_020134,0.5
row_045693,0.5
row_030525,0.5
row_044383,0.5
row_047840,0.5
row_009196,0.5
row_010005,0.5
row_001020,0.5
row_011535,0.5
row_020547,0.5
row_015806,0.5
row_039973,0.5
row_038932,0.5
row_006020,0.5
row_003915,0.5
row_021113,0.5
row_001214,0.5
row_032509,0.5
row_041833,0.5
row_031310,0.5
row_016857,0.5
row_044818,0.5
row_027058,0.5
row_010782,0.5
row_041732,0.5
row_023867,0.5
row_019249,0.5
row_036213,0.5
row_017014,0.5
row_033874,0.5
row_014033,0.5
row_031934,0.5
row_039397,0.5
row_045829,0.5
row_032888,0.5
row_025504,0.5
row_041872,0.5
row_014131,0.5
row_017209,0.5
row_000531,0.5
row_008034,0.5
row_014236,0.5
row_034858,0.5
row_025233,0.5
row_044302,0.5
row_018998,0.5
row_028258,0.5
row_008289,0.5
row_016164,0.5
row_003091,0.5
row_014390,0.5
row_020763,0.5
row_025189,0.5
row_011346,0.5
row_009713,0.5
row_023116,0.5
row_032979,0.5
row_026942,0.5
row_046474,0.5
row_032613,0.5
row_027128,0.5
row_016502,0.5
row_012065,0.5
row_021996,0.5
row_035290,0.5
row_037883,0.5
row_038301,0.5
row_016097,0.5
row_026952,0.5
row_005095,0.5
row_039530,0.5
row_036307,0.5
row_022783,0.5
row_018354,0.5
row_023427,0.5
row_001934,0.5
row_036778,0.5
row_018318,0.5
row_001889,0.5
row_046606,0.5
row_020394,0.5
row_001447,0.5
row_027377,0.5
row_031723,0.5
row_035531,0.5
row_048043,0.5
row_013932,0.5
row_046962,0.5
row_033893,0.5
row_048302,0.5
row_007948,0.5
row_026905,0.5
row_014263,0.5
row_013431,0.5
row_043264,0.5
row_013293,0.5
row_047398,0.5
row_003983,0.5
row_004130,0.5
row_019853,0.5
row_040436,0.5
row_000284,0.5
row_046748,0.5
row_001362,0.5
row_002037,0.5
row_012031,0.5
row_021394,0.5
row_045524,0.5
row_033847,0.5
row_022501,0.5
row_025338,0.5
row_004753,0.5
row_029667,0.5
row_017637,0.5
row_049674,0.5
row_042850,0.5
row_039886,0.5
row_036139,0.5
row_033201,0.5
row_031762,0.5
row_044373,0.5
row_002783,0.5
row_030381,0.5
row_005568,0.5
row_039772,0.5
row_031377,0.5
row_024780,0.5
row_045130,0.5
row_025680,0.5
row_028927,0.5
row_044684,0.5
row_026921,0.5
row_020168,0.5
row_008231,0.5
row_044213,0.5
row_042282,0.5
row_029946,0.5
row_036505,0.5
row_020160,0.5
row_013864,0.5
row_013899,0.5
row_041537,0.5
row_007205,0.5
row_035126,0.5
row_004588,0.5
row_045702,0.5
row_014957,0.5
row_005404,0.5
row_024315,0.5
row_002841,0.5
row_018553,0.5
row_026612,0.5
row_033020,0.5
row_042373,0.5
row_046170,0.5
row_011082,0.5
row_042225,0.5
row_029066,0.5
row_042679,0.5
row_006699,0.5
row_031836,0.5
row_028633,0.5
row_001810,0.5
row_017075,0.5
row_036172,0.5
row_016236,0.5
row_046199,0.5
row_031568,0.5
row_009633,0.5
row_033924,0.5
row_020991,0.5
row_029151,0.5
row_029385,0.5
row_031617,0.5
row_039178,0.5
row_016091,0.5
row_040423,0.5
row_021712,0.5
row_022341,0.5
row_028132,0.5
row_035107,0.5
row_021961,0.5
row_013357,0.5
row_009367,0.5
row_035393,0.5
row_026569,0.5
row_041709,0.5
row_024552,0.5
row_039162,0.5
row_034538,0.5
row_021130,0.5
row_010442,0.5
row_001411,0.5
row_026305,0.5
row_031362,0.5
row_002035,0.5
row_031541,0.5
row_044044,0.5
row_049424,0.5
row_026087,0.5
row_016445,0.5
row_024737,0.5
row_032843,0.5
row_022933,0.5
row_044927,0.5
row_026040,0.5
row_042249,0.5
row_032741,0.5
row_019525,0.5
row_000608,0.5
row_012895,0.5
row_049851,0.5
row_007665,0.5
row_031557,0.5
row_008476,0.5
row_007519,0.5
row_021865,0.5
row_004049,0.5
row_045732,0.5
row_044448,0.5
row_033993,0.5
row_018052,0.5
row_024721,0.5
row_006001,0.5
row_019590,0.5
row_019370,0.5
row_013535,0.5
row_022123,0.5
row_049841,0.5
row_011546,0.5
row_021720,0.5
row_031134,0.5
row_043761,0.5
row_014827,0.5
row_006131,0.5
row_014776,0.5
row_034402,0.5
row_000921,0.5
row_013369,0.5
row_006864,0.5
row_015722,0.5
row_017241,0.5
row_026169,0.5
row_046822,0.5
row_013563,0.5
row_027134,0.5
row_007643,0.5
row_006201,0.5
row_031320,0.5
row_014865,0.5
row_045623,0.5
row_000730,0.5
row_024489,0.5
row_043057,0.5
row_038585,0.5
row_044077,0.5
row_021820,0.5
row_048293,0.5
row_012744,0.5
row_012886,0.5
row_005854,0.5
row_015056,0.5
row_034367,0.5
row_039061,0.5
row_019492,0.5
row_022838,0.5
row_000716,0.5
row_016339,0.5
row_038894,0.5
row_013072,0.5
row_033851,0.5
row_048111,0.5
row_003772,0.5
row_000133,0.5
row_018304,0.5
row_028484,0.5
row_015776,0.5
row_004322,0.5
row_008523,0.5
row_020697,0.5
row_002101,0.5
row_011329,0.5
row_041444,0.5
row_001065,0.5
row_027100,0.5
row_010280,0.5
row_029637,0.5
row_037250,0.5
row_030881,0.5
row_000748,0.5
row_013087,0.5
row_032584,0.5
row_049561,0.5
row_006596,0.5
row_029164,0.5
row_043392,0.5
row_040554,0.5
row_001332,0.5
row_042101,0.5
row_019405,0.5
row_021154,0.5
row_045690,0.5
row_016853,0.5
row_036886,0.5
row_024236,0.5
row_040522,0.5
row_038571,0.5
row_025389,0.5
row_034095,0.5
row_008484,0.5
row_009029,0.5
row_044827,0.5
row_018210,0.5
row_014508,0.5
row_017946,0.5
row_004455,0.5
row_046659,0.5
row_047906,0.5
row_030588,0.5
row_027600,0.5
row_022196,0.5
row_028144,0.5
row_001594,0.5
row_011729,0.5
row_029836,0.5
row_017112,0.5
row_001140,0.5
row_016350,0.5
row_002703,0.5
row_038480,0.5
row_033696,0.5
row_007627,0.5
row_009745,0.5
row_027821,0.5
row_043026,0.5
row_046588,0.5
row_017947,0.5
row_033559,0.5
row_027602,0.5
row_035591,0.5
row_039683,0.5
row_016042,0.5
row_022343,0.5
row_038744,0.5
row_033998,0.5
row_036899,0.5
row_048598,0.5
row_037777,0.5
row_036216,0.5
row_027585,0.5
row_041468,0.5
row_000906,0.5
row_015856,0.5
row_033073,0.5
row_021554,0.5
row_039800,0.5
row_048466,0.5
row_038286,0.5
row_024741,0.5
row_021888,0.5
row_043967,0.5
row_025907,0.5
row_030419,0.5
row_008583,0.5
row_046068,0.5
row_038674,0.5
row_038972,0.5
row_012517,0.5
row_003037,0.5
row_048725,0.5
row_029064,0.5
row_045010,0.5
row_026283,0.5
row_031011,0.5
row_042514,0.5
row_001725,0.5
row_018790,0.5
row_037038,0.5
row_025205,0.5
row_012846,0.5
row_036385,0.5
row_025901,0.5
row_002032,0.5
row_003552,0.5
row_015540,0.5
row_033017,0.5
row_018036,0.5
row_005508,0.5
row_044261,0.5
row_012705,0.5
row_025969,0.5
row_046452,0.5
row_003991,0.5
row_030456,0.5
row_015901,0.5
row_042685,0.5
row_012164,0.5
row_032127,0.5
row_046380,0.5
row_031813,0.5
row_044496,0.5
row_042671,0.5
row_011372,0.5
row_035166,0.5
row_040377,0.5
row_017835,0.5
row_046756,0.5
row_001952,0.5
row_009627,0.5
row_025806,0.5
row_047510,0.5
row_037337,0.5
row_015176,0.5
row_028112,0.5
row_041580,0.5
row_045712,0.5
row_031178,0.5
row_036609,0.5
row_041470,0.5
row_015630,0.5
row_017578,0.5
row_005905,0.5
row_043583,0.5
row_022637,0.5
row_022363,0.5
row_034630,0.5
row_023824,0.5
row_025431,0.5
row_015532,0.5
row_018220,0.5
row_038359,0.5
row_024973,0.5
row_011255,0.5
row_043523,0.5
row_034166,0.5
row_041078,0.5
row_005144,0.5
row_041755,0.5
row_029078,0.5
row_018660,0.5
row_048608,0.5
row_019701,0.5
row_027843,0.5
row_022176,0.5
row_018099,0.5
row_013095,0.5
row_024422,0.5
row_006795,0.5
row_013064,0.5
row_042934,0.5
row_014103,0.5
row_046225,0.5
row_027764,0.5
row_037389,0.5
row_035511,0.5
row_032174,0.5
row_022521,0.5
row_042496,0.5
row_027308,0.5
row_027599,0.5
row_032512,0.5
row_048693,0.5
row_012723,0.5
row_017365,0.5
row_002998,0.5
row_045646,0.5
row_011055,0.5
row_046091,0.5
row_021245,0.5
row_027061,0.5
row_024390,0.5
row_027855,0.5
row_032896,0.5
row_010700,0.5
row_005834,0.5
row_024747,0.5
row_040737,0.5
row_037126,0.5
row_021998,0.5
row_043708,0.5
row_033054,0.5
row_031569,0.5
row_040960,0.5
row_024724,0.5
row_045567,0.5
row_040242,0.5
row_032271,0.5
row_015948,0.5
row_004372,0.5
row_005412,0.5
row_000472,0.5
row_026634,0.5
row_037175,0.5
row_025016,0.5
row_019680,0.5
row_018431,0.5
row_021015,0.5
row_006489,0.5
row_024261,0.5
row_016335,0.5
row_033772,0.5
row_032969,0.5
row_041142,0.5
row_029050,0.5
row_025646,0.5
row_034393,0.5
row_008065,0.5
row_026668,0.5
row_018454,0.5
row_002057,0.5
row_024147,0.5
row_021656,0.5
row_002188,0.5
row_026172,0.5
row_012444,0.5
row_032535,0.5
row_029375,0.5
row_025059,0.5
row_037697,0.5
row_031121,0.5
row_013084,0.5
row_016812,0.5
row_000808,0.5
row_025388,0.5
row_030563,0.5
row_015950,0.5
row_035916,0.5
row_048650,0.5
row_036767,0.5
row_003172,0.5
row_012522,0.5
row_032409,0.5
row_043496,0.5
row_023736,0.5
row_018788,0.5
row_007698,0.5
row_011865,0.5
row_018310,0.5
row_034871,0.5
row_016985,0.5
row_015985,0.5
row_001804,0.5
row_036755,0.5
row_023556,0.5
row_020130,0.5
row_025746,0.5
row_002047,0.5
row_009604,0.5
row_009401,0.5
row_043830,0.5
row_007128,0.5
row_026874,0.5
row_033932,0.5
row_030983,0.5
row_020924,0.5
row_039053,0.5
row_003119,0.5
row_033021,0.5
row_026290,0.5
row_040520,0.5
row_044150,0.5
row_045251,0.5
row_044503,0.5
row_049635,0.5
row_040335,0.5
row_012665,0.5
row_023997,0.5
row_006371,0.5
row_013027,0.5
row_025351,0.5
row_008668,0.5
row_032250,0.5
row_042588,0.5
row_009040,0.5
row_010736,0.5
row_028523,0.5
row_024358,0.5
row_022181,0.5
row_020910,0.5
row_000438,0.5
row_022576,0.5
row_006656,0.5
row_030532,0.5
row_018102,0.5
row_043531,0.5
row_020275,0.5
row_041927,0.5
row_009922,0.5
row_025347,0.5
row_026557,0.5
row_002614,0.5
row_044544,0.5
row_023146,0.5
row_012940,0.5
row_022544,0.5
row_005302,0.5
row_018755,0.5
row_012013,0.5
row_028587,0.5
row_011771,0.5
row_030097,0.5
row_024060,0.5
row_007079,0.5
row_045001,0.5
row_023690,0.5
row_045565,0.5
row_001199,0.5
row_039305,0.5
row_017914,0.5
row_033482,0.5
row_009496,0.5
row_031234,0.5
row_007974,0.5
row_020687,0.5
row_047040,0.5
row_005433,0.5
row_032143,0.5
row_039089,0.5
row_015788,0.5
row_015298,0.5
row_003349,0.5
row_023786,0.5
row_000917,0.5
row_005467,0.5
row_005936,0.5
row_037623,0.5
row_007179,0.5
row_019221,0.5
row_028980,0.5
row_028051,0.5
row_023431,0.5
row_001958,0.5
row_001471,0.5
row_030637,0.5
row_036078,0.5
row_013300,0.5
row_031741,0.5
row_036835,0.5
row_023454,0.5
row_030158,0.5
row_035135,0.5
row_000790,0.5
row_017751,0.5
row_036654,0.5
row_012046,0.5
row_030118,0.5
row_005724,0.5
row_042287,0.5
row_049483,0.5
row_008495,0.5
row_024946,0.5
row_038688,0.5
row_034227,0.5
row_039105,0.5
row_031700,0.5
row_002038,0.5
row_013669,0.5
row_022504,0.5
row_024234,0.5
row_028642,0.5
row_041110,0.5
row_020032,0.5
row_035991,0.5
row_031434,0.5
row_003485,0.5
row_008771,0.5
row_026390,0.5
row_001868,0.5
row_008664,0.5
row_013330,0.5
row_044438,0.5
row_043995,0.5
row_008312,0.5
row_027081,0.5
row_028553,0.5
row_022476,0.5
row_021281,0.5
row_028261,0.5
row_034788,0.5
row_027292,0.5
row_028235,0.5
row_036138,0.5
row_025021,0.5
row_004919,0.5
row_045708,0.5
row_048516,0.5
row_013565,0.5
row_009710,0.5
row_028266,0.5
row_034145,0.5
row_019649,0.5
row_031859,0.5
row_011587,0.5
row_045301,0.5
row_027674,0.5
row_027009,0.5
row_000082,0.5
row_016727,0.5
row_049387,0.5
row_048162,0.5
row_025524,0.5
row_020712,0.5
row_043687,0.5
row_004913,0.5
row_005076,0.5
row_018447,0.5
row_034782,0.5
row_008100,0.5
row_026993,0.5
row_017505,0.5
row_001086,0.5
row_000127,0.5
row_025914,0.5
row_043364,0.5
row_033777,0.5
row_028909,0.5
row_010871,0.5
row_048924,0.5
row_023429,0.5
row_049490,0.5
row_005597,0.5
row_040931,0.5
row_039294,0.5
row_027668,0.5
row_042162,0.5
row_039420,0.5
row_014657,0.5
row_034444,0.5
row_006157,0.5
row_048706,0.5
row_006394,0.5
row_024241,0.5
row_041559,0.5
row_007207,0.5
row_009234,0.5
row_041111,0.5
row_016048,0.5
row_025385,0.5
row_022428,0.5
row_049873,0.5
row_030488,0.5
row_008749,0.5
row_010084,0.5
row_014016,0.5
row_027739,0.5
row_046849,0.5
row_016269,0.5
row_007151,0.5
row_007061,0.5
row_006251,0.5
row_004955,0.5
row_032462,0.5
row_007381,0.5
row_036528,0.5
row_029014,0.5
row_026682,0.5
row_036907,0.5
row_029744,0.5
row_039964,0.5
row_049621,0.5
row_041531,0.5
row_022103,0.5
row_004852,0.5
row_019465,0.5
row_021593,0.5
row_028227,0.5
row_010556,0.5
row_004438,0.5
row_011678,0.5
row_038832,0.5
row_045204,0.5
row_036135,0.5
row_011559,0.5
row_029776,0.5
row_005497,0.5
row_047974,0.5
row_009838,0.5
row_041150,0.5
row_003764,0.5
row_010587,0.5
row_019909,0.5
row_026351,0.5
row_043417,0.5
row_018066,0.5
row_015878,0.5
row_049690,0.5
row_008284,0.5
row_041530,0.5
row_029096,0.5
row_014923,0.5
row_009103,0.5
row_019273,0.5
row_046864,0.5
row_030554,0.5
row_018640,0.5
row_011120,0.5
row_022954,0.5
row_007589,0.5
row_024431,0.5
row_038262,0.5
row_025197,0.5
row_042524,0.5
row_042239,0.5
row_035653,0.5
row_039890,0.5
row_014477,0.5
row_032559,0.5
row_005485,0.5
row_047463,0.5
row_035751,0.5
row_022327,0.5
row_010970,0.5
row_017380,0.5
row_028430,0.5
row_038681,0.5
row_045681,0.5
row_011756,0.5
row_028291,0.5
row_023568,0.5
row_010828,0.5
row_045799,0.5
row_036214,0.5
row_036553,0.5
row_049778,0.5
row_033935,0.5
row_037132,0.5
row_027027,0.5
row_045808,0.5
row_044006,0.5
row_047560,0.5
row_028120,0.5
row_012018,0.5
row_000014,0.5
row_001650,0.5
row_007551,0.5
row_028267,0.5
row_001524,0.5
row_017551,0.5
row_032539,0.5
row_012959,0.5
row_004075,0.5
row_012863,0.5
row_009249,0.5
row_011428,0.5
row_043820,0.5
row_016446,0.5
row_040581,0.5
row_007370,0.5
row_031764,0.5
row_020104,0.5
row_002965,0.5
row_024505,0.5
row_043910,0.5
row_033496,0.5
row_020416,0.5
row_048282,0.5
row_010221,0.5
row_010804,0.5
row_022525,0.5
row_045779,0.5
row_008839,0.5
row_013200,0.5
row_013769,0.5
row_024064,0.5
row_045282,0.5
row_030246,0.5
row_041398,0.5
row_015059,0.5
row_024817,0.5
row_008132,0.5
row_049158,0.5
row_035076,0.5
row_039434,0.5
row_040567,0.5
row_010423,0.5
row_034628,0.5
row_042368,0.5
row_002926,0.5
row_013349,0.5
row_041314,0.5
row_029421,0.5
row_009176,0.5
row_021405,0.5
row_011645,0.5
row_040716,0.5
row_035052,0.5
row_024451,0.5
row_039818,0.5
row_020761,0.5
row_015679,0.5
row_021470,0.5
row_044420,0.5
row_001595,0.5
row_025690,0.5
row_019120,0.5
row_039220,0.5
row_022045,0.5
row_011848,0.5
row_047882,0.5
row_029133,0.5
row_040657,0.5
row_011792,0.5
row_018991,0.5
row_013435,0.5
row_037135,0.5
row_001861,0.5
row_014262,0.5
row_019661,0.5
row_002380,0.5
row_006247,0.5
row_015873,0.5
row_040766,0.5
row_023795,0.5
row_014651,0.5
row_002602,0.5
row_041541,0.5
row_006740,0.5
row_006120,0.5
row_043756,0.5
row_008464,0.5
row_045539,0.5
row_029979,0.5
row_028502,0.5
row_045649,0.5
row_045151,0.5
row_046424,0.5
row_023216,0.5
row_013415,0.5
row_015297,0.5
row_005874,0.5
row_003737,0.5
row_002666,0.5
row_015221,0.5
row_046510,0.5
row_041259,0.5
row_014670,0.5
row_018983,0.5
row_016583,0.5
row_032922,0.5
row_024888,0.5
row_046600,0.5
row_034294,0.5
row_040749,0.5
row_000948,0.5
row_004028,0.5
row_012129,0.5
row_005058,0.5
row_032141,0.5
row_038812,0.5
row_014305,0.5
row_029160,0.5
row_037591,0.5
row_013354,0.5
row_036710,0.5
row_015918,0.5
row_009105,0.5
row_011730,0.5
row_024697,0.5
row_003135,0.5
row_026603,0.5
row_003528,0.5
row_006068,0.5
row_007946,0.5
row_000643,0.5
row_003441,0.5
row_036250,0.5
row_037162,0.5
row_014829,0.5
row_048873,0.5
row_028159,0.5
row_004959,0.5
row_012428,0.5
row_000079,0.5
row_003372,0.5
row_043444,0.5
row_000274,0.5
row_012805,0.5
row_005569,0.5
row_022269,0.5
row_043537,0.5
row_007822,0.5
row_013755,0.5
row_025628,0.5
row_000389,0.5
row_006917,0.5
row_042247,0.5
row_003288,0.5
row_005278,0.5
row_020259,0.5
row_013520,0.5
row_000486,0.5
row_014469,0.5
row_006301,0.5
row_039553,0.5
row_046644,0.5
row_025175,0.5
row_028047,0.5
row_018733,0.5
row_017643,0.5
row_043498,0.5
row_008773,0.5
row_006185,0.5
row_010163,0.5
row_036945,0.5
row_007918,0.5
row_011250,0.5
row_040775,0.5
row_042879,0.5
row_008170,0.5
row_037737,0.5
row_004129,0.5
row_023810,0.5
row_022218,0.5
row_030041,0.5
row_042320,0.5
row_043328,0.5
row_017856,0.5
row_033667,0.5
row_003646,0.5
row_030914,0.5
row_023597,0.5
row_010885,0.5
row_042136,0.5
row_028847,0.5
row_046760,0.5
row_046469,0.5
row_040605,0.5
row_009437,0.5
row_027280,0.5
row_039713,0.5
row_034072,0.5
row_029087,0.5
row_035921,0.5
row_041995,0.5
row_024875,0.5
row_022715,0.5
row_031479,0.5
row_024419,0.5
row_020376,0.5
row_042849,0.5
row_006479,0.5
row_038240,0.5
row_014476,0.5
row_008835,0.5
row_021465,0.5
row_031845,0.5
row_039291,0.5
row_008630,0.5
row_023200,0.5
row_032957,0.5
row_028835,0.5
row_040278,0.5
row_047719,0.5
row_003696,0.5
row_004281,0.5
row_001993,0.5
row_033852,0.5
row_027662,0.5
row_014484,0.5
row_013823,0.5
row_048631,0.5
row_032898,0.5
row_034007,0.5
row_008022,0.5
row_043767,0.5
row_035385,0.5
row_031884,0.5
row_002241,0.5
row_035461,0.5
row_007144,0.5
row_043088,0.5
row_013417,0.5
row_020090,0.5
row_004287,0.5
row_028860,0.5
row_022886,0.5
row_031720,0.5
row_003390,0.5
row_029999,0.5
row_033508,0.5
row_021385,0.5
row_043921,0.5
row_006799,0.5
row_043383,0.5
row_037624,0.5
row_022127,0.5
row_041577,0.5
row_030367,0.5
row_005939,0.5
row_043166,0.5
row_009934,0.5
row_031854,0.5
row_001737,0.5
row_004721,0.5
row_016173,0.5
row_043804,0.5
row_036345,0.5
row_021678,0.5
row_014287,0.5
row_009091,0.5
row_024387,0.5
row_001040,0.5
row_030305,0.5
row_025748,0.5
row_006080,0.5
row_035518,0.5
row_045029,0.5
row_015446,0.5
row_015307,0.5
row_009302,0.5
row_037227,0.5
row_034505,0.5
row_031440,0.5
row_018942,0.5
row_049997,0.5
row_020608,0.5
row_037500,0.5
row_025592,0.5
row_035013,0.5
row_019875,0.5
row_041120,0.5
row_028620,0.5
row_002817,0.5
row_021137,0.5
row_040829,0.5
row_017968,0.5
row_028548,0.5
row_010816,0.5
row_002592,0.5
row_013945,0.5
row_024494,0.5
row_007707,0.5
row_044998,0.5
row_036726,0.5
row_002619,0.5
row_013375,0.5
row_011203,0.5
row_009325,0.5
row_041894,0.5
row_033763,0.5
row_047474,0.5
row_024102,0.5
row_030469,0.5
row_044455,0.5
row_027857,0.5
row_025381,0.5
row_015527,0.5
row_009551,0.5
row_046348,0.5
row_020793,0.5
row_007994,0.5
row_000794,0.5
row_005215,0.5
row_044317,0.5
row_018149,0.5
row_034506,0.5
row_033976,0.5
row_035555,0.5
row_020610,0.5
row_022913,0.5
row_042861,0.5
row_002832,0.5
row_043527,0.5
row_043329,0.5
row_037006,0.5
row_002145,0.5
row_019783,0.5
row_001275,0.5
row_049805,0.5
row_023833,0.5
row_002039,0.5
row_007259,0.5
row_042001,0.5
row_009495,0.5
row_027459,0.5
row_004928,0.5
row_016107,0.5
row_040804,0.5
row_002582,0.5
row_002357,0.5
row_040227,0.5
row_019296,0.5
row_022073,0.5
row_018712,0.5
row_024084,0.5
row_000400,0.5
row_042690,0.5
row_034014,0.5
row_022666,0.5
row_010602,0.5
row_009128,0.5
row_041923,0.5
row_044640,0.5
row_009690,0.5
row_004293,0.5
row_031254,0.5
row_027615,0.5
row_047414,0.5
row_040433,0.5
row_009359,0.5
row_041670,0.5
row_007804,0.5
row_038902,0.5
row_006026,0.5
row_003304,0.5
row_006161,0.5
row_005389,0.5
row_014266,0.5
row_002842,0.5
row_031750,0.5
row_001935,0.5
row_018281,0.5
row_024786,0.5
row_029665,0.5
row_019248,0.5
row_009595,0.5
row_033628,0.5
row_014759,0.5
row_004625,0.5
row_022399,0.5
row_046593,0.5
row_017994,0.5
row_015522,0.5
row_030317,0.5
row_012977,0.5
row_015868,0.5
row_018093,0.5
row_047590,0.5
row_034415,0.5
row_004213,0.5
row_037195,0.5
row_038306,0.5
row_016037,0.5
row_017311,0.5
row_006770,0.5
row_007614,0.5
row_016108,0.5
row_014703,0.5
row_036917,0.5
row_003578,0.5
row_009724,0.5
row_025294,0.5
row_037323,0.5
row_028313,0.5
row_014357,0.5
row_044740,0.5
row_030760,0.5
row_039869,0.5
row_004219,0.5
row_048419,0.5
row_035304,0.5
row_049311,0.5
row_026501,0.5
row_027768,0.5
row_031997,0.5
row_021642,0.5
row_020284,0.5
row_019924,0.5
row_049807,0.5
row_041707,0.5
row_042266,0.5
row_025172,0.5
row_009738,0.5
row_035607,0.5
row_048709,0.5
row_039620,0.5
row_027943,0.5
row_038165,0.5
row_024161,0.5
row_027242,0.5
row_012861,0.5
row_003516,0.5
row_004361,0.5
row_019077,0.5
row_049911,0.5
row_037583,0.5
row_023807,0.5
row_004949,0.5
row_034869,0.5
row_045319,0.5
row_024468,0.5
row_045445,0.5
row_037547,0.5
row_027054,0.5
row_013382,0.5
row_023987,0.5
row_003153,0.5
row_026543,0.5
row_008810,0.5
row_034365,0.5
row_038382,0.5
row_015757,0.5
row_037581,0.5
row_036210,0.5
row_033344,0.5
row_038498,0.5
row_031901,0.5
row_042694,0.5
row_024078,0.5
row_004402,0.5
row_028995,0.5
row_003043,0.5
row_037432,0.5
row_015170,0.5
row_018062,0.5
row_014127,0.5
row_012311,0.5
row_032859,0.5
row_006119,0.5
row_008117,0.5
row_011048,0.5
row_012835,0.5
row_006614,0.5
row_019429,0.5
row_034613,0.5
row_042943,0.5
row_003017,0.5
row_023622,0.5
row_010048,0.5
row_014113,0.5
row_048430,0.5
row_023360,0.5
row_020933,0.5
row_001165,0.5
row_048883,0.5
row_023097,0.5
row_038489,0.5
row_047524,0.5
row_019177,0.5
row_027587,0.5
row_027714,0.5
row_017661,0.5
row_023849,0.5
row_019327,0.5
row_029656,0.5
row_045249,0.5
row_039049,0.5
row_017416,0.5
row_014219,0.5
row_033521,0.5
row_045035,0.5
row_011358,0.5
row_033365,0.5
row_037438,0.5
row_006922,0.5
row_037099,0.5
row_028184,0.5
row_001907,0.5
row_029886,0.5
row_049784,0.5
row_049003,0.5
row_004359,0.5
row_016410,0.5
row_006274,0.5
row_045457,0.5
row_002981,0.5
row_026436,0.5
row_029511,0.5
row_037139,0.5
row_036702,0.5
row_032522,0.5
row_049632,0.5
row_008943,0.5
row_031119,0.5
row_038552,0.5
row_007903,0.5
row_021529,0.5
row_023993,0.5
row_030397,0.5
row_004981,0.5
row_042750,0.5
row_017319,0.5
row_036470,0.5
row_017103,0.5
row_032602,0.5
row_017385,0.5
row_019374,0.5
row_029614,0.5
row_009346,0.5
row_025174,0.5
row_008430,0.5
row_008600,0.5
row_004839,0.5
row_023022,0.5
row_026333,0.5
row_037027,0.5
row_049789,0.5
row_044325,0.5
row_009742,0.5
row_033379,0.5
row_011871,0.5
row_043540,0.5
row_023064,0.5
row_000405,0.5
row_014465,0.5
row_047275,0.5
row_008407,0.5
row_000723,0.5
row_034783,0.5
row_021064,0.5
row_012557,0.5
row_001100,0.5
row_002780,0.5
row_012649,0.5
row_021261,0.5
row_007654,0.5
row_043988,0.5
row_005230,0.5
row_043267,0.5
row_024966,0.5
row_022810,0.5
row_009811,0.5
row_015936,0.5
row_017607,0.5
row_023107,0.5
row_000068,0.5
row_044703,0.5
row_018813,0.5
row_014727,0.5
row_032020,0.5
row_023161,0.5
row_047924,0.5
row_040703,0.5
row_014933,0.5
row_035313,0.5
row_024355,0.5
row_027859,0.5
row_014366,0.5
row_035811,0.5
row_028255,0.5
row_025327,0.5
row_034349,0.5
row_028245,0.5
row_022652,0.5
row_014238,0.5
row_043779,0.5
row_012077,0.5
row_007883,0.5
row_042796,0.5
row_007718,0.5
row_000873,0.5
row_013551,0.5
row_046017,0.5
row_024028,0.5
row_044650,0.5
row_036695,0.5
row_023187,0.5
row_043744,0.5
row_022922,0.5
row_011789,0.5
row_002361,0.5
row_021427,0.5
row_031072,0.5
row_036898,0.5
row_004170,0.5
row_046302,0.5
row_004001,0.5
row_013982,0.5
row_020962,0.5
row_044737,0.5
row_002846,0.5
row_001113,0.5
row_012640,0.5
row_014363,0.5
row_038587,0.5
row_029588,0.5
row_029778,0.5
row_026471,0.5
row_039623,0.5
row_037001,0.5
row_040800,0.5
row_033624,0.5
row_048613,0.5
row_029494,0.5
row_016378,0.5
row_042253,0.5
row_024087,0.5
row_029321,0.5
row_004157,0.5
row_044426,0.5
row_047149,0.5
row_039075,0.5
row_036147,0.5
row_037545,0.5
row_042285,0.5
row_014956,0.5
row_003653,0.5
row_000011,0.5
row_033169,0.5
row_014894,0.5
row_043450,0.5
row_013784,0.5
row_015245,0.5
row_039791,0.5
row_036473,0.5
row_010144,0.5
row_047431,0.5
row_010275,0.5
row_012135,0.5
row_022552,0.5
row_024778,0.5
row_046712,0.5
row_031349,0.5
row_040416,0.5
row_014609,0.5
row_039661,0.5
row_045588,0.5
row_004393,0.5
row_023139,0.5
row_004749,0.5
row_030541,0.5
row_032611,0.5
row_016323,0.5
row_012901,0.5
row_031081,0.5
row_007480,0.5
row_047072,0.5
row_041697,0.5
row_045692,0.5
row_027353,0.5
row_001034,0.5
row_038230,0.5
row_039958,0.5
row_034315,0.5
row_034486,0.5
row_008037,0.5
row_014774,0.5
row_037571,0.5
row_025834,0.5
row_039016,0.5
row_038738,0.5
row_033104,0.5
row_033894,0.5
row_040270,0.5
row_032194,0.5
row_024023,0.5
row_000135,0.5
row_009087,0.5
row_030695,0.5
row_012349,0.5
row_000680,0.5
row_041979,0.5
row_042880,0.5
row_008832,0.5
row_022010,0.5
row_037492,0.5
row_014242,0.5
row_042462,0.5
row_003312,0.5
row_046444,0.5
row_041895,0.5
row_034876,0.5
row_035377,0.5
row_032847,0.5
row_001582,0.5
row_021196,0.5
row_012963,0.5
row_028036,0.5
row_042902,0.5
row_036538,0.5
row_023729,0.5
row_002820,0.5
row_007715,0.5
row_009654,0.5
row_011592,0.5
row_039282,0.5
row_007706,0.5
row_033396,0.5
row_018674,0.5
row_039848,0.5
row_023725,0.5
row_040130,0.5
row_022335,0.5
row_032295,0.5
row_030752,0.5
row_030315,0.5
row_015378,0.5
row_036198,0.5
row_010452,0.5
row_012075,0.5
row_036030,0.5
row_009525,0.5
row_018317,0.5
row_029840,0.5
row_020314,0.5
row_032836,0.5
row_042143,0.5
row_026744,0.5
row_036120,0.5
row_003905,0.5
row_010608,0.5
row_004385,0.5
row_045947,0.5
row_004882,0.5
row_038132,0.5
row_045626,0.5
row_013929,0.5
row_041959,0.5
row_007088,0.5
row_018453,0.5
row_001406,0.5
row_044653,0.5
row_001479,0.5
row_028723,0.5
row_019004,0.5
row_031420,0.5
row_007902,0.5
row_030617,0.5
row_041358,0.5
row_044859,0.5
row_019740,0.5
row_001171,0.5
row_029020,0.5
row_006877,0.5
row_016784,0.5
row_004265,0.5
row_003401,0.5
row_048368,0.5
row_019280,0.5
row_032930,0.5
row_033252,0.5
row_029674,0.5
row_009041,0.5
row_043889,0.5
row_003249,0.5
row_003013,0.5
row_041483,0.5
row_043860,0.5
row_026520,0.5
row_035573,0.5
row_041215,0.5
row_046973,0.5
row_029240,0.5
row_042466,0.5
row_031839,0.5
row_047977,0.5
row_012012,0.5
row_007787,0.5
row_011955,0.5
row_030279,0.5
row_007373,0.5
row_015249,0.5
row_014260,0.5
row_019171,0.5
row_036582,0.5
row_000341,0.5
row_000002,0.5
row_002669,0.5
row_024135,0.5
row_025836,0.5
row_005125,0.5
row_040156,0.5
row_005943,0.5
row_017235,0.5
row_010502,0.5
row_003015,0.5
row_044036,0.5
row_009876,0.5
row_009812,0.5
row_040611,0.5
row_045278,0.5
row_018884,0.5
row_003868,0.5
row_006668,0.5
row_005324,0.5
row_038555,0.5
row_009568,0.5
row_044064,0.5
row_031215,0.5
row_011514,0.5
row_025449,0.5
row_016405,0.5
row_013163,0.5
row_014668,0.5
row_030801,0.5
row_016421,0.5
row_025629,0.5
row_037513,0.5
row_005918,0.5
row_003822,0.5
row_016839,0.5
row_029081,0.5
row_016146,0.5
row_024258,0.5
row_033930,0.5
row_031692,0.5
row_000276,0.5
row_041689,0.5
row_035474,0.5
row_034775,0.5
row_011408,0.5
row_029958,0.5
row_026476,0.5
row_012982,0.5
row_002940,0.5
row_019372,0.5
row_020294,0.5
row_021310,0.5
row_009262,0.5
row_024226,0.5
row_043760,0.5
row_003679,0.5
row_041198,0.5
row_028444,0.5
row_011580,0.5
row_004972,0.5
row_041347,0.5
row_045773,0.5
row_011327,0.5
row_022022,0.5
row_025282,0.5
row_030917,0.5
row_010947,0.5
row_008613,0.5
row_017462,0.5
row_021432,0.5
row_043157,0.5
row_017218,0.5
row_015030,0.5
row_042137,0.5
row_004228,0.5
row_013775,0.5
row_000958,0.5
row_013617,0.5
row_001432,0.5
row_014848,0.5
row_017015,0.5
row_020688,0.5
row_036671,0.5
row_025330,0.5
row_027827,0.5
row_037530,0.5
row_047749,0.5
row_048985,0.5
row_015359,0.5
row_040831,0.5
row_004413,0.5
row_007697,0.5
row_016158,0.5
row_010851,0.5
row_048349,0.5
row_006794,0.5
row_036045,0.5
row_037327,0.5
row_013373,0.5
row_029986,0.5
row_037283,0.5
row_031892,0.5
row_028770,0.5
row_016544,0.5
row_031941,0.5
row_027854,0.5
row_015737,0.5
row_019807,0.5
row_045100,0.5
row_022567,0.5
row_025027,0.5
row_009991,0.5
row_036028,0.5
row_009434,0.5
row_025280,0.5
row_033351,0.5
row_013474,0.5
row_048301,0.5
row_041174,0.5
row_032838,0.5
row_003559,0.5
row_003818,0.5
row_014868,0.5
row_033300,0.5
row_042329,0.5
row_011828,0.5
row_004216,0.5
row_048286,0.5
row_049595,0.5
row_036425,0.5
row_049583,0.5
row_005998,0.5
row_042476,0.5
row_006380,0.5
row_011508,0.5
row_024174,0.5
row_042941,0.5
row_043178,0.5
row_012868,0.5
row_025715,0.5
row_039009,0.5
row_024603,0.5
row_015200,0.5
row_007444,0.5
row_046648,0.5
row_042008,0.5
row_037379,0.5
row_037084,0.5
row_044934,0.5
row_012834,0.5
row_040011,0.5
row_042688,0.5
row_011617,0.5
row_015772,0.5
row_024196,0.5
row_025997,0.5
row_001048,0.5
row_040521,0.5
row_012050,0.5
row_033605,0.5
row_006122,0.5
row_006149,0.5
row_022547,0.5
row_018065,0.5
row_008917,0.5
row_034036,0.5
row_006420,0.5
row_035487,0.5
row_039657,0.5
row_013664,0.5
row_018376,0.5
row_009880,0.5
row_002469,0.5
row_028389,0.5
row_044526,0.5
row_024001,0.5
row_002209,0.5
row_047359,0.5
row_023707,0.5
row_005878,0.5
row_022500,0.5
row_008722,0.5
row_000852,0.5
row_013364,0.5
row_009841,0.5
row_013540,0.5
row_044834,0.5
row_008409,0.5
row_005691,0.5
row_017032,0.5
row_024381,0.5
row_042175,0.5
row_003875,0.5
row_047585,0.5
row_019946,0.5
row_024334,0.5
row_031727,0.5
row_015408,0.5
row_016493,0.5
row_004921,0.5
row_019190,0.5
row_029534,0.5
row_028658,0.5
row_028756,0.5
row_012727,0.5
row_006435,0.5
row_011518,0.5
row_035351,0.5
row_015725,0.5
row_019021,0.5
row_032417,0.5
row_013705,0.5
row_017633,0.5
row_011336,0.5
row_009974,0.5
row_044518,0.5
row_013662,0.5
row_005515,0.5
row_047591,0.5
row_048895,0.5
row_022243,0.5
row_032997,0.5
row_040869,0.5
row_048590,0.5
row_037633,0.5
row_010258,0.5
row_030674,0.5
row_048671,0.5
row_031432,0.5
row_016079,0.5
row_022640,0.5
row_007401,0.5
row_015708,0.5
row_049599,0.5
row_007083,0.5
row_022556,0.5
row_049103,0.5
row_018138,0.5
row_020339,0.5
row_017174,0.5
row_001938,0.5
row_017741,0.5
row_006707,0.5
row_041950,0.5
row_020552,0.5
row_043281,0.5
row_049273,0.5
row_034278,0.5
row_048364,0.5
row_000454,0.5
row_021709,0.5
row_011625,0.5
row_026339,0.5
row_041415,0.5
row_017452,0.5
row_012448,0.5
row_037437,0.5
row_011970,0.5
row_043221,0.5
row_031244,0.5
row_031900,0.5
row_001009,0.5
row_028761,0.5
row_019301,0.5
row_007842,0.5
row_022174,0.5
row_021218,0.5
row_044233,0.5
row_047417,0.5
row_017543,0.5
row_044452,0.5
row_020288,0.5
row_011019,0.5
row_032925,0.5
row_018589,0.5
row_041246,0.5
row_038283,0.5
row_039389,0.5
row_010047,0.5
row_016142,0.5
row_004579,0.5
row_014737,0.5
row_024220,0.5
row_005607,0.5
row_030995,0.5
row_040574,0.5
row_029034,0.5
row_032200,0.5
row_041705,0.5
row_019764,0.5
row_001552,0.5
row_049751,0.5
row_033995,0.5
row_018815,0.5
row_000408,0.5
row_030741,0.5
row_047271,0.5
row_025863,0.5
row_031657,0.5
row_017929,0.5
row_001846,0.5
row_017608,0.5
row_041867,0.5
row_034689,0.5
row_046524,0.5
row_023822,0.5
row_024719,0.5
row_046900,0.5
row_034845,0.5
row_049105,0.5
row_007357,0.5
row_024162,0.5
row_044796,0.5
row_009092,0.5
row_041556,0.5
row_048050,0.5
row_001497,0.5
row_006572,0.5
row_010532,0.5
row_006278,0.5
row_029695,0.5
row_024844,0.5
row_044410,0.5
row_007491,0.5
row_030239,0.5
row_001159,0.5
row_038231,0.5
row_004073,0.5
row_010615,0.5
row_048738,0.5
row_024740,0.5
row_044259,0.5
row_037228,0.5
row_033370,0.5
row_049352,0.5
row_028220,0.5
row_038619,0.5
row_046801,0.5
row_017360,0.5
row_037544,0.5
row_036044,0.5
row_011446,0.5
row_026042,0.5
row_011208,0.5
row_035546,0.5
row_033454,0.5
row_015421,0.5
row_047336,0.5
row_009204,0.5
row_020365,0.5
row_045969,0.5
row_042584,0.5
row_044659,0.5
row_003928,0.5
row_016836,0.5
row_003614,0.5
row_048533,0.5
row_026754,0.5
row_022994,0.5
row_006071,0.5
row_019367,0.5
row_000752,0.5
row_004740,0.5
row_035237,0.5
row_012172,0.5
row_016818,0.5
row_020843,0.5
row_036589,0.5
row_022520,0.5
row_025070,0.5
row_024227,0.5
row_036932,0.5
row_022872,0.5
row_033285,0.5
row_022828,0.5
row_039161,0.5
row_023523,0.5
row_040023,0.5
row_030090,0.5
row_025948,0.5
row_007744,0.5
row_041296,0.5
row_048574,0.5
row_044533,0.5
row_010815,0.5
row_049868,0.5
row_048108,0.5
row_008701,0.5
row_040500,0.5
row_017611,0.5
row_004863,0.5
row_014856,0.5
row_048761,0.5
row_019579,0.5
row_023117,0.5
row_011644,0.5
row_032265,0.5
row_049426,0.5
row_018730,0.5
row_034829,0.5
row_035572,0.5
row_009151,0.5
row_021496,0.5
row_049459,0.5
row_031248,0.5
row_009543,0.5
row_001671,0.5
row_020269,0.5
row_021579,0.5
row_039767,0.5
row_010161,0.5
row_038479,0.5
row_021902,0.5
row_006807,0.5
row_015581,0.5
row_000180,0.5
row_015699,0.5
row_030959,0.5
row_034801,0.5
row_018140,0.5
row_036682,0.5
row_041881,0.5
row_036498,0.5
row_004979,0.5
row_033254,0.5
row_005292,0.5
row_049620,0.5
row_022630,0.5
row_000514,0.5
row_032468,0.5
row_031068,0.5
row_017153,0.5
row_008441,0.5
row_021068,0.5
row_048417,0.5
row_017368,0.5
row_023960,0.5
row_028545,0.5
row_027691,0.5
row_002784,0.5
row_009660,0.5
row_031326,0.5
row_030383,0.5
row_026663,0.5
row_001803,0.5
row_000698,0.5
row_025594,0.5
row_034340,0.5
row_009167,0.5
row_038160,0.5
row_003115,0.5
row_030338,0.5
row_034472,0.5
row_012416,0.5
row_008153,0.5
row_019598,0.5
row_031400,0.5
row_007996,0.5
row_043785,0.5
row_031255,0.5
row_014588,0.5
row_018285,0.5
row_013062,0.5
row_049979,0.5
row_006661,0.5
row_039743,0.5
row_033697,0.5
row_043449,0.5
row_036836,0.5
row_021046,0.5
row_035368,0.5
row_044328,0.5
row_042405,0.5
row_029716,0.5
row_027327,0.5
row_041432,0.5
row_018242,0.5
row_001003,0.5
row_044345,0.5
row_003139,0.5
row_030598,0.5
row_049162,0.5
row_003178,0.5
row_014892,0.5
row_000969,0.5
row_019706,0.5
row_015433,0.5
row_006658,0.5
row_040909,0.5
row_019283,0.5
row_000636,0.5
row_049477,0.5
row_008958,0.5
row_001740,0.5
row_008557,0.5
row_021192,0.5
row_049618,0.5
row_029845,0.5
row_012965,0.5
row_043560,0.5
row_037793,0.5
row_013401,0.5
row_035619,0.5
row_032840,0.5
row_010768,0.5
row_037844,0.5
row_004522,0.5
row_002229,0.5
row_032027,0.5
row_027646,0.5
row_041812,0.5
row_035770,0.5
row_032465,0.5
row_026158,0.5
row_004072,0.5
row_045817,0.5
row_002369,0.5
row_006927,0.5
row_023032,0.5
row_032168,0.5
row_025740,0.5
row_026790,0.5
row_049401,0.5
row_006971,0.5
row_040751,0.5
row_010283,0.5
row_021412,0.5
row_037369,0.5
row_047254,0.5
row_009980,0.5
row_002752,0.5
row_034171,0.5
row_014720,0.5
row_048326,0.5
row_039394,0.5
row_024067,0.5
row_008086,0.5
row_040885,0.5
row_021014,0.5
row_005505,0.5
row_036800,0.5
row_030385,0.5
row_045608,0.5
row_001280,0.5
row_031135,0.5
row_031743,0.5
row_000689,0.5
row_001342,0.5
row_046647,0.5
row_035504,0.5
row_043917,0.5
row_006570,0.5
row_027395,0.5
row_034071,0.5
row_040575,0.5
row_001161,0.5
row_032536,0.5
row_044957,0.5
row_022944,0.5
row_006674,0.5
row_001541,0.5
row_012358,0.5
row_043074,0.5
row_037210,0.5
row_040970,0.5
row_028174,0.5
row_023760,0.5
row_010714,0.5
row_047903,0.5
row_000156,0.5
row_007969,0.5
row_015819,0.5
row_033003,0.5
row_021818,0.5
row_046071,0.5
row_005237,0.5
row_029864,0.5
row_044168,0.5
row_032348,0.5
row_029547,0.5
row_029439,0.5
row_003832,0.5
row_027075,0.5
row_005571,0.5
row_027755,0.5
row_007813,0.5
row_005803,0.5
row_015993,0.5
row_020598,0.5
row_018502,0.5
row_008128,0.5
row_024183,0.5
row_040387,0.5
row_008581,0.5
row_037764,0.5
row_020882,0.5
row_033414,0.5
row_016858,0.5
row_013234,0.5
row_006631,0.5
row_020958,0.5
row_045414,0.5
row_007285,0.5
row_040743,0.5
row_040286,0.5
row_006186,0.5
row_004870,0.5
row_045598,0.5
row_022883,0.5
row_012889,0.5
row_038781,0.5
row_003854,0.5
row_023792,0.5
row_028474,0.5
row_028347,0.5
row_010012,0.5
row_008528,0.5
row_029481,0.5
row_029632,0.5
row_012615,0.5
row_014982,0.5
row_009435,0.5
row_041611,0.5
row_040682,0.5
row_010374,0.5
row_017426,0.5
row_013989,0.5
row_010542,0.5
row_028308,0.5
row_044494,0.5
row_000207,0.5
row_002814,0.5
row_023398,0.5
row_014321,0.5
row_009755,0.5
row_020845,0.5
row_026615,0.5
row_016151,0.5
row_033022,0.5
row_029369,0.5
row_024691,0.5
row_001503,0.5
row_015817,0.5
row_001163,0.5
row_038537,0.5
row_003503,0.5
row_037112,0.5
row_003855,0.5
row_028063,0.5
row_007469,0.5
row_019546,0.5
row_000647,0.5
row_044912,0.5
row_016715,0.5
row_049057,0.5
row_029327,0.5
row_042007,0.5
row_007253,0.5
row_040947,0.5
row_043245,0.5
row_027421,0.5
row_016160,0.5
row_030992,0.5
row_016412,0.5
row_048715,0.5
row_038226,0.5
row_009771,0.5
row_001990,0.5
row_033409,0.5
row_031488,0.5
row_017446,0.5
row_006256,0.5
row_036073,0.5
row_049686,0.5
row_042098,0.5
row_031132,0.5
row_026659,0.5
row_028025,0.5
row_014665,0.5
row_030592,0.5
row_014738,0.5
row_030664,0.5
row_042976,0.5
row_022187,0.5
row_019464,0.5
row_040978,0.5
row_031528,0.5
row_003781,0.5
row_025569,0.5
row_024727,0.5
row_003317,0.5
row_032823,0.5
row_017961,0.5
row_006098,0.5
row_040963,0.5
row_023145,0.5
row_034051,0.5
row_029572,0.5
row_029774,0.5
row_045017,0.5
row_048871,0.5
row_032280,0.5
row_044223,0.5
row_033829,0.5
row_027640,0.5
row_006042,0.5
row_005317,0.5
row_008233,0.5
row_026803,0.5
row_011609,0.5
row_040767,0.5
row_013070,0.5
row_001287,0.5
row_025799,0.5
row_036043,0.5
row_025621,0.5
row_034362,0.5
row_013721,0.5
row_033801,0.5
row_009009,0.5
row_048114,0.5
row_002001,0.5
row_021811,0.5
row_013388,0.5
row_027625,0.5
row_042724,0.5
row_045173,0.5
row_045509,0.5
row_009284,0.5
row_038462,0.5
row_011950,0.5
row_040595,0.5
row_046257,0.5
row_026513,0.5
row_014409,0.5
row_036895,0.5
row_019963,0.5
row_004664,0.5
row_012993,0.5
row_030548,0.5
row_042144,0.5
row_046437,0.5
row_000830,0.5
row_034397,0.5
row_004257,0.5
row_004754,0.5
row_049474,0.5
row_037792,0.5
row_032967,0.5
row_011560,0.5
row_019414,0.5
row_022221,0.5
row_004098,0.5
row_003970,0.5
row_023226,0.5
row_048292,0.5
row_016020,0.5
row_045945,0.5
row_006616,0.5
row_044948,0.5
row_004486,0.5
row_026492,0.5
row_006446,0.5
row_017923,0.5
row_015417,0.5
row_039314,0.5
row_005686,0.5
row_048610,0.5
row_024637,0.5
row_028462,0.5
row_023348,0.5
row_032238,0.5
row_044184,0.5
row_045078,0.5
row_000994,0.5
row_048564,0.5
row_008180,0.5
row_029246,0.5
row_001978,0.5
row_008143,0.5
row_042073,0.5
row_035421,0.5
row_008035,0.5
row_040850,0.5
row_000734,0.5
row_034627,0.5
row_029996,0.5
row_049605,0.5
row_029872,0.5
row_039492,0.5
row_010650,0.5
row_048732,0.5
row_020010,0.5
row_025105,0.5
row_014062,0.5
row_012343,0.5
row_025412,0.5
row_044771,0.5
row_006225,0.5
row_012595,0.5
row_031364,0.5
row_010551,0.5
row_010610,0.5
row_018568,0.5
row_025536,0.5
row_034542,0.5
row_023071,0.5
row_013879,0.5
row_017591,0.5
row_035067,0.5
row_038918,0.5
row_045891,0.5
row_031838,0.5
row_008193,0.5
row_006283,0.5
row_014428,0.5
row_048899,0.5
row_010381,0.5
row_046819,0.5
row_016713,0.5
row_000342,0.5
row_045865,0.5
row_017737,0.5
row_049705,0.5
row_016696,0.5
row_023371,0.5
row_043220,0.5
row_031383,0.5
row_022109,0.5
row_003904,0.5
row_000555,0.5
row_024976,0.5
row_035269,0.5
row_016460,0.5
row_042568,0.5
row_018875,0.5
row_005578,0.5
row_018947,0.5
row_004055,0.5
row_044249,0.5
row_030416,0.5
row_044393,0.5
row_015907,0.5
row_028618,0.5
row_010246,0.5
row_004771,0.5
row_005877,0.5
row_002390,0.5
row_028973,0.5
row_048104,0.5
row_012344,0.5
row_033860,0.5
row_015750,0.5
row_030089,0.5
row_007115,0.5
row_007096,0.5
row_046594,0.5
row_011693,0.5
row_018121,0.5
row_006108,0.5
row_006651,0.5
row_016847,0.5
row_034523,0.5
row_017760,0.5
row_046948,0.5
row_048504,0.5
row_018375,0.5
row_020084,0.5
row_002566,0.5
row_028178,0.5
row_015226,0.5
row_034582,0.5
row_036166,0.5
row_048679,0.5
row_049375,0.5
row_030599,0.5
row_041205,0.5
row_044145,0.5
row_021605,0.5
row_007568,0.5
row_035967,0.5
row_040677,0.5
row_049007,0.5
row_023463,0.5
row_030940,0.5
row_014767,0.5
row_046844,0.5
row_012565,0.5
row_004264,0.5
row_003176,0.5
row_012658,0.5
row_027309,0.5
row_017698,0.5
row_049567,0.5
row_037897,0.5
row_020325,0.5
row_024806,0.5
row_039415,0.5
row_027487,0.5
row_001718,0.5
row_049531,0.5
row_035223,0.5
row_044472,0.5
row_038140,0.5
row_040080,0.5
row_034511,0.5
row_005083,0.5
row_012059,0.5
row_046856,0.5
row_024170,0.5
row_037483,0.5
row_049829,0.5
row_027294,0.5
row_005675,0.5
row_030782,0.5
row_045081,0.5
row_023270,0.5
row_038018,0.5
row_036905,0.5
row_024568,0.5
row_041368,0.5
row_018841,0.5
row_015308,0.5
row_005598,0.5
row_023423,0.5
row_013810,0.5
row_000043,0.5
row_002448,0.5
row_028458,0.5
row_023112,0.5
row_013607,0.5
row_001917,0.5
row_016817,0.5
row_036333,0.5
row_037011,0.5
row_015276,0.5
row_029015,0.5
row_010857,0.5
row_013162,0.5
row_013069,0.5
row_043246,0.5
row_024807,0.5
row_004560,0.5
row_016969,0.5
row_029147,0.5
row_049896,0.5
row_008869,0.5
row_040734,0.5
row_045757,0.5
row_030826,0.5
row_017779,0.5
row_017198,0.5
row_021318,0.5
row_017653,0.5
row_004027,0.5
row_021016,0.5
row_048396,0.5
row_007623,0.5
row_028786,0.5
row_042497,0.5
row_042699,0.5
row_026332,0.5
row_023303,0.5
row_035280,0.5
row_037368,0.5
row_045521,0.5
row_021048,0.5
row_049434,0.5
row_036577,0.5
row_027648,0.5
row_048219,0.5
row_038158,0.5
row_008974,0.5
row_033304,0.5
row_039427,0.5
row_023914,0.5
row_042506,0.5
row_012123,0.5
row_006575,0.5
row_006654,0.5
row_012199,0.5
row_037740,0.5
row_000717,0.5
row_003551,0.5
row_043476,0.5
row_023737,0.5
row_004251,0.5
row_048812,0.5
row_009795,0.5
row_029377,0.5
row_008120,0.5
row_000125,0.5
row_012596,0.5
row_041042,0.5
row_012121,0.5
row_045542,0.5
row_037249,0.5
row_024668,0.5
row_018592,0.5
row_017064,0.5
row_039655,0.5
row_028556,0.5
row_003784,0.5
row_013286,0.5
row_039133,0.5
row_045890,0.5
row_023926,0.5
row_023769,0.5
row_020864,0.5
row_015799,0.5
row_013244,0.5
row_014214,0.5
row_015228,0.5
row_049308,0.5
row_038478,0.5
row_009802,0.5
row_039742,0.5
row_021277,0.5
row_030589,0.5
row_023434,0.5
row_045113,0.5
row_006194,0.5
row_027186,0.5
row_004577,0.5
row_006990,0.5
row_003455,0.5
row_040753,0.5
row_049926,0.5
row_036006,0.5
row_026909,0.5
row_002761,0.5
row_033451,0.5
row_013014,0.5
row_005532,0.5
row_026788,0.5
row_039209,0.5
row_000896,0.5
row_023411,0.5
row_017809,0.5
row_038927,0.5
row_037667,0.5
row_031091,0.5
row_018487,0.5
row_017892,0.5
row_035698,0.5
row_028577,0.5
row_006235,0.5
row_003890,0.5
row_046765,0.5
row_042846,0.5
row_038879,0.5
row_048567,0.5
row_032935,0.5
row_047259,0.5
row_000189,0.5
row_044720,0.5
row_025664,0.5
row_043609,0.5
row_039177,0.5
row_038602,0.5
row_048821,0.5
row_028811,0.5
row_000613,0.5
row_008956,0.5
row_035979,0.5
row_000423,0.5
row_038795,0.5
row_033198,0.5
row_019573,0.5
row_041443,0.5
row_021747,0.5
row_019865,0.5
row_019621,0.5
row_028441,0.5
row_004608,0.5
row_005185,0.5
row_021626,0.5
row_046458,0.5
row_002417,0.5
row_005913,0.5
row_040167,0.5
row_039948,0.5
row_008738,0.5
row_025307,0.5
row_000089,0.5
row_044463,0.5
row_013021,0.5
row_022976,0.5
row_024954,0.5
row_024132,0.5
row_032937,0.5
row_039593,0.5
row_019548,0.5
row_003672,0.5
row_028540,0.5
row_000460,0.5
row_000142,0.5
row_009890,0.5
row_038362,0.5
row_006731,0.5
row_017195,0.5
row_033395,0.5
row_037936,0.5
row_038032,0.5
row_015409,0.5
row_023826,0.5
row_034069,0.5
row_036151,0.5
row_039719,0.5
row_033631,0.5
row_000278,0.5
row_034751,0.5
row_001865,0.5
row_017808,0.5
row_016537,0.5
row_039554,0.5
row_029129,0.5
row_028692,0.5
row_005450,0.5
row_003802,0.5
row_025864,0.5
row_040401,0.5
row_000800,0.5
row_041761,0.5
row_022084,0.5
row_014310,0.5
row_012471,0.5
row_018347,0.5
row_004447,0.5
row_033031,0.5
row_037922,0.5
row_001557,0.5
row_032230,0.5
row_032096,0.5
row_021960,0.5
row_006758,0.5
row_024540,0.5
row_019803,0.5
row_025960,0.5
row_006221,0.5
row_019599,0.5
row_025918,0.5
row_047399,0.5
row_037649,0.5
row_036557,0.5
row_017563,0.5
row_040536,0.5
row_025602,0.5
row_049216,0.5
row_024070,0.5
row_011037,0.5
row_011605,0.5
row_022743,0.5
row_013180,0.5
row_016166,0.5
row_028694,0.5
row_023624,0.5
row_030331,0.5
row_043227,0.5
row_047772,0.5
row_013166,0.5
row_003804,0.5
row_037318,0.5
row_036472,0.5
row_036866,0.5
row_012739,0.5
row_043216,0.5
row_020354,0.5
row_028378,0.5
row_040368,0.5
row_014189,0.5
row_037813,0.5
row_005273,0.5
row_030773,0.5
row_034701,0.5
row_041194,0.5
row_026770,0.5
row_000701,0.5
row_046398,0.5
row_023350,0.5
row_014488,0.5
row_044403,0.5
row_031564,0.5
row_018070,0.5
row_038193,0.5
row_049445,0.5
row_044625,0.5
row_041961,0.5
row_010500,0.5
row_005382,0.5
row_042090,0.5
row_032608,0.5
row_041403,0.5
row_042216,0.5
row_013024,0.5
row_042203,0.5
row_029017,0.5
row_001206,0.5
row_024640,0.5
row_041326,0.5
row_047167,0.5
row_003398,0.5
row_002155,0.5
row_017855,0.5
row_017257,0.5
row_047589,0.5
row_021334,0.5
row_023078,0.5
row_041751,0.5
row_042379,0.5
row_000402,0.5
row_024768,0.5
row_015846,0.5
row_019666,0.5
row_009391,0.5
row_014908,0.5
row_046959,0.5
row_029115,0.5
row_023488,0.5
row_033606,0.5
row_045404,0.5
row_026836,0.5
row_034750,0.5
row_026376,0.5
row_004804,0.5
row_030998,0.5
row_028182,0.5
row_005974,0.5
row_022785,0.5
row_021037,0.5
row_014195,0.5
row_032082,0.5
row_044770,0.5
row_018891,0.5
row_019910,0.5
row_010522,0.5
row_018799,0.5
row_009260,0.5
row_026284,0.5
row_026760,0.5
row_020727,0.5
row_047334,0.5
row_029440,0.5
row_021222,0.5
row_022769,0.5
row_015317,0.5
row_015909,0.5
row_038779,0.5
row_035022,0.5
row_020202,0.5
row_030777,0.5
row_005882,0.5
row_015593,0.5
row_007789,0.5
row_004503,0.5
row_010647,0.5
row_034703,0.5
row_037597,0.5
row_017500,0.5
row_042974,0.5
row_019852,0.5
row_007929,0.5
row_012750,0.5
row_003938,0.5
row_016477,0.5
row_010677,0.5
row_028686,0.5
row_031180,0.5
row_014555,0.5
row_014413,0.5
row_022111,0.5
row_014638,0.5
row_006690,0.5
row_030290,0.5
row_045300,0.5
row_005257,0.5
row_016263,0.5
row_045349,0.5
row_021780,0.5
row_013557,0.5
row_000334,0.5
row_010722,0.5
row_041947,0.5
row_018582,0.5
row_019923,0.5
row_023901,0.5
row_046762,0.5
row_007796,0.5
row_013427,0.5
row_001585,0.5
row_011093,0.5
row_015102,0.5
row_027422,0.5
row_001458,0.5
row_047036,0.5
row_030104,0.5
row_027799,0.5
row_002386,0.5
row_034257,0.5
row_034854,0.5
row_034982,0.5
row_010733,0.5
row_025097,0.5
row_041400,0.5
row_039548,0.5
row_042832,0.5
row_037106,0.5
row_031744,0.5
row_031301,0.5
row_010284,0.5
row_032483,0.5
row_028438,0.5
row_018560,0.5
row_026320,0.5
row_043143,0.5
row_018852,0.5
row_045893,0.5
row_016700,0.5
row_010906,0.5
row_046789,0.5
row_043817,0.5
row_046585,0.5
row_008325,0.5
row_041337,0.5
row_043004,0.5
row_029406,0.5
row_040476,0.5
row_022278,0.5
row_043505,0.5
row_040136,0.5
row_006339,0.5
row_009283,0.5
row_022048,0.5
row_043408,0.5
row_019356,0.5
row_013063,0.5
row_015571,0.5
row_003950,0.5
row_008002,0.5
row_005106,0.5
row_013776,0.5
row_001138,0.5
row_044229,0.5
row_010209,0.5
row_035348,0.5
row_003190,0.5
row_032746,0.5
row_032964,0.5
row_006393,0.5
row_048112,0.5
row_003858,0.5
row_008292,0.5
row_020065,0.5
row_006970,0.5
row_034867,0.5
row_010774,0.5
row_023670,0.5
row_046956,0.5
row_016807,0.5
row_020706,0.5
row_034204,0.5
row_004890,0.5
row_033652,0.5
row_012829,0.5
row_020059,0.5
row_028510,0.5
row_016237,0.5
row_011029,0.5
row_028946,0.5
row_025753,0.5
row_038936,0.5
row_012127,0.5
row_021789,0.5
row_039425,0.5
row_013949,0.5
row_019809,0.5
row_025667,0.5
row_027937,0.5
row_003876,0.5
row_019242,0.5
row_045205,0.5
row_028989,0.5
row_040047,0.5
row_045553,0.5
row_025875,0.5
row_040304,0.5
row_023658,0.5
row_003001,0.5
row_037295,0.5
row_012774,0.5
row_029638,0.5
row_014790,0.5
row_036961,0.5
row_004378,0.5
row_025760,0.5
row_031101,0.5
row_024324,0.5
row_023245,0.5
row_010800,0.5
row_040472,0.5
row_008892,0.5
row_009685,0.5
row_012260,0.5
row_047032,0.5
row_008863,0.5
row_042816,0.5
row_023312,0.5
row_006682,0.5
row_023483,0.5
row_010006,0.5
row_031041,0.5
row_008108,0.5
row_032023,0.5
row_018926,0.5
row_029022,0.5
row_012998,0.5
row_041488,0.5
row_015643,0.5
row_003473,0.5
row_003173,0.5
row_033607,0.5
row_047177,0.5
row_030030,0.5
row_007523,0.5
row_029951,0.5
row_039733,0.5
row_041386,0.5
row_001496,0.5
row_009080,0.5
row_028920,0.5
row_006858,0.5
row_003557,0.5
row_001188,0.5
row_036679,0.5
row_002097,0.5
row_016862,0.5
row_011982,0.5
row_028951,0.5
row_018857,0.5
row_049086,0.5
row_004971,0.5
row_033680,0.5
row_003315,0.5
row_010241,0.5
row_008548,0.5
row_040702,0.5
row_028517,0.5
row_004777,0.5
row_005071,0.5
row_045109,0.5
row_048660,0.5
row_004018,0.5
row_010357,0.5
row_004471,0.5
row_022901,0.5
row_017664,0.5
row_027515,0.5
row_007033,0.5
row_015754,0.5
row_011801,0.5
row_035688,0.5
row_039099,0.5
row_035330,0.5
row_018222,0.5
row_020230,0.5
row_022587,0.5
row_003460,0.5
row_021488,0.5
row_029818,0.5
row_026423,0.5
row_003415,0.5
row_014423,0.5
row_007669,0.5
row_003191,0.5
row_004699,0.5
row_022396,0.5
row_021223,0.5
row_007851,0.5
row_007178,0.5
row_033811,0.5
row_011344,0.5
row_010403,0.5
row_029906,0.5
row_036878,0.5
row_021420,0.5
row_008124,0.5
row_042022,0.5
row_017004,0.5
row_017093,0.5
row_046318,0.5
row_047492,0.5
row_012692,0.5
row_042215,0.5
row_029226,0.5
row_038418,0.5
row_021251,0.5
row_022628,0.5
row_043106,0.5
row_017877,0.5
row_006318,0.5
row_037798,0.5
row_038239,0.5
row_024921,0.5
row_036516,0.5
row_042830,0.5
row_010376,0.5
row_013893,0.5
row_017170,0.5
row_016360,0.5
row_030747,0.5
row_009691,0.5
row_045526,0.5
row_028530,0.5
row_018399,0.5
row_029074,0.5
row_026077,0.5
row_033531,0.5
row_018723,0.5
row_032615,0.5
row_003295,0.5
row_021060,0.5
row_047297,0.5
row_011170,0.5
row_009677,0.5
row_019217,0.5
row_035202,0.5
row_019137,0.5
row_021935,0.5
row_046127,0.5
row_022099,0.5
row_027841,0.5
row_007075,0.5
row_014441,0.5
row_003329,0.5
row_038460,0.5
row_019854,0.5
row_012411,0.5
row_000062,0.5
row_047896,0.5
row_042478,0.5
row_009023,0.5
row_021633,0.5
row_023885,0.5
row_013596,0.5
row_009001,0.5
row_046415,0.5
row_011099,0.5
row_005537,0.5
row_016447,0.5
row_018148,0.5
row_012787,0.5
row_043354,0.5
row_046769,0.5
row_028003,0.5
row_037753,0.5
row_032373,0.5
row_030001,0.5
row_021851,0.5
row_022753,0.5
row_003564,0.5
row_043695,0.5
row_045944,0.5
row_011085,0.5
row_034235,0.5
row_019085,0.5
row_022831,0.5
row_030709,0.5
row_028705,0.5
row_044350,0.5
row_020616,0.5
row_014533,0.5
row_017442,0.5
row_007094,0.5
row_013362,0.5
row_036999,0.5
row_023162,0.5
row_011368,0.5
row_041794,0.5
row_023938,0.5
row_030705,0.5
row_040211,0.5
row_001348,0.5
row_017757,0.5
row_019010,0.5
row_048116,0.5
row_032355,0.5
row_031267,0.5
row_003864,0.5
row_019642,0.5
row_036201,0.5
row_000546,0.5
row_023031,0.5
row_005030,0.5
row_039997,0.5
row_035615,0.5
row_007629,0.5
row_018081,0.5
row_037461,0.5
row_005917,0.5
row_045260,0.5
row_029079,0.5
row_024980,0.5
row_023528,0.5
row_033016,0.5
row_043427,0.5
row_004829,0.5
row_006117,0.5
row_019468,0.5
row_028287,0.5
row_009533,0.5
row_028693,0.5
row_006602,0.5
row_002144,0.5
row_033961,0.5
row_035517,0.5
row_014437,0.5
row_026496,0.5
row_024239,0.5
row_033155,0.5
row_020381,0.5
row_040043,0.5
row_000169,0.5
row_009025,0.5
row_000078,0.5
row_045455,0.5
row_005833,0.5
row_010822,0.5
row_044443,0.5
row_030927,0.5
row_012400,0.5
row_016804,0.5
row_029333,0.5
row_044525,0.5
row_011080,0.5
row_046845,0.5
row_032113,0.5
row_028793,0.5
row_007784,0.5
row_044510,0.5
row_000795,0.5
row_011824,0.5
row_026053,0.5
row_018587,0.5
row_042673,0.5
row_042364,0.5
row_018789,0.5
row_002632,0.5
row_039960,0.5
row_008350,0.5
row_031563,0.5
row_034104,0.5
row_005110,0.5
row_021794,0.5
row_037942,0.5
row_015420,0.5
row_032563,0.5
row_019377,0.5
row_049750,0.5
row_024833,0.5
row_001208,0.5
row_044535,0.5
row_048793,0.5
row_017047,0.5
row_018752,0.5
row_037703,0.5
row_017828,0.5
row_005063,0.5
row_006723,0.5
row_032071,0.5
row_015541,0.5
row_036467,0.5
row_033632,0.5
row_022540,0.5
row_025729,0.5
row_037526,0.5
row_027731,0.5
row_038938,0.5
row_046574,0.5
row_037201,0.5
row_043021,0.5
row_012908,0.5
row_015393,0.5
row_036981,0.5
row_023147,0.5
row_022939,0.5
row_016392,0.5
row_043379,0.5
row_014785,0.5
row_034423,0.5
row_009728,0.5
row_044105,0.5
row_018715,0.5
row_046057,0.5
row_013076,0.5
row_018486,0.5
row_041264,0.5
row_019300,0.5
row_010175,0.5
row_017949,0.5
row_002153,0.5
row_016039,0.5
row_049348,0.5
row_019036,0.5
row_040046,0.5
row_018519,0.5
row_001808,0.5
row_001948,0.5
row_010621,0.5
row_016705,0.5
row_035165,0.5
row_031206,0.5
row_019545,0.5
row_012509,0.5
row_042552,0.5
row_044277,0.5
row_049180,0.5
row_014682,0.5
row_042477,0.5
row_022346,0.5
row_013511,0.5
row_014726,0.5
row_038982,0.5
row_007358,0.5
row_021793,0.5
row_047333,0.5
row_034753,0.5
row_032358,0.5
row_007529,0.5
row_007331,0.5
row_019043,0.5
row_009537,0.5
row_031060,0.5
row_007757,0.5
row_011544,0.5
row_023943,0.5
row_017634,0.5
row_033384,0.5
row_044431,0.5
row_025683,0.5
row_020235,0.5
row_020212,0.5
row_015555,0.5
row_001570,0.5
row_009574,0.5
row_042719,0.5
row_004628,0.5
row_038809,0.5
row_018021,0.5
row_023518,0.5
row_040553,0.5
row_032901,0.5
row_035116,0.5
row_031627,0.5
row_005269,0.5
row_001834,0.5
row_006831,0.5
row_030518,0.5
row_000404,0.5
row_039861,0.5
row_025825,0.5
row_014422,0.5
row_042062,0.5
row_000309,0.5
row_038601,0.5
row_040623,0.5
row_026225,0.5
row_048450,0.5
row_049815,0.5
row_045263,0.5
row_035806,0.5
row_024585,0.5
row_010934,0.5
row_043580,0.5
row_025514,0.5
row_023580,0.5
row_038957,0.5
row_005800,0.5
row_044590,0.5
row_011466,0.5
row_006876,0.5
row_015781,0.5
row_036256,0.5
row_028839,0.5
row_019019,0.5
row_049909,0.5
row_046100,0.5
row_037080,0.5
row_041723,0.5
row_004271,0.5
row_008192,0.5
row_004241,0.5
row_019772,0.5
row_001116,0.5
row_041749,0.5
row_042440,0.5
row_033978,0.5
row_040840,0.5
row_029564,0.5
row_022973,0.5
row_006844,0.5
row_037380,0.5
row_027138,0.5
row_004620,0.5
row_001754,0.5
row_041495,0.5
row_040210,0.5
row_014188,0.5
row_030394,0.5
row_045811,0.5
row_038942,0.5
row_016384,0.5
row_049713,0.5
row_005480,0.5
row_040162,0.5
row_026743,0.5
row_011436,0.5
row_044272,0.5
row_039079,0.5
row_032710,0.5
row_039155,0.5
row_011142,0.5
row_018493,0.5
row_015996,0.5
row_022618,0.5
row_038131,0.5
row_040215,0.5
row_042214,0.5
row_031256,0.5
row_043196,0.5
row_027783,0.5
row_023818,0.5
row_021783,0.5
row_009734,0.5
row_020562,0.5
row_043369,0.5
row_024674,0.5
row_000080,0.5
row_040026,0.5
row_032661,0.5
row_046935,0.5
row_021365,0.5
row_006163,0.5
row_025774,0.5
row_002743,0.5
row_016500,0.5
row_005119,0.5
row_023958,0.5
row_015824,0.5
row_047104,0.5
row_033119,0.5
row_014177,0.5
row_001536,0.5
row_002394,0.5
row_040594,0.5
row_012957,0.5
row_045584,0.5
row_024126,0.5
row_009292,0.5
row_014004,0.5
row_032173,0.5
row_020894,0.5
row_005592,0.5
row_028623,0.5
row_026208,0.5
row_038996,0.5
row_027873,0.5
row_028312,0.5
row_025920,0.5
row_016340,0.5
row_035821,0.5
row_049734,0.5
row_013642,0.5
row_025976,0.5
row_013106,0.5
row_049347,0.5
row_039817,0.5
row_022775,0.5
row_016313,0.5
row_013287,0.5
row_043286,0.5
row_003268,0.5
row_011759,0.5
row_013157,0.5
row_005567,0.5
row_015272,0.5
row_021984,0.5
row_045534,0.5
row_014799,0.5
row_020315,0.5
row_037384,0.5
row_020169,0.5
row_034958,0.5
row_028116,0.5
row_033404,0.5
row_013539,0.5
row_008421,0.5
row_001920,0.5
row_028476,0.5
row_034012,0.5
row_045031,0.5
row_007733,0.5
row_014641,0.5
row_038077,0.5
row_022884,0.5
row_028930,0.5
row_022850,0.5
row_017810,0.5
row_027295,0.5
row_015528,0.5
row_031746,0.5
row_038620,0.5
row_003405,0.5
row_030261,0.5
row_037839,0.5
row_031816,0.5
row_027724,0.5
row_013681,0.5
row_043293,0.5
row_048413,0.5
row_030755,0.5
row_031626,0.5
row_043856,0.5
row_023498,0.5
row_004446,0.5
row_049944,0.5
row_043713,0.5
row_019288,0.5
row_019978,0.5
row_020351,0.5
row_027231,0.5
row_007824,0.5
row_046346,0.5
row_029308,0.5
row_003942,0.5
row_000221,0.5
row_009368,0.5
row_015900,0.5
row_019259,0.5
row_007511,0.5
row_039030,0.5
row_048832,0.5
row_003870,0.5
row_030265,0.5
row_046640,0.5
row_037247,0.5
row_043832,0.5
row_016209,0.5
row_027920,0.5
row_009172,0.5
row_000999,0.5
row_020708,0.5
row_013206,0.5
row_004992,0.5
row_048238,0.5
row_044377,0.5
row_010827,0.5
row_029125,0.5
row_022699,0.5
row_019209,0.5
row_015690,0.5
row_009033,0.5
row_042788,0.5
row_032350,0.5
row_011586,0.5
row_030093,0.5
row_037333,0.5
row_046129,0.5
row_024841,0.5
row_042079,0.5
row_000893,0.5
row_038195,0.5
row_035472,0.5
row_013368,0.5
row_009750,0.5
row_040633,0.5
row_049573,0.5
row_007262,0.5
row_017539,0.5
row_021557,0.5
row_040646,0.5
row_029799,0.5
row_036389,0.5
row_024627,0.5
row_048623,0.5
row_014030,0.5
row_025235,0.5
row_049135,0.5
row_039040,0.5
row_033524,0.5
row_028809,0.5
row_007608,0.5
row_048445,0.5
row_035627,0.5
row_048539,0.5
row_032976,0.5
row_006349,0.5
row_031398,0.5
row_046115,0.5
row_039512,0.5
row_037238,0.5
row_002755,0.5
row_022888,0.5
row_047640,0.5
row_013837,0.5
row_001554,0.5
row_011652,0.5
row_015441,0.5
row_022418,0.5
row_015452,0.5
row_031858,0.5
row_035180,0.5
row_002950,0.5
row_007143,0.5
row_042731,0.5
row_008366,0.5
row_026395,0.5
row_024054,0.5
row_001055,0.5
row_024914,0.5
row_002008,0.5
row_021913,0.5
row_018860,0.5
row_008265,0.5
row_016026,0.5
row_021089,0.5
row_040101,0.5
row_029595,0.5
row_026510,0.5
row_039682,0.5
row_049094,0.5
row_008415,0.5
row_011009,0.5
row_031535,0.5
row_011713,0.5
row_016757,0.5
row_042384,0.5
row_037115,0.5
row_016797,0.5
row_008677,0.5
row_035829,0.5
row_007713,0.5
row_023948,0.5
row_045798,0.5
row_019668,0.5
row_044428,0.5
row_031269,0.5
row_032155,0.5
row_008561,0.5
row_021592,0.5
row_018714,0.5
row_024677,0.5
row_046277,0.5
row_047052,0.5
row_037770,0.5
row_046655,0.5
row_043224,0.5
row_031614,0.5
row_040938,0.5
row_046547,0.5
row_009038,0.5
row_000339,0.5
row_029788,0.5
row_045942,0.5
row_027346,0.5
row_045983,0.5
row_008687,0.5
row_037382,0.5
row_037870,0.5
row_039974,0.5
row_014074,0.5
row_015635,0.5
row_023509,0.5
row_034624,0.5
row_034030,0.5
row_048058,0.5
row_038034,0.5
row_023986,0.5
row_003493,0.5
row_011785,0.5
row_032698,0.5
row_039101,0.5
row_039153,0.5
row_043786,0.5
row_046528,0.5
row_009769,0.5
row_017781,0.5
row_003425,0.5
row_022288,0.5
row_044566,0.5
row_021730,0.5
row_003152,0.5
row_033064,0.5
row_019093,0.5
row_007539,0.5
row_002946,0.5
row_029434,0.5
row_048767,0.5
row_009810,0.5
row_018931,0.5
row_042834,0.5
row_035403,0.5
row_048695,0.5
row_019198,0.5
row_035737,0.5
row_022168,0.5
row_040168,0.5
row_034595,0.5
row_000577,0.5
row_023359,0.5
row_017428,0.5
row_011884,0.5
row_005089,0.5
row_041763,0.5
row_008655,0.5
row_014502,0.5
row_022999,0.5
row_047263,0.5
row_021125,0.5
row_000210,0.5
row_048757,0.5
row_040006,0.5
row_030180,0.5
row_014744,0.5
row_010896,0.5
row_011441,0.5
row_018621,0.5
row_028311,0.5
row_041529,0.5
row_042115,0.5
row_029222,0.5
row_008311,0.5
row_026866,0.5
row_048491,0.5
row_027579,0.5
row_022050,0.5
row_001286,0.5
row_011781,0.5
row_036825,0.5
row_033274,0.5
row_039744,0.5
row_007364,0.5
row_010460,0.5
row_030429,0.5
row_003767,0.5
row_010055,0.5
row_033195,0.5
row_034449,0.5
row_000200,0.5
row_046506,0.5
row_017729,0.5
row_030656,0.5
row_039017,0.5
row_040865,0.5
row_025424,0.5
row_012681,0.5
row_003275,0.5
row_049167,0.5
row_033584,0.5
row_021073,0.5
row_042453,0.5
row_008570,0.5
row_001932,0.5
row_043729,0.5
row_019397,0.5
row_033245,0.5
row_048518,0.5
row_000985,0.5
row_017081,0.5
row_012427,0.5
row_002478,0.5
row_049575,0.5
row_044836,0.5
row_008619,0.5
row_004127,0.5
row_035654,0.5
row_020498,0.5
row_034757,0.5
row_040808,0.5
row_003622,0.5
row_017738,0.5
row_046471,0.5
row_034770,0.5
row_029757,0.5
row_032255,0.5
row_038265,0.5
row_009844,0.5
row_020741,0.5
row_049154,0.5
row_018823,0.5
row_029131,0.5
row_031337,0.5
row_047026,0.5
row_020838,0.5
row_028538,0.5
row_007991,0.5
row_020852,0.5
row_048244,0.5
row_007436,0.5
row_048865,0.5
row_016259,0.5
row_049453,0.5
row_032080,0.5
row_014678,0.5
row_039287,0.5
row_009441,0.5
row_023011,0.5
row_013638,0.5
row_043881,0.5
row_010449,0.5
row_033383,0.5
row_016775,0.5
row_007046,0.5
row_028168,0.5
row_000810,0.5
row_049465,0.5
row_011946,0.5
row_040760,0.5
row_042856,0.5
row_012023,0.5
row_036402,0.5
row_019973,0.5
row_002836,0.5
row_021659,0.5
row_000482,0.5
row_027496,0.5
row_025099,0.5
row_002762,0.5
row_020871,0.5
row_003254,0.5
row_026236,0.5
row_039507,0.5
row_048878,0.5
row_020684,0.5
row_014516,0.5
row_002392,0.5
row_045602,0.5
row_041280,0.5
row_025323,0.5
row_041785,0.5
row_011483,0.5
row_031050,0.5
row_031726,0.5
row_048730,0.5
row_002358,0.5
row_015442,0.5
row_037855,0.5
row_048522,0.5
row_031542,0.5
row_005719,0.5
row_004294,0.5
row_022212,0.5
row_041311,0.5
row_016759,0.5
row_049704,0.5
row_023738,0.5
row_014106,0.5
row_019260,0.5
row_035575,0.5
row_037116,0.5
row_003429,0.5
row_022492,0.5
row_035519,0.5
row_049136,0.5
row_035055,0.5
row_029426,0.5
row_018816,0.5
row_045691,0.5
row_042361,0.5
row_028125,0.5
row_019168,0.5
row_040299,0.5
row_000703,0.5
row_042057,0.5
row_024373,0.5
row_017439,0.5
row_047714,0.5
row_024266,0.5
row_022771,0.5
row_024523,0.5
row_007071,0.5
row_047436,0.5
row_033824,0.5
row_034763,0.5
row_039686,0.5
row_013645,0.5
row_041806,0.5
row_024517,0.5
row_047304,0.5
row_034830,0.5
row_043036,0.5
row_040324,0.5
row_020580,0.5
row_034996,0.5
row_049560,0.5
row_030505,0.5
row_001903,0.5
row_033234,0.5
row_012991,0.5
row_044415,0.5
row_048367,0.5
row_018677,0.5
row_028237,0.5
row_002689,0.5
row_014712,0.5
row_020586,0.5
row_042948,0.5
row_001166,0.5
row_033685,0.5
row_018299,0.5
row_023549,0.5
row_024285,0.5
row_004048,0.5
row_012556,0.5
row_003363,0.5
row_032492,0.5
row_039444,0.5
row_034539,0.5
row_021922,0.5
row_034082,0.5
row_004531,0.5
row_002507,0.5
row_032273,0.5
row_044620,0.5
row_032516,0.5
row_048236,0.5
row_044059,0.5
row_007124,0.5
row_023950,0.5
row_039965,0.5
row_003105,0.5
row_038005,0.5
row_041817,0.5
row_035424,0.5
row_039227,0.5
row_036239,0.5
row_021485,0.5
row_038273,0.5
row_049839,0.5
row_035959,0.5
row_038540,0.5
row_034008,0.5
row_006415,0.5
row_030142,0.5
row_023672,0.5
row_004340,0.5
row_003527,0.5
row_037343,0.5
row_036655,0.5
row_035073,0.5
row_013097,0.5
row_028010,0.5
row_033056,0.5
row_049566,0.5
row_005708,0.5
row_014498,0.5
row_025978,0.5
row_041327,0.5
row_000235,0.5
row_040149,0.5
row_023848,0.5
row_031441,0.5
row_020650,0.5
row_002650,0.5
row_011464,0.5
row_031379,0.5
row_034931,0.5
row_036909,0.5
row_034407,0.5
row_010468,0.5
row_012501,0.5
row_026994,0.5
row_001505,0.5
row_049589,0.5
row_003569,0.5
row_016310,0.5
row_031570,0.5
row_010362,0.5
row_029077,0.5
row_016062,0.5
row_022573,0.5
row_036055,0.5
row_029299,0.5
row_028602,0.5
row_033768,0.5
row_035174,0.5
row_047790,0.5
row_001301,0.5
row_034368,0.5
row_014432,0.5
row_007818,0.5
row_037361,0.5
row_030310,0.5
row_042727,0.5
row_009116,0.5
row_008905,0.5
row_016187,0.5
row_017730,0.5
row_020834,0.5
row_018611,0.5
row_021483,0.5
row_033572,0.5
row_021787,0.5
row_043530,0.5
row_019565,0.5
row_033649,0.5
row_035415,0.5
row_022925,0.5
row_045636,0.5
row_007781,0.5
row_045769,0.5
row_024947,0.5
row_004657,0.5
row_030887,0.5
row_006011,0.5
row_005894,0.5
row_013944,0.5
row_024760,0.5
row_042842,0.5
row_032289,0.5
row_004888,0.5
row_004792,0.5
row_032175,0.5
row_045397,0.5
row_033349,0.5
row_020477,0.5
row_030044,0.5
row_021604,0.5
row_017331,0.5
row_049475,0.5
row_023469,0.5
row_034357,0.5
row_003502,0.5
row_023399,0.5
row_039463,0.5
row_034184,0.5
row_020686,0.5
row_005277,0.5
row_049592,0.5
row_041981,0.5
row_015597,0.5
row_017141,0.5
row_023019,0.5
row_036047,0.5
row_044546,0.5
row_036811,0.5
row_035637,0.5
row_006007,0.5
row_038145,0.5
row_003971,0.5
row_008186,0.5
row_000903,0.5
row_025465,0.5
row_020989,0.5
row_014277,0.5
row_039055,0.5
row_038707,0.5
row_006825,0.5
row_002549,0.5
row_005593,0.5
row_016625,0.5
row_000488,0.5
row_037977,0.5
row_038408,0.5
row_044776,0.5
row_044561,0.5
row_044974,0.5
row_005006,0.5
row_031587,0.5
row_002884,0.5
row_009190,0.5
row_032697,0.5
row_015210,0.5
row_010875,0.5
row_003956,0.5
row_033498,0.5
row_020401,0.5
row_010554,0.5
row_005859,0.5
row_015011,0.5
row_013988,0.5
row_007703,0.5
row_029593,0.5
row_007397,0.5
row_003736,0.5
row_015767,0.5
row_015953,0.5
row_025777,0.5
row_037070,0.5
row_039469,0.5
row_036144,0.5
row_002470,0.5
row_031338,0.5
row_010472,0.5
row_025905,0.5
row_000939,0.5
row_004597,0.5
row_022941,0.5
row_041032,0.5
row_031487,0.5
row_014200,0.5
row_013411,0.5
row_041725,0.5
row_015613,0.5
row_048232,0.5
row_047507,0.5
row_049954,0.5
row_009467,0.5
row_026122,0.5
row_030431,0.5
row_037683,0.5
row_027788,0.5
row_010056,0.5
row_033287,0.5
row_046388,0.5
row_037564,0.5
row_037069,0.5
row_038014,0.5
row_040905,0.5
row_027772,0.5
row_025541,0.5
row_026175,0.5
row_000217,0.5
row_013686,0.5
row_034695,0.5
row_044239,0.5
row_022849,0.5
row_003512,0.5
row_012492,0.5
row_014529,0.5
row_040764,0.5
row_044875,0.5
row_026559,0.5
row_005155,0.5
row_046514,0.5
row_042160,0.5
row_019622,0.5
row_020311,0.5
row_014967,0.5
row_000253,0.5
row_001807,0.5
row_005318,0.5
row_045466,0.5
row_037607,0.5
row_023470,0.5
row_042133,0.5
row_027087,0.5
row_028351,0.5
row_001078,0.5
row_003526,0.5
row_043653,0.5
row_031153,0.5
row_036769,0.5
row_033046,0.5
row_006090,0.5
row_044131,0.5
row_007889,0.5
row_034042,0.5
row_029324,0.5
row_032835,0.5
row_020080,0.5
row_017957,0.5
row_045448,0.5
row_042455,0.5
row_012307,0.5
row_025858,0.5
row_013752,0.5
row_047836,0.5
row_033928,0.5
row_036275,0.5
row_010752,0.5
row_001492,0.5
row_007565,0.5
row_005755,0.5
row_018513,0.5
row_014258,0.5
row_039102,0.5
row_004024,0.5
row_016270,0.5
row_029611,0.5
row_043226,0.5
row_004780,0.5
row_030227,0.5
row_048849,0.5
row_029780,0.5
row_044777,0.5
row_049275,0.5
row_005504,0.5
row_018132,0.5
row_044751,0.5
row_024407,0.5
row_034495,0.5
row_041727,0.5
row_034348,0.5
row_012925,0.5
row_028429,0.5
row_037184,0.5
row_006718,0.5
row_036685,0.5
row_022351,0.5
row_006524,0.5
row_020545,0.5
row_014032,0.5
row_018032,0.5
row_002312,0.5
row_030231,0.5
row_019779,0.5
row_044135,0.5
row_031332,0.5
row_027975,0.5
row_027917,0.5
row_040910,0.5
row_029170,0.5
row_017520,0.5
row_031264,0.5
row_010128,0.5
row_014710,0.5
row_044516,0.5
row_026046,0.5
row_049380,0.5
row_013443,0.5
row_032833,0.5
row_040497,0.5
row_019435,0.5
row_029394,0.5
row_007979,0.5
row_029172,0.5
row_014137,0.5
row_038777,0.5
row_030130,0.5
row_020851,0.5
row_029456,0.5
row_031437,0.5
row_003872,0.5
row_016188,0.5
row_035436,0.5
row_009865,0.5
row_005271,0.5
row_046226,0.5
row_042490,0.5
row_040739,0.5
row_009840,0.5
row_041351,0.5
row_032593,0.5
row_040550,0.5
row_025223,0.5
row_037331,0.5
row_012763,0.5
row_041005,0.5
row_019241,0.5
row_011960,0.5
row_004761,0.5
row_002256,0.5
row_026145,0.5
row_003450,0.5
row_003735,0.5
row_025428,0.5
row_045656,0.5
row_030467,0.5
row_010616,0.5
row_013724,0.5
row_046859,0.5
row_038874,0.5
row_015533,0.5
row_044943,0.5
row_021541,0.5
row_018160,0.5
row_000943,0.5
row_010464,0.5
row_005510,0.5
row_020408,0.5
row_037377,0.5
row_043222,0.5
row_027396,0.5
row_002311,0.5
row_030991,0.5
row_003077,0.5
row_045084,0.5
row_043674,0.5
row_006637,0.5
row_000351,0.5
row_020743,0.5
row_002398,0.5
row_025032,0.5
row_027878,0.5
row_025192,0.5
row_023545,0.5
row_034860,0.5
row_030496,0.5
row_020701,0.5
row_014944,0.5
row_027385,0.5
row_024702,0.5
row_038519,0.5
row_006996,0.5
row_040199,0.5
row_031751,0.5
row_018614,0.5
row_035901,0.5
row_011341,0.5
row_017092,0.5
row_041402,0.5
row_046215,0.5
row_009630,0.5
row_045410,0.5
row_047025,0.5
row_040209,0.5
row_024371,0.5
row_024978,0.5
row_031188,0.5
row_040441,0.5
row_015509,0.5
row_002759,0.5
row_002120,0.5
row_038060,0.5
row_003933,0.5
row_003972,0.5
row_046047,0.5
row_049666,0.5
row_010703,0.5
row_026455,0.5
row_018784,0.5
row_033796,0.5
row_040776,0.5
row_025557,0.5
row_007779,0.5
row_044781,0.5
row_014573,0.5
row_018894,0.5
row_007771,0.5
row_019820,0.5
row_022668,0.5
row_027088,0.5
row_049101,0.5
row_047152,0.5
row_037472,0.5
row_036630,0.5
row_031812,0.5
row_004855,0.5
row_032555,0.5
row_037181,0.5
row_024454,0.5
row_008642,0.5
row_039826,0.5
row_013229,0.5
row_027861,0.5
row_049155,0.5
row_049330,0.5
row_020508,0.5
row_045372,0.5
row_047857,0.5
row_041354,0.5
row_043550,0.5
row_029484,0.5
row_049336,0.5
row_012043,0.5
row_006250,0.5
row_040656,0.5
row_004557,0.5
row_008326,0.5
row_003592,0.5
row_036090,0.5
row_010740,0.5
row_030445,0.5
row_023192,0.5
row_016302,0.5
row_041801,0.5
row_012628,0.5
row_031536,0.5
row_048579,0.5
row_026829,0.5
row_039110,0.5
row_015434,0.5
row_043861,0.5
row_007817,0.5
row_038072,0.5
row_039164,0.5
row_006094,0.5
row_027065,0.5
row_001855,0.5
row_023871,0.5
row_018968,0.5
row_025211,0.5
row_001139,0.5
row_041466,0.5
row_005338,0.5
row_040692,0.5
row_017783,0.5
row_041694,0.5
row_009913,0.5
row_026515,0.5
row_004707,0.5
row_011776,0.5
row_017042,0.5
row_012634,0.5
row_017568,0.5
row_037111,0.5
row_039895,0.5
row_035704,0.5
row_015031,0.5
row_000367,0.5
row_044167,0.5
row_000067,0.5
row_000776,0.5
row_030490,0.5
row_006691,0.5
row_010424,0.5
row_011921,0.5
row_002260,0.5
row_045874,0.5
row_011139,0.5
row_045734,0.5
row_001066,0.5
row_021695,0.5
row_020765,0.5
row_024660,0.5
row_015396,0.5
row_007155,0.5
row_013805,0.5
row_005175,0.5
row_027611,0.5
row_019018,0.5
row_035084,0.5
row_038931,0.5
row_030671,0.5
row_010042,0.5
row_038598,0.5
row_044959,0.5
row_020183,0.5
row_026589,0.5
row_049937,0.5
row_005535,0.5
row_043841,0.5
row_036262,0.5
row_009418,0.5
row_000645,0.5
row_024152,0.5
row_009995,0.5
row_026796,0.5
row_032274,0.5
row_011033,0.5
row_026313,0.5
row_046776,0.5
row_044565,0.5
row_025911,0.5
row_049482,0.5
row_031177,0.5
row_014819,0.5
row_035392,0.5
row_039474,0.5
row_045093,0.5
row_043854,0.5
row_025418,0.5
row_039703,0.5
row_042463,0.5
row_036628,0.5
row_024428,0.5
row_041034,0.5
row_036016,0.5
row_000702,0.5
row_039737,0.5
row_043824,0.5
row_014789,0.5
row_024870,0.5
row_036515,0.5
row_005010,0.5
row_041846,0.5
row_016387,0.5
row_021297,0.5
row_020444,0.5
row_036117,0.5
row_039380,0.5
row_025158,0.5
row_012140,0.5
row_031758,0.5
row_001550,0.5
row_045698,0.5
row_001857,0.5
row_047221,0.5
row_026063,0.5
row_011531,0.5
row_041946,0.5
row_023125,0.5
row_048800,0.5
row_001551,0.5
row_003744,0.5
row_007603,0.5
row_041083,0.5
row_001681,0.5
row_012754,0.5
row_003205,0.5
row_046393,0.5
row_005451,0.5
row_014760,0.5
row_039052,0.5
row_018591,0.5
row_043883,0.5
row_015282,0.5
row_003177,0.5
row_006779,0.5
row_045221,0.5
row_038278,0.5
row_042056,0.5
row_044806,0.5
row_034372,0.5
row_013004,0.5
row_002324,0.5
row_041652,0.5
row_006483,0.5
row_035648,0.5
row_039660,0.5
row_017213,0.5
row_030288,0.5
row_010010,0.5
row_022995,0.5
row_003532,0.5
row_024508,0.5
row_009887,0.5
row_004898,0.5
row_042174,0.5
row_048609,0.5
row_037291,0.5
row_019251,0.5
row_038155,0.5
row_029745,0.5
row_038652,0.5
row_000355,0.5
row_001080,0.5
row_014014,0.5
row_031271,0.5
row_041047,0.5
row_003846,0.5
row_028205,0.5
row_010930,0.5
row_035200,0.5
row_040667,0.5
row_021561,0.5
row_042555,0.5
row_025954,0.5
row_003923,0.5
row_015291,0.5
row_037166,0.5
row_005792,0.5
row_036460,0.5
row_010588,0.5
row_008345,0.5
row_003225,0.5
row_032761,0.5
row_002515,0.5
row_024409,0.5
row_033238,0.5
row_035965,0.5
row_043387,0.5
row_017389,0.5
row_039228,0.5
row_006604,0.5
row_009752,0.5
row_029433,0.5
row_003806,0.5
row_036662,0.5
row_035480,0.5
row_035625,0.5
row_015002,0.5
row_008133,0.5
row_035872,0.5
row_020363,0.5
row_048723,0.5
row_004906,0.5
row_004658,0.5
row_039334,0.5
row_004772,0.5
row_003094,0.5
row_021208,0.5
row_030874,0.5
row_010719,0.5
row_018948,0.5
row_039213,0.5
row_018855,0.5
row_010738,0.5
row_012297,0.5
row_008050,0.5
row_045476,0.5
row_014934,0.5
row_041281,0.5
row_005300,0.5
row_010881,0.5
row_004499,0.5
row_005992,0.5
row_047224,0.5
row_022108,0.5
row_039490,0.5
row_033755,0.5
row_034101,0.5
row_024821,0.5
row_035320,0.5
row_041614,0.5
row_044336,0.5
row_009819,0.5
row_017982,0.5
row_039513,0.5
row_043721,0.5
row_043255,0.5
row_034683,0.5
row_014890,0.5
row_009731,0.5
row_022858,0.5
row_040527,0.5
row_023179,0.5
row_040345,0.5
row_025698,0.5
row_042397,0.5
row_016593,0.5
row_028697,0.5
row_039139,0.5
row_018169,0.5
row_014386,0.5
row_037843,0.5
row_005694,0.5
row_033107,0.5
row_042474,0.5
row_012246,0.5
row_001010,0.5
row_011312,0.5
row_006379,0.5
row_022881,0.5
row_030781,0.5
row_025897,0.5
row_049577,0.5
row_008913,0.5
row_046591,0.5
row_039396,0.5
row_031167,0.5
row_022137,0.5
row_007492,0.5
row_009725,0.5
row_023741,0.5
row_005359,0.5
row_037632,0.5
row_009101,0.5
row_041190,0.5
row_032882,0.5
row_025967,0.5
row_004165,0.5
row_000301,0.5
row_019348,0.5
row_045965,0.5
row_046577,0.5
row_010244,0.5
row_048199,0.5
row_022437,0.5
row_012229,0.5
row_025149,0.5
row_015857,0.5
row_035574,0.5
row_037598,0.5
row_034205,0.5
row_002066,0.5
row_027675,0.5
row_014825,0.5
row_016516,0.5
row_020385,0.5
row_021414,0.5
row_000096,0.5
row_018575,0.5
row_045002,0.5
row_000960,0.5
row_022292,0.5
row_007204,0.5
row_022238,0.5
row_043128,0.5
row_002259,0.5
row_036479,0.5
row_041841,0.5
row_002279,0.5
row_018489,0.5
row_015864,0.5
row_025051,0.5
row_012163,0.5
row_006792,0.5
row_003814,0.5
row_046383,0.5
row_044651,0.5
row_038588,0.5
row_040838,0.5
row_049847,0.5
row_040106,0.5
row_030489,0.5
row_037556,0.5
row_039814,0.5
row_008807,0.5
row_026324,0.5
row_007112,0.5
row_043733,0.5
row_007493,0.5
row_042867,0.5
row_048381,0.5
row_022119,0.5
row_021649,0.5
row_039555,0.5
row_024497,0.5
row_002616,0.5
row_042543,0.5
row_021887,0.5
row_016257,0.5
row_026381,0.5
row_002907,0.5
row_043073,0.5
row_036785,0.5
row_017292,0.5
row_038675,0.5
row_021381,0.5
row_025290,0.5
row_032768,0.5
row_024619,0.5
row_011572,0.5
row_027501,0.5
row_035211,0.5
row_023040,0.5
row_043356,0.5
row_045047,0.5
row_001309,0.5
row_049849,0.5
row_012333,0.5
row_010790,0.5
row_035477,0.5
row_049018,0.5
row_047343,0.5
row_017361,0.5
row_001508,0.5
row_002410,0.5
row_032871,0.5
row_046824,0.5
row_047269,0.5
row_030147,0.5
row_033448,0.5
row_044748,0.5
row_034212,0.5
row_032111,0.5
row_003129,0.5
row_017040,0.5
row_023141,0.5
row_027645,0.5
row_015770,0.5
row_016422,0.5
row_001004,0.5
row_011594,0.5
row_048189,0.5
row_048545,0.5
row_000487,0.5
row_003374,0.5
row_039602,0.5
row_036122,0.5
row_049144,0.5
row_016212,0.5
row_000214,0.5
row_001643,0.5
row_035206,0.5
row_016291,0.5
row_010178,0.5
row_024967,0.5
row_025739,0.5
row_008470,0.5
row_010289,0.5
row_024772,0.5
row_044592,0.5
row_007233,0.5
row_018879,0.5
row_001590,0.5
row_020648,0.5
row_016929,0.5
row_015099,0.5
row_044899,0.5
row_040150,0.5
row_038213,0.5
row_046023,0.5
row_022601,0.5
row_027466,0.5
row_003071,0.5
row_019311,0.5
row_028941,0.5
row_000397,0.5
row_022102,0.5
row_036164,0.5
row_009466,0.5
row_035307,0.5
row_012272,0.5
row_017915,0.5
row_039423,0.5
row_045516,0.5
row_048981,0.5
row_035908,0.5
row_019173,0.5
row_047528,0.5
row_009618,0.5
row_003720,0.5
row_017912,0.5
row_029956,0.5
row_034640,0.5
row_035505,0.5
row_029068,0.5
row_000433,0.5
row_028653,0.5
row_013543,0.5
row_000001,0.5
row_022875,0.5
row_009768,0.5
row_013576,0.5
row_045239,0.5
row_034966,0.5
row_008257,0.5
row_032525,0.5
row_034509,0.5
row_023417,0.5
row_022310,0.5
row_027285,0.5
row_030884,0.5
row_047768,0.5
row_016413,0.5
row_049337,0.5
row_031014,0.5
row_014418,0.5
row_016643,0.5
row_008049,0.5
row_018718,0.5
row_042910,0.5
row_016874,0.5
row_018176,0.5
row_011412,0.5
row_017020,0.5
row_032209,0.5
row_040600,0.5
row_000509,0.5
row_004180,0.5
row_034272,0.5
row_006612,0.5
row_007518,0.5
row_014612,0.5
row_033603,0.5
row_027184,0.5
row_037643,0.5
row_013759,0.5
row_048223,0.5
row_009818,0.5
row_033333,0.5
row_011154,0.5
row_008661,0.5
row_042755,0.5
row_027593,0.5
row_016748,0.5
row_019818,0.5
row_028657,0.5
row_008575,0.5
row_010665,0.5
row_015814,0.5
row_047629,0.5
row_040616,0.5
row_048057,0.5
row_002202,0.5
row_031959,0.5
row_006370,0.5
row_029847,0.5
row_013612,0.5
row_034370,0.5
row_022422,0.5
row_045135,0.5
row_000041,0.5
row_039580,0.5
row_019718,0.5
row_006401,0.5
row_042835,0.5
row_046908,0.5
row_036170,0.5
row_049127,0.5
row_023981,0.5
row_042959,0.5
row_023797,0.5
row_016571,0.5
row_029892,0.5
row_001484,0.5
row_043688,0.5
row_042353,0.5
row_031287,0.5
row_027732,0.5
row_018865,0.5
row_047366,0.5
row_033320,0.5
row_033725,0.5
row_007499,0.5
row_044608,0.5
row_019415,0.5
row_045924,0.5
row_020418,0.5
row_018821,0.5
row_010378,0.5
row_019041,0.5
row_028660,0.5
row_044870,0.5
row_010951,0.5
row_010129,0.5
row_005490,0.5
row_010917,0.5
row_039267,0.5
row_029376,0.5
row_022446,0.5
row_020289,0.5
row_036622,0.5
row_043545,0.5
row_022651,0.5
row_035565,0.5
row_032690,0.5
row_039071,0.5
row_030717,0.5
row_027555,0.5
row_036313,0.5
row_039488,0.5
row_021982,0.5
row_027839,0.5
row_030815,0.5
row_025441,0.5
row_011656,0.5
row_044457,0.5
row_006206,0.5
row_049246,0.5
row_037930,0.5
row_035083,0.5
row_034704,0.5
row_027918,0.5
row_037334,0.5
row_036524,0.5
row_023124,0.5
row_043365,0.5
row_032814,0.5
row_022298,0.5
row_027762,0.5
row_038837,0.5
row_015382,0.5
row_046980,0.5
row_040956,0.5
row_044180,0.5
row_024567,0.5
row_047888,0.5
row_046802,0.5
row_023998,0.5
row_032560,0.5
row_045091,0.5
row_037366,0.5
row_042787,0.5
row_000832,0.5
row_033994,0.5
row_003463,0.5
row_021602,0.5
row_038524,0.5
row_018615,0.5
row_016226,0.5
row_019298,0.5
row_001387,0.5
row_028269,0.5
row_031802,0.5
row_046770,0.5
row_014630,0.5
row_042773,0.5
row_047005,0.5
row_034549,0.5
row_008163,0.5
row_004406,0.5
row_019719,0.5
row_014882,0.5
row_046850,0.5
row_049082,0.5
row_044810,0.5
row_039230,0.5
row_019733,0.5
row_016027,0.5
row_041937,0.5
row_045903,0.5
row_047124,0.5
row_043013,0.5
row_030691,0.5
row_042754,0.5
row_031243,0.5
row_016679,0.5
row_010108,0.5
row_000511,0.5
row_022562,0.5
row_030689,0.5
row_028907,0.5
row_000401,0.5
row_005513,0.5
row_033805,0.5
row_004545,0.5
row_020148,0.5
row_038456,0.5
row_004867,0.5
row_001251,0.5
row_049198,0.5
row_011745,0.5
row_008072,0.5
row_017864,0.5
row_025448,0.5
row_019608,0.5
row_043548,0.5
row_035147,0.5
row_005729,0.5
row_017472,0.5
row_034273,0.5
row_036305,0.5
row_009877,0.5
row_042028,0.5
row_037066,0.5
row_011576,0.5
row_033890,0.5
row_015877,0.5
row_047637,0.5
row_018663,0.5
row_006458,0.5
row_041677,0.5
row_044711,0.5
row_012582,0.5
row_036914,0.5
row_020244,0.5
row_031295,0.5
row_043894,0.5
row_048479,0.5
row_045183,0.5
row_044674,0.5
row_003307,0.5
row_013544,0.5
row_044311,0.5
row_047408,0.5
row_021844,0.5
row_032013,0.5
row_013825,0.5
row_043209,0.5
row_039367,0.5
row_013515,0.5
row_027008,0.5
row_047014,0.5
row_047217,0.5
row_040932,0.5
row_032574,0.5
row_010408,0.5
row_034279,0.5
row_015774,0.5
row_035201,0.5
row_036252,0.5
row_003297,0.5
row_006152,0.5
row_043691,0.5
row_000025,0.5
row_030046,0.5
row_032636,0.5
row_016959,0.5
row_028832,0.5
row_014389,0.5
row_032855,0.5
row_043011,0.5
row_021779,0.5
row_033415,0.5
row_029626,0.5
row_044136,0.5
row_031579,0.5
row_032981,0.5
row_026746,0.5
row_048495,0.5
row_015609,0.5
row_029964,0.5
row_000480,0.5
row_048192,0.5
row_015366,0.5
row_004186,0.5
row_001156,0.5
row_009349,0.5
row_037921,0.5
row_025126,0.5
row_043539,0.5
row_000662,0.5
row_017534,0.5
row_044513,0.5
row_040249,0.5
row_032532,0.5
row_041045,0.5
row_021454,0.5
row_031790,0.5
row_036951,0.5
row_013468,0.5
row_020560,0.5
row_046666,0.5
row_034777,0.5
row_037411,0.5
row_044895,0.5
row_047574,0.5
row_014120,0.5
row_040851,0.5
row_035277,0.5
row_013279,0.5
row_015035,0.5
row_002061,0.5
row_005683,0.5
row_025933,0.5
row_031174,0.5
row_014916,0.5
row_039565,0.5
row_018973,0.5
row_001027,0.5
row_027563,0.5
row_033079,0.5
row_024337,0.5
row_015178,0.5
row_033460,0.5
row_020455,0.5
row_007145,0.5
row_040151,0.5
row_012825,0.5
row_037630,0.5
row_044936,0.5
row_007828,0.5
row_030786,0.5
row_011862,0.5
row_010074,0.5
row_033173,0.5
row_013173,0.5
row_023976,0.5
row_019297,0.5
row_023665,0.5
row_018751,0.5
row_006728,0.5
row_018288,0.5
row_003959,0.5
row_011076,0.5
row_022721,0.5
row_037220,0.5
row_032156,0.5
row_004443,0.5
row_036176,0.5
row_009095,0.5
row_040004,0.5
row_041782,0.5
row_004572,0.5
row_007758,0.5
row_022607,0.5
row_019693,0.5
row_029452,0.5
row_047092,0.5
row_011672,0.5
row_046508,0.5
row_005103,0.5
row_027431,0.5
row_026157,0.5
row_024134,0.5
row_013026,0.5
row_002626,0.5
row_018602,0.5
row_004417,0.5
row_007709,0.5
row_027477,0.5
row_037856,0.5
row_007054,0.5
row_022707,0.5
row_040471,0.5
row_018540,0.5
row_006736,0.5
row_004932,0.5
row_026181,0.5
row_000206,0.5
row_024385,0.5
row_049600,0.5
row_028730,0.5
row_010928,0.5
row_010952,0.5
row_049872,0.5
row_031803,0.5
row_027374,0.5
row_026490,0.5
row_016440,0.5
row_024795,0.5
row_015777,0.5
row_034892,0.5
row_049669,0.5
row_041128,0.5
row_021734,0.5
row_027033,0.5
row_039816,0.5
row_006455,0.5
row_037030,0.5
row_037431,0.5
row_037789,0.5
row_046893,0.5
row_028667,0.5
row_002716,0.5
row_013845,0.5
row_022208,0.5
row_028626,0.5
row_017363,0.5
row_024268,0.5
row_020875,0.5
row_009458,0.5
row_042432,0.5
row_030148,0.5
row_014348,0.5
row_029822,0.5
row_021446,0.5
row_030645,0.5
row_034136,0.5
row_007807,0.5
row_034545,0.5
row_045663,0.5
row_030769,0.5
row_002704,0.5
row_009623,0.5
row_009066,0.5
row_019887,0.5
row_007255,0.5
row_026475,0.5
row_016831,0.5
row_019351,0.5
row_046624,0.5
row_015391,0.5
row_030572,0.5
row_031289,0.5
row_030293,0.5
row_008849,0.5
row_000183,0.5
row_016121,0.5
row_012420,0.5
row_049002,0.5
row_045379,0.5
row_006527,0.5
row_027949,0.5
row_029724,0.5
row_033407,0.5
row_043233,0.5
row_024859,0.5
row_006234,0.5
row_015978,0.5
row_038297,0.5
row_043382,0.5
row_001733,0.5
row_040727,0.5
row_011513,0.5
row_004461,0.5
row_017044,0.5
row_037580,0.5
row_023207,0.5
row_043493,0.5
row_036449,0.5
row_022407,0.5
row_040503,0.5
row_038491,0.5
row_044389,0.5
row_002683,0.5
row_023231,0.5
row_018937,0.5
row_027175,0.5
row_003873,0.5
row_010252,0.5
row_007437,0.5
row_003054,0.5
row_001282,0.5
row_006677,0.5
row_006012,0.5
row_022837,0.5
row_015319,0.5
row_027348,0.5
row_038470,0.5
row_034041,0.5
row_016401,0.5
row_020337,0.5
row_039248,0.5
row_028991,0.5
row_009918,0.5
row_041459,0.5
row_037822,0.5
row_038381,0.5
row_023904,0.5
row_023921,0.5
row_040728,0.5
row_019651,0.5
row_043755,0.5
row_049102,0.5
row_002649,0.5
row_021402,0.5
row_016437,0.5
row_039954,0.5
row_005465,0.5
row_022273,0.5
row_000118,0.5
row_041033,0.5
row_018475,0.5
row_009581,0.5
row_023699,0.5
row_026740,0.5
row_042544,0.5
row_035451,0.5
row_025587,0.5
row_016782,0.5
row_005931,0.5
row_012545,0.5
row_045048,0.5
row_039706,0.5
row_028240,0.5
row_027469,0.5
row_009383,0.5
row_038255,0.5
row_011451,0.5
row_034699,0.5
row_002141,0.5
row_011184,0.5
row_045229,0.5
row_013496,0.5
row_043421,0.5
row_022829,0.5
row_036056,0.5
row_009784,0.5
row_006207,0.5
row_026811,0.5
row_003606,0.5
row_020655,0.5
row_029666,0.5
row_038729,0.5
row_023625,0.5
row_025422,0.5
row_019627,0.5
row_012378,0.5
row_032081,0.5
row_048909,0.5
row_018339,0.5
row_049252,0.5
row_042682,0.5
row_012238,0.5
row_015374,0.5
row_016426,0.5
row_008166,0.5
row_021576,0.5
row_020187,0.5
row_004667,0.5
row_012371,0.5
row_043072,0.5
row_037203,0.5
row_034088,0.5
row_044056,0.5
row_048438,0.5
row_020293,0.5
row_043206,0.5
row_048541,0.5
row_043349,0.5
row_027151,0.5
row_046541,0.5
row_028082,0.5
row_044679,0.5
row_013398,0.5
row_045777,0.5
row_035981,0.5
row_046391,0.5
row_021116,0.5
row_040263,0.5
row_028734,0.5
row_023746,0.5
row_036633,0.5
row_001205,0.5
row_016509,0.5
row_016430,0.5
row_034106,0.5
row_024686,0.5
row_043664,0.5
row_040601,0.5
row_015151,0.5
row_029261,0.5
row_007582,0.5
row_047255,0.5
row_004914,0.5
row_003908,0.5
row_003683,0.5
row_031855,0.5
row_001758,0.5
row_002636,0.5
row_041160,0.5
row_049545,0.5
row_009626,0.5
row_007065,0.5
row_020069,0.5
row_006132,0.5
row_049519,0.5
row_022516,0.5
row_035244,0.5
row_032934,0.5
row_011007,0.5
row_027866,0.5
row_038737,0.5
row_019303,0.5
row_012657,0.5
row_037994,0.5
row_043024,0.5
row_033639,0.5
row_022087,0.5
row_041241,0.5
row_026863,0.5
row_033831,0.5
row_030247,0.5
row_042150,0.5
row_036064,0.5
row_013928,0.5
row_003368,0.5
row_015562,0.5
row_048528,0.5
row_023553,0.5
row_024904,0.5
row_010314,0.5
row_039323,0.5
row_040495,0.5
row_004879,0.5
row_010956,0.5
row_020043,0.5
row_036752,0.5
row_024248,0.5
row_012274,0.5
row_014280,0.5
row_033091,0.5
row_021796,0.5
row_029520,0.5
row_036979,0.5
row_005856,0.5
row_023178,0.5
row_029459,0.5
row_013658,0.5
row_034973,0.5
row_025728,0.5
row_024052,0.5
row_033047,0.5
row_049489,0.5
row_037088,0.5
row_012398,0.5
row_010027,0.5
row_001238,0.5
row_041772,0.5
row_038349,0.5
row_042173,0.5
row_033001,0.5
row_023447,0.5
row_022344,0.5
row_047042,0.5
row_017377,0.5
row_019495,0.5
row_031885,0.5
row_030852,0.5
row_014167,0.5
row_025910,0.5
row_048747,0.5
row_009036,0.5
row_023965,0.5
row_011146,0.5
row_021570,0.5
row_005368,0.5
row_011896,0.5
row_039736,0.5
row_013378,0.5
row_036108,0.5
row_033910,0.5
row_046309,0.5
row_013751,0.5
row_036207,0.5
row_018837,0.5
row_016788,0.5
row_040420,0.5
row_041671,0.5
row_038992,0.5
row_040679,0.5
row_045684,0.5
row_031141,0.5
row_031165,0.5
row_015641,0.5
row_034712,0.5
row_027638,0.5
row_041925,0.5
row_048229,0.5
row_007792,0.5
row_026259,0.5
row_017123,0.5
row_032771,0.5
row_021289,0.5
row_040419,0.5
row_012337,0.5
row_003674,0.5
row_011815,0.5
row_037074,0.5
row_035953,0.5
row_000160,0.5
row_010879,0.5
row_009493,0.5
row_007034,0.5
row_020131,0.5
row_049663,0.5
row_049648,0.5
row_014221,0.5
row_044588,0.5
row_024896,0.5
row_034843,0.5
row_005214,0.5
row_018025,0.5
row_030342,0.5
row_019044,0.5
row_043795,0.5
row_006534,0.5
row_025337,0.5
row_036168,0.5
row_035061,0.5
row_044945,0.5
row_018645,0.5
row_001769,0.5
row_037338,0.5
row_011072,0.5
row_008490,0.5
row_032902,0.5
row_009135,0.5
row_029441,0.5
row_044605,0.5
row_002053,0.5
row_042311,0.5
row_004390,0.5
row_010572,0.5
row_018165,0.5
row_034334,0.5
row_002629,0.5
row_013144,0.5
row_041176,0.5
row_037158,0.5
row_035371,0.5
row_025796,0.5
row_020784,0.5
row_040826,0.5
row_000305,0.5
row_013736,0.5
row_045721,0.5
row_038463,0.5
row_024352,0.5
row_046106,0.5
row_039993,0.5
row_014035,0.5
row_020831,0.5
row_031424,0.5
row_001429,0.5
row_005139,0.5
row_027238,0.5
row_012338,0.5
row_038078,0.5
row_043705,0.5
row_048016,0.5
row_008422,0.5
row_025965,0.5
row_028212,0.5
row_019108,0.5
row_014560,0.5
row_029098,0.5
row_024042,0.5
row_035261,0.5
row_034490,0.5
row_044723,0.5
row_045493,0.5
row_028914,0.5
row_032834,0.5
row_018063,0.5
row_017909,0.5
row_021290,0.5
row_041968,0.5
row_002556,0.5
row_008815,0.5
row_026697,0.5
row_032630,0.5
row_022329,0.5
row_006352,0.5
row_005251,0.5
row_010067,0.5
row_002463,0.5
row_034034,0.5
row_028236,0.5
row_033638,0.5
row_015164,0.5
row_026814,0.5
row_045080,0.5
row_012066,0.5
row_030432,0.5
row_046778,0.5
row_017530,0.5
row_001997,0.5
row_033465,0.5
row_010731,0.5
row_025278,0.5
row_026938,0.5
row_043384,0.5
row_021532,0.5
row_029193,0.5
row_044068,0.5
row_047841,0.5
row_046520,0.5
row_011902,0.5
row_023456,0.5
row_039454,0.5
row_049190,0.5
row_041612,0.5
row_003811,0.5
row_025732,0.5
row_034605,0.5
row_021173,0.5
row_008110,0.5
row_041048,0.5
row_015822,0.5
row_032501,0.5
row_025958,0.5
row_008822,0.5
row_015326,0.5
row_000396,0.5
row_020370,0.5
row_015244,0.5
row_049874,0.5
row_012699,0.5
row_001420,0.5
row_045910,0.5
row_033973,0.5
row_002449,0.5
row_014066,0.5
row_005479,0.5
row_012296,0.5
row_001776,0.5
row_024172,0.5
row_014396,0.5
row_015023,0.5
row_036299,0.5
row_034575,0.5
row_040508,0.5
row_017069,0.5
row_033621,0.5
row_026555,0.5
row_007635,0.5
row_014114,0.5
row_024073,0.5
row_004106,0.5
row_008845,0.5
row_046805,0.5
row_019958,0.5
row_005782,0.5
row_036716,0.5
row_044220,0.5
row_011128,0.5
row_014596,0.5
row_037345,0.5
row_038875,0.5
row_038803,0.5
row_037274,0.5
row_027380,0.5
row_011557,0.5
row_022579,0.5
row_044412,0.5
row_039414,0.5
row_029273,0.5
row_043114,0.5
row_023620,0.5
row_038991,0.5
row_046841,0.5
row_045232,0.5
row_017084,0.5
row_032877,0.5
row_025459,0.5
row_036531,0.5
row_024883,0.5
row_015100,0.5
row_015680,0.5
row_032819,0.5
row_020666,0.5
row_023911,0.5
row_038004,0.5
row_004507,0.5
row_015315,0.5
row_027109,0.5
row_016005,0.5
row_010345,0.5
row_020457,0.5
row_047865,0.5
row_015324,0.5
row_038554,0.5
row_014404,0.5
row_029144,0.5
row_045529,0.5
row_040288,0.5
row_029559,0.5
row_006590,0.5
row_021396,0.5
row_019307,0.5
row_005739,0.5
row_002092,0.5
row_019275,0.5
row_001811,0.5
row_045407,0.5
row_025589,0.5
row_027068,0.5
row_048284,0.5
row_038887,0.5
row_007501,0.5
row_023934,0.5
row_044193,0.5
row_013947,0.5
row_022548,0.5
row_025812,0.5
row_012189,0.5
row_000902,0.5
row_034674,0.5
row_033719,0.5
row_004500,0.5
row_046384,0.5
row_017376,0.5
row_013337,0.5
row_019081,0.5
row_022756,0.5
row_047385,0.5
row_026848,0.5
row_029325,0.5
row_027933,0.5
row_022085,0.5
row_017456,0.5
row_026104,0.5
row_006019,0.5
row_009888,0.5
row_015543,0.5
row_023956,0.5
row_035561,0.5
row_046228,0.5
row_035486,0.5
row_010547,0.5
row_019489,0.5
row_039348,0.5
row_016751,0.5
row_043099,0.5
row_020087,0.5
row_024153,0.5
row_031469,0.5
row_042428,0.5
row_002338,0.5
row_018509,0.5
row_029570,0.5
row_006843,0.5
row_032234,0.5
row_013276,0.5
row_012878,0.5
row_021448,0.5
row_035417,0.5
row_001968,0.5
row_000088,0.5
row_019882,0.5
row_005280,0.5
row_038599,0.5
row_040714,0.5
row_014646,0.5
row_002341,0.5
row_049312,0.5
row_027416,0.5
row_016306,0.5
row_027838,0.5
row_012291,0.5
row_043363,0.5
row_002674,0.5
row_001558,0.5
row_035500,0.5
row_003251,0.5
row_032384,0.5
row_020106,0.5
row_006741,0.5
row_028567,0.5
row_047787,0.5
row_048008,0.5
row_040809,0.5
row_017603,0.5
row_010762,0.5
row_032617,0.5
row_048135,0.5
row_022362,0.5
row_006348,0.5
row_007201,0.5
row_018708,0.5
row_039024,0.5
row_025437,0.5
row_033745,0.5
row_036434,0.5
row_039180,0.5
row_002176,0.5
row_048937,0.5
row_001305,0.5
row_012702,0.5
row_040464,0.5
row_029092,0.5
row_023667,0.5
row_009661,0.5
row_028766,0.5
row_019231,0.5
row_032552,0.5
row_019615,0.5
row_002043,0.5
row_017766,0.5
row_024891,0.5
row_027105,0.5
row_017498,0.5
row_044893,0.5
row_036230,0.5
row_028683,0.5
row_028931,0.5
row_041416,0.5
row_043722,0.5
row_000863,0.5
row_040138,0.5
row_001430,0.5
row_034323,0.5
row_007482,0.5
row_019184,0.5
row_020486,0.5
row_040467,0.5
row_046256,0.5
row_024654,0.5
row_006332,0.5
row_047680,0.5
row_032531,0.5
row_048777,0.5
row_017642,0.5
row_001937,0.5
row_010611,0.5
row_007234,0.5
row_040051,0.5
row_042472,0.5
row_043731,0.5
row_043950,0.5
row_019512,0.5
row_007926,0.5
row_015333,0.5
row_017162,0.5
row_031647,0.5
row_017172,0.5
row_010651,0.5
row_019439,0.5
row_049608,0.5
row_011939,0.5
row_010812,0.5
row_022997,0.5
row_004058,0.5
row_023356,0.5
row_015879,0.5
row_016168,0.5
row_001507,0.5
row_043806,0.5
row_043253,0.5
row_002016,0.5
row_049386,0.5
row_046222,0.5
row_040483,0.5
row_003166,0.5
row_005544,0.5
row_018330,0.5
row_006309,0.5
row_016602,0.5
row_003731,0.5
row_002278,0.5
row_022681,0.5
row_047940,0.5
row_006049,0.5
row_006899,0.5
row_041583,0.5
row_035066,0.5
row_014190,0.5
row_032514,0.5
row_021842,0.5
row_009718,0.5
row_001134,0.5
row_001105,0.5
row_009230,0.5
row_028371,0.5
row_037635,0.5
row_000099,0.5
row_042088,0.5
row_044330,0.5
row_041143,0.5
row_037067,0.5
row_036245,0.5
row_045723,0.5
row_035902,0.5
row_037676,0.5
row_016880,0.5
row_007644,0.5
row_029850,0.5
row_002250,0.5
row_000696,0.5
row_036324,0.5
row_017942,0.5
row_014015,0.5
row_044062,0.5
row_007383,0.5
row_022220,0.5
row_005160,0.5
row_015622,0.5
row_045921,0.5
row_015363,0.5
row_001977,0.5
row_048633,0.5
row_030584,0.5
row_036658,0.5
row_000590,0.5
row_008544,0.5
row_046263,0.5
row_007419,0.5
row_025662,0.5
row_013042,0.5
row_047595,0.5
row_014102,0.5
row_028041,0.5
row_025433,0.5
row_011357,0.5
row_048962,0.5
row_025359,0.5
row_037749,0.5
row_017963,0.5
row_008215,0.5
row_012979,0.5
row_036970,0.5
row_000520,0.5
row_036952,0.5
row_047900,0.5
row_020564,0.5
row_020107,0.5
row_000736,0.5
row_029190,0.5
row_001343,0.5
row_048049,0.5
row_031655,0.5
row_004965,0.5
row_001446,0.5
row_005851,0.5
row_024887,0.5
row_024066,0.5
row_027987,0.5
row_049291,0.5
row_020691,0.5
row_037904,0.5
row_035877,0.5
row_001975,0.5
row_019753,0.5
row_030344,0.5
row_030684,0.5
row_026173,0.5
row_033283,0.5
row_037518,0.5
row_014343,0.5
row_024051,0.5
row_027370,0.5
row_049431,0.5
row_034626,0.5
row_037423,0.5
row_030736,0.5
row_026195,0.5
row_025372,0.5
row_045778,0.5
row_035975,0.5
row_038250,0.5
row_043190,0.5
row_013804,0.5
row_021866,0.5
row_026335,0.5
row_011247,0.5
row_029561,0.5
row_001221,0.5
row_019891,0.5
row_000883,0.5
row_040315,0.5
row_027569,0.5
row_016973,0.5
row_032386,0.5
row_030316,0.5
row_043773,0.5
row_019972,0.5
row_006079,0.5
row_000533,0.5
row_025770,0.5
row_007363,0.5
row_038144,0.5
row_014902,0.5
row_035379,0.5
row_016802,0.5
row_010450,0.5
row_040897,0.5
row_011167,0.5
row_037090,0.5
row_001926,0.5
row_003345,0.5
row_013137,0.5
row_015538,0.5
row_032511,0.5
row_047373,0.5
row_014980,0.5
row_040306,0.5
row_044633,0.5
row_013747,0.5
row_012612,0.5
row_032572,0.5
row_013578,0.5
row_033861,0.5
row_002198,0.5
row_046055,0.5
row_035768,0.5
row_045176,0.5
row_007497,0.5
row_005622,0.5
row_009470,0.5
row_047153,0.5
row_036644,0.5
row_042100,0.5
row_028118,0.5
row_035879,0.5
row_023091,0.5
row_044192,0.5
row_041479,0.5
row_030817,0.5
row_020501,0.5
row_045063,0.5
row_009999,0.5
row_022331,0.5
row_008788,0.5
row_026297,0.5
row_046264,0.5
row_039625,0.5
row_003914,0.5
row_041363,0.5
row_016927,0.5
row_024592,0.5
row_033921,0.5
row_002387,0.5
row_048264,0.5
row_022706,0.5
row_021250,0.5
row_043590,0.5
row_007311,0.5
row_030654,0.5
row_030487,0.5
row_016820,0.5
row_032717,0.5
row_019511,0.5
row_045058,0.5
row_049233,0.5
row_048950,0.5
row_035136,0.5
row_002179,0.5
row_039208,0.5
row_009039,0.5
row_008959,0.5
row_010080,0.5
row_009422,0.5
row_031584,0.5
row_037507,0.5
row_003378,0.5
row_038917,0.5
row_016557,0.5
row_028828,0.5
row_003711,0.5
row_049655,0.5
row_011132,0.5
row_026784,0.5
row_010195,0.5
row_021737,0.5
row_007237,0.5
row_014180,0.5
row_036448,0.5
row_028208,0.5
row_011704,0.5
row_045481,0.5
row_049730,0.5
row_031952,0.5
row_018127,0.5
row_016467,0.5
row_007507,0.5
row_012185,0.5
row_040142,0.5
row_002671,0.5
row_049670,0.5
row_015032,0.5
row_020516,0.5
row_029712,0.5
row_009266,0.5
row_027654,0.5
row_020589,0.5
row_021078,0.5
row_022049,0.5
row_028373,0.5
row_015428,0.5
row_031769,0.5
row_042232,0.5
row_033618,0.5
row_001042,0.5
row_022326,0.5
row_025844,0.5
row_010780,0.5
row_034436,0.5
row_005023,0.5
row_008136,0.5
row_026681,0.5
row_018407,0.5
row_005149,0.5
row_026708,0.5
row_049463,0.5
row_001645,0.5
row_022724,0.5
row_049931,0.5
row_042421,0.5
row_025025,0.5
row_001012,0.5
row_035075,0.5
row_045187,0.5
row_046773,0.5
row_044747,0.5
row_012096,0.5
row_001018,0.5
row_002408,0.5
row_004326,0.5
row_033933,0.5
row_026156,0.5
row_037489,0.5
row_005194,0.5
row_039385,0.5
row_028997,0.5
row_026140,0.5
row_042571,0.5
row_034989,0.5
row_049122,0.5
row_034084,0.5
row_035711,0.5
row_022749,0.5
row_001588,0.5
row_012414,0.5
row_023743,0.5
row_037642,0.5
row_006856,0.5
row_036296,0.5
row_019626,0.5
row_024970,0.5
row_026805,0.5
row_034648,0.5
row_008938,0.5
row_035643,0.5
row_006632,0.5
row_017246,0.5
row_031075,0.5
row_045469,0.5
row_041216,0.5
row_030391,0.5
row_041974,0.5
row_012955,0.5
row_044742,0.5
row_031344,0.5
row_038161,0.5
row_044043,0.5
row_029816,0.5
row_016515,0.5
row_032204,0.5
row_003762,0.5
row_019129,0.5
row_029300,0.5
row_042700,0.5
row_042954,0.5
row_049617,0.5
row_004030,0.5
row_025365,0.5
row_044061,0.5
row_029699,0.5
row_038667,0.5
row_022458,0.5
row_011212,0.5
row_022665,0.5
row_010855,0.5
row_036688,0.5
row_020211,0.5
row_006451,0.5
row_040305,0.5
row_036132,0.5
row_000298,0.5
row_010145,0.5
row_010729,0.5
row_012251,0.5
row_009219,0.5
row_041124,0.5
row_034598,0.5
row_013829,0.5
row_009414,0.5
row_015237,0.5
row_040261,0.5
row_037668,0.5
row_003185,0.5
row_022356,0.5
row_032426,0.5
row_044745,0.5
row_044839,0.5
row_042434,0.5
row_038693,0.5
row_040878,0.5
row_036158,0.5
row_046026,0.5
row_021296,0.5
row_000229,0.5
row_035612,0.5
row_019432,0.5
row_041741,0.5
row_015659,0.5
row_009447,0.5
row_042200,0.5
row_006341,0.5
row_018126,0.5
row_018750,0.5
row_027989,0.5
row_005341,0.5
row_016420,0.5
row_005434,0.5
row_029591,0.5
row_041365,0.5
row_044663,0.5
row_034838,0.5
row_027283,0.5
row_046144,0.5
row_043069,0.5
row_043847,0.5
row_017451,0.5
row_037503,0.5
row_022394,0.5
row_000989,0.5
row_005727,0.5
row_020742,0.5
row_041585,0.5
row_038572,0.5
row_015265,0.5
row_039114,0.5
row_035685,0.5
row_006092,0.5
row_048970,0.5
row_044397,0.5
row_011623,0.5
row_027082,0.5
row_021157,0.5
row_046576,0.5
row_001233,0.5
row_015938,0.5
row_030714,0.5
row_038172,0.5
row_020231,0.5
row_005716,0.5
row_033833,0.5
row_045328,0.5
row_025116,0.5
row_019777,0.5
row_039214,0.5
row_008555,0.5
row_033072,0.5
row_029475,0.5
row_036813,0.5
row_026877,0.5
row_024549,0.5
row_035948,0.5
row_024388,0.5
row_045006,0.5
row_034422,0.5
row_014267,0.5
row_000506,0.5
row_013831,0.5
row_006672,0.5
row_013698,0.5
row_007031,0.5
row_027823,0.5
row_043466,0.5
row_022936,0.5
row_010239,0.5
row_027025,0.5
row_017227,0.5
row_017000,0.5
row_034487,0.5
row_010272,0.5
row_034081,0.5
row_041071,0.5
row_001093,0.5
row_034941,0.5
row_039550,0.5
row_027244,0.5
row_041166,0.5
row_015057,0.5
row_040346,0.5
row_012436,0.5
row_031679,0.5
row_013869,0.5
row_047517,0.5
row_040712,0.5
row_040512,0.5
row_024295,0.5
row_026528,0.5
row_014460,0.5
row_018003,0.5
row_013005,0.5
row_025982,0.5
row_022316,0.5
row_034888,0.5
row_027961,0.5
row_001904,0.5
row_001655,0.5
row_000092,0.5
row_005709,0.5
row_043289,0.5
row_009291,0.5
row_014985,0.5
row_036461,0.5
row_015349,0.5
row_018867,0.5
row_037031,0.5
row_001158,0.5
row_022373,0.5
row_026669,0.5
row_048342,0.5
row_025362,0.5
row_043637,0.5
row_028127,0.5
row_009384,0.5
row_045615,0.5
row_009779,0.5
row_039403,0.5
row_035749,0.5
row_023079,0.5
row_033527,0.5
row_007072,0.5
row_001247,0.5
row_047200,0.5
row_015179,0.5
row_020624,0.5
row_009686,0.5
row_028677,0.5
row_035686,0.5
row_046376,0.5
row_048702,0.5
row_008579,0.5
row_035050,0.5
row_037416,0.5
row_018514,0.5
row_005221,0.5
row_038864,0.5
row_041948,0.5
row_021063,0.5
row_039247,0.5
row_017899,0.5
row_003794,0.5
row_010922,0.5
row_039076,0.5
row_047324,0.5
row_008468,0.5
row_010750,0.5
row_041528,0.5
row_024263,0.5
row_031481,0.5
row_024610,0.5
row_031496,0.5
row_000850,0.5
row_026486,0.5
row_028672,0.5
row_019246,0.5
row_022030,0.5
row_033946,0.5
row_024782,0.5
row_049793,0.5
row_025549,0.5
row_023127,0.5
row_029574,0.5
row_026050,0.5
row_004053,0.5
row_014268,0.5
row_034221,0.5
row_047233,0.5
row_039069,0.5
row_046497,0.5
row_025329,0.5
row_020718,0.5
row_000740,0.5
row_017348,0.5
row_017536,0.5
row_035419,0.5
row_015377,0.5
row_044550,0.5
row_046146,0.5
row_023196,0.5
row_010120,0.5
row_030266,0.5
row_020388,0.5
row_000272,0.5
row_004071,0.5
row_011020,0.5
row_004431,0.5
row_046620,0.5
row_002062,0.5
row_031919,0.5
row_032227,0.5
row_004054,0.5
row_045198,0.5
row_032181,0.5
row_046684,0.5
row_008039,0.5
row_025275,0.5
row_000336,0.5
row_046695,0.5
row_022231,0.5
row_029294,0.5
row_013325,0.5
row_027147,0.5
row_021457,0.5
row_024186,0.5
row_018091,0.5
row_017466,0.5
row_001827,0.5
row_029812,0.5
row_039915,0.5
row_045104,0.5
row_008567,0.5
row_048168,0.5
row_046997,0.5
row_005783,0.5
row_009208,0.5
row_015294,0.5
row_002570,0.5
row_005972,0.5
row_022495,0.5
row_039202,0.5
row_012026,0.5
row_030267,0.5
row_048842,0.5
row_043952,0.5
row_015295,0.5
row_018757,0.5
row_022815,0.5
row_026982,0.5
row_001340,0.5
row_037292,0.5
row_013749,0.5
row_023063,0.5
row_026319,0.5
row_015476,0.5
row_027211,0.5
row_031073,0.5
row_038024,0.5
row_016403,0.5
row_042385,0.5
row_026763,0.5
row_002367,0.5
row_034031,0.5
row_002969,0.5
row_028810,0.5
row_041211,0.5
row_033827,0.5
row_029751,0.5
row_042516,0.5
row_045237,0.5
row_018583,0.5
row_031236,0.5
row_046690,0.5
row_029905,0.5
row_022076,0.5
row_013418,0.5
row_031850,0.5
row_036359,0.5
row_035455,0.5
row_029841,0.5
row_008686,0.5
row_045471,0.5
row_006460,0.5
row_018014,0.5
row_007241,0.5
row_029871,0.5
row_020890,0.5
row_029384,0.5
row_043551,0.5
row_025685,0.5
row_025924,0.5
row_001790,0.5
row_045016,0.5
row_028109,0.5
row_047808,0.5
row_023491,0.5
row_031853,0.5
row_032451,0.5
row_021344,0.5
row_023302,0.5
row_006063,0.5
row_047148,0.5
row_044146,0.5
row_023731,0.5
row_009161,0.5
row_028616,0.5
row_033676,0.5
row_047599,0.5
row_001123,0.5
row_046942,0.5
row_032806,0.5
row_003920,0.5
row_014254,0.5
row_043042,0.5
row_016045,0.5
row_005059,0.5
row_014392,0.5
row_046370,0.5
row_001414,0.5
row_006252,0.5
row_026565,0.5
row_037641,0.5
row_000495,0.5
row_046911,0.5
row_011859,0.5
row_021424,0.5
row_025803,0.5
row_037396,0.5
row_025131,0.5
row_048978,0.5
row_024265,0.5
row_011974,0.5
row_042023,0.5
row_018267,0.5
row_006111,0.5
row_009684,0.5
row_016439,0.5
row_013819,0.5
row_011181,0.5
row_008946,0.5
row_010558,0.5
row_043775,0.5
row_042300,0.5
row_032144,0.5
row_006253,0.5
row_039368,0.5
row_022165,0.5
row_037357,0.5
row_044558,0.5
row_041838,0.5
row_021933,0.5
row_048092,0.5
row_029768,0.5
row_036458,0.5
row_007090,0.5
row_036335,0.5
row_046203,0.5
row_035155,0.5
row_047858,0.5
row_029236,0.5
row_025635,0.5
row_000286,0.5
row_031453,0.5
row_029851,0.5
row_012270,0.5
row_030318,0.5
row_006559,0.5
row_033567,0.5
row_000685,0.5
row_036339,0.5
row_011491,0.5
row_012457,0.5
row_011885,0.5
row_044060,0.5
row_003108,0.5
row_012203,0.5
row_039243,0.5
row_004376,0.5
row_018786,0.5
row_006469,0.5
row_048166,0.5
row_024526,0.5
row_037287,0.5
row_038472,0.5
row_012148,0.5
row_017146,0.5
row_007275,0.5
row_022748,0.5
row_043063,0.5
row_018853,0.5
row_036826,0.5
row_008317,0.5
row_027014,0.5
row_030249,0.5
row_027461,0.5
row_029250,0.5
row_025693,0.5
row_038466,0.5
row_000580,0.5
row_024014,0.5
row_012267,0.5
row_012579,0.5
row_027228,0.5
row_039261,0.5
row_039419,0.5
row_031861,0.5
row_036510,0.5
row_022314,0.5
row_018316,0.5
row_027045,0.5
row_003338,0.5
row_035765,0.5
row_047424,0.5
row_036367,0.5
row_018985,0.5
row_013673,0.5
row_035819,0.5
row_017795,0.5
row_015888,0.5
row_038488,0.5
row_011196,0.5
row_041299,0.5
row_004432,0.5
row_032412,0.5
row_049202,0.5
row_024781,0.5
row_004381,0.5
row_008767,0.5
row_002110,0.5
row_016130,0.5
row_039971,0.5
row_026291,0.5
row_009022,0.5
row_039712,0.5
row_045169,0.5
row_004290,0.5
row_008883,0.5
row_036107,0.5
row_034451,0.5
row_007300,0.5
row_031448,0.5
row_011882,0.5
row_042810,0.5
row_009978,0.5
row_031354,0.5
row_047823,0.5
row_028525,0.5
row_017654,0.5
row_009478,0.5
row_030828,0.5
row_047811,0.5
row_046459,0.5
row_036274,0.5
row_049865,0.5
row_021927,0.5
row_024990,0.5
row_021620,0.5
row_034470,0.5
row_046539,0.5
row_016850,0.5
row_034115,0.5
row_027935,0.5
row_005793,0.5
row_012620,0.5
row_041343,0.5
row_039978,0.5
row_019699,0.5
row_040724,0.5
row_010575,0.5
row_004177,0.5
row_004168,0.5
row_024412,0.5
row_029267,0.5
row_009494,0.5
row_033123,0.5
row_027869,0.5
row_022960,0.5
row_018897,0.5
row_022750,0.5
row_006861,0.5
row_040628,0.5
row_021090,0.5
row_039626,0.5
row_028121,0.5
row_036546,0.5
row_026950,0.5
row_035270,0.5
row_012721,0.5
row_037259,0.5
row_002890,0.5
row_005033,0.5
row_021952,0.5
row_017945,0.5
row_020572,0.5
row_046746,0.5
row_017533,0.5
row_007494,0.5
row_003952,0.5
row_006702,0.5
row_022970,0.5
row_035402,0.5
row_036626,0.5
row_011472,0.5
row_045363,0.5
row_030433,0.5
row_002992,0.5
row_039077,0.5
row_014072,0.5
row_021092,0.5
row_015835,0.5
row_012134,0.5
row_029436,0.5
row_020443,0.5
row_036372,0.5
row_017926,0.5
row_027236,0.5
row_016642,0.5
row_007341,0.5
row_013455,0.5
row_023437,0.5
row_010939,0.5
row_000833,0.5
row_042301,0.5
row_002423,0.5
row_047482,0.5
row_019799,0.5
row_025555,0.5
row_023188,0.5
row_035358,0.5
row_006617,0.5
row_020135,0.5
row_032625,0.5
row_048237,0.5
row_000496,0.5
row_004528,0.5
row_000021,0.5
row_006471,0.5
row_022419,0.5
row_016803,0.5
row_000944,0.5
row_031031,0.5
row_007305,0.5
row_005976,0.5
row_032315,0.5
row_023808,0.5
row_006925,0.5
row_042559,0.5
row_032142,0.5
row_025828,0.5
row_008304,0.5
row_029630,0.5
row_009017,0.5
row_023592,0.5
row_014964,0.5
row_030437,0.5
row_000324,0.5
row_032482,0.5
row_038709,0.5
row_004042,0.5
row_040999,0.5
row_017508,0.5
row_044685,0.5
row_030846,0.5
row_000462,0.5
row_019237,0.5
row_036851,0.5
row_043301,0.5
row_027320,0.5
row_022841,0.5
row_017148,0.5
row_031550,0.5
row_040013,0.5
row_020233,0.5
row_047364,0.5
row_037536,0.5
row_039721,0.5
row_012070,0.5
row_021617,0.5
row_025361,0.5
row_037878,0.5
row_043234,0.5
row_009150,0.5
row_046862,0.5
row_022950,0.5
row_040732,0.5
row_019981,0.5
row_036967,0.5
row_038559,0.5
row_049149,0.5
row_006382,0.5
row_038929,0.5
row_029720,0.5
row_044933,0.5
row_029505,0.5
row_040446,0.5
row_035631,0.5
row_022701,0.5
row_049265,0.5
row_024157,0.5
row_035072,0.5
row_033263,0.5
row_006765,0.5
row_039986,0.5
row_046122,0.5
row_003637,0.5
row_025560,0.5
row_039438,0.5
row_049439,0.5
row_009976,0.5
row_045380,0.5
row_008963,0.5
row_001620,0.5
row_048091,0.5
row_025262,0.5
row_008400,0.5
row_020198,0.5
row_023955,0.5
row_026532,0.5
row_022833,0.5
row_002310,0.5
row_000679,0.5
row_006230,0.5
row_010929,0.5
row_046131,0.5
row_031591,0.5
row_024774,0.5
row_032675,0.5
row_027239,0.5
row_000892,0.5
row_001377,0.5
row_024858,0.5
row_030711,0.5
row_026505,0.5
row_013409,0.5
row_006862,0.5
row_047649,0.5
row_035859,0.5
row_047984,0.5
row_024110,0.5
row_036635,0.5
row_002900,0.5
row_004695,0.5
row_024206,0.5
row_003479,0.5
row_045355,0.5
row_047905,0.5
row_006443,0.5
row_012394,0.5
row_012384,0.5
row_042962,0.5
row_037971,0.5
row_039212,0.5
row_035156,0.5
row_023017,0.5
row_047316,0.5
row_006903,0.5
row_033746,0.5
row_048991,0.5
row_048968,0.5
row_004346,0.5
row_000759,0.5
row_026881,0.5
row_030286,0.5
row_026731,0.5
row_021941,0.5
row_001281,0.5
row_012505,0.5
row_015523,0.5
row_042323,0.5
row_017885,0.5
row_041779,0.5
row_049736,0.5
row_000024,0.5
row_046042,0.5
row_024951,0.5
row_011375,0.5
row_002333,0.5
row_006533,0.5
row_028732,0.5
row_018601,0.5
row_004690,0.5
row_049153,0.5
row_019532,0.5
row_036396,0.5
row_043978,0.5
row_039899,0.5
row_030523,0.5
row_035705,0.5
row_005209,0.5
row_020536,0.5
row_021012,0.5
row_008139,0.5
row_009924,0.5
row_016867,0.5
row_025986,0.5
row_014883,0.5
row_001391,0.5
row_048839,0.5
row_036647,0.5
row_009927,0.5
row_010701,0.5
row_015942,0.5
row_011795,0.5
row_036823,0.5
row_018679,0.5
row_027015,0.5
row_015773,0.5
row_023496,0.5
row_039224,0.5
row_016125,0.5
row_033158,0.5
row_029182,0.5
row_045418,0.5
row_015586,0.5
row_029275,0.5
row_005319,0.5
row_042540,0.5
row_039994,0.5
row_048718,0.5
row_005463,0.5
row_009916,0.5
row_019165,0.5
row_046551,0.5
row_047786,0.5
row_031470,0.5
row_026261,0.5
row_025613,0.5
row_019504,0.5
row_033692,0.5
row_041485,0.5
row_014420,0.5
row_009855,0.5
row_049444,0.5
row_025820,0.5
row_049129,0.5
row_031922,0.5
row_044138,0.5
row_027328,0.5
row_029303,0.5
row_027603,0.5
row_035251,0.5
row_013452,0.5
row_009602,0.5
row_018398,0.5
row_049077,0.5
row_007756,0.5
row_038940,0.5
row_042004,0.5
row_000627,0.5
row_028652,0.5
row_003022,0.5
row_024766,0.5
row_048831,0.5
row_014758,0.5
row_049457,0.5
row_009969,0.5
row_013606,0.5
row_001424,0.5
row_049539,0.5
row_018845,0.5
row_029242,0.5
row_025591,0.5
row_047309,0.5
row_009294,0.5
row_049615,0.5
row_019752,0.5
row_014937,0.5
row_049217,0.5
row_016887,0.5
row_006321,0.5
row_025860,0.5
row_019073,0.5
row_012920,0.5
row_011568,0.5
row_037320,0.5
row_046674,0.5
row_008333,0.5
row_019544,0.5
row_003621,0.5
row_043480,0.5
row_022580,0.5
row_035890,0.5
row_002561,0.5
row_015150,0.5
row_029485,0.5
row_044799,0.5
row_023126,0.5
row_018619,0.5
row_001121,0.5
row_018720,0.5
row_007995,0.5
row_019325,0.5
row_032699,0.5
row_007638,0.5
row_029902,0.5
row_037341,0.5
row_008061,0.5
row_008432,0.5
row_005804,0.5
row_015723,0.5
row_000603,0.5
row_007815,0.5
row_026336,0.5
row_020442,0.5
row_003458,0.5
row_041999,0.5
row_048507,0.5
row_018024,0.5
row_038666,0.5
row_010113,0.5
row_017304,0.5
row_013931,0.5
row_011010,0.5
row_017076,0.5
row_028845,0.5
row_020657,0.5
row_047109,0.5
row_009305,0.5
row_013338,0.5
row_035088,0.5
row_018411,0.5
row_046725,0.5
row_021436,0.5
row_004711,0.5
row_047163,0.5
row_023020,0.5
row_029313,0.5
row_015231,0.5
row_037381,0.5
row_017933,0.5
row_043625,0.5
row_045928,0.5
row_035014,0.5
row_004003,0.5
row_035245,0.5
row_022046,0.5
row_003382,0.5
row_013122,0.5
row_034670,0.5
row_028636,0.5
row_046902,0.5
row_044499,0.5
row_022523,0.5
row_007154,0.5
row_007014,0.5
row_009221,0.5
row_042644,0.5
row_034781,0.5
row_015097,0.5
row_007129,0.5
row_023439,0.5
row_007328,0.5
row_019462,0.5
row_037680,0.5
row_043252,0.5
row_006997,0.5
row_037434,0.5
row_045823,0.5
row_034824,0.5
row_019619,0.5
row_027085,0.5
row_016182,0.5
row_023569,0.5
row_021346,0.5
row_002813,0.5
row_014169,0.5
row_033374,0.5
row_045738,0.5
row_012396,0.5
row_025778,0.5
row_041945,0.5
row_043503,0.5
row_044553,0.5
row_014603,0.5
row_004044,0.5
row_007777,0.5
row_018803,0.5
row_049762,0.5
row_012489,0.5
row_034319,0.5
row_033519,0.5
row_048830,0.5
row_045123,0.5
row_016746,0.5
row_020507,0.5
row_014329,0.5
row_000558,0.5
row_037367,0.5
row_044739,0.5
row_038948,0.5
row_009097,0.5
row_031216,0.5
row_017599,0.5
row_006065,0.5
row_014528,0.5
row_021139,0.5
row_023051,0.5
row_029661,0.5
row_028563,0.5
row_044721,0.5
row_021153,0.5
row_005540,0.5
row_045877,0.5
row_040661,0.5
row_044636,0.5
row_036623,0.5
row_047933,0.5
row_028748,0.5
row_018542,0.5
row_009782,0.5
row_023942,0.5
row_030958,0.5
row_032105,0.5
row_032028,0.5
row_021740,0.5
row_008923,0.5
row_027108,0.5
row_023376,0.5
row_021097,0.5
row_046639,0.5
row_040859,0.5
row_024061,0.5
row_021777,0.5
row_036948,0.5
row_033934,0.5
row_024007,0.5
row_027498,0.5
row_024313,0.5
row_045843,0.5
row_046180,0.5
row_042519,0.5
row_032321,0.5
row_018728,0.5
row_034456,0.5
row_018635,0.5
row_028246,0.5
row_041750,0.5
row_006228,0.5
row_008211,0.5
row_040494,0.5
row_039829,0.5
row_047801,0.5
row_021433,0.5
row_011299,0.5
row_008256,0.5
row_038753,0.5
row_029805,0.5
row_027203,0.5
row_036863,0.5
row_022289,0.5
row_013865,0.5
row_013850,0.5
row_002696,0.5
row_039755,0.5
row_029195,0.5
row_049080,0.5
row_010225,0.5
row_046193,0.5
row_024715,0.5
row_037340,0.5
row_010593,0.5
row_020794,0.5
row_027984,0.5
row_029048,0.5
row_046955,0.5
row_004348,0.5
row_029431,0.5
row_004330,0.5
row_008710,0.5
row_008790,0.5
row_035557,0.5
row_022368,0.5
row_011235,0.5
row_011111,0.5
row_011260,0.5
row_017295,0.5
row_021263,0.5
row_004305,0.5
row_000356,0.5
row_030408,0.5
row_015287,0.5
row_037849,0.5
row_047043,0.5
row_006425,0.5
row_004926,0.5
row_019900,0.5
row_045098,0.5
row_009490,0.5
row_038338,0.5
row_034062,0.5
row_045633,0.5
row_013868,0.5
row_043054,0.5
row_043019,0.5
row_010698,0.5
row_035801,0.5
row_038118,0.5
row_044903,0.5
row_043007,0.5
row_004835,0.5
row_003658,0.5
row_025608,0.5
row_040129,0.5
row_031986,0.5
row_048053,0.5
row_049346,0.5
row_009545,0.5
row_020044,0.5
row_016200,0.5
row_029747,0.5
row_020729,0.5
row_034417,0.5
row_036074,0.5
row_000843,0.5
row_028760,0.5
row_041306,0.5
row_049394,0.5
row_019030,0.5
row_038245,0.5
row_018408,0.5
row_044523,0.5
row_044453,0.5
row_005120,0.5
row_002876,0.5
row_028896,0.5
row_004584,0.5
row_022182,0.5
row_020308,0.5
row_018617,0.5
row_035420,0.5
row_028547,0.5
row_023172,0.5
row_038533,0.5
row_031315,0.5
row_031576,0.5
row_023800,0.5
row_045053,0.5
row_021307,0.5
row_037157,0.5
row_045425,0.5
row_011296,0.5
row_012824,0.5
row_011847,0.5
row_048917,0.5
row_034116,0.5
row_041942,0.5
row_041728,0.5
row_029654,0.5
row_045806,0.5
row_005789,0.5
row_036880,0.5
row_005963,0.5
row_008696,0.5
row_048935,0.5
row_026425,0.5
row_012258,0.5
row_017667,0.5
row_026495,0.5
row_031954,0.5
row_002366,0.5
row_034053,0.5
row_035053,0.5
row_044053,0.5
row_041930,0.5
row_039687,0.5
row_032723,0.5
row_012597,0.5
row_043961,0.5
row_030767,0.5
row_037268,0.5
row_030348,0.5
row_006031,0.5
row_030847,0.5
row_015116,0.5
row_002565,0.5
row_020995,0.5
row_007411,0.5
row_023323,0.5
row_009109,0.5
row_030511,0.5
row_019069,0.5
row_001428,0.5
row_003533,0.5
row_004823,0.5
row_013833,0.5
row_001184,0.5
row_019857,0.5
row_015607,0.5
row_026717,0.5
row_042759,0.5
row_031136,0.5
row_005577,0.5
row_017375,0.5
row_009047,0.5
row_002438,0.5
row_027970,0.5
row_014063,0.5
row_010329,0.5
row_043167,0.5
row_036581,0.5
row_024259,0.5
row_026037,0.5
row_034707,0.5
row_014772,0.5
row_041589,0.5
row_028160,0.5
row_043208,0.5
row_016623,0.5
row_029502,0.5
row_013451,0.5
row_012020,0.5
row_042792,0.5
row_005752,0.5
row_017214,0.5
row_044804,0.5
row_027127,0.5
row_021276,0.5
row_044699,0.5
row_042579,0.5
row_024984,0.5
row_028713,0.5
row_003332,0.5
row_015044,0.5
row_018049,0.5
row_045368,0.5
row_025928,0.5
row_009555,0.5
row_048250,0.5
row_015798,0.5
row_016273,0.5
row_012402,0.5
row_008410,0.5
row_001000,0.5
row_031749,0.5
row_049131,0.5
row_013223,0.5
row_015371,0.5
row_008836,0.5
row_014129,0.5
row_035144,0.5
row_039240,0.5
row_020144,0.5
row_005188,0.5
row_030275,0.5
row_021487,0.5
row_043059,0.5
row_003694,0.5
row_036351,0.5
row_037974,0.5
row_013786,0.5
row_008414,0.5
row_019833,0.5
row_042037,0.5
row_011392,0.5
row_040936,0.5
row_004302,0.5
row_007962,0.5
row_010823,0.5
row_031623,0.5
row_003565,0.5
row_012573,0.5
row_034210,0.5
row_039700,0.5
row_040825,0.5
row_005420,0.5
row_003446,0.5
row_047899,0.5
row_006627,0.5
row_029789,0.5
row_041522,0.5
row_010334,0.5
row_028501,0.5
row_023619,0.5
row_002679,0.5
row_035982,0.5
row_010727,0.5
row_000640,0.5
row_041575,0.5
row_030123,0.5
row_024684,0.5
row_014885,0.5
row_030975,0.5
row_010388,0.5
row_006610,0.5
row_016795,0.5
row_002135,0.5
row_021301,0.5
row_013630,0.5
row_045154,0.5
row_039892,0.5
row_008692,0.5
row_024160,0.5
row_013159,0.5
row_013007,0.5
row_049810,0.5
row_046736,0.5
row_022016,0.5
row_020607,0.5
row_037673,0.5
row_038829,0.5
row_027106,0.5
row_008336,0.5
row_044144,0.5
row_011109,0.5
row_014427,0.5
row_026154,0.5
row_047689,0.5
row_004335,0.5
row_029029,0.5
row_001008,0.5
row_047211,0.5
row_000095,0.5
row_034909,0.5
row_007266,0.5
row_008880,0.5
row_022947,0.5
row_029798,0.5
row_012390,0.5
row_015825,0.5
row_029807,0.5
row_024553,0.5
row_034716,0.5
row_015662,0.5
row_038857,0.5
row_007745,0.5
row_016454,0.5
row_022009,0.5
row_044234,0.5
row_028802,0.5
row_018192,0.5
row_013099,0.5
row_003285,0.5
row_027423,0.5
row_029748,0.5
row_008978,0.5
row_049267,0.5
row_003682,0.5
row_033687,0.5
row_045582,0.5
row_028952,0.5
row_027936,0.5
row_019058,0.5
row_027403,0.5
row_016894,0.5
row_011691,0.5
row_027952,0.5
row_000242,0.5
row_022899,0.5
row_009951,0.5
row_036527,0.5
row_013781,0.5
row_022987,0.5
row_038503,0.5
row_008080,0.5
row_021232,0.5
row_011277,0.5
row_037016,0.5
row_049715,0.5
row_045873,0.5
row_003113,0.5
row_025655,0.5
row_019111,0.5
row_020139,0.5
row_030641,0.5
row_017402,0.5
row_002219,0.5
row_022406,0.5
row_026939,0.5
row_035235,0.5
row_040430,0.5
row_005371,0.5
row_001094,0.5
row_049987,0.5
row_043859,0.5
row_016514,0.5
row_028352,0.5
row_005736,0.5
row_008533,0.5
row_021759,0.5
row_013447,0.5
row_014179,0.5
row_004014,0.5
row_033356,0.5
row_021558,0.5
row_036306,0.5
row_034635,0.5
row_040405,0.5
row_000018,0.5
row_028187,0.5
row_029317,0.5
row_034846,0.5
row_005798,0.5
row_018193,0.5
row_040570,0.5
row_046046,0.5
row_019957,0.5
row_049344,0.5
row_032446,0.5
row_019145,0.5
row_031372,0.5
row_035950,0.5
row_005549,0.5
row_012227,0.5
row_008754,0.5
row_038256,0.5
row_005483,0.5
row_019806,0.5
row_001924,0.5
row_010604,0.5
row_014531,0.5
row_023007,0.5
row_041208,0.5
row_019695,0.5
row_039707,0.5
row_015756,0.5
row_032152,0.5
row_032180,0.5
row_002304,0.5
row_045981,0.5
row_009798,0.5
row_031973,0.5
row_004565,0.5
row_018101,0.5
row_016395,0.5
row_009081,0.5
row_002180,0.5
row_029471,0.5
row_005933,0.5
row_012806,0.5
row_029415,0.5
row_029691,0.5
row_017079,0.5
row_006938,0.5
row_037041,0.5
row_035923,0.5
row_003245,0.5
row_047112,0.5
row_003419,0.5
row_020770,0.5
row_039100,0.5
row_038956,0.5
row_028094,0.5
row_007750,0.5
row_028304,0.5
row_048204,0.5
row_033393,0.5
row_038000,0.5
row_014677,0.5
row_047544,0.5
row_009147,0.5
row_011064,0.5
row_046255,0.5
row_035842,0.5
row_044173,0.5
row_042457,0.5
row_006532,0.5
row_024528,0.5
row_011201,0.5
row_041856,0.5
row_048311,0.5
row_040991,0.5
row_040189,0.5
row_017234,0.5
row_035373,0.5
row_021525,0.5
row_005846,0.5
row_023224,0.5
row_031639,0.5
row_023053,0.5
row_003901,0.5
row_030250,0.5
row_046400,0.5
row_031937,0.5
row_018164,0.5
row_002033,0.5
row_030562,0.5
row_039376,0.5
row_032211,0.5
row_040807,0.5
row_033035,0.5
row_014181,0.5
row_009587,0.5
row_026096,0.5
row_014875,0.5
row_044032,0.5
row_045952,0.5
row_004086,0.5
row_024413,0.5
row_027769,0.5
row_018573,0.5
row_027349,0.5
row_044798,0.5
row_034659,0.5
row_026111,0.5
row_030017,0.5
row_022591,0.5
row_015584,0.5
row_010784,0.5
row_002024,0.5
row_021776,0.5
row_023660,0.5
row_026676,0.5
row_000101,0.5
row_001657,0.5
row_015278,0.5
row_043173,0.5
row_007536,0.5
row_032856,0.5
row_047227,0.5
row_030981,0.5
row_024151,0.5
row_039810,0.5
row_001566,0.5
row_033987,0.5
row_013453,0.5
row_032161,0.5
row_025669,0.5
row_004131,0.5
row_039935,0.5
row_012718,0.5
row_049232,0.5
row_013188,0.5
row_003973,0.5
row_022197,0.5
row_011387,0.5
row_018182,0.5
row_045005,0.5
row_009457,0.5
row_020853,0.5
row_043235,0.5
row_048422,0.5
row_043626,0.5
row_016441,0.5
row_015047,0.5
row_032244,0.5
row_004384,0.5
row_019295,0.5
row_032626,0.5
row_039478,0.5
row_011147,0.5
row_044315,0.5
row_039264,0.5
row_001599,0.5
row_025442,0.5
row_047369,0.5
row_038086,0.5
row_016283,0.5
row_036992,0.5
row_006965,0.5
row_019278,0.5
row_001573,0.5
row_037665,0.5
row_044071,0.5
row_040468,0.5
row_007570,0.5
row_005838,0.5
row_046709,0.5
row_018314,0.5
row_008214,0.5
row_037699,0.5
row_000763,0.5
row_045475,0.5
row_030569,0.5
row_046262,0.5
row_014542,0.5
row_027350,0.5
row_041197,0.5
row_048373,0.5
row_024405,0.5
row_049225,0.5
row_034621,0.5
row_040177,0.5
row_027375,0.5
row_040444,0.5
row_028326,0.5
row_020786,0.5
row_020366,0.5
row_014315,0.5
row_002757,0.5
row_033871,0.5
row_000635,0.5
row_047028,0.5
row_015189,0.5
row_046680,0.5
row_030418,0.5
row_003555,0.5
row_041997,0.5
row_002044,0.5
row_000983,0.5
row_044469,0.5
row_013430,0.5
row_037755,0.5
row_003548,0.5
row_006308,0.5
row_047859,0.5
row_018930,0.5
row_002488,0.5
row_023315,0.5
row_049688,0.5
row_031499,0.5
row_008442,0.5
row_037752,0.5
row_040695,0.5
row_030687,0.5
row_046135,0.5
row_039473,0.5
row_047693,0.5
row_000186,0.5
row_048674,0.5
row_023980,0.5
row_033736,0.5
row_023300,0.5
row_016035,0.5
row_024357,0.5
row_001843,0.5
row_007541,0.5
row_041629,0.5
row_004596,0.5
row_002822,0.5
row_049188,0.5
row_033668,0.5
row_012930,0.5
row_032176,0.5
row_006035,0.5
row_043634,0.5
row_036416,0.5
row_033778,0.5
row_012323,0.5
row_004115,0.5
row_042043,0.5
row_049123,0.5
row_012383,0.5
row_021489,0.5
row_041673,0.5
row_029977,0.5
row_014203,0.5
row_028346,0.5
row_019586,0.5
row_022129,0.5
row_037845,0.5
row_043156,0.5
row_019721,0.5
row_022855,0.5
row_022304,0.5
row_028285,0.5
row_035109,0.5
row_000161,0.5
row_043683,0.5
row_025138,0.5
row_037541,0.5
row_024539,0.5
row_032931,0.5
row_046332,0.5
row_006597,0.5
row_039639,0.5
row_022183,0.5
row_028621,0.5
row_020195,0.5
row_018704,0.5
row_028318,0.5
row_034229,0.5
row_023999,0.5
row_005452,0.5
row_021685,0.5
row_011026,0.5
row_027639,0.5
row_031290,0.5
row_003596,0.5
row_036573,0.5
row_024181,0.5
row_007943,0.5
row_009120,0.5
row_029102,0.5
row_008321,0.5
row_039856,0.5
row_023294,0.5
row_006603,0.5
row_003638,0.5
row_023432,0.5
row_002377,0.5
row_022624,0.5
row_038986,0.5
row_020579,0.5
row_011298,0.5
row_005542,0.5
row_013236,0.5
row_001056,0.5
row_019942,0.5
row_025741,0.5
row_007042,0.5
row_028483,0.5
row_007159,0.5
row_038079,0.5
row_048540,0.5
row_046568,0.5
row_033328,0.5
row_027863,0.5
row_010585,0.5
row_001538,0.5
row_018395,0.5
row_037255,0.5
row_045719,0.5
row_045718,0.5
row_001023,0.5
row_000361,0.5
row_007626,0.5
row_018088,0.5
row_033140,0.5
row_001805,0.5
row_024033,0.5
row_007018,0.5
row_015729,0.5
row_026656,0.5
row_019735,0.5
row_026665,0.5
row_049316,0.5
row_044660,0.5
row_031978,0.5
row_020451,0.5
row_015550,0.5
row_015694,0.5
row_006464,0.5
row_012130,0.5
row_013456,0.5
row_004400,0.5
row_036487,0.5
row_020368,0.5
row_038530,0.5
row_045775,0.5
row_014199,0.5
row_001464,0.5
row_041676,0.5
row_024106,0.5
row_029138,0.5
row_036759,0.5
row_013722,0.5
row_037197,0.5
row_028595,0.5
row_036000,0.5
row_006711,0.5
row_030934,0.5
row_029711,0.5
row_045441,0.5
row_021484,0.5
row_003220,0.5
row_020137,0.5
row_014123,0.5
row_007240,0.5
row_019743,0.5
row_023830,0.5
row_010799,0.5
row_004315,0.5
row_009107,0.5
row_044385,0.5
row_039365,0.5
row_006125,0.5
row_035103,0.5
row_017612,0.5
row_005448,0.5
row_033983,0.5
row_038377,0.5
row_046951,0.5
row_034790,0.5
row_035218,0.5
row_036988,0.5
row_013335,0.5
row_005692,0.5
row_017966,0.5
row_046895,0.5
row_013030,0.5
row_007157,0.5
row_048357,0.5
row_044505,0.5
row_005285,0.5
row_029152,0.5
row_015485,0.5
row_030591,0.5
row_044557,0.5
row_034499,0.5
row_040998,0.5
row_001294,0.5
row_041148,0.5
row_043109,0.5
row_040492,0.5
row_031302,0.5
row_020021,0.5
row_014803,0.5
row_027488,0.5
row_000841,0.5
row_030405,0.5
row_011074,0.5
row_047668,0.5
row_045480,0.5
row_019225,0.5
row_034882,0.5
row_047938,0.5
row_004362,0.5
row_019412,0.5
row_023191,0.5
row_032989,0.5
row_016300,0.5
row_006923,0.5
row_033099,0.5
row_032987,0.5
row_026318,0.5
row_025474,0.5
row_046285,0.5
row_012446,0.5
row_043873,0.5
row_018420,0.5
row_048535,0.5
row_021419,0.5
row_024376,0.5
row_022615,0.5
row_033717,0.5
row_021688,0.5
row_030665,0.5
row_023368,0.5
row_030908,0.5
row_000466,0.5
row_032652,0.5
row_047596,0.5
row_023225,0.5
row_046559,0.5
row_018352,0.5
row_007774,0.5
row_011642,0.5
row_022553,0.5
row_016563,0.5
row_044141,0.5
row_022763,0.5
row_014000,0.5
row_004254,0.5
row_016989,0.5
row_038562,0.5
row_025551,0.5
row_028854,0.5
row_030690,0.5
row_029855,0.5
row_022051,0.5
row_011395,0.5
row_012513,0.5
row_039210,0.5
row_022445,0.5
row_003158,0.5
row_007530,0.5
row_047632,0.5
row_046689,0.5
row_025973,0.5
row_037818,0.5
row_045405,0.5
row_040664,0.5
row_029503,0.5
row_002516,0.5
row_043932,0.5
row_013164,0.5
row_029279,0.5
row_032416,0.5
row_001095,0.5
row_048794,0.5
row_018037,0.5
row_048648,0.5
row_024571,0.5
row_024851,0.5
row_008875,0.5
row_002005,0.5
row_044169,0.5
row_001956,0.5
row_007743,0.5
row_007339,0.5
row_004616,0.5
row_020945,0.5
row_042201,0.5
row_035913,0.5
row_009014,0.5
row_045156,0.5
row_007132,0.5
row_019814,0.5
row_009925,0.5
row_000674,0.5
row_031184,0.5
row_004109,0.5
row_003982,0.5
row_045039,0.5
row_043236,0.5
row_046094,0.5
row_004421,0.5
row_014429,0.5
row_027264,0.5
row_009737,0.5
row_019140,0.5
row_004272,0.5
row_003214,0.5
row_010539,0.5
row_003399,0.5
row_014747,0.5
row_022435,0.5
row_000300,0.5
row_020254,0.5
row_047084,0.5
row_031116,0.5
row_037017,0.5
row_010584,0.5
row_018366,0.5
row_027733,0.5
row_009398,0.5
row_006385,0.5
row_027641,0.5
row_020977,0.5
row_019332,0.5
row_019618,0.5
row_021578,0.5
row_036258,0.5
row_048986,0.5
row_031676,0.5
row_012792,0.5
row_023328,0.5
row_013209,0.5
row_026007,0.5
row_012715,0.5
row_048249,0.5
row_040359,0.5
row_040018,0.5
row_016065,0.5
row_013758,0.5
row_017190,0.5
row_049623,0.5
row_014334,0.5
row_033656,0.5
row_014766,0.5
row_001283,0.5
row_035927,0.5
row_023414,0.5
row_046316,0.5
row_030829,0.5
row_049417,0.5
row_037309,0.5
row_019804,0.5
row_029301,0.5
row_004149,0.5
row_033793,0.5
row_003242,0.5
row_033108,0.5
row_036403,0.5
row_033600,0.5
row_028666,0.5
row_008200,0.5
row_046280,0.5
row_025279,0.5
row_049523,0.5
row_021023,0.5
row_034369,0.5
row_005388,0.5
row_007982,0.5
row_034343,0.5
row_015300,0.5
row_024519,0.5
row_002728,0.5
row_010864,0.5
row_033864,0.5
row_043472,0.5
row_011054,0.5
row_019571,0.5
row_008924,0.5
row_045463,0.5
row_019091,0.5
row_019342,0.5
row_037717,0.5
row_031875,0.5
row_042315,0.5
row_031003,0.5
row_022052,0.5
row_031865,0.5
row_046556,0.5
row_041433,0.5
row_024682,0.5
row_045378,0.5
row_029513,0.5
row_002584,0.5
row_028737,0.5
row_044398,0.5
row_048300,0.5
row_008616,0.5
row_035355,0.5
row_003199,0.5
row_031944,0.5
row_002373,0.5
row_020720,0.5
row_009699,0.5
row_016492,0.5
row_023609,0.5
row_017225,0.5
row_046218,0.5
row_011252,0.5
row_035216,0.5
row_016061,0.5
row_042823,0.5
row_025245,0.5
row_049782,0.5
row_023425,0.5
row_032085,0.5
row_002121,0.5
row_003011,0.5
row_049787,0.5
row_034017,0.5
row_004079,0.5
row_036865,0.5
row_023446,0.5
row_012290,0.5
row_047239,0.5
row_049053,0.5
row_047616,0.5
row_014211,0.5
row_044126,0.5
row_044600,0.5
row_029777,0.5
row_024364,0.5
row_006377,0.5
row_045327,0.5
row_019774,0.5
row_015654,0.5
row_039782,0.5
row_023164,0.5
row_031706,0.5
row_011530,0.5
row_015826,0.5
row_020478,0.5
row_026715,0.5
row_049906,0.5
row_031791,0.5
row_005469,0.5
row_042312,0.5
row_008076,0.5
row_032992,0.5
row_046505,0.5
row_039172,0.5
row_014056,0.5
row_006577,0.5
row_046274,0.5
row_028278,0.5
row_024025,0.5
row_035242,0.5
row_013887,0.5
row_046704,0.5
row_003369,0.5
row_038477,0.5
row_005644,0.5
row_002479,0.5
row_005945,0.5
row_028216,0.5
row_015139,0.5
row_015259,0.5
row_010658,0.5
row_018498,0.5
row_034826,0.5
row_026783,0.5
row_011371,0.5
row_029934,0.5
row_041889,0.5
row_002419,0.5
row_005087,0.5
row_023851,0.5
row_031946,0.5
row_029646,0.5
row_013516,0.5
row_029285,0.5
row_017708,0.5
row_034044,0.5
row_014845,0.5
row_005636,0.5
row_014826,0.5
row_020011,0.5
row_016833,0.5
row_005842,0.5
row_048561,0.5
row_037299,0.5
row_016297,0.5
row_012546,0.5
row_034268,0.5
row_008426,0.5
row_042277,0.5
row_043702,0.5
row_028755,0.5
row_045364,0.5
row_001495,0.5
row_033773,0.5
row_025493,0.5
row_045849,0.5
row_042811,0.5
row_025399,0.5
row_019796,0.5
row_031752,0.5
row_036766,0.5
row_000148,0.5
row_003023,0.5
row_045669,0.5
row_024991,0.5
row_034161,0.5
row_046795,0.5
row_002869,0.5
row_048090,0.5
row_016923,0.5
row_017874,0.5
row_039535,0.5
row_038990,0.5
row_024273,0.5
row_022184,0.5
row_016854,0.5
row_025988,0.5
row_030860,0.5
row_041919,0.5
row_016658,0.5
row_048125,0.5
row_015612,0.5
row_049885,0.5
row_036237,0.5
row_008450,0.5
row_029671,0.5
row_001943,0.5
row_009733,0.5
row_030993,0.5
row_028262,0.5
row_042112,0.5
row_016491,0.5
row_006750,0.5
row_010798,0.5
row_035398,0.5
row_041569,0.5
row_033530,0.5
row_037996,0.5
row_021452,0.5
row_022542,0.5
row_041390,0.5
row_049327,0.5
row_021027,0.5
row_001678,0.5
row_025674,0.5
row_034527,0.5
row_034399,0.5
row_043858,0.5
row_011220,0.5
row_021687,0.5
row_028437,0.5
row_010634,0.5
row_013127,0.5
row_020716,0.5
row_013902,0.5
row_034454,0.5
row_004397,0.5
row_040916,0.5
row_040283,0.5
row_043192,0.5
row_004731,0.5
row_009053,0.5
row_033162,0.5
row_032857,0.5
row_009579,0.5
row_018622,0.5
row_014445,0.5
row_019092,0.5
row_013331,0.5
row_005377,0.5
row_019384,0.5
row_007555,0.5
row_031415,0.5
row_012120,0.5
row_011555,0.5
row_037454,0.5
row_046333,0.5
row_008823,0.5
row_032621,0.5
row_020713,0.5
row_045250,0.5
row_008516,0.5
row_023541,0.5
row_043514,0.5
row_047450,0.5
row_011913,0.5
row_011687,0.5
row_024962,0.5
row_011377,0.5
row_015902,0.5
row_044065,0.5
row_011976,0.5
row_003147,0.5
row_023659,0.5
row_021588,0.5
row_005311,0.5
row_045433,0.5
row_042689,0.5
row_030242,0.5
row_045140,0.5
row_037808,0.5
row_047594,0.5
row_029367,0.5
row_033115,0.5
row_020591,0.5
row_038817,0.5
row_025232,0.5
row_028253,0.5
row_037710,0.5
row_043171,0.5
row_003221,0.5
row_029002,0.5
row_002359,0.5
row_006413,0.5
row_005639,0.5
row_042936,0.5
row_036675,0.5
row_030371,0.5
row_014165,0.5
row_011562,0.5
row_002150,0.5
row_031641,0.5
row_005682,0.5
row_013743,0.5
row_000035,0.5
row_026408,0.5
row_004224,0.5
row_012006,0.5
row_047565,0.5
row_027490,0.5
row_026762,0.5
row_040326,0.5
row_048846,0.5
row_009337,0.5
row_047270,0.5
row_005048,0.5
row_008391,0.5
row_019494,0.5
row_006622,0.5
row_048880,0.5
row_046149,0.5
row_003852,0.5
row_018170,0.5
row_043467,0.5
row_000773,0.5
row_011784,0.5
row_009121,0.5
row_013815,0.5
row_026006,0.5
row_027168,0.5
row_029251,0.5
row_035249,0.5
row_037307,0.5
row_021553,0.5
row_047455,0.5
row_016432,0.5
row_020118,0.5
row_048078,0.5
row_047105,0.5
row_004719,0.5
row_003795,0.5
row_015160,0.5
row_021437,0.5
row_037182,0.5
row_027306,0.5
row_004295,0.5
row_046435,0.5
row_023165,0.5
row_027261,0.5
row_001825,0.5
row_033216,0.5
row_032860,0.5
row_039007,0.5
row_043648,0.5
row_045337,0.5
row_036595,0.5
row_034507,0.5
row_008226,0.5
row_011481,0.5
row_009483,0.5
row_046397,0.5
row_027832,0.5
row_037478,0.5
row_039867,0.5
row_017119,0.5
row_038884,0.5
row_036409,0.5
row_038432,0.5
row_032980,0.5
row_028496,0.5
row_016322,0.5
row_016431,0.5
row_027253,0.5
row_041882,0.5
row_042460,0.5
row_046229,0.5
row_036709,0.5
row_014093,0.5
row_047866,0.5
row_028339,0.5
row_011651,0.5
row_031293,0.5
row_021010,0.5
row_027066,0.5
row_031443,0.5
row_020891,0.5
row_012490,0.5
row_002693,0.5
row_036003,0.5
row_006052,0.5
row_015606,0.5
row_001115,0.5
row_025830,0.5
row_026538,0.5
row_023537,0.5
row_049973,0.5
row_020747,0.5
row_032551,0.5
row_009952,0.5
row_013782,0.5
row_038003,0.5
row_000749,0.5
row_041921,0.5
row_048433,0.5
row_010663,0.5
row_019765,0.5
row_038442,0.5
row_041031,0.5
row_005898,0.5
row_004240,0.5
row_020146,0.5
row_038149,0.5
row_001243,0.5
row_020448,0.5
row_022377,0.5
row_020413,0.5
row_013975,0.5
row_019483,0.5
row_008071,0.5
row_038252,0.5
row_033438,0.5
row_008820,0.5
row_049826,0.5
row_008841,0.5
row_040794,0.5
row_026642,0.5
row_031268,0.5
row_026504,0.5
row_003611,0.5
row_048995,0.5
row_048497,0.5
row_041558,0.5
row_015284,0.5
row_022757,0.5
row_025724,0.5
row_010344,0.5
row_001126,0.5
row_047843,0.5
row_000530,0.5
row_033863,0.5
row_042456,0.5
row_025949,0.5
row_033705,0.5
row_047730,0.5
row_023365,0.5
row_021002,0.5
row_048678,0.5
row_021118,0.5
row_017067,0.5
row_040448,0.5
row_018920,0.5
row_003261,0.5
row_024716,0.5
row_011741,0.5
row_030470,0.5
row_007183,0.5
row_001098,0.5
row_041717,0.5
row_006816,0.5
row_034546,0.5
row_043375,0.5
row_031851,0.5
row_003029,0.5
row_046097,0.5
row_001096,0.5
row_001794,0.5
row_018684,0.5
row_016230,0.5
row_045506,0.5
row_023637,0.5
row_049481,0.5
row_033207,0.5
row_043592,0.5
row_031990,0.5
row_033551,0.5
row_018365,0.5
row_013560,0.5
row_035906,0.5
row_045751,0.5
row_001169,0.5
row_031100,0.5
row_028076,0.5
row_005476,0.5
row_038789,0.5
row_030774,0.5
row_036368,0.5
row_016619,0.5
row_042106,0.5
row_006143,0.5
row_033688,0.5
row_027364,0.5
row_003495,0.5
row_009884,0.5
row_025849,0.5
row_036124,0.5
row_043113,0.5
row_038339,0.5
row_011850,0.5
row_003652,0.5
row_048698,0.5
row_045428,0.5
row_007168,0.5
row_022424,0.5
row_010594,0.5
row_040147,0.5
row_048669,0.5
row_014495,0.5
row_026827,0.5
row_010020,0.5
row_033703,0.5
row_047676,0.5
row_028280,0.5
row_027086,0.5
row_010296,0.5
row_030422,0.5
row_041430,0.5
row_037424,0.5
row_034514,0.5
row_025180,0.5
row_034006,0.5
row_034841,0.5
row_047979,0.5
row_042171,0.5
row_012711,0.5
row_039310,0.5
row_015735,0.5
row_041294,0.5
row_040558,0.5
row_025101,0.5
row_030593,0.5
row_024565,0.5
row_018695,0.5
row_034217,0.5
row_024367,0.5
row_001016,0.5
row_042697,0.5
row_042765,0.5
row_043373,0.5
row_013519,0.5
row_005618,0.5
row_006780,0.5
row_046544,0.5
row_006246,0.5
row_033136,0.5
row_019454,0.5
row_003021,0.5
row_048502,0.5
row_005333,0.5
row_024131,0.5
row_005839,0.5
row_009678,0.5
row_005633,0.5
row_048228,0.5
row_048252,0.5
row_031611,0.5
row_017988,0.5
row_040908,0.5
row_045654,0.5
row_022619,0.5
row_042152,0.5
row_049320,0.5
row_005845,0.5
row_043424,0.5
row_011726,0.5
row_047936,0.5
row_004445,0.5
row_001265,0.5
row_032683,0.5
row_037885,0.5
row_038308,0.5
row_041692,0.5
row_002262,0.5
row_019005,0.5
row_025653,0.5
row_017352,0.5
row_025237,0.5
row_015071,0.5
row_025573,0.5
row_032282,0.5
row_017716,0.5
row_025450,0.5
row_035903,0.5
row_044801,0.5
row_027910,0.5
row_041477,0.5
row_028095,0.5
row_006734,0.5
row_009465,0.5
row_047567,0.5
row_038994,0.5
row_028763,0.5
row_035257,0.5
row_009426,0.5
row_031047,0.5
row_009376,0.5
row_030228,0.5
row_006539,0.5
row_043874,0.5
row_005222,0.5
row_025113,0.5
row_026022,0.5
row_015311,0.5
row_011634,0.5
row_034580,0.5
row_047733,0.5
row_000735,0.5
row_039898,0.5
row_019083,0.5
row_026047,0.5
row_016939,0.5
row_043132,0.5
row_013872,0.5
row_006812,0.5
row_031083,0.5
row_030332,0.5
row_020954,0.5
row_007976,0.5
row_014162,0.5
row_004929,0.5
row_034287,0.5
row_036241,0.5
row_002504,0.5
row_015015,0.5
row_030263,0.5
row_001988,0.5
row_022359,0.5
row_034236,0.5
row_039269,0.5
row_045160,0.5
row_027390,0.5
row_036669,0.5
row_027092,0.5
row_031484,0.5
row_048330,0.5
row_034254,0.5
row_026152,0.5
row_010504,0.5
row_013403,0.5
row_004135,0.5
row_026370,0.5
row_046933,0.5
row_016093,0.5
row_009746,0.5
row_012926,0.5
row_003879,0.5
row_037860,0.5
row_038197,0.5
row_046010,0.5
row_049510,0.5
row_040892,0.5
row_006128,0.5
row_041010,0.5
row_016984,0.5
row_025941,0.5
row_045753,0.5
row_019563,0.5
row_025900,0.5
row_013985,0.5
row_033743,0.5
row_043696,0.5
row_028427,0.5
row_001960,0.5
row_034687,0.5
row_046294,0.5
row_004649,0.5
row_030078,0.5
row_002425,0.5
row_047357,0.5
row_021628,0.5
row_003130,0.5
row_028580,0.5
row_016013,0.5
row_021300,0.5
row_048137,0.5
row_048031,0.5
row_042591,0.5
row_036052,0.5
row_020533,0.5
row_030140,0.5
row_027871,0.5
row_029672,0.5
row_004939,0.5
row_022206,0.5
row_047478,0.5
row_040678,0.5
row_032110,0.5
row_046629,0.5
row_024416,0.5
row_006713,0.5
row_026445,0.5
row_023916,0.5
row_003654,0.5
row_033375,0.5
row_004336,0.5
row_004805,0.5
row_007055,0.5
row_021450,0.5
row_032804,0.5
row_010033,0.5
row_045510,0.5
row_023113,0.5
row_027621,0.5
row_036657,0.5
row_042108,0.5
row_005336,0.5
row_001415,0.5
row_024211,0.5
row_016332,0.5
row_044066,0.5
row_034951,0.5
row_025461,0.5
row_042797,0.5
row_002837,0.5
row_029586,0.5
row_014522,0.5
row_012783,0.5
row_015154,0.5
row_019084,0.5
row_040085,0.5
row_000949,0.5
row_026367,0.5
row_047897,0.5
row_034533,0.5
row_026044,0.5
row_020707,0.5
row_017700,0.5
row_035834,0.5
row_047805,0.5
row_047923,0.5
row_021316,0.5
row_044172,0.5
row_012602,0.5
row_038916,0.5
row_031729,0.5
row_023814,0.5
row_005234,0.5
row_031831,0.5
row_045556,0.5
row_026403,0.5
row_049866,0.5
row_015678,0.5
row_007062,0.5
row_024820,0.5
row_015108,0.5
row_024138,0.5
row_001185,0.5
row_014355,0.5
row_026904,0.5
row_027413,0.5
row_007913,0.5
row_046599,0.5
row_047420,0.5
row_030175,0.5
row_031482,0.5
row_031283,0.5
row_017537,0.5
row_020841,0.5
row_004824,0.5
row_025295,0.5
row_011628,0.5
row_003695,0.5
row_029057,0.5
row_047758,0.5
row_005695,0.5
row_023473,0.5
row_044683,0.5
row_010640,0.5
row_018506,0.5
row_005182,0.5
row_000381,0.5
row_038103,0.5
row_045188,0.5
row_004368,0.5
row_034128,0.5
row_026419,0.5
row_043144,0.5
row_017080,0.5
row_041265,0.5
row_049357,0.5
row_027048,0.5
row_046433,0.5
row_013590,0.5
row_038870,0.5
row_021530,0.5
row_013273,0.5
row_015852,0.5
row_038677,0.5
row_017343,0.5
row_001181,0.5
row_041018,0.5
row_043857,0.5
row_009155,0.5
row_038214,0.5
row_020577,0.5
row_029606,0.5
row_039698,0.5
row_014108,0.5
row_045067,0.5
row_017101,0.5
row_041935,0.5
row_047174,0.5
row_041481,0.5
row_006820,0.5
row_045148,0.5
row_019255,0.5
row_035657,0.5
row_039529,0.5
row_038946,0.5
row_012518,0.5
row_004537,0.5
row_032829,0.5
row_013392,0.5
row_013358,0.5
row_000757,0.5
row_032695,0.5
row_023635,0.5
row_046944,0.5
row_011846,0.5
row_015141,0.5
row_049169,0.5
row_029890,0.5
row_024133,0.5
row_040561,0.5
row_032323,0.5
row_023035,0.5
row_022067,0.5
row_007465,0.5
row_028122,0.5
row_017623,0.5
row_035614,0.5
row_018642,0.5
row_009365,0.5
row_014676,0.5
row_048785,0.5
row_011954,0.5
row_027636,0.5
row_006538,0.5
row_021700,0.5
row_038943,0.5
row_021493,0.5
row_018992,0.5
row_034389,0.5
row_018970,0.5
row_025317,0.5
row_028614,0.5
row_043145,0.5
row_037928,0.5
row_005036,0.5
row_047576,0.5
row_003865,0.5
row_014879,0.5
row_048532,0.5
row_024003,0.5
row_004631,0.5
row_006988,0.5
row_022283,0.5
row_001345,0.5
row_038750,0.5
row_046327,0.5
row_010095,0.5
row_001564,0.5
row_022902,0.5
row_026960,0.5
row_011219,0.5
row_039910,0.5
row_043486,0.5
row_023239,0.5
row_049087,0.5
row_007252,0.5
row_048468,0.5
row_019128,0.5
row_024815,0.5
row_005025,0.5
row_007073,0.5
row_016358,0.5
row_040690,0.5
row_036490,0.5
row_044702,0.5
row_029631,0.5
row_049331,0.5
row_019955,0.5
row_027858,0.5
row_049798,0.5
row_042885,0.5
row_042275,0.5
row_048789,0.5
row_017078,0.5
row_036646,0.5
row_008666,0.5
row_034312,0.5
row_025058,0.5
row_044939,0.5
row_046618,0.5
row_019491,0.5
row_030728,0.5
row_010528,0.5
row_024401,0.5
row_038490,0.5
row_022371,0.5
row_011047,0.5
row_018600,0.5
row_011504,0.5
row_020362,0.5
row_017259,0.5
row_008353,0.5
row_029535,0.5
row_048152,0.5
row_008176,0.5
row_006150,0.5
row_001106,0.5
row_046429,0.5
row_025558,0.5
row_014036,0.5
row_005489,0.5
row_005017,0.5
row_007547,0.5
row_031433,0.5
row_020101,0.5
row_005679,0.5
row_023664,0.5
row_023893,0.5
row_047031,0.5
row_012376,0.5
row_007953,0.5
row_001815,0.5
row_001460,0.5
row_017736,0.5
row_031684,0.5
row_012461,0.5
row_038492,0.5
row_031920,0.5
row_040736,0.5
row_014538,0.5
row_029311,0.5
row_034363,0.5
row_037460,0.5
row_038120,0.5
row_048233,0.5
row_034604,0.5
row_034351,0.5
row_042048,0.5
row_006531,0.5
row_004570,0.5
row_004439,0.5
row_045765,0.5
row_024415,0.5
row_028579,0.5
row_017373,0.5
row_043199,0.5
row_005902,0.5
row_019728,0.5
row_031984,0.5
row_018478,0.5
row_000233,0.5
row_021231,0.5
row_037058,0.5
row_018783,0.5
row_044028,0.5
row_006155,0.5
row_012287,0.5
row_008334,0.5
row_044860,0.5
row_031197,0.5
row_017676,0.5
row_024948,0.5
row_030502,0.5
row_038039,0.5
row_012793,0.5
row_032900,0.5
row_032824,0.5
row_023251,0.5
row_015144,0.5
row_024661,0.5
row_011944,0.5
row_019929,0.5
row_024733,0.5
row_011501,0.5
row_006095,0.5
row_026192,0.5
row_048087,0.5
row_009031,0.5
row_034479,0.5
row_035554,0.5
row_018866,0.5
row_044314,0.5
row_031300,0.5
row_033594,0.5
row_038597,0.5
row_017410,0.5
row_039537,0.5
row_024048,0.5
row_025181,0.5
row_004566,0.5
row_046602,0.5
row_030816,0.5
row_049447,0.5
row_032182,0.5
row_039631,0.5
row_033918,0.5
row_040191,0.5
row_034748,0.5
row_019394,0.5
row_039728,0.5
row_048202,0.5
row_034384,0.5
row_041988,0.5
row_035278,0.5
row_038148,0.5
row_012942,0.5
row_023243,0.5
row_046740,0.5
row_005777,0.5
row_011685,0.5
row_037909,0.5
row_000442,0.5
row_003984,0.5
row_022778,0.5
row_034641,0.5
row_016552,0.5
row_030115,0.5
row_042324,0.5
row_014193,0.5
row_002583,0.5
row_003354,0.5
row_032207,0.5
row_008989,0.5
row_013302,0.5
row_037256,0.5
row_025869,0.5
row_015672,0.5
row_017701,0.5
row_001856,0.5
row_015621,0.5
row_017905,0.5
row_038981,0.5
row_005407,0.5
row_018874,0.5
row_039477,0.5
row_048774,0.5
row_024447,0.5
row_041815,0.5
row_040759,0.5
row_018449,0.5
row_034822,0.5
row_019832,0.5
row_043158,0.5
row_028150,0.5
row_007221,0.5
row_023148,0.5
row_010169,0.5
row_046681,0.5
row_042683,0.5
row_026531,0.5
row_038474,0.5
row_025801,0.5
row_031476,0.5
row_049019,0.5
row_029055,0.5
row_041511,0.5
row_023283,0.5
row_008251,0.5
row_023345,0.5
row_041978,0.5
row_035349,0.5
row_042512,0.5
row_030234,0.5
row_017585,0.5
row_004246,0.5
row_048611,0.5
row_016071,0.5
row_002983,0.5
row_013459,0.5
row_046683,0.5
row_044430,0.5
row_047894,0.5
row_024408,0.5
row_020978,0.5
row_023610,0.5
row_000758,0.5
row_010824,0.5
row_001421,0.5
row_049410,0.5
row_039181,0.5
row_002040,0.5
row_035922,0.5
row_002560,0.5
row_044682,0.5
row_037465,0.5
row_037535,0.5
row_042130,0.5
row_039085,0.5
row_000256,0.5
row_029495,0.5
row_033907,0.5
row_018445,0.5
row_020868,0.5
row_022693,0.5
row_010226,0.5
row_034890,0.5
row_038785,0.5
row_012749,0.5
row_041568,0.5
row_042949,0.5
row_045674,0.5
row_047677,0.5
row_037490,0.5
row_005774,0.5
row_045238,0.5
row_025298,0.5
row_013679,0.5
row_037836,0.5
row_029378,0.5
row_007581,0.5
row_043244,0.5
row_025861,0.5
row_000052,0.5
row_033259,0.5
row_045082,0.5
row_002883,0.5
row_004176,0.5
row_036927,0.5
row_025926,0.5
row_004632,0.5
row_034345,0.5
row_019345,0.5
row_018185,0.5
row_023546,0.5
row_016749,0.5
row_010489,0.5
row_018087,0.5
row_040052,0.5
row_002932,0.5
row_027130,0.5
row_041853,0.5
row_012495,0.5
row_035143,0.5
row_022585,0.5
row_029455,0.5
row_022737,0.5
row_020529,0.5
row_006611,0.5
row_045879,0.5
row_006447,0.5
row_008001,0.5
row_020439,0.5
row_002071,0.5
row_017893,0.5
row_036936,0.5
row_017998,0.5
row_014250,0.5
row_010579,0.5
row_033126,0.5
row_015796,0.5
row_047503,0.5
row_015731,0.5
row_048213,0.5
row_029469,0.5
row_047498,0.5
row_005342,0.5
row_010974,0.5
row_044055,0.5
row_001905,0.5
row_041863,0.5
row_049731,0.5
row_036730,0.5
row_005335,0.5
row_033629,0.5
row_039391,0.5
row_040135,0.5
row_040438,0.5
row_041900,0.5
row_007688,0.5
row_036668,0.5
row_008933,0.5
row_021864,0.5
row_007120,0.5
row_003788,0.5
row_032154,0.5
row_043796,0.5
row_009432,0.5
row_039505,0.5
row_006640,0.5
row_015955,0.5
row_031636,0.5
row_022915,0.5
row_014353,0.5
row_010734,0.5
row_000720,0.5
row_017275,0.5
row_025006,0.5
row_020961,0.5
row_047607,0.5
row_046929,0.5
row_029067,0.5
row_021393,0.5
row_048659,0.5
row_025757,0.5
row_044231,0.5
row_034446,0.5
row_004722,0.5
row_004864,0.5
row_025870,0.5
row_019393,0.5
row_029738,0.5
row_032249,0.5
row_016239,0.5
row_000854,0.5
row_023607,0.5
row_016095,0.5
row_048499,0.5
row_043737,0.5
row_034835,0.5
row_000925,0.5
row_037800,0.5
row_000038,0.5
row_007405,0.5
row_040044,0.5
row_027031,0.5
row_041920,0.5
row_034325,0.5
row_030954,0.5
row_021447,0.5
row_002663,0.5
row_043180,0.5
row_026011,0.5
row_047957,0.5
row_029662,0.5
row_020483,0.5
row_001603,0.5
row_039004,0.5
row_019420,0.5
row_016464,0.5
row_023748,0.5
row_027904,0.5
row_030221,0.5
row_011980,0.5
row_027504,0.5
row_046239,0.5
row_024745,0.5
row_026781,0.5
row_037403,0.5
row_020503,0.5
row_006072,0.5
row_013568,0.5
row_014486,0.5
row_024424,0.5
row_012808,0.5
row_035772,0.5
row_005444,0.5
row_046936,0.5
row_021206,0.5
row_033602,0.5
row_010566,0.5
row_000213,0.5
row_044335,0.5
row_039481,0.5
row_017185,0.5
row_004858,0.5
row_023655,0.5
row_009609,0.5
row_005296,0.5
row_034681,0.5
row_043826,0.5
row_036763,0.5
row_042021,0.5
row_010467,0.5
row_006946,0.5
row_040034,0.5
row_014107,0.5
row_019247,0.5
row_035715,0.5
row_041818,0.5
row_017759,0.5
row_036724,0.5
row_006102,0.5
row_021942,0.5
row_023433,0.5
row_028411,0.5
row_048915,0.5
row_036681,0.5
row_010761,0.5
row_032063,0.5
row_008698,0.5
row_031212,0.5
row_042427,0.5
row_018456,0.5
row_047941,0.5
row_028627,0.5
row_030420,0.5
row_026269,0.5
row_022338,0.5
row_043043,0.5
row_017628,0.5
row_010735,0.5
row_035444,0.5
row_048724,0.5
row_046211,0.5
row_037595,0.5
row_003588,0.5
row_013483,0.5
row_013849,0.5
row_001584,0.5
row_000950,0.5
row_009902,0.5
row_026118,0.5
row_020900,0.5
row_008238,0.5
row_009042,0.5
row_045687,0.5
row_024375,0.5
row_031544,0.5
row_004733,0.5
row_046578,0.5
row_031020,0.5
row_036887,0.5
row_011382,0.5
row_046053,0.5
row_015922,0.5
row_049779,0.5
row_014613,0.5
row_026019,0.5
row_003617,0.5
row_001493,0.5
row_024425,0.5
row_005552,0.5
row_018197,0.5
row_016914,0.5
row_030112,0.5
row_021070,0.5
row_040701,0.5
row_020671,0.5
row_034855,0.5
row_027470,0.5
row_016289,0.5
row_011070,0.5
row_013143,0.5
row_015087,0.5
row_026546,0.5
row_014335,0.5
row_045273,0.5
row_030974,0.5
row_027022,0.5
row_035384,0.5
row_038941,0.5
row_017396,0.5
row_020940,0.5
row_038747,0.5
row_043511,0.5
row_032431,0.5
row_009306,0.5
row_041836,0.5
row_041861,0.5
row_002072,0.5
row_038436,0.5
row_023133,0.5
row_037626,0.5
row_042733,0.5
row_010925,0.5
row_045569,0.5
row_030425,0.5
row_041139,0.5
row_037634,0.5
row_031076,0.5
row_019009,0.5
row_041068,0.5
row_013655,0.5
row_025023,0.5
row_046705,0.5
row_025267,0.5
row_004985,0.5
row_005040,0.5
row_028061,0.5
row_042598,0.5
row_029409,0.5
row_026537,0.5
row_027214,0.5
row_041067,0.5
row_026316,0.5
row_026078,0.5
row_043546,0.5
row_004307,0.5
row_005399,0.5
row_035605,0.5
row_019643,0.5
row_011588,0.5
row_000030,0.5
row_027816,0.5
row_029915,0.5
row_018761,0.5
row_038267,0.5
row_013564,0.5
row_031182,0.5
row_004328,0.5
row_013878,0.5
row_047150,0.5
row_028709,0.5
row_035289,0.5
row_017897,0.5
row_027872,0.5
row_012381,0.5
row_045370,0.5
row_040539,0.5
row_003912,0.5
row_002906,0.5
row_009301,0.5
row_028513,0.5
row_024107,0.5
row_014783,0.5
row_038069,0.5
row_047320,0.5
row_035527,0.5
row_014408,0.5
row_022405,0.5
row_008360,0.5
row_004991,0.5
row_023131,0.5
row_008478,0.5
row_036794,0.5
row_036110,0.5
row_046583,0.5
row_040300,0.5
row_045003,0.5
row_012389,0.5
row_005029,0.5
row_013830,0.5
row_004416,0.5
row_008212,0.5
row_042574,0.5
row_014847,0.5
row_036185,0.5
row_040923,0.5
row_027651,0.5
row_043393,0.5
row_000818,0.5
row_018012,0.5
row_048187,0.5
row_000693,0.5
row_045305,0.5
row_036693,0.5
row_003723,0.5
row_046517,0.5
row_036840,0.5
row_034529,0.5
row_008530,0.5
row_004556,0.5
row_037108,0.5
row_041849,0.5
row_002879,0.5
row_012949,0.5
row_002598,0.5
row_042070,0.5
row_049729,0.5
row_031406,0.5
row_017694,0.5
row_020147,0.5
row_005701,0.5
row_005244,0.5
row_038580,0.5
row_003939,0.5
row_002335,0.5
row_040639,0.5
row_008953,0.5
row_041283,0.5
row_047992,0.5
row_005236,0.5
row_014537,0.5
row_001029,0.5
row_036786,0.5
row_039676,0.5
row_033154,0.5
row_027692,0.5
row_038908,0.5
row_027789,0.5
row_003062,0.5
row_027299,0.5
row_020647,0.5
row_006475,0.5
row_012637,0.5
row_035731,0.5
row_032873,0.5
row_047078,0.5
row_046663,0.5
row_038813,0.5
row_003783,0.5
row_023639,0.5
row_010606,0.5
row_008551,0.5
row_020642,0.5
row_041696,0.5
row_017648,0.5
row_023761,0.5
row_032681,0.5
row_009186,0.5
row_006214,0.5
row_027972,0.5
row_014378,0.5
row_043852,0.5
row_022882,0.5
row_037134,0.5
row_026144,0.5
row_001400,0.5
row_031275,0.5
row_007812,0.5
row_045720,0.5
row_034794,0.5
row_040659,0.5
row_021034,0.5
row_011755,0.5
row_044395,0.5
row_006972,0.5
row_006991,0.5
row_046179,0.5
row_032391,0.5
row_022083,0.5
row_010298,0.5
row_006905,0.5
row_003116,0.5
row_031049,0.5
row_000368,0.5
row_014702,0.5
row_004984,0.5
row_029224,0.5
row_039278,0.5
row_002152,0.5
row_034190,0.5
row_020093,0.5
row_002099,0.5
row_041307,0.5
row_010441,0.5
row_020430,0.5
row_041891,0.5
row_043667,0.5
row_046692,0.5
row_033226,0.5
row_021962,0.5
row_036354,0.5
row_007805,0.5
row_023056,0.5
row_016495,0.5
row_000310,0.5
row_048150,0.5
row_005659,0.5
row_023086,0.5
row_028588,0.5
row_043954,0.5
row_031718,0.5
row_020827,0.5
row_044930,0.5
row_012798,0.5
row_030023,0.5
row_026855,0.5
row_038027,0.5
row_022744,0.5
row_022992,0.5
row_046807,0.5
row_047421,0.5
row_043693,0.5
row_042630,0.5
row_002838,0.5
row_005893,0.5
row_010410,0.5
row_031149,0.5
row_009289,0.5
row_014562,0.5
row_003582,0.5
row_002921,0.5
row_018155,0.5
row_025470,0.5
row_040339,0.5
row_028801,0.5
row_014675,0.5
row_040327,0.5
row_002381,0.5
row_037784,0.5
row_025432,0.5
row_017523,0.5
row_016996,0.5
row_012241,0.5
row_006912,0.5
row_042042,0.5
row_035264,0.5
row_040509,0.5
row_027575,0.5
row_026312,0.5
row_011304,0.5
row_027129,0.5
row_001878,0.5
row_008549,0.5
row_032314,0.5
row_004735,0.5
row_014013,0.5
row_004350,0.5
row_039356,0.5
row_040319,0.5
row_002306,0.5
row_049876,0.5
row_040030,0.5
row_044142,0.5
row_015328,0.5
row_006015,0.5
row_011415,0.5
row_014395,0.5
row_010436,0.5
row_026273,0.5
row_013187,0.5
row_022692,0.5
row_010474,0.5
row_009354,0.5
row_021284,0.5
row_017732,0.5
row_045552,0.5
row_023142,0.5
row_015020,0.5
row_039050,0.5
row_020028,0.5
row_014394,0.5
row_008232,0.5
row_012654,0.5
row_034462,0.5
row_020502,0.5
row_005109,0.5
row_015149,0.5
row_000641,0.5
row_017144,0.5
row_047413,0.5
row_023055,0.5
row_025236,0.5
row_036363,0.5
row_047944,0.5
row_028309,0.5
row_015079,0.5
row_009296,0.5
row_030550,0.5
row_010387,0.5
row_045543,0.5
row_029527,0.5
row_037521,0.5
row_046114,0.5
row_044551,0.5
row_010510,0.5
row_044446,0.5
row_016364,0.5
row_036805,0.5
row_017745,0.5
row_007659,0.5
row_020099,0.5
row_035873,0.5
row_048584,0.5
row_041826,0.5
row_046236,0.5
row_010941,0.5
row_047030,0.5
row_017854,0.5
row_034124,0.5
row_029403,0.5
row_006951,0.5
row_038395,0.5
row_021953,0.5
row_030297,0.5
row_042999,0.5
row_027583,0.5
row_029557,0.5
row_001802,0.5
row_035693,0.5
row_031430,0.5
row_021838,0.5
row_001918,0.5
row_011316,0.5
row_004470,0.5
row_024306,0.5
row_034756,0.5
row_045105,0.5
row_044970,0.5
row_000072,0.5
row_018579,0.5
row_041622,0.5
row_048903,0.5
row_039255,0.5
row_008316,0.5
row_036328,0.5
row_020781,0.5
row_009248,0.5
row_035568,0.5
row_016584,0.5
row_008323,0.5
row_008906,0.5
row_001215,0.5
row_040470,0.5
row_019742,0.5
row_020013,0.5
row_006801,0.5
row_004201,0.5
row_021956,0.5
row_030099,0.5
row_006328,0.5
row_016968,0.5
row_012525,0.5
row_001130,0.5
row_046896,0.5
row_023208,0.5
row_025336,0.5
row_001876,0.5
row_043400,0.5
row_026085,0.5
row_038816,0.5
row_045061,0.5
row_041958,0.5
row_011662,0.5
row_047441,0.5
row_049045,0.5
row_037269,0.5
row_038613,0.5
row_048505,0.5
row_029843,0.5
row_003144,0.5
row_030657,0.5
row_013432,0.5
row_047278,0.5
row_013044,0.5
row_046186,0.5
row_009546,0.5
row_012170,0.5
row_027986,0.5
row_001207,0.5
row_017577,0.5
row_000855,0.5
row_013570,0.5
row_047901,0.5
row_025228,0.5
row_020287,0.5
row_021563,0.5
row_038964,0.5
row_002347,0.5
row_042089,0.5
row_011748,0.5
row_004927,0.5
row_010323,0.5
row_010635,0.5
row_008674,0.5
row_032538,0.5
row_039980,0.5
row_042071,0.5
row_032410,0.5
row_017089,0.5
row_024320,0.5
row_044949,0.5
row_016321,0.5
row_047350,0.5
row_019624,0.5
row_025083,0.5
row_047203,0.5
row_015069,0.5
row_043681,0.5
row_033183,0.5
row_013093,0.5
row_040812,0.5
row_015666,0.5
row_012534,0.5
row_000826,0.5
row_034492,0.5
row_018096,0.5
row_036854,0.5
row_014303,0.5
row_006196,0.5
row_002849,0.5
row_027430,0.5
row_036780,0.5
row_002654,0.5
row_006847,0.5
row_038774,0.5
row_041165,0.5
row_039945,0.5
row_015626,0.5
row_015275,0.5
row_020920,0.5
row_018114,0.5
row_024118,0.5
row_025324,0.5
row_039192,0.5
row_016664,0.5
row_035604,0.5
row_023816,0.5
row_032601,0.5
row_002351,0.5
row_035498,0.5
row_012738,0.5
row_029894,0.5
row_024596,0.5
row_042883,0.5
row_048921,0.5
row_023418,0.5
row_039360,0.5
row_031889,0.5
row_016343,0.5
row_048439,0.5
row_032734,0.5
row_036133,0.5
row_026893,0.5
row_034906,0.5
row_049263,0.5
row_000304,0.5
row_039275,0.5
row_035797,0.5
row_014547,0.5
row_045984,0.5
row_000978,0.5
row_018988,0.5
row_034396,0.5
row_029643,0.5
row_031129,0.5
row_023682,0.5
row_032701,0.5
row_006548,0.5
row_006517,0.5
row_031805,0.5
row_042881,0.5
row_021767,0.5
row_029126,0.5
row_018760,0.5
row_035738,0.5
row_013023,0.5
row_016542,0.5
row_007081,0.5
row_003572,0.5
row_006226,0.5
row_025505,0.5
row_017086,0.5
row_022549,0.5
row_006448,0.5
row_017082,0.5
row_022079,0.5
row_044556,0.5
row_016730,0.5
row_035814,0.5
row_035846,0.5
row_000112,0.5
row_004622,0.5
row_032799,0.5
row_027217,0.5
row_042907,0.5
row_027901,0.5
row_033810,0.5
row_009469,0.5
row_047185,0.5
row_024004,0.5
row_049927,0.5
row_010438,0.5
row_049920,0.5
row_001500,0.5
row_014424,0.5
row_032945,0.5
row_048313,0.5
row_017753,0.5
row_013992,0.5
row_009461,0.5
row_014008,0.5
row_036094,0.5
row_025547,0.5
row_001823,0.5
row_020485,0.5
row_033423,0.5
row_014468,0.5
row_043125,0.5
row_032296,0.5
row_002580,0.5
row_004309,0.5
row_044677,0.5
row_049108,0.5
row_043928,0.5
row_016747,0.5
row_025512,0.5
row_041188,0.5
row_025147,0.5
row_006789,0.5
row_016241,0.5
row_001632,0.5
row_013073,0.5
row_034731,0.5
row_032299,0.5
row_049066,0.5
row_013717,0.5
row_027561,0.5
row_014156,0.5
row_025350,0.5
row_035074,0.5
row_034898,0.5
row_031712,0.5
row_025249,0.5
row_024167,0.5
row_004441,0.5
row_034262,0.5
row_007239,0.5
row_029726,0.5
row_039753,0.5
row_001059,0.5
row_035593,0.5
row_044977,0.5
row_034105,0.5
row_019423,0.5
row_011114,0.5
row_017973,0.5
row_041394,0.5
row_001136,0.5
row_037903,0.5
row_019817,0.5
row_017062,0.5
row_014306,0.5
row_045461,0.5
row_038450,0.5
row_045141,0.5
row_019437,0.5
row_000110,0.5
row_010382,0.5
row_022332,0.5
row_039809,0.5
row_040761,0.5
row_017950,0.5
row_029288,0.5
row_021597,0.5
row_024710,0.5
row_002166,0.5
row_029429,0.5
row_042944,0.5
row_031514,0.5
row_032120,0.5
row_039196,0.5
row_045279,0.5
row_017169,0.5
row_016750,0.5
row_015816,0.5
row_049622,0.5
row_012562,0.5
row_001967,0.5
row_024605,0.5
row_013178,0.5
row_040089,0.5
row_002461,0.5
row_045474,0.5
row_047204,0.5
row_020446,0.5
row_041185,0.5
row_042196,0.5
row_000354,0.5
row_044584,0.5
row_039776,0.5
row_030423,0.5
row_029119,0.5
row_025597,0.5
row_027062,0.5
row_047516,0.5
row_042906,0.5
row_024813,0.5
row_032247,0.5
row_014820,0.5
row_019235,0.5
row_031185,0.5
row_000856,0.5
row_005645,0.5
row_042095,0.5
row_028611,0.5
row_008310,0.5
row_026130,0.5
row_041220,0.5
row_041377,0.5
row_002329,0.5
row_023474,0.5
row_015105,0.5
row_044814,0.5
row_015411,0.5
row_046405,0.5
row_038367,0.5
row_034304,0.5
row_011757,0.5
row_028277,0.5
row_022472,0.5
row_030229,0.5
row_035932,0.5
row_043184,0.5
row_046112,0.5
row_002586,0.5
row_040440,0.5
row_046312,0.5
row_032433,0.5
row_025962,0.5
row_045878,0.5
row_045027,0.5
row_035404,0.5
row_029949,0.5
row_027760,0.5
row_023016,0.5
row_012190,0.5
row_034825,0.5
row_033007,0.5
row_040019,0.5
row_049243,0.5
row_023591,0.5
row_000344,0.5
row_027057,0.5
row_011383,0.5
row_030220,0.5
row_033553,0.5
row_026817,0.5
row_035300,0.5
row_008826,0.5
row_033955,0.5
row_035783,0.5
row_021215,0.5
row_025952,0.5
row_043864,0.5
row_043403,0.5
row_004191,0.5
row_010000,0.5
row_041009,0.5
row_005668,0.5
row_007340,0.5
row_017850,0.5
row_001213,0.5
row_035773,0.5
row_022804,0.5
row_033004,0.5
row_009611,0.5
row_029295,0.5
row_008368,0.5
row_018436,0.5
row_012226,0.5
row_008992,0.5
row_000203,0.5
row_007041,0.5
row_022151,0.5
row_034718,0.5
row_032032,0.5
row_021186,0.5
row_000410,0.5
row_042752,0.5
row_013531,0.5
row_022282,0.5
row_023370,0.5
row_045383,0.5
row_006883,0.5
row_009173,0.5
row_023186,0.5
row_020330,0.5
row_034972,0.5
row_012186,0.5
row_004594,0.5
row_006855,0.5
row_011635,0.5
row_027853,0.5
row_036624,0.5
row_037734,0.5
row_032718,0.5
row_003219,0.5
row_034317,0.5
row_007290,0.5
row_040606,0.5
row_007753,0.5
row_005438,0.5
row_006609,0.5
row_026059,0.5
row_032977,0.5
row_033292,0.5
row_004087,0.5
row_033399,0.5
row_007601,0.5
row_033816,0.5
row_031239,0.5
row_037582,0.5
row_017289,0.5
row_046402,0.5
row_003705,0.5
row_029304,0.5
row_038699,0.5
row_043371,0.5
row_017524,0.5
row_012716,0.5
row_010264,0.5
row_009192,0.5
row_000550,0.5
row_048200,0.5
row_010111,0.5
row_047586,0.5
row_044675,0.5
row_007142,0.5
row_023046,0.5
row_011125,0.5
row_025328,0.5
row_009569,0.5
row_044305,0.5
row_017072,0.5
row_006137,0.5
row_001192,0.5
row_041270,0.5
row_044696,0.5
row_023381,0.5
row_021062,0.5
row_048314,0.5
row_005942,0.5
row_006704,0.5
row_019928,0.5
row_000436,0.5
row_005780,0.5
row_007286,0.5
row_008830,0.5
row_030655,0.5
row_048266,0.5
row_048930,0.5
row_047120,0.5
row_037984,0.5
row_019888,0.5
row_004031,0.5
row_049999,0.5
row_001973,0.5
row_017030,0.5
row_017220,0.5
row_035266,0.5
row_048257,0.5
row_038444,0.5
row_017374,0.5
row_016465,0.5
row_049832,0.5
row_021499,0.5
row_031314,0.5
row_027722,0.5
row_007310,0.5
row_030260,0.5
row_038914,0.5
row_044989,0.5
row_000471,0.5
row_007923,0.5
row_030073,0.5
row_041449,0.5
row_014461,0.5
row_047561,0.5
row_030820,0.5
row_035446,0.5
row_022943,0.5
row_028700,0.5
row_030060,0.5
row_020310,0.5
row_038482,0.5
row_005484,0.5
row_047846,0.5
row_013894,0.5
row_012473,0.5
row_012796,0.5
row_024483,0.5
row_002741,0.5
row_018934,0.5
row_017660,0.5
row_041931,0.5
row_034816,0.5
row_047734,0.5
row_030091,0.5
row_009308,0.5
row_045484,0.5
row_027198,0.5
row_025792,0.5
row_032506,0.5
row_040973,0.5
row_040360,0.5
row_004582,0.5
row_041436,0.5
row_013341,0.5
row_000760,0.5
row_002697,0.5
row_030465,0.5
row_021860,0.5
row_039792,0.5
row_047893,0.5
row_039487,0.5
row_019703,0.5
row_021682,0.5
row_033421,0.5
row_018933,0.5
row_043885,0.5
row_005068,0.5
row_033641,0.5
row_048587,0.5
row_030185,0.5
row_031992,0.5
row_002388,0.5
row_049609,0.5
row_011237,0.5
row_032725,0.5
row_013218,0.5
row_020512,0.5
row_038925,0.5
row_008808,0.5
row_016053,0.5
row_027637,0.5
row_010696,0.5
row_044624,0.5
row_001179,0.5
row_029104,0.5
row_006983,0.5
row_013802,0.5
row_035272,0.5
row_043205,0.5
row_044548,0.5
row_005650,0.5
row_011199,0.5
row_012586,0.5
row_027880,0.5
row_042984,0.5
row_013191,0.5
row_007648,0.5
row_020731,0.5
row_021445,0.5
row_008135,0.5
row_026276,0.5
row_037508,0.5
row_033467,0.5
row_020070,0.5
row_025396,0.5
row_023827,0.5
row_046939,0.5
row_006335,0.5
row_039416,0.5
row_036036,0.5
row_001844,0.5
row_032301,0.5
row_025930,0.5
row_002468,0.5
row_042877,0.5
row_011647,0.5
row_004252,0.5
row_035724,0.5
row_009348,0.5
row_028283,0.5
row_022740,0.5
row_031951,0.5
row_046561,0.5
row_019844,0.5
row_020522,0.5
row_029618,0.5
row_037482,0.5
row_033181,0.5
row_031251,0.5
row_039790,0.5
row_009285,0.5
row_003542,0.5
row_016547,0.5
row_005334,0.5
row_027815,0.5
row_010742,0.5
row_000417,0.5
row_038305,0.5
row_029114,0.5
row_012677,0.5
row_035283,0.5
row_001440,0.5
row_043407,0.5
row_047580,0.5
row_024090,0.5
row_021131,0.5
row_003286,0.5
row_017979,0.5
row_045122,0.5
row_028869,0.5
row_044580,0.5
row_007354,0.5
row_026409,0.5
row_044326,0.5
row_039094,0.5
row_004360,0.5
row_021653,0.5
row_043823,0.5
row_042857,0.5
row_010699,0.5
row_003734,0.5
row_011777,0.5
row_005858,0.5
row_033566,0.5
row_028904,0.5
row_026844,0.5
row_000491,0.5
row_022505,0.5
row_005035,0.5
row_025585,0.5
row_030555,0.5
row_002232,0.5
row_046946,0.5
row_009635,0.5
row_027713,0.5
row_013880,0.5
row_011997,0.5
row_007016,0.5
row_017842,0.5
row_027999,0.5
row_019952,0.5
row_022354,0.5
row_013098,0.5
row_021852,0.5
row_009867,0.5
row_043631,0.5
row_014499,0.5
row_045228,0.5
row_021803,0.5
row_039430,0.5
row_038303,0.5
row_004634,0.5
row_000010,0.5
row_017124,0.5
row_019349,0.5
row_007225,0.5
row_031067,0.5
row_013567,0.5
row_009061,0.5
row_021639,0.5
row_038497,0.5
row_025696,0.5
row_025159,0.5
row_021946,0.5
row_035285,0.5
row_043104,0.5
row_031159,0.5
row_021456,0.5
row_016609,0.5
row_024712,0.5
row_021435,0.5
row_040273,0.5
row_041616,0.5
row_022461,0.5
row_032903,0.5
row_000023,0.5
row_012388,0.5
row_012138,0.5
row_021644,0.5
row_033041,0.5
row_018074,0.5
row_014690,0.5
row_030283,0.5
row_013492,0.5
row_044707,0.5
row_041385,0.5
row_029341,0.5
row_014444,0.5
row_046500,0.5
row_032527,0.5
row_040620,0.5
row_010377,0.5
row_037985,0.5
row_021453,0.5
row_028310,0.5
row_027059,0.5
row_041059,0.5
row_023755,0.5
row_004762,0.5
row_019789,0.5
row_006260,0.5
row_011094,0.5
row_023770,0.5
row_048859,0.5
row_020360,0.5
row_017920,0.5
row_023745,0.5
row_026417,0.5
row_041991,0.5
row_007107,0.5
row_049628,0.5
row_014557,0.5
row_048107,0.5
row_037018,0.5
row_037785,0.5
row_017948,0.5
row_032378,0.5
row_044243,0.5
row_003385,0.5
row_002870,0.5
row_048325,0.5
row_032570,0.5
row_041451,0.5
row_001326,0.5
row_040653,0.5
row_039853,0.5
row_014252,0.5
row_045826,0.5
row_030340,0.5
row_014337,0.5
row_010771,0.5
row_043422,0.5
row_033191,0.5
row_023288,0.5
row_004444,0.5
row_028988,0.5
row_037243,0.5
row_004474,0.5
row_013406,0.5
row_042485,0.5
row_007329,0.5
row_005621,0.5
row_030725,0.5
row_031991,0.5
row_020690,0.5
row_049953,0.5
row_017305,0.5
row_048506,0.5
row_034524,0.5
row_021211,0.5
row_030771,0.5
row_034137,0.5
row_003871,0.5
row_005138,0.5
row_041641,0.5
row_018057,0.5
row_039628,0.5
row_038764,0.5
row_021086,0.5
row_022029,0.5
row_018490,0.5
row_044423,0.5
row_026641,0.5
row_001364,0.5
row_031369,0.5
row_038722,0.5
row_003573,0.5
row_020537,0.5
row_012898,0.5
row_005375,0.5
row_035758,0.5
row_015575,0.5
row_031913,0.5
row_004349,0.5
row_035951,0.5
row_043647,0.5
row_012604,0.5
row_002608,0.5
row_019665,0.5
row_033443,0.5
row_023272,0.5
row_033513,0.5
row_004458,0.5
row_030759,0.5
row_023449,0.5
row_034697,0.5
row_037877,0.5
row_025498,0.5
row_017693,0.5
row_023402,0.5
row_026387,0.5
row_023382,0.5
row_035898,0.5
row_046883,0.5
row_015370,0.5
row_002074,0.5
row_029779,0.5
row_003259,0.5
row_021608,0.5
row_026529,0.5
row_007439,0.5
row_023766,0.5
row_032983,0.5
row_037119,0.5
row_010559,0.5
row_006977,0.5
row_000715,0.5
row_033557,0.5
row_033317,0.5
row_036723,0.5
row_010642,0.5
row_043327,0.5
row_048082,0.5
row_032086,0.5
row_048399,0.5
row_034250,0.5
row_030300,0.5
row_016876,0.5
row_023732,0.5
row_022043,0.5
row_008727,0.5
row_012537,0.5
row_005666,0.5
row_042871,0.5
row_030127,0.5
row_011138,0.5
row_025384,0.5
row_016428,0.5
row_036703,0.5
row_048355,0.5
row_046066,0.5
row_020872,0.5
row_017567,0.5
row_002970,0.5
row_029669,0.5
row_031981,0.5
row_020263,0.5
row_039289,0.5
row_010868,0.5
row_037685,0.5
row_017937,0.5
row_042888,0.5
row_033076,0.5
row_020816,0.5
row_049058,0.5
row_009593,0.5
row_025156,0.5
row_036089,0.5
row_013956,0.5
row_037346,0.5
row_035820,0.5
row_047732,0.5
row_019959,0.5
row_022789,0.5
row_011353,0.5
row_019850,0.5
row_016163,0.5
row_046202,0.5
row_009739,0.5
row_001897,0.5
row_032959,0.5
row_016893,0.5
row_047114,0.5
row_031796,0.5
row_027208,0.5
row_010127,0.5
row_023069,0.5
row_027551,0.5
row_009825,0.5
row_026519,0.5
row_024246,0.5
row_039046,0.5
row_043162,0.5
row_037559,0.5
row_021519,0.5
row_024439,0.5
row_018470,0.5
row_014693,0.5
row_007338,0.5
row_015752,0.5
row_026935,0.5
row_023462,0.5
row_016950,0.5
row_042261,0.5
row_041016,0.5
row_009753,0.5
row_001216,0.5
row_011938,0.5
row_049957,0.5
row_020242,0.5
row_030590,0.5
row_004998,0.5
row_023647,0.5
row_027545,0.5
row_029887,0.5
row_027164,0.5
row_017051,0.5
row_012224,0.5
row_039758,0.5
row_037806,0.5
row_016423,0.5
row_033369,0.5
row_012666,0.5
row_001611,0.5
row_028336,0.5
row_020197,0.5
row_031814,0.5
row_022641,0.5
row_011311,0.5
row_010993,0.5
row_027166,0.5
row_046922,0.5
row_012707,0.5
row_039497,0.5
row_048580,0.5
row_016702,0.5
row_021132,0.5
row_047207,0.5
row_034631,0.5
row_040384,0.5
row_007526,0.5
row_001828,0.5
row_027114,0.5
row_027265,0.5
row_041986,0.5
row_027406,0.5
row_046007,0.5
row_049516,0.5
row_001197,0.5
row_013361,0.5
row_021714,0.5
row_040719,0.5
row_011149,0.5
row_026363,0.5
row_043251,0.5
row_026293,0.5
row_045948,0.5
row_010276,0.5
row_019834,0.5
row_026110,0.5
row_030006,0.5
row_037125,0.5
row_006891,0.5
row_040747,0.5
row_031019,0.5
row_010847,0.5
row_042873,0.5
row_000444,0.5
row_025257,0.5
row_026389,0.5
row_011059,0.5
row_047493,0.5
row_037986,0.5
row_011367,0.5
row_035026,0.5
row_010330,0.5
row_028814,0.5
row_023134,0.5
row_038188,0.5
row_020667,0.5
row_049774,0.5
row_049687,0.5
row_005249,0.5
row_039494,0.5
row_049723,0.5
row_012205,0.5
row_022965,0.5
row_049098,0.5
row_028775,0.5
row_011008,0.5
row_006144,0.5
row_015815,0.5
row_031819,0.5
row_019991,0.5
row_016739,0.5
row_012339,0.5
row_044111,0.5
row_044041,0.5
row_025469,0.5
row_010114,0.5
row_018286,0.5
row_044914,0.5
row_006496,0.5
row_030448,0.5
row_022163,0.5
row_009617,0.5
row_021958,0.5
row_030931,0.5
row_026214,0.5
row_017221,0.5
row_004289,0.5
row_020592,0.5
row_027002,0.5
row_039332,0.5
row_046918,0.5
row_011145,0.5
row_008902,0.5
row_009760,0.5
row_014782,0.5
row_008453,0.5
row_004488,0.5
row_001088,0.5
row_018250,0.5
row_043483,0.5
row_014470,0.5
row_046511,0.5
row_042730,0.5
row_023333,0.5
row_022195,0.5
row_027209,0.5
row_031361,0.5
row_047698,0.5
row_035970,0.5
row_049454,0.5
row_024178,0.5
row_035429,0.5
row_027770,0.5
row_012790,0.5
row_029051,0.5
row_020399,0.5
row_032029,0.5
row_016528,0.5
row_033509,0.5
row_002354,0.5
row_014026,0.5
row_029740,0.5
row_000564,0.5
row_032929,0.5
row_048020,0.5
row_037121,0.5
row_024554,0.5
row_014216,0.5
row_047839,0.5
row_005481,0.5
row_028357,0.5
row_011723,0.5
row_005602,0.5
row_042706,0.5
row_016400,0.5
row_006505,0.5
row_039201,0.5
row_049790,0.5
row_029130,0.5
row_019299,0.5
row_032858,0.5
row_039147,0.5
row_026166,0.5
row_044040,0.5
row_009960,0.5
row_049295,0.5
row_008096,0.5
row_019263,0.5
row_016763,0.5
row_046516,0.5
row_010720,0.5
row_033246,0.5
row_007198,0.5
row_037759,0.5
row_032748,0.5
row_018981,0.5
row_047371,0.5
row_040951,0.5
row_031088,0.5
row_001043,0.5
row_044356,0.5
row_034005,0.5
row_002014,0.5
row_039647,0.5
row_005872,0.5
row_049031,0.5
row_038355,0.5
row_020500,0.5
row_044778,0.5
row_019659,0.5
row_033501,0.5
row_012463,0.5
row_017883,0.5
row_037652,0.5
row_015749,0.5
row_029982,0.5
row_015624,0.5
row_001346,0.5
row_003931,0.5
row_000459,0.5
row_001245,0.5
row_040166,0.5
row_034515,0.5
row_024869,0.5
row_026482,0.5
row_049383,0.5
row_048802,0.5
row_016772,0.5
row_018085,0.5
row_008106,0.5
row_035335,0.5
row_043266,0.5
row_044362,0.5
row_031779,0.5
row_025080,0.5
row_018912,0.5
row_030515,0.5
row_005824,0.5
row_005498,0.5
row_008005,0.5
row_008297,0.5
row_010415,0.5
row_036993,0.5
row_037217,0.5
row_019712,0.5
row_034437,0.5
row_016171,0.5
row_034864,0.5
row_044293,0.5
row_031883,0.5
row_001253,0.5
row_030241,0.5
row_002708,0.5
row_032523,0.5
row_019430,0.5
row_013204,0.5
row_041099,0.5
row_041201,0.5
row_017251,0.5
row_022878,0.5
row_048914,0.5
row_022834,0.5
row_040758,0.5
row_008364,0.5
row_045638,0.5
row_001439,0.5
row_030224,0.5
row_047831,0.5
row_005710,0.5
row_009054,0.5
row_028426,0.5
row_039231,0.5
row_041823,0.5
row_018468,0.5
row_049928,0.5
row_030350,0.5
row_035541,0.5
row_001640,0.5
row_047953,0.5
row_041555,0.5
row_008564,0.5
row_018446,0.5
row_010171,0.5
row_000766,0.5
row_036751,0.5
row_028102,0.5
row_042365,0.5
row_045028,0.5
row_030666,0.5
row_035933,0.5
row_024210,0.5
row_009797,0.5
row_023616,0.5
row_028612,0.5
row_014191,0.5
row_027514,0.5
row_024476,0.5
row_011348,0.5
row_002422,0.5
row_039905,0.5
row_009265,0.5
row_024538,0.5
row_022605,0.5
row_043395,0.5
row_028196,0.5
row_033872,0.5
row_028747,0.5
row_002989,0.5
row_037868,0.5
row_036603,0.5
row_018166,0.5
row_033068,0.5
row_032777,0.5
row_045644,0.5
row_005170,0.5
row_037282,0.5
row_024544,0.5
row_040366,0.5
row_013309,0.5
row_014629,0.5
row_039047,0.5
row_028572,0.5
row_018936,0.5
row_024827,0.5
row_029566,0.5
row_000386,0.5
row_030287,0.5
row_009641,0.5
row_041544,0.5
row_049581,0.5
row_038369,0.5
row_029070,0.5
row_045705,0.5
row_017301,0.5
row_024112,0.5
row_041219,0.5
row_006181,0.5
row_038772,0.5
row_006395,0.5
row_011343,0.5
row_008309,0.5
row_020224,0.5
row_044623,0.5
row_003379,0.5
row_000398,0.5
row_034936,0.5
row_007533,0.5
row_046350,0.5
row_048191,0.5
row_044613,0.5
row_014968,0.5
row_048686,0.5
row_017724,0.5
row_020112,0.5
row_003448,0.5
row_034552,0.5
row_047160,0.5
row_007827,0.5
row_012313,0.5
row_025451,0.5
row_043913,0.5
row_026919,0.5
row_005921,0.5
row_038371,0.5
row_013592,0.5
row_035114,0.5
row_045468,0.5
row_040498,0.5
row_030712,0.5
row_043459,0.5
row_025638,0.5
row_033138,0.5
row_021495,0.5
row_046923,0.5
row_011318,0.5
row_034260,0.5
row_023586,0.5
row_044290,0.5
row_014546,0.5
row_049234,0.5
row_000070,0.5
row_007543,0.5
row_009110,0.5
row_043624,0.5
row_007427,0.5
row_018358,0.5
row_034873,0.5
row_036978,0.5
row_021474,0.5
row_025944,0.5
row_044072,0.5
row_010801,0.5
row_027425,0.5
row_046609,0.5
row_028113,0.5
row_006440,0.5
row_044171,0.5
row_014029,0.5
row_044400,0.5
row_019257,0.5
row_040241,0.5
row_005756,0.5
row_001892,0.5
row_040383,0.5
row_003310,0.5
row_019554,0.5
row_046411,0.5
row_023634,0.5
row_046351,0.5
row_001293,0.5
row_013243,0.5
row_018401,0.5
row_041151,0.5
row_022533,0.5
row_041107,0.5
row_007947,0.5
row_030452,0.5
row_036309,0.5
row_045495,0.5
row_014354,0.5
row_024503,0.5
row_006867,0.5
row_001838,0.5
row_006787,0.5
row_015264,0.5
row_002819,0.5
row_032191,0.5
row_030243,0.5
row_025231,0.5
row_015908,0.5
row_015577,0.5
row_001866,0.5
row_007229,0.5
row_015451,0.5
row_039495,0.5
row_018807,0.5
row_026388,0.5
row_042011,0.5
row_012368,0.5
row_026822,0.5
row_046754,0.5
row_000262,0.5
row_042310,0.5
row_020893,0.5
row_018624,0.5
row_026188,0.5
row_037569,0.5
row_039734,0.5
row_021548,0.5
row_048389,0.5
row_034578,0.5
row_038880,0.5
row_037087,0.5
row_042254,0.5
row_046159,0.5
row_037190,0.5
row_026068,0.5
row_016059,0.5
row_019187,0.5
row_047559,0.5
row_014087,0.5
row_019078,0.5
row_042076,0.5
row_030890,0.5
row_020239,0.5
row_040452,0.5
row_027223,0.5
row_012122,0.5
row_009613,0.5
row_040665,0.5
row_021691,0.5
row_020635,0.5
row_038900,0.5
row_025950,0.5
row_039433,0.5
row_048813,0.5
row_031989,0.5
row_030172,0.5
row_014292,0.5
row_012187,0.5
row_029901,0.5
row_035459,0.5
row_009586,0.5
row_005619,0.5
row_010656,0.5
row_008408,0.5
row_036784,0.5
row_024202,0.5
row_049400,0.5
row_007702,0.5
row_008831,0.5
row_038974,0.5
row_023080,0.5
row_042781,0.5
row_033689,0.5
row_041576,0.5
row_042858,0.5
row_017371,0.5
row_010445,0.5
row_020756,0.5
row_021632,0.5
row_023213,0.5
row_016589,0.5
row_008252,0.5
row_031350,0.5
row_004460,0.5
row_030606,0.5
row_012701,0.5
row_042412,0.5
row_020409,0.5
row_034102,0.5
row_041389,0.5
row_027660,0.5
row_044824,0.5
row_026415,0.5
row_027185,0.5
row_041275,0.5
row_032887,0.5
row_046468,0.5
row_040515,0.5
row_008995,0.5
row_048834,0.5
row_044733,0.5
row_002428,0.5
row_014059,0.5
row_008888,0.5
row_041686,0.5
row_002551,0.5
row_040390,0.5
row_012890,0.5
row_039290,0.5
row_046777,0.5
row_010140,0.5
row_049777,0.5
row_013186,0.5
row_005435,0.5
row_008092,0.5
row_046485,0.5
row_032487,0.5
row_012514,0.5
row_043964,0.5
row_015632,0.5
row_018459,0.5
row_033232,0.5
row_019107,0.5
row_014450,0.5
row_011295,0.5
row_003059,0.5
row_036696,0.5
row_033208,0.5
row_034440,0.5
row_017435,0.5
row_029989,0.5
row_019885,0.5
row_045083,0.5
row_040806,0.5
row_006815,0.5
row_005559,0.5
row_008690,0.5
row_018010,0.5
row_003499,0.5
row_038251,0.5
row_038083,0.5
row_022768,0.5
row_002885,0.5
row_005385,0.5
row_012840,0.5
row_010135,0.5
row_012813,0.5
row_001622,0.5
row_038360,0.5
row_043553,0.5
row_040566,0.5
row_016246,0.5
row_009316,0.5
row_033821,0.5
row_009008,0.5
row_026129,0.5
row_031421,0.5
row_023265,0.5
row_037075,0.5
row_043279,0.5
row_044437,0.5
row_041101,0.5
row_007692,0.5
row_022682,0.5
row_044321,0.5
row_033950,0.5
row_018661,0.5
row_018997,0.5
row_028073,0.5
row_030218,0.5
row_042764,0.5
row_025562,0.5
row_005458,0.5
row_024736,0.5
row_003635,0.5
row_005210,0.5
row_031938,0.5
row_011653,0.5
row_013691,0.5
row_015334,0.5
row_033364,0.5
row_022917,0.5
row_000817,0.5
row_014795,0.5
row_030510,0.5
row_016555,0.5
row_004497,0.5
row_032281,0.5
row_037425,0.5
row_030223,0.5
row_029228,0.5
row_037888,0.5
row_020969,0.5
row_010013,0.5
row_018945,0.5
row_016640,0.5
row_006884,0.5
row_012257,0.5
row_039159,0.5
row_048815,0.5
row_008643,0.5
row_049396,0.5
row_017673,0.5
row_003182,0.5
row_040009,0.5
row_038475,0.5
row_006814,0.5
row_015801,0.5
row_014687,0.5
row_011290,0.5
row_001824,0.5
row_043502,0.5
row_042938,0.5
row_040033,0.5
row_023132,0.5
row_036874,0.5
row_033059,0.5
row_008865,0.5
row_014333,0.5
row_017609,0.5
row_009964,0.5
row_009090,0.5
row_038117,0.5
row_019214,0.5
row_032868,0.5
row_012644,0.5
row_008028,0.5
row_006099,0.5
row_016956,0.5
row_020042,0.5
row_032287,0.5
row_014513,0.5
row_035059,0.5
row_032528,0.5
row_029583,0.5
row_001443,0.5
row_039112,0.5
row_008859,0.5
row_022150,0.5
row_027229,0.5
row_044705,0.5
row_024849,0.5
row_021526,0.5
row_042560,0.5
row_002212,0.5
row_033492,0.5
row_018556,0.5
row_036019,0.5
row_031694,0.5
row_047073,0.5
row_016875,0.5
row_033784,0.5
row_034817,0.5
row_005147,0.5
row_020665,0.5
row_024612,0.5
row_037413,0.5
row_026931,0.5
row_002545,0.5
row_044710,0.5
row_015961,0.5
row_008975,0.5
row_018700,0.5
row_005386,0.5
row_038500,0.5
row_018707,0.5
row_029737,0.5
row_048014,0.5
row_003070,0.5
row_040486,0.5
row_033146,0.5
row_035178,0.5
row_014927,0.5
row_002840,0.5
row_002243,0.5
row_040877,0.5
row_048508,0.5
row_005345,0.5
row_026473,0.5
row_004742,0.5
row_044460,0.5
row_002730,0.5
row_041855,0.5
row_049530,0.5
row_025606,0.5
row_047432,0.5
row_049765,0.5
row_017154,0.5
row_003481,0.5
row_020291,0.5
row_018797,0.5
row_012156,0.5
row_026237,0.5
row_031044,0.5
row_016512,0.5
row_007038,0.5
row_008904,0.5
row_031120,0.5
row_041279,0.5
row_014235,0.5
row_032610,0.5
row_041236,0.5
row_035297,0.5
row_033842,0.5
row_005726,0.5
row_008680,0.5
row_047526,0.5
row_022154,0.5
row_042438,0.5
row_019864,0.5
row_040573,0.5
row_027310,0.5
row_036146,0.5
row_026243,0.5
row_009178,0.5
row_028762,0.5
row_034191,0.5
row_007610,0.5
row_033856,0.5
row_015034,0.5
row_008641,0.5
row_049145,0.5
row_020434,0.5
row_027398,0.5
row_049493,0.5
row_038356,0.5
row_001438,0.5
row_033971,0.5
row_011522,0.5
row_013836,0.5
row_041242,0.5
row_032521,0.5
row_042634,0.5
row_008994,0.5
row_030165,0.5
row_020599,0.5
row_013962,0.5
row_022265,0.5
row_023419,0.5
row_019704,0.5
row_046389,0.5
row_012535,0.5
row_009419,0.5
row_031586,0.5
row_001540,0.5
row_011638,0.5
row_029024,0.5
row_003002,0.5
row_002667,0.5
row_025164,0.5
row_033608,0.5
row_031053,0.5
row_048165,0.5
row_047533,0.5
row_000255,0.5
row_048503,0.5
row_013323,0.5
row_018244,0.5
row_027201,0.5
row_007026,0.5
row_012074,0.5
row_020627,0.5
row_005947,0.5
row_009915,0.5
row_043686,0.5
row_040835,0.5
row_001716,0.5
row_037351,0.5
row_000390,0.5
row_010553,0.5
row_009557,0.5
row_024559,0.5
row_042604,0.5
row_036257,0.5
row_047575,0.5
row_040081,0.5
row_036821,0.5
row_014518,0.5
row_024347,0.5
row_048510,0.5
row_026485,0.5
row_012994,0.5
row_019897,0.5
row_037963,0.5
row_022270,0.5
row_012656,0.5
row_033766,0.5
row_039777,0.5
row_048926,0.5
row_001457,0.5
row_014946,0.5
row_035490,0.5
row_022610,0.5
row_040386,0.5
row_016281,0.5
row_039977,0.5
row_016717,0.5
row_029558,0.5
row_030475,0.5
row_022535,0.5
row_017002,0.5
row_039607,0.5
row_041593,0.5
row_027695,0.5
row_047600,0.5
row_002931,0.5
row_023290,0.5
row_033903,0.5
row_009216,0.5
row_049384,0.5
row_044337,0.5
row_017785,0.5
row_000312,0.5
row_009331,0.5
row_044095,0.5
row_017906,0.5
row_025190,0.5
row_031436,0.5
row_012883,0.5
row_034328,0.5
row_002170,0.5
row_022455,0.5
row_012797,0.5
row_037861,0.5
row_010705,0.5
row_004885,0.5
row_025193,0.5
row_047829,0.5
row_038752,0.5
row_039690,0.5
row_005820,0.5
row_022023,0.5
row_033739,0.5
row_012610,0.5
row_001144,0.5
row_004260,0.5
row_018173,0.5
row_025641,0.5
row_026299,0.5
row_032284,0.5
row_013012,0.5
row_023120,0.5
row_047776,0.5
row_003792,0.5
row_008519,0.5
row_007621,0.5
row_039911,0.5
row_016009,0.5
row_039901,0.5
row_002235,0.5
row_037722,0.5
row_024617,0.5
row_008351,0.5
row_045255,0.5
row_021964,0.5
row_013077,0.5
row_049297,0.5
row_014076,0.5
row_044129,0.5
row_011118,0.5
row_001987,0.5
row_038344,0.5
row_042399,0.5
row_032619,0.5
row_042740,0.5
row_048441,0.5
row_040482,0.5
row_011668,0.5
row_022379,0.5
row_018919,0.5
row_032769,0.5
row_006373,0.5
row_012360,0.5
row_048287,0.5
row_033116,0.5
row_026309,0.5
row_043914,0.5
row_003649,0.5
row_030512,0.5
row_021404,0.5
row_027840,0.5
row_011552,0.5
row_023367,0.5
row_018762,0.5
row_007098,0.5
row_020186,0.5
row_004122,0.5
row_043853,0.5
row_036418,0.5
row_003294,0.5
row_049875,0.5
row_016028,0.5
row_017594,0.5
row_017379,0.5
row_035828,0.5
row_005630,0.5
row_040549,0.5
row_045964,0.5
row_043541,0.5
row_046971,0.5
row_032091,0.5
row_015634,0.5
row_037429,0.5
row_024731,0.5
row_027215,0.5
row_025974,0.5
row_022887,0.5
row_031731,0.5
row_036576,0.5
row_002363,0.5
row_017211,0.5
row_012643,0.5
row_016017,0.5
row_048482,0.5
row_014407,0.5
row_020283,0.5
row_033275,0.5
row_027216,0.5
row_006589,0.5
row_000652,0.5
row_037023,0.5
row_038182,0.5
row_005707,0.5
row_019013,0.5
row_014672,0.5
row_000136,0.5
row_032944,0.5
row_030615,0.5
row_017663,0.5
row_020384,0.5
row_008825,0.5
row_021165,0.5
row_030669,0.5
row_033981,0.5
row_035438,0.5
row_009646,0.5
row_011283,0.5
row_017342,0.5
row_015453,0.5
row_039125,0.5
row_047725,0.5
row_001627,0.5
row_049809,0.5
row_036732,0.5
row_018528,0.5
row_023679,0.5
row_043352,0.5
row_049296,0.5
row_002345,0.5
row_012858,0.5
row_026956,0.5
row_014083,0.5
row_035046,0.5
row_044522,0.5
row_019090,0.5
row_047830,0.5
row_042370,0.5
row_049606,0.5
row_045637,0.5
row_002162,0.5
row_017421,0.5
row_026017,0.5
row_002904,0.5
row_025788,0.5
row_018020,0.5
row_018494,0.5
row_005305,0.5
row_047793,0.5
row_047605,0.5
row_012113,0.5
row_028374,0.5
row_046552,0.5
row_018868,0.5
row_011843,0.5
row_042139,0.5
row_038318,0.5
row_016349,0.5
row_028485,0.5
row_039382,0.5
row_002100,0.5
row_020949,0.5
row_009937,0.5
row_033249,0.5
row_019452,0.5
row_031062,0.5
row_020999,0.5
row_007483,0.5
row_033822,0.5
row_032076,0.5
row_044048,0.5
row_019333,0.5
row_033740,0.5
row_039589,0.5
row_047194,0.5
row_031527,0.5
row_042621,0.5
row_023289,0.5
row_012779,0.5
row_042120,0.5
row_047608,0.5
row_001274,0.5
row_041910,0.5
row_031451,0.5
row_038099,0.5
row_016081,0.5
row_014145,0.5
row_036012,0.5
row_020410,0.5
row_001239,0.5
row_038673,0.5
row_006199,0.5
row_008216,0.5
row_039381,0.5
row_022124,0.5
row_040095,0.5
row_014228,0.5
row_007281,0.5
row_001832,0.5
row_042635,0.5
row_033342,0.5
row_026588,0.5
row_005410,0.5
row_027742,0.5
row_009297,0.5
row_047999,0.5
row_021713,0.5
row_021736,0.5
row_000683,0.5
row_031155,0.5
row_005954,0.5
row_023912,0.5
row_019907,0.5
row_014064,0.5
row_001587,0.5
row_048134,0.5
row_008588,0.5
row_002575,0.5
row_008181,0.5
row_025078,0.5
row_019089,0.5
row_033401,0.5
row_003760,0.5
row_010277,0.5
row_023477,0.5
row_030877,0.5
row_016325,0.5
row_001601,0.5
row_003969,0.5
row_047592,0.5
row_049466,0.5
row_015112,0.5
row_015204,0.5
row_046611,0.5
row_044908,0.5
row_042710,0.5
row_042521,0.5
row_036283,0.5
row_033726,0.5
row_017638,0.5
row_010292,0.5
row_023550,0.5
row_016626,0.5
row_005975,0.5
row_049639,0.5
row_025045,0.5
row_014025,0.5
row_021329,0.5
row_046925,0.5
row_032164,0.5
row_028498,0.5
row_028979,0.5
row_017519,0.5
row_034608,0.5
row_013732,0.5
row_024374,0.5
row_029497,0.5
row_043269,0.5
row_029244,0.5
row_045351,0.5
row_004195,0.5
row_032421,0.5
row_045037,0.5
row_014075,0.5
row_005431,0.5
row_045234,0.5
row_023471,0.5
row_010511,0.5
row_045406,0.5
row_027719,0.5
row_047828,0.5
row_008611,0.5
row_042330,0.5
row_002215,0.5
row_045813,0.5
row_008540,0.5
row_043816,0.5
row_002063,0.5
row_030880,0.5
row_034258,0.5
row_009086,0.5
row_012359,0.5
row_018106,0.5
row_040815,0.5
row_045389,0.5
row_040569,0.5
row_001175,0.5
row_015292,0.5
row_023325,0.5
row_010794,0.5
row_032594,0.5
row_034037,0.5
row_038867,0.5
row_022689,0.5
row_036539,0.5
row_027445,0.5
row_009113,0.5
row_023065,0.5
row_030557,0.5
row_018044,0.5
row_011754,0.5
row_017873,0.5
row_000103,0.5
row_030989,0.5
row_013921,0.5
row_046716,0.5
row_032696,0.5
row_002702,0.5
row_034297,0.5
row_030942,0.5
row_029692,0.5
row_046088,0.5
row_045710,0.5
row_029464,0.5
row_041778,0.5
row_025171,0.5
row_022851,0.5
row_005054,0.5
row_040899,0.5
row_023531,0.5
row_049425,0.5
row_040125,0.5
row_031658,0.5
row_012523,0.5
row_034381,0.5
row_023310,0.5
row_015664,0.5
row_006176,0.5
row_027559,0.5
row_033885,0.5
row_030194,0.5
row_036989,0.5
row_035530,0.5
row_048461,0.5
row_032286,0.5
row_035592,0.5
row_020373,0.5
row_029960,0.5
row_004277,0.5
row_008303,0.5
row_024587,0.5
row_044576,0.5
row_044439,0.5
row_006203,0.5
row_048064,0.5
row_005055,0.5
row_005478,0.5
row_038944,0.5
row_005548,0.5
row_001182,0.5
row_005511,0.5
row_031687,0.5
row_028446,0.5
row_047355,0.5
row_010287,0.5
row_009015,0.5
row_001687,0.5
row_035888,0.5
row_019232,0.5
row_011631,0.5
row_000824,0.5
row_009329,0.5
row_027271,0.5
row_046927,0.5
row_009966,0.5
row_011060,0.5
row_027630,0.5
row_047545,0.5
row_020745,0.5
row_035934,0.5
row_027051,0.5
row_041916,0.5
row_002871,0.5
row_017056,0.5
row_021885,0.5
row_009998,0.5
row_009821,0.5
row_021026,0.5
row_005536,0.5
row_000728,0.5
row_014148,0.5
row_028876,0.5
row_003468,0.5
row_004578,0.5
row_039793,0.5
row_048806,0.5
row_017156,0.5
row_014430,0.5
row_028128,0.5
row_032374,0.5
row_047020,0.5
row_005563,0.5
row_040028,0.5
row_038855,0.5
row_034928,0.5
row_034477,0.5
row_002719,0.5
row_021428,0.5
row_030944,0.5
row_003412,0.5
row_040466,0.5
row_001682,0.5
row_019919,0.5
row_002937,0.5
row_047035,0.5
row_031732,0.5
row_045977,0.5
row_045106,0.5
row_022228,0.5
row_049542,0.5
row_038421,0.5
row_020518,0.5
row_046632,0.5
row_018146,0.5
row_023579,0.5
row_040791,0.5
row_037081,0.5
row_013444,0.5
row_012609,0.5
row_022616,0.5
row_030124,0.5
row_044997,0.5
row_005250,0.5
row_043399,0.5
row_005332,0.5
row_049952,0.5
row_030066,0.5
row_039871,0.5
row_038119,0.5
row_009529,0.5
row_047277,0.5
row_000678,0.5
row_011821,0.5
row_025034,0.5
row_032414,0.5
row_047959,0.5
row_025256,0.5
row_044162,0.5
row_033975,0.5
row_003056,0.5
row_007932,0.5
row_007476,0.5
row_044248,0.5
row_015715,0.5
row_045842,0.5
row_040748,0.5
row_048801,0.5
row_026352,0.5
row_023727,0.5
row_023176,0.5
row_003718,0.5
row_028977,0.5
row_031023,0.5
row_029616,0.5
row_035919,0.5
row_006267,0.5
row_013842,0.5
row_005539,0.5
row_010749,0.5
row_004141,0.5
row_031094,0.5
row_027343,0.5
row_037716,0.5
row_005176,0.5
row_034413,0.5
row_015548,0.5
row_003055,0.5
row_006218,0.5
row_018270,0.5
row_008204,0.5
row_012782,0.5
row_037446,0.5
row_015677,0.5
row_000891,0.5
row_013478,0.5
row_013252,0.5
row_000227,0.5
row_008780,0.5
row_042801,0.5
row_037290,0.5
row_001369,0.5
row_032275,0.5
row_025036,0.5
row_011595,0.5
row_039064,0.5
row_006449,0.5
row_023410,0.5
row_039068,0.5
row_018284,0.5
row_022826,0.5
row_047617,0.5
row_032869,0.5
row_011325,0.5
row_004840,0.5
row_000594,0.5
row_018331,0.5
row_032061,0.5
row_020097,0.5
row_026102,0.5
row_037168,0.5
row_009938,0.5
row_009523,0.5
row_034691,0.5
row_017151,0.5
row_006874,0.5
row_005008,0.5
row_005178,0.5
row_002051,0.5
row_001261,0.5
row_016144,0.5
row_008817,0.5
row_019148,0.5
row_028678,0.5
row_003335,0.5
row_006069,0.5
row_046472,0.5
row_043010,0.5
row_012674,0.5
row_024370,0.5
row_014388,0.5
row_002105,0.5
row_032558,0.5
row_039074,0.5
row_040862,0.5
row_041361,0.5
row_028735,0.5
row_036812,0.5
row_047760,0.5
row_048469,0.5
row_001607,0.5
row_043651,0.5
row_028969,0.5
row_023979,0.5
row_039458,0.5
row_022272,0.5
row_019640,0.5
row_032087,0.5
row_020929,0.5
row_027940,0.5
row_014974,0.5
row_041681,0.5
row_014556,0.5
row_007193,0.5
row_006495,0.5
row_049464,0.5
row_002611,0.5
row_013791,0.5
row_039912,0.5
row_042672,0.5
row_043556,0.5
row_027929,0.5
row_013336,0.5
row_023585,0.5
row_000384,0.5
row_042653,0.5
row_005047,0.5
row_035069,0.5
row_032595,0.5
row_033045,0.5
row_030476,0.5
row_007478,0.5
row_012892,0.5
row_036476,0.5
row_006147,0.5
row_045596,0.5
row_003898,0.5
row_031503,0.5
row_031150,0.5
row_019697,0.5
row_005524,0.5
row_012128,0.5
row_020748,0.5
row_039384,0.5
row_026906,0.5
row_006763,0.5
row_003125,0.5
row_031490,0.5
row_012558,0.5
row_014997,0.5
row_016768,0.5
row_012324,0.5
row_017657,0.5
row_018585,0.5
row_030945,0.5
row_027798,0.5
row_022260,0.5
row_018551,0.5
row_001836,0.5
row_020471,0.5
row_022543,0.5
row_044719,0.5
row_027847,0.5
row_041795,0.5
row_037978,0.5
row_006086,0.5
row_016508,0.5
row_014597,0.5
row_030193,0.5
row_035746,0.5
row_007642,0.5
row_039697,0.5
row_042382,0.5
row_033117,0.5
row_014300,0.5
row_033744,0.5
row_040074,0.5
row_013067,0.5
row_011836,0.5
row_021571,0.5
row_010356,0.5
row_023933,0.5
row_032278,0.5
row_022559,0.5
row_027503,0.5
row_033780,0.5
row_002818,0.5
row_008378,0.5
row_046279,0.5
row_008697,0.5
row_034585,0.5
row_035296,0.5
row_036355,0.5
row_018577,0.5
row_031166,0.5
row_028445,0.5
row_049009,0.5
row_043700,0.5
row_041799,0.5
row_011207,0.5
row_042703,0.5
row_026384,0.5
row_045756,0.5
row_011796,0.5
row_036362,0.5
row_036773,0.5
row_007170,0.5
row_029221,0.5
row_007899,0.5
row_010090,0.5
row_025548,0.5
row_045478,0.5
row_044298,0.5
row_042531,0.5
row_047230,0.5
row_014671,0.5
row_010583,0.5
row_035248,0.5
row_024040,0.5
row_011511,0.5
row_036235,0.5
row_002886,0.5
row_022824,0.5
row_017527,0.5
row_034744,0.5
row_042953,0.5
row_041257,0.5
row_016120,0.5
row_047993,0.5
row_013746,0.5
row_023334,0.5
row_029955,0.5
row_048979,0.5
row_003843,0.5
row_023501,0.5
row_030352,0.5
row_011330,0.5
row_040268,0.5
row_025177,0.5
row_036375,0.5
row_037241,0.5
row_034947,0.5
row_032198,0.5
row_036302,0.5
row_029825,0.5
row_044878,0.5
row_033927,0.5
row_000252,0.5
row_049817,0.5
row_010728,0.5
row_045009,0.5
row_044838,0.5
row_030314,0.5
row_014958,0.5
row_046092,0.5
row_004339,0.5
row_009943,0.5
row_005818,0.5
row_023043,0.5
row_002746,0.5
row_030339,0.5
row_022248,0.5
row_003433,0.5
row_034766,0.5
row_004966,0.5
row_004818,0.5
row_040347,0.5
row_036496,0.5
row_002732,0.5
row_004005,0.5
row_047762,0.5
row_042498,0.5
row_018545,0.5
row_011749,0.5
row_017907,0.5
row_008873,0.5
row_006322,0.5
row_013788,0.5
row_024314,0.5
row_028356,0.5
row_023563,0.5
row_031988,0.5
row_041526,0.5
row_020292,0.5
row_027527,0.5
row_011281,0.5
row_044242,0.5
row_033373,0.5
row_014483,0.5
row_027836,0.5
row_032007,0.5
row_014175,0.5
row_032781,0.5
row_008885,0.5
row_042374,0.5
row_020487,0.5
row_013555,0.5
row_025168,0.5
row_026648,0.5
row_030413,0.5
row_012171,0.5
row_004947,0.5
row_045325,0.5
row_008607,0.5
row_035441,0.5
row_012294,0.5
row_040988,0.5
row_030386,0.5
row_031219,0.5
row_030568,0.5
row_013761,0.5
row_015390,0.5
row_029150,0.5
row_045367,0.5
row_017130,0.5
row_030647,0.5
row_021081,0.5
row_001394,0.5
row_036569,0.5
row_008496,0.5
row_018212,0.5
row_041008,0.5
row_004659,0.5
row_021333,0.5
row_021556,0.5
row_007368,0.5
row_039090,0.5
row_003671,0.5
row_030918,0.5
row_004751,0.5
row_007432,0.5
row_037450,0.5
row_047718,0.5
row_033163,0.5
row_015687,0.5
row_008302,0.5
row_026751,0.5
row_008976,0.5
row_020702,0.5
row_008653,0.5
row_042394,0.5
row_036602,0.5
row_031947,0.5
row_047409,0.5
row_007927,0.5
row_027531,0.5
row_023712,0.5
row_033665,0.5
row_032765,0.5
row_044744,0.5
row_028917,0.5
row_047402,0.5
row_044468,0.5
row_016824,0.5
row_048763,0.5
row_015912,0.5
row_007769,0.5
row_026097,0.5
row_011360,0.5
row_046626,0.5
row_025019,0.5
row_007760,0.5
row_021847,0.5
row_007845,0.5
row_039508,0.5
row_016448,0.5
row_031931,0.5
row_018618,0.5
row_046449,0.5
row_040248,0.5
row_039689,0.5
row_038469,0.5
row_015172,0.5
row_020652,0.5
row_027994,0.5
row_017415,0.5
row_024803,0.5
row_027032,0.5
row_024521,0.5
row_030341,0.5
row_014940,0.5
row_016926,0.5
row_047579,0.5
row_044693,0.5
row_004893,0.5
row_036129,0.5
row_020007,0.5
row_004950,0.5
row_008223,0.5
row_024032,0.5
row_047021,0.5
row_041320,0.5
row_034555,0.5
row_016868,0.5
row_034629,0.5
row_043793,0.5
row_040832,0.5
row_023832,0.5
row_026871,0.5
row_018650,0.5
row_021481,0.5
row_031228,0.5
row_028410,0.5
row_021246,0.5
row_008510,0.5
row_006340,0.5
row_021540,0.5
row_030935,0.5
row_014616,0.5
row_000646,0.5
row_008098,0.5
row_044477,0.5
row_012191,0.5
row_043837,0.5
row_044133,0.5
row_045283,0.5
row_037709,0.5
row_033644,0.5
row_027928,0.5
row_024607,0.5
row_035045,0.5
row_045648,0.5
row_024254,0.5
row_048514,0.5
row_033325,0.5
row_005052,0.5
row_044462,0.5
row_027144,0.5
row_020521,0.5
row_042515,0.5
row_030749,0.5
row_041715,0.5
row_028990,0.5
row_033444,0.5
row_025273,0.5
row_034019,0.5
row_014708,0.5
row_029657,0.5
row_039933,0.5
row_010130,0.5
row_023321,0.5
row_018372,0.5
row_027620,0.5
row_010773,0.5
row_027241,0.5
row_049564,0.5
row_007549,0.5
row_026364,0.5
row_021829,0.5
row_048141,0.5
row_046456,0.5
row_045557,0.5
row_006213,0.5
row_039779,0.5
row_028393,0.5
row_002541,0.5
row_040617,0.5
row_045752,0.5
row_005461,0.5
row_026023,0.5
row_017573,0.5
row_004743,0.5
row_032237,0.5
row_036468,0.5
row_025376,0.5
row_004284,0.5
row_044768,0.5
row_008811,0.5
row_019141,0.5
row_001363,0.5
row_039572,0.5
row_007619,0.5
row_013079,0.5
row_004875,0.5
row_040709,0.5
row_003538,0.5
row_019713,0.5
row_000382,0.5
row_015346,0.5
row_024867,0.5
row_045709,0.5
row_014325,0.5
row_045146,0.5
row_037901,0.5
row_024911,0.5
row_026331,0.5
row_012341,0.5
row_044318,0.5
row_047641,0.5
row_020669,0.5
row_008578,0.5
row_003492,0.5
row_000770,0.5
row_013481,0.5
row_038807,0.5
row_005394,0.5
row_003602,0.5
row_030587,0.5
row_002173,0.5
row_030327,0.5
row_040987,0.5
row_005104,0.5
row_002187,0.5
row_037313,0.5
row_026928,0.5
row_011707,0.5
row_039174,0.5
row_048467,0.5
row_034298,0.5
row_016828,0.5
row_005612,0.5
row_036737,0.5
row_015236,0.5
row_021637,0.5
row_012117,0.5
row_018979,0.5
row_019490,0.5
row_030721,0.5
row_023984,0.5
row_003174,0.5
row_025014,0.5
row_012165,0.5
row_005713,0.5
row_042747,0.5
row_021863,0.5
row_004323,0.5
row_018557,0.5
row_047980,0.5
row_043300,0.5
row_046451,0.5
row_025878,0.5
row_026433,0.5
row_004093,0.5
row_003257,0.5
row_013231,0.5
row_025108,0.5
row_046138,0.5
row_031520,0.5
row_040699,0.5
row_048796,0.5
row_023641,0.5
row_036856,0.5
row_021159,0.5
row_009911,0.5
row_022224,0.5
row_035129,0.5
row_044070,0.5
row_035457,0.5
row_022180,0.5
row_049333,0.5
row_049062,0.5
row_001514,0.5
row_025319,0.5
row_008605,0.5
row_004134,0.5
row_019126,0.5
row_000918,0.5
row_041147,0.5
row_002714,0.5
row_040408,0.5
row_015709,0.5
row_001785,0.5
row_044547,0.5
row_047251,0.5
row_018662,0.5
row_010229,0.5
row_035548,0.5
row_026556,0.5
row_042094,0.5
row_028754,0.5
row_037352,0.5
row_032439,0.5
row_009868,0.5
row_003258,0.5
row_028902,0.5
row_008056,0.5
row_001700,0.5
row_021268,0.5
row_024913,0.5
row_030614,0.5
row_037010,0.5
row_012379,0.5
row_030507,0.5
row_024282,0.5
row_028866,0.5
row_037036,0.5
row_048375,0.5
row_005395,0.5
row_044125,0.5
row_011674,0.5
row_004217,0.5
row_005564,0.5
row_012115,0.5
row_034615,0.5
row_002161,0.5
row_034455,0.5
row_040073,0.5
row_032950,0.5
row_025755,0.5
row_045424,0.5
row_012527,0.5
row_021681,0.5
row_016692,0.5
row_025772,0.5
row_038218,0.5
row_031651,0.5
row_046522,0.5
row_042433,0.5
row_043727,0.5
row_043925,0.5
row_017419,0.5
row_049374,0.5
row_031322,0.5
row_026257,0.5
row_017839,0.5
row_020404,0.5
row_034787,0.5
row_039786,0.5
row_036428,0.5
row_029171,0.5
row_030635,0.5
row_003823,0.5
row_009185,0.5
row_038198,0.5
row_037647,0.5
row_010935,0.5
row_020346,0.5
row_043682,0.5
row_019841,0.5
row_018104,0.5
row_038415,0.5
row_038157,0.5
row_043247,0.5
row_031191,0.5
row_044117,0.5
row_012235,0.5
row_010897,0.5
row_045179,0.5
row_049242,0.5
row_014874,0.5
row_010156,0.5
row_041554,0.5
row_044368,0.5
row_035730,0.5
row_018709,0.5
row_044575,0.5
row_018977,0.5
row_023536,0.5
row_028813,0.5
row_033309,0.5
row_003640,0.5
row_009693,0.5
row_021322,0.5
row_013734,0.5
row_006863,0.5
row_039725,0.5
row_046457,0.5
row_036728,0.5
row_035389,0.5
row_018278,0.5
row_007595,0.5
row_049756,0.5
row_020345,0.5
row_014909,0.5
row_006638,0.5
row_031192,0.5
row_037013,0.5
row_049100,0.5
row_020298,0.5
row_034899,0.5
row_041383,0.5
row_028919,0.5
row_022511,0.5
row_016123,0.5
row_045901,0.5
row_031785,0.5
row_013715,0.5
row_044852,0.5
row_039034,0.5
row_011570,0.5
row_019964,0.5
row_031565,0.5
row_019015,0.5
row_033887,0.5
row_032597,0.5
row_000376,0.5
row_034112,0.5
row_024616,0.5
row_043388,0.5
row_020614,0.5
row_027260,0.5
row_009202,0.5
row_005266,0.5
row_025501,0.5
row_038702,0.5
row_046025,0.5
row_046185,0.5
row_023883,0.5
row_017604,0.5
row_011541,0.5
row_008665,0.5
row_012231,0.5
row_039095,0.5
row_016634,0.5
row_041542,0.5
row_013895,0.5
row_019440,0.5
row_000432,0.5
row_009837,0.5
row_011477,0.5
row_033926,0.5
row_039834,0.5
row_028933,0.5
row_014028,0.5
row_001196,0.5
row_003562,0.5
row_002803,0.5
row_039659,0.5
row_039982,0.5
row_009397,0.5
row_006436,0.5
row_027472,0.5
row_025398,0.5
row_020103,0.5
row_016261,0.5
row_029710,0.5
row_047850,0.5
row_047997,0.5
row_026480,0.5
row_044554,0.5
row_033747,0.5
row_015104,0.5
row_006304,0.5
row_039038,0.5
row_033180,0.5
row_044484,0.5
row_047077,0.5
row_032139,0.5
row_026190,0.5
row_032171,0.5
row_044312,0.5
row_004563,0.5
row_045042,0.5
row_002434,0.5
row_013577,0.5
row_020732,0.5
row_001361,0.5
row_039923,0.5
row_046840,0.5
row_003964,0.5
row_035170,0.5
row_038400,0.5
row_049402,0.5
row_020172,0.5
row_036526,0.5
row_009477,0.5
row_016601,0.5
row_027278,0.5
row_002899,0.5
row_012712,0.5
row_036464,0.5
row_029675,0.5
row_018669,0.5
row_033055,0.5
row_005684,0.5
row_033427,0.5
row_016531,0.5
row_030312,0.5
row_007173,0.5
row_013264,0.5
row_013446,0.5
row_037795,0.5
row_046375,0.5
row_042872,0.5
row_032036,0.5
row_025184,0.5
row_035169,0.5
row_017924,0.5
row_009335,0.5
row_011243,0.5
row_028759,0.5
row_044631,0.5
row_011534,0.5
row_040607,0.5
row_002019,0.5
row_019068,0.5
row_032618,0.5
row_038063,0.5
row_042687,0.5
row_040382,0.5
row_020888,0.5
row_036159,0.5
row_028749,0.5
row_048927,0.5
row_048259,0.5
row_038365,0.5
row_048654,0.5
row_026584,0.5
row_022599,0.5
row_038717,0.5
row_028622,0.5
row_007958,0.5
row_035816,0.5
row_047881,0.5
row_001276,0.5
row_049901,0.5
row_019222,0.5
row_026998,0.5
row_001449,0.5
row_007244,0.5
row_030008,0.5
row_044669,0.5
row_005045,0.5
row_031714,0.5
row_022188,0.5
row_005264,0.5
row_001881,0.5
row_037148,0.5
row_013352,0.5
row_008954,0.5
row_018051,0.5
row_009472,0.5
row_032863,0.5
row_048394,0.5
row_034097,0.5
row_007464,0.5
row_019163,0.5
row_018507,0.5
row_049214,0.5
row_030018,0.5
row_024635,0.5
row_008799,0.5
row_035260,0.5
row_006606,0.5
row_001038,0.5
row_036285,0.5
row_011328,0.5
row_011098,0.5
row_002407,0.5
row_015764,0.5
row_032641,0.5
row_026094,0.5
row_042593,0.5
row_031553,0.5
row_001210,0.5
row_006319,0.5
row_043555,0.5
row_008398,0.5
row_017229,0.5
row_031460,0.5
row_034556,0.5
row_003311,0.5
row_023435,0.5
row_030872,0.5
row_012794,0.5
row_032300,0.5
row_047110,0.5
row_022078,0.5
row_029265,0.5
row_008919,0.5
row_001101,0.5
row_037702,0.5
row_022671,0.5
row_007254,0.5
row_040264,0.5
row_027835,0.5
row_013322,0.5
row_028798,0.5
row_014281,0.5
row_038649,0.5
row_019653,0.5
row_002787,0.5
row_026979,0.5
row_039601,0.5
row_010523,0.5
row_027291,0.5
row_035044,0.5
row_048784,0.5
row_007680,0.5
row_000777,0.5
row_048996,0.5
row_016425,0.5
row_012230,0.5
row_027921,0.5
row_047779,0.5
row_048766,0.5
row_020911,0.5
row_007052,0.5
row_007442,0.5
row_005288,0.5
row_001494,0.5
row_015582,0.5
row_021970,0.5
row_042418,0.5
row_047236,0.5
row_020060,0.5
row_023282,0.5
row_014639,0.5
row_004194,0.5
row_030607,0.5
row_028133,0.5
row_045262,0.5
row_038205,0.5
row_014907,0.5
row_044159,0.5
row_003668,0.5
row_039309,0.5
row_034548,0.5
row_041740,0.5
row_015797,0.5
row_049848,0.5
row_041448,0.5
row_020550,0.5
row_007935,0.5
row_002497,0.5
row_045789,0.5
row_020241,0.5
row_015227,0.5
row_033741,0.5
row_042590,0.5
row_033650,0.5
row_041643,0.5
row_017683,0.5
row_010509,0.5
row_045971,0.5
row_026689,0.5
row_027567,0.5
row_006645,0.5
row_029371,0.5
row_042814,0.5
row_045805,0.5
row_020848,0.5
row_000650,0.5
row_027534,0.5
row_033671,0.5
row_040674,0.5
row_025291,0.5
row_026765,0.5
row_030605,0.5
row_003919,0.5
row_022136,0.5
row_021104,0.5
row_015344,0.5
row_005760,0.5
row_002880,0.5
row_014768,0.5
row_049650,0.5
row_016375,0.5
row_039317,0.5
row_011830,0.5
row_004930,0.5
row_017411,0.5
row_021363,0.5
row_045625,0.5
row_036005,0.5
row_031755,0.5
row_012743,0.5
row_035727,0.5
row_007408,0.5
row_019227,0.5
row_021680,0.5
row_026260,0.5
row_035357,0.5
row_046156,0.5
row_048890,0.5
row_027125,0.5
row_028916,0.5
row_037758,0.5
row_023336,0.5
row_003134,0.5
row_025876,0.5
row_016077,0.5
row_041811,0.5
row_042661,0.5
row_043454,0.5
row_030329,0.5
row_026738,0.5
row_041510,0.5
row_028197,0.5
row_013777,0.5
row_014969,0.5
row_000120,0.5
row_006886,0.5
row_023163,0.5
row_034579,0.5
row_006311,0.5
row_046758,0.5
row_016777,0.5
row_025940,0.5
row_023135,0.5
row_003320,0.5
row_016109,0.5
row_026643,0.5
row_008382,0.5
row_024175,0.5
row_044598,0.5
row_028018,0.5
row_006703,0.5
row_011589,0.5
row_001467,0.5
row_035099,0.5
row_013696,0.5
row_010912,0.5
row_021264,0.5
row_044164,0.5
row_037754,0.5
row_021147,0.5
row_043942,0.5
row_002550,0.5
row_024808,0.5
row_023378,0.5
row_000962,0.5
row_000066,0.5
row_006767,0.5
row_018120,0.5
row_043045,0.5
row_012159,0.5
row_007604,0.5
row_037833,0.5
row_004911,0.5
row_026912,0.5
row_042898,0.5
row_043877,0.5
row_035475,0.5
row_034518,0.5
row_042722,0.5
row_002216,0.5
row_038146,0.5
row_016308,0.5
row_030573,0.5
row_000308,0.5
row_006835,0.5
row_038317,0.5
row_018033,0.5
row_045344,0.5
row_031311,0.5
row_033788,0.5
row_039516,0.5
row_028257,0.5
row_005353,0.5
row_011626,0.5
row_045932,0.5
row_024520,0.5
row_033472,0.5
row_039005,0.5
row_039658,0.5
row_003247,0.5
row_030446,0.5
row_038849,0.5
row_036248,0.5
row_023547,0.5
row_044465,0.5
row_009631,0.5
row_036549,0.5
row_011499,0.5
row_038890,0.5
row_014741,0.5
row_043836,0.5
row_019426,0.5
row_018345,0.5
row_036673,0.5
row_041364,0.5
row_045196,0.5
row_010531,0.5
row_022236,0.5
row_033244,0.5
row_014507,0.5
row_019805,0.5
row_008440,0.5
row_033503,0.5
row_029688,0.5
row_032375,0.5
row_039331,0.5
row_016834,0.5
row_010793,0.5
row_013060,0.5
row_009885,0.5
row_029760,0.5
row_035387,0.5
row_048365,0.5
row_044892,0.5
row_028882,0.5
row_037781,0.5
row_047301,0.5
row_014570,0.5
row_023409,0.5
row_026737,0.5
row_031284,0.5
row_038637,0.5
row_009395,0.5
row_015475,0.5
row_041832,0.5
row_016011,0.5
row_024156,0.5
row_041350,0.5
row_002360,0.5
row_010117,0.5
row_013631,0.5
row_009060,0.5
row_010278,0.5
row_009214,0.5
row_044790,0.5
row_033936,0.5
row_003995,0.5
row_036855,0.5
row_026878,0.5
row_022712,0.5
row_026069,0.5
row_009762,0.5
row_011778,0.5
row_001272,0.5
row_011485,0.5
row_021260,0.5
row_002557,0.5
row_021225,0.5
row_001580,0.5
row_047155,0.5
row_018362,0.5
row_016978,0.5
row_031717,0.5
row_034821,0.5
row_039691,0.5
row_018116,0.5
row_025130,0.5
row_006320,0.5
row_047598,0.5
row_026710,0.5
row_044872,0.5
row_010198,0.5
row_012939,0.5
row_017624,0.5
row_012491,0.5
row_048428,0.5
row_049534,0.5
row_009443,0.5
row_013890,0.5
row_020111,0.5
row_041966,0.5
row_039909,0.5
row_032923,0.5
row_049634,0.5
row_045671,0.5
row_036209,0.5
row_041702,0.5
row_044195,0.5
row_001036,0.5
row_007019,0.5
row_040757,0.5
row_033884,0.5
row_006169,0.5
row_046706,0.5
row_049879,0.5
row_037934,0.5
row_039340,0.5
row_040380,0.5
row_046450,0.5
row_007950,0.5
row_001120,0.5
row_039884,0.5
row_030025,0.5
row_044734,0.5
row_026724,0.5
row_011302,0.5
row_014775,0.5
row_016204,0.5
row_013847,0.5
row_030032,0.5
row_031852,0.5
row_007941,0.5
row_026131,0.5
row_032549,0.5
row_014684,0.5
row_015598,0.5
row_040514,0.5
row_022061,0.5
row_019321,0.5
row_007236,0.5
row_009093,0.5
row_020721,0.5
row_022909,0.5
row_009923,0.5
row_024578,0.5
row_022661,0.5
row_026422,0.5
row_039386,0.5
row_046172,0.5
row_049052,0.5
row_042742,0.5
row_004604,0.5
row_012607,0.5
row_032151,0.5
row_034327,0.5
row_012622,0.5
row_001530,0.5
row_015574,0.5
row_038125,0.5
row_043557,0.5
row_029952,0.5
row_048879,0.5
row_000040,0.5
row_011467,0.5
row_040592,0.5
row_019421,0.5
row_047711,0.5
row_048278,0.5
row_039852,0.5
row_028213,0.5
row_030468,0.5
row_039596,0.5
row_034634,0.5
row_024785,0.5
row_030729,0.5
row_045641,0.5
row_032330,0.5
row_010083,0.5
row_006601,0.5
row_009727,0.5
row_038910,0.5
row_032827,0.5
row_002609,0.5
row_028115,0.5
row_009225,0.5
row_006800,0.5
row_024024,0.5
row_040070,0.5
row_030492,0.5
row_038633,0.5
row_016997,0.5
row_017981,0.5
row_005301,0.5
row_022570,0.5
row_026346,0.5
row_001529,0.5
row_013718,0.5
row_020908,0.5
row_030837,0.5
row_008244,0.5
row_010483,0.5
row_046650,0.5
row_038181,0.5
row_019751,0.5
row_044178,0.5
row_027852,0.5
row_038793,0.5
row_022636,0.5
row_022284,0.5
row_024141,0.5
row_041271,0.5
row_025913,0.5
row_019513,0.5
row_031966,0.5
row_035997,0.5
row_042911,0.5
row_026191,0.5
row_000997,0.5
row_002514,0.5
row_047048,0.5
row_002065,0.5
row_048173,0.5
row_028107,0.5
row_046966,0.5
row_017860,0.5
row_010251,0.5
row_018050,0.5
row_025456,0.5
row_042762,0.5
row_047490,0.5
row_045959,0.5
row_049059,0.5
row_024253,0.5
row_021892,0.5
row_008255,0.5
row_031531,0.5
row_039207,0.5
row_043175,0.5
row_021839,0.5
row_030236,0.5
row_001649,0.5
row_000322,0.5
row_036632,0.5
row_003700,0.5
row_019274,0.5
row_043443,0.5
row_043943,0.5
row_047307,0.5
row_027392,0.5
row_007895,0.5
row_005223,0.5
row_021975,0.5
row_004973,0.5
row_003216,0.5
row_023034,0.5
row_023783,0.5
row_029517,0.5
row_004066,0.5
row_022643,0.5
row_022791,0.5
row_040801,0.5
row_033597,0.5
row_001777,0.5
row_000357,0.5
row_034474,0.5
row_017814,0.5
row_043344,0.5
row_001743,0.5
row_044877,0.5
row_009929,0.5
row_017090,0.5
row_035682,0.5
row_032721,0.5
row_005757,0.5
row_028724,0.5
row_026092,0.5
row_033030,0.5
row_019357,0.5
row_024504,0.5
row_046083,0.5
row_000144,0.5
row_016371,0.5
row_003687,0.5
row_022223,0.5
row_043303,0.5
row_032126,0.5
row_011679,0.5
row_038736,0.5
row_037532,0.5
row_013113,0.5
row_044200,0.5
row_045525,0.5
row_037169,0.5
row_018520,0.5
row_012816,0.5
row_002343,0.5
row_047704,0.5
row_038087,0.5
row_024257,0.5
row_021986,0.5
row_010839,0.5
row_001035,0.5
row_009153,0.5
row_046495,0.5
row_020163,0.5
row_048748,0.5
row_004643,0.5
row_018443,0.5
row_009560,0.5
row_039399,0.5
row_029084,0.5
row_000913,0.5
row_042851,0.5
row_030214,0.5
row_002287,0.5
row_000722,0.5
row_022856,0.5
row_031603,0.5
row_023920,0.5
row_043492,0.5
row_020777,0.5
row_039582,0.5
row_003239,0.5
row_035305,0.5
row_005753,0.5
row_039258,0.5
row_046392,0.5
row_023268,0.5
row_035946,0.5
row_030101,0.5
row_037354,0.5
row_048177,0.5
row_008009,0.5
row_002686,0.5
row_004448,0.5
row_045599,0.5
row_027194,0.5
row_039447,0.5
row_009374,0.5
row_017580,0.5
row_013525,0.5
row_035281,0.5
row_040389,0.5
row_025463,0.5
row_038046,0.5
row_010363,0.5
row_015380,0.5
row_049768,0.5
row_013711,0.5
row_045045,0.5
row_043866,0.5
row_041775,0.5
row_030173,0.5
row_016436,0.5
row_038169,0.5
row_036480,0.5
row_049619,0.5
row_013115,0.5
row_001149,0.5
row_005211,0.5
row_024999,0.5
row_017886,0.5
row_021995,0.5
row_041209,0.5
row_030054,0.5
row_014784,0.5
row_007289,0.5
row_042110,0.5
row_008419,0.5
row_018756,0.5
row_048760,0.5
row_038888,0.5
row_036604,0.5
row_028830,0.5
row_009115,0.5
row_043317,0.5
row_019553,0.5
row_028821,0.5
row_015033,0.5
row_042318,0.5
row_037955,0.5
row_031532,0.5
row_001882,0.5
row_041243,0.5
row_009588,0.5
row_032469,0.5
row_037948,0.5
row_043845,0.5
row_017546,0.5
row_048131,0.5
row_016844,0.5
row_039130,0.5
row_026302,0.5
row_033657,0.5
row_031303,0.5
row_046463,0.5
row_022952,0.5
row_013179,0.5
row_049679,0.5
row_044109,0.5
row_015206,0.5
row_008599,0.5
row_013963,0.5
row_024874,0.5
row_022968,0.5
row_036084,0.5
row_038912,0.5
row_027315,0.5
row_027997,0.5
row_010753,0.5
row_028846,0.5
row_012014,0.5
row_038939,0.5
row_013670,0.5
row_021729,0.5
row_046132,0.5
row_041762,0.5
row_014729,0.5
row_002768,0.5
row_012278,0.5
row_041570,0.5
row_015388,0.5
row_048651,0.5
row_038411,0.5
row_032708,0.5
row_012184,0.5
row_035344,0.5
row_040770,0.5
row_036092,0.5
row_047308,0.5
row_021187,0.5
row_031616,0.5
row_046985,0.5
row_004868,0.5
row_023689,0.5
row_018280,0.5
row_010041,0.5
row_007975,0.5
row_004280,0.5
row_023527,0.5
row_005384,0.5
row_049116,0.5
row_036268,0.5
row_041380,0.5
row_036025,0.5
row_006288,0.5
row_003005,0.5
row_010569,0.5
row_007276,0.5
row_013900,0.5
row_034976,0.5
row_037681,0.5
row_020012,0.5
row_032729,0.5
row_022122,0.5
row_018794,0.5
row_007864,0.5
row_008463,0.5
row_026514,0.5
row_037744,0.5
row_020664,0.5
row_019161,0.5
row_036676,0.5
row_048239,0.5
row_017833,0.5
row_049194,0.5
row_027222,0.5
row_036930,0.5
row_035701,0.5
row_019443,0.5
row_010265,0.5
row_018466,0.5
row_015793,0.5
row_038388,0.5
row_028966,0.5
row_029551,0.5
row_031029,0.5
row_019244,0.5
row_027206,0.5
row_000086,0.5
row_013898,0.5
row_040490,0.5
row_029156,0.5
row_012151,0.5
row_022139,0.5
row_040795,0.5
row_004830,0.5
row_001939,0.5
row_036276,0.5
row_001053,0.5
row_004783,0.5
row_012976,0.5
row_009076,0.5
row_032905,0.5
row_000059,0.5
row_041535,0.5
row_040842,0.5
row_033886,0.5
row_005309,0.5
row_040320,0.5
row_037305,0.5
row_038604,0.5
row_011495,0.5
row_013621,0.5
row_004781,0.5
row_016391,0.5
row_049796,0.5
row_031279,0.5
row_013843,0.5
row_033704,0.5
row_018139,0.5
row_034447,0.5
row_035697,0.5
row_036618,0.5
row_005949,0.5
row_023329,0.5
row_038405,0.5
row_034568,0.5
row_048322,0.5
row_001701,0.5
row_042608,0.5
row_007829,0.5
row_022728,0.5
row_049880,0.5
row_033308,0.5
row_029590,0.5
row_013056,0.5
row_004814,0.5
row_020877,0.5
row_049862,0.5
row_008273,0.5
row_019868,0.5
row_048519,0.5
row_012025,0.5
row_014812,0.5
row_031942,0.5
row_020115,0.5
row_015552,0.5
row_031915,0.5
row_015775,0.5
row_033452,0.5
row_018432,0.5
row_027141,0.5
row_035725,0.5
row_045264,0.5
row_033148,0.5
row_027752,0.5
row_008291,0.5
row_027034,0.5
row_009892,0.5
row_002459,0.5
row_039448,0.5
row_008033,0.5
row_021874,0.5
row_036521,0.5
row_001289,0.5
row_011227,0.5
row_013959,0.5
row_006173,0.5
row_046069,0.5
row_035825,0.5
row_048772,0.5
row_031201,0.5
row_010810,0.5
row_033625,0.5
row_036002,0.5
row_027463,0.5
row_011359,0.5
row_007197,0.5
row_030699,0.5
row_036290,0.5
row_031969,0.5
row_040236,0.5
row_047198,0.5
row_014823,0.5
row_016008,0.5
row_017829,0.5
row_026137,0.5
row_038066,0.5
row_027547,0.5
row_021269,0.5
row_001605,0.5
row_027424,0.5
row_001129,0.5
row_021629,0.5
row_020228,0.5
row_004483,0.5
row_038016,0.5
row_031124,0.5
row_019024,0.5
row_029400,0.5
row_002800,0.5
row_026539,0.5
row_040036,0.5
row_003713,0.5
row_008272,0.5
row_000031,0.5
row_011479,0.5
row_003742,0.5
row_049416,0.5
row_009666,0.5
row_045941,0.5
row_005591,0.5
row_049855,0.5
row_021704,0.5
row_010954,0.5
row_001240,0.5
row_013399,0.5
row_002735,0.5
row_043256,0.5
row_016106,0.5
row_004819,0.5
row_010973,0.5
row_001236,0.5
row_008007,0.5
row_016806,0.5
row_016472,0.5
row_007611,0.5
row_023249,0.5
row_024558,0.5
row_043920,0.5
row_036360,0.5
row_044498,0.5
row_026074,0.5
row_006386,0.5
row_044762,0.5
row_048787,0.5
row_047162,0.5
row_000353,0.5
row_025375,0.5
row_041609,0.5
row_046260,0.5
row_049718,0.5
row_006336,0.5
row_031530,0.5
row_045573,0.5
row_043646,0.5
row_020133,0.5
row_029234,0.5
row_027341,0.5
row_046734,0.5
row_032398,0.5
row_048639,0.5
row_043078,0.5
row_037137,0.5
row_046662,0.5
row_017866,0.5
row_001614,0.5
row_005687,0.5
row_036738,0.5
row_035471,0.5
row_019067,0.5
row_011742,0.5
row_000605,0.5
row_021426,0.5
row_046947,0.5
row_032907,0.5
row_026915,0.5
row_049970,0.5
row_032464,0.5
row_024477,0.5
row_028019,0.5
row_016659,0.5
row_010571,0.5
row_028743,0.5
row_013117,0.5
row_006942,0.5
row_035721,0.5
row_015883,0.5
row_008324,0.5
row_034880,0.5
row_041532,0.5
row_008269,0.5
row_049476,0.5
row_023891,0.5
row_013258,0.5
row_043745,0.5
row_031318,0.5
row_015751,0.5
row_029316,0.5
row_000936,0.5
row_029750,0.5
row_015716,0.5
row_044722,0.5
row_030463,0.5
row_031980,0.5
row_022245,0.5
row_038668,0.5
row_044823,0.5
row_035998,0.5
row_018425,0.5
row_046291,0.5
row_036574,0.5
row_036320,0.5
row_017110,0.5
row_025173,0.5
row_049407,0.5
